tconst,titleType,primaryTitle,startYear,runtimeMinutes,genres,averageRating,numVotes
tt0004972,movie,The Birth of a Nation,1915,195,"Drama,War",6.1,28372
tt0006864,movie,Intolerance,1916,210,"Drama,History",7.6,18046
tt0009968,movie,Broken Blossoms,1919,90,"Drama,Romance",7.2,11791
tt0010323,movie,The Cabinet of Dr. Caligari,1920,67,"Horror,Mystery,Thriller",8.0,76445
tt0012349,movie,The Kid,1921,68,"Comedy,Drama,Family",8.2,146100
tt0012364,movie,The Phantom Carriage,1921,107,"Drama,Fantasy,Horror",8.0,15849
tt0013257,movie,Häxan,1922,91,"Documentary,Fantasy,Horror",7.6,19340
tt0013427,movie,Nanook of the North,1922,78,Documentary,7.6,14453
tt0013442,movie,Nosferatu,1922,94,"Fantasy,Horror",7.8,123696
tt0014341,movie,Our Hospitality,1923,65,"Comedy,Romance,Thriller",7.7,13588
tt0014429,movie,Safety Last!,1923,74,"Action,Comedy,Romance",8.1,24938
tt0015064,movie,The Last Laugh,1924,90,Drama,8.0,16577
tt0015163,movie,The Navigator,1924,59,"Action,Adventure,Comedy",7.5,12096
tt0015324,movie,Sherlock Jr.,1924,45,"Action,Comedy,Romance",8.1,66199
tt0015648,movie,Battleship Potemkin,1925,66,"Drama,History,Thriller",7.9,65323
tt0015864,movie,The Gold Rush,1925,95,"Adventure,Comedy,Drama",8.1,128425
tt0015881,movie,Greed,1924,140,"Drama,Thriller,Western",8.0,11605
tt0016220,movie,The Phantom of the Opera,1925,93,"Horror,Music",7.5,22323
tt0016332,movie,Seven Chances,1925,56,"Comedy,Romance",7.8,13269
tt0016847,movie,Faust,1926,107,"Drama,Fantasy,Horror",8.1,18414
tt0017075,movie,The Lodger: A Story of the London Fog,1927,92,"Crime,Drama,Mystery",7.3,15135
tt0017136,movie,Metropolis,1927,150,"Drama,Sci-Fi",8.2,201819
tt0017925,movie,The General,1926,78,"Action,Adventure,Comedy",8.1,105340
tt0018037,movie,The Jazz Singer,1927,88,"Drama,Music,Musical",6.4,11960
tt0018455,movie,Sunrise,1927,94,"Drama,Romance",8.1,56824
tt0018528,movie,The Unknown,1927,68,"Drama,Horror,Romance",7.7,10318
tt0018578,movie,Wings,1927,144,"Action,Drama,Romance",7.5,16393
tt0018737,movie,Pandora's Box,1929,109,"Crime,Drama,Romance",7.7,12956
tt0018742,movie,The Cameraman,1928,76,"Comedy,Drama,Family",8.0,14620
tt0018773,movie,The Circus,1928,72,"Comedy,Family,Romance",8.1,38686
tt0018806,movie,The Crowd,1928,98,"Drama,Romance",8.0,10053
tt0019254,movie,The Passion of Joan of Arc,1928,114,"Biography,Drama,History",8.1,68578
tt0019421,movie,"Steamboat Bill, Jr.",1928,70,"Action,Comedy,Drama",7.8,17630
tt0019702,movie,Blackmail,1929,85,"Crime,Drama,Mystery",6.9,13599
tt0019760,movie,Man with a Movie Camera,1929,68,Documentary,8.3,30490
tt0020629,movie,All Quiet on the Western Front,1930,152,"Drama,War",8.1,72260
tt0020640,movie,Animal Crackers,1930,97,"Comedy,Family,Musical",7.4,16205
tt0020697,movie,The Blue Angel,1930,104,"Drama,Music,Romance",7.6,17705
tt0021079,movie,Little Caesar,1931,79,"Action,Crime,Drama",7.1,16038
tt0021577,movie,L'Age d'Or,1930,63,"Comedy,Drama",7.2,15747
tt0021749,movie,City Lights,1931,87,"Comedy,Drama,Romance",8.5,216986
tt0021814,movie,Dracula,1931,74,"Drama,Fantasy,Horror",7.3,64994
tt0021884,movie,Frankenstein,1931,70,"Drama,Horror,Sci-Fi",7.7,88142
tt0022100,movie,M,1931,99,"Crime,Mystery,Thriller",8.3,183288
tt0022158,movie,Monkey Business,1931,77,"Comedy,Family,Musical",7.4,13753
tt0022286,movie,The Public Enemy,1931,83,"Crime,Drama",7.6,23596
tt0022835,movie,Dr. Jekyll and Mr. Hyde,1931,98,"Horror,Sci-Fi",7.6,17839
tt0022913,movie,Freaks,1932,64,"Drama,Horror",7.8,54950
tt0022958,movie,Grand Hotel,1932,112,"Drama,Romance",7.3,22776
tt0023027,movie,Horse Feathers,1932,68,"Comedy,Family,Musical",7.5,14175
tt0023042,movie,I Am a Fugitive from a Chain Gang,1932,92,"Crime,Drama,Film-Noir",8.2,15681
tt0023238,movie,The Most Dangerous Game,1932,63,"Action,Adventure,Horror",7.0,15542
tt0023245,movie,The Mummy,1932,73,"Fantasy,Horror",6.9,33453
tt0023293,movie,The Old Dark House,1932,72,"Adventure,Comedy,Drama",7.0,14819
tt0023427,movie,Scarface,1932,93,"Action,Crime,Drama",7.7,33525
tt0023458,movie,Shanghai Express,1932,82,"Adventure,Drama,Film-Noir",7.3,11834
tt0023563,movie,The Testament of Dr. Mabuse,1933,122,"Crime,Mystery,Thriller",7.9,14638
tt0023622,movie,Trouble in Paradise,1932,83,"Comedy,Crime,Romance",7.9,17560
tt0023649,movie,Vampyr,1932,75,"Fantasy,Horror",7.4,22921
tt0023694,movie,White Zombie,1932,69,Horror,6.2,12773
tt0023969,movie,Duck Soup,1933,69,"Comedy,Musical",7.7,64161
tt0024034,movie,42nd Street,1933,89,"Comedy,Drama,Musical",7.3,13905
tt0024069,movie,Gold Diggers of 1933,1933,97,"Comedy,Drama,Musical",7.7,10108
tt0024184,movie,The Invisible Man,1933,71,"Horror,Sci-Fi",7.6,44319
tt0024188,movie,Island of Lost Souls,1932,70,"Horror,Sci-Fi",7.3,12324
tt0024216,movie,King Kong,1933,100,"Adventure,Horror",7.9,96179
tt0024601,movie,Sons of the Desert,1933,68,"Comedy,Family",7.5,10415
tt0024803,movie,Zero de Conduite,1933,47,Drama,7.2,10080
tt0024844,movie,L'Atalante,1934,89,"Adventure,Drama,Romance",7.7,18710
tt0024894,movie,The Black Cat,1934,65,"Crime,Horror,Romance",6.9,14485
tt0025316,movie,It Happened One Night,1934,105,"Comedy,Romance",8.1,120020
tt0025452,movie,The Man Who Knew Too Much,1934,75,"Crime,Drama,Mystery",6.7,23584
tt0025878,movie,The Thin Man,1934,91,"Comedy,Crime,Mystery",7.9,35351
tt0025913,movie,Triumph of the Will,1935,110,"Documentary,History",7.1,18510
tt0026029,movie,The 39 Steps,1935,86,"Crime,Mystery,Thriller",7.6,66394
tt0026138,movie,Bride of Frankenstein,1935,75,"Drama,Horror,Sci-Fi",7.8,59183
tt0026174,movie,Captain Blood,1935,119,"Action,Adventure,History",7.7,17415
tt0026752,movie,Mutiny on the Bounty,1935,132,"Adventure,Biography,Drama",7.6,26779
tt0026778,movie,A Night at the Opera,1935,96,"Comedy,Music,Musical",7.8,36574
tt0027125,movie,Top Hat,1935,101,"Comedy,Musical,Romance",7.7,22227
tt0027260,movie,After the Thin Man,1936,112,"Comedy,Crime,Mystery",7.6,13213
tt0027532,movie,Dodsworth,1936,101,"Drama,Romance",7.7,11153
tt0027652,movie,Fury,1936,92,"Crime,Drama,Film-Noir",7.8,14802
tt0027977,movie,Modern Times,1936,87,"Comedy,Drama,Romance",8.5,285991
tt0027996,movie,Mr. Deeds Goes to Town,1936,115,"Comedy,Drama,Romance",7.8,25073
tt0028010,movie,My Man Godfrey,1936,94,"Comedy,Drama,Romance",7.9,28746
tt0028096,movie,The Petrified Forest,1936,82,"Drama,Thriller",7.5,15977
tt0028212,movie,Sabotage,1936,76,"Crime,Thriller",7.0,20802
tt0028333,movie,Swing Time,1936,103,"Comedy,Musical,Romance",7.4,15633
tt0028358,movie,Things to Come,1936,100,"Drama,Sci-Fi,War",6.6,10207
tt0028597,movie,The Awful Truth,1937,90,"Comedy,Romance",7.6,23377
tt0028691,movie,Captains Courageous,1937,117,"Adventure,Drama,Family",7.9,12012
tt0028772,movie,A Day at the Races,1937,111,"Comedy,Family,Musical",7.5,15402
tt0028950,movie,Grand Illusion,1937,113,"Drama,War",8.0,41171
tt0029146,movie,The Life of Emile Zola,1937,116,"Biography,Drama",7.1,10052
tt0029162,movie,Lost Horizon,1937,132,"Adventure,Drama,Fantasy",7.6,15779
tt0029192,movie,Make Way for Tomorrow,1937,91,"Drama,Romance",8.1,10673
tt0029284,movie,My Favorite Wife,1940,88,"Comedy,Romance",7.2,12653
tt0029583,movie,Snow White and the Seven Dwarfs,1937,83,"Adventure,Animation,Family",7.6,238567
tt0029606,movie,A Star Is Born,1937,111,"Drama,Romance",7.3,11932
tt0029811,movie,Young and Innocent,1937,83,"Crime,Drama,Mystery",6.8,12139
tt0029843,movie,The Adventures of Robin Hood,1938,102,"Action,Adventure,Romance",7.9,57838
tt0029850,movie,Alexander Nevsky,1938,112,"Action,Biography,Drama",7.4,13220
tt0029870,movie,Angels with Dirty Faces,1938,97,"Crime,Drama,Film-Noir",7.8,24918
tt0029947,movie,Bringing Up Baby,1938,102,Comedy,7.8,69379
tt0029992,movie,A Christmas Carol,1938,69,"Drama,Family,Fantasy",7.5,10016
tt0030241,movie,Holiday,1938,95,"Comedy,Romance",7.7,20248
tt0030287,movie,Jezebel,1938,104,"Drama,Romance",7.4,16493
tt0030341,movie,The Lady Vanishes,1938,96,"Crime,Drama,Mystery",7.7,61575
tt0030637,movie,Pygmalion,1938,89,"Comedy,Drama,Romance",7.7,10526
tt0030643,movie,Port of Shadows,1938,91,"Crime,Drama,Romance",7.7,10895
tt0030993,movie,You Can't Take It with You,1938,126,"Comedy,Drama,Romance",7.8,30463
tt0031210,movie,Dark Victory,1939,104,"Drama,Romance",7.4,13505
tt0031225,movie,Destry Rides Again,1939,95,"Comedy,Western",7.6,13551
tt0031381,movie,Gone with the Wind,1939,238,"Drama,Romance,War",8.2,356492
tt0031385,movie,"Goodbye, Mr. Chips",1939,114,"Drama,Romance",7.9,12388
tt0031398,movie,Gunga Din,1939,117,"Adventure,Comedy,War",7.2,13635
tt0031448,movie,The Hound of the Baskervilles,1939,80,"Crime,Mystery,Thriller",7.4,12982
tt0031455,movie,The Hunchback of Notre Dame,1939,116,"Drama,Romance",7.8,13363
tt0031505,movie,Jamaica Inn,1939,98,"Adventure,Crime,Drama",6.3,12310
tt0031679,movie,Mr. Smith Goes to Washington,1939,129,"Comedy,Drama",8.1,129783
tt0031725,movie,Ninotchka,1939,110,"Comedy,Romance",7.8,24949
tt0031762,movie,Only Angels Have Wings,1939,121,"Adventure,Drama,Romance",7.6,17452
tt0031867,movie,The Roaring Twenties,1939,106,"Crime,Drama,Thriller",7.9,17509
tt0031885,movie,The Rules of the Game,1939,110,"Comedy,Drama",7.9,33469
tt0031951,movie,Son of Frankenstein,1939,99,"Drama,Horror,Sci-Fi",7.1,13478
tt0031971,movie,Stagecoach,1939,96,"Adventure,Drama,Western",7.8,59186
tt0032138,movie,The Wizard of Oz,1939,102,"Adventure,Family,Fantasy",8.1,469174
tt0032143,movie,The Women,1939,133,"Comedy,Drama",7.7,16150
tt0032145,movie,Wuthering Heights,1939,104,"Drama,Romance",7.5,22813
tt0032455,movie,Fantasia,1940,124,"Animation,Family,Fantasy",7.7,111626
tt0032484,movie,Foreign Correspondent,1940,120,"Action,Drama,Romance",7.4,26171
tt0032551,movie,The Grapes of Wrath,1940,129,Drama,8.1,107165
tt0032553,movie,The Great Dictator,1940,125,"Comedy,Drama,War",8.4,258884
tt0032599,movie,His Girl Friday,1940,92,"Comedy,Drama,Romance",7.8,68126
tt0032701,movie,The Letter,1940,95,"Crime,Drama,Film-Noir",7.5,15954
tt0032762,movie,The Mark of Zorro,1940,94,"Action,Adventure,Drama",7.5,11992
tt0032904,movie,The Philadelphia Story,1940,112,"Comedy,Romance",7.8,78742
tt0032910,movie,Pinocchio,1940,88,"Adventure,Animation,Comedy",7.4,173252
tt0032943,movie,Pride and Prejudice,1940,118,"Comedy,Drama,Romance",7.3,10088
tt0032976,movie,Rebecca,1940,130,"Drama,Mystery,Romance",8.0,161504
tt0033028,movie,The Sea Hawk,1940,127,"Action,Adventure,History",7.6,11589
tt0033045,movie,The Shop Around the Corner,1940,99,"Comedy,Drama,Romance",8.0,44365
tt0033149,movie,They Drive by Night,1940,95,"Crime,Drama,Film-Noir",7.2,10083
tt0033152,movie,The Thief of Bagdad,1940,106,"Adventure,Family,Fantasy",7.4,15958
tt0033238,movie,Waterloo Bridge,1940,108,"Drama,Romance,War",7.7,11898
tt0033373,movie,Ball of Fire,1941,111,"Comedy,Romance",7.7,16005
tt0033467,movie,Citizen Kane,1941,119,"Drama,Mystery",8.2,493861
tt0033553,movie,Dr. Jekyll and Mr. Hyde,1941,113,"Drama,Horror,Sci-Fi",6.8,10813
tt0033563,movie,Dumbo,1941,64,"Adventure,Animation,Drama",7.2,150813
tt0033717,movie,High Sierra,1941,100,"Action,Adventure,Drama",7.5,21091
tt0033729,movie,How Green Was My Valley,1941,118,"Drama,Family",7.7,29264
tt0033804,movie,The Lady Eve,1941,94,"Comedy,Romance",7.7,25520
tt0033836,movie,The Little Foxes,1941,116,"Drama,Romance",7.9,14211
tt0033870,movie,The Maltese Falcon,1941,100,"Crime,Drama,Film-Noir",7.9,174588
tt0033891,movie,Meet John Doe,1941,122,"Comedy,Drama,Romance",7.6,16457
tt0033922,movie,Mr. & Mrs. Smith,1941,95,"Comedy,Romance",6.3,12247
tt0034167,movie,Sergeant York,1941,134,"Biography,Drama,History",7.7,20032
tt0034240,movie,Sullivan's Travels,1941,90,"Adventure,Comedy,Drama",7.9,30873
tt0034248,movie,Suspicion,1941,99,"Drama,Film-Noir,Mystery",7.2,45305
tt0034398,movie,The Wolf Man,1941,70,"Horror,Mystery,Romance",7.2,34537
tt0034492,movie,Bambi,1942,69,"Adventure,Animation,Drama",7.3,165826
tt0034583,movie,Casablanca,1942,102,"Drama,Romance,War",8.5,656637
tt0034587,movie,Cat People,1942,73,"Fantasy,Horror,Thriller",7.2,28762
tt0034862,movie,Holiday Inn,1942,100,"Comedy,Drama,Music",7.3,19545
tt0034881,movie,I Married a Witch,1942,77,"Comedy,Fantasy,Romance",7.1,10884
tt0035015,movie,The Magnificent Ambersons,1942,88,"Drama,Romance",7.6,28780
tt0035093,movie,Mrs. Miniver,1942,134,"Drama,Romance,War",7.6,21390
tt0035140,movie,"Now, Voyager",1942,117,"Drama,Romance",7.8,20879
tt0035169,movie,The Palm Beach Story,1942,88,"Comedy,Romance",7.4,13823
tt0035211,movie,The Pride of the Yankees,1942,128,"Biography,Drama,Romance",7.6,12953
tt0035279,movie,Saboteur,1942,109,"Drama,Thriller,War",7.1,29773
tt0035423,movie,Kate & Leopold,2001,118,"Comedy,Fantasy,Romance",6.4,94169
tt0035432,movie,This Gun for Hire,1942,81,"Crime,Drama,Film-Noir",7.3,11676
tt0035446,movie,To Be or Not to Be,1942,99,"Comedy,Romance,War",8.1,50018
tt0035567,movie,Woman of the Year,1942,114,"Comedy,Drama,Romance",7.1,11880
tt0035575,movie,Yankee Doodle Dandy,1942,126,"Biography,Drama,Family",7.6,18125
tt0035753,movie,Le Corbeau,1943,92,"Crime,Drama,Mystery",7.8,11951
tt0035896,movie,For Whom the Bell Tolls,1943,170,"Adventure,Drama,History",6.8,11163
tt0035899,movie,Frankenstein Meets the Wolf Man,1943,74,"Fantasy,Horror,Sci-Fi",6.4,11085
tt0035979,movie,Heaven Can Wait,1943,112,"Comedy,Drama,Fantasy",7.3,13441
tt0036027,movie,I Walked with a Zombie,1943,69,"Drama,Fantasy,Horror",7.0,15493
tt0036112,movie,The Life and Death of Colonel Blimp,1943,163,"Drama,Romance,War",8.0,18312
tt0036244,movie,The Ox-Bow Incident,1943,75,"Drama,Western",8.0,27294
tt0036323,movie,Sahara,1943,97,"Action,Drama,War",7.5,11078
tt0036342,movie,Shadow of a Doubt,1943,108,"Drama,Film-Noir,Mystery",7.7,75609
tt0036506,movie,Day of Wrath,1943,97,"Drama,History",8.0,12079
tt0036613,movie,Arsenic and Old Lace,1944,118,"Comedy,Crime,Thriller",7.9,77743
tt0036775,movie,Double Indemnity,1944,107,"Crime,Drama,Film-Noir",8.3,182067
tt0036855,movie,Gaslight,1944,114,"Crime,Drama,Mystery",7.8,38029
tt0036868,movie,The Best Years of Our Lives,1946,170,"Drama,Romance,War",8.1,76497
tt0036872,movie,Going My Way,1944,126,"Comedy,Drama,Music",7.0,14868
tt0036969,movie,Jane Eyre,1943,97,"Drama,Romance",7.4,10361
tt0037008,movie,Laura,1944,88,"Drama,Film-Noir,Mystery",7.9,56229
tt0037017,movie,Lifeboat,1944,97,"Drama,War",7.6,33790
tt0037059,movie,Meet Me in St. Louis,1944,113,"Comedy,Drama,Family",7.5,31208
tt0037101,movie,"Murder, My Sweet",1944,95,"Crime,Drama,Film-Noir",7.5,16430
tt0037382,movie,To Have and Have Not,1944,100,"Adventure,Comedy,Drama",7.8,41320
tt0037415,movie,The Uninvited,1944,99,"Fantasy,Horror,Mystery",7.2,13612
tt0037469,movie,The Woman in the Window,1944,107,"Crime,Drama,Film-Noir",7.6,19587
tt0037514,movie,Anchors Aweigh,1945,140,"Comedy,Fantasy,Musical",7.0,10051
tt0037515,movie,And Then There Were None,1945,97,"Crime,Drama,Mystery",7.3,18626
tt0037536,movie,The Bells of St. Mary's,1945,126,Drama,7.2,10602
tt0037549,movie,The Body Snatcher,1945,78,"Horror,Thriller",7.3,11240
tt0037558,movie,Brief Encounter,1945,86,"Drama,Romance",8.0,48806
tt0037595,movie,Christmas in Connecticut,1945,101,"Comedy,Romance",7.3,13786
tt0037635,movie,Dead of Night,1945,95,"Drama,Fantasy,Horror",7.5,15928
tt0037638,movie,Detour,1945,66,"Crime,Drama,Film-Noir",7.3,22205
tt0037674,movie,Children of Paradise,1945,189,"Drama,Romance",8.3,22574
tt0037800,movie,I Know Where I'm Going!,1945,92,"Drama,Romance",7.4,11428
tt0037824,movie,"Ivan the Terrible, Part I",1944,95,"Biography,Drama,History",7.6,11807
tt0037865,movie,Leave Her to Heaven,1945,110,"Drama,Film-Noir,Romance",7.6,16821
tt0037884,movie,The Lost Weekend,1945,101,"Drama,Film-Noir",7.9,43392
tt0037913,movie,Mildred Pierce,1945,111,"Crime,Drama,Film-Noir",7.9,31541
tt0037988,movie,The Picture of Dorian Gray,1945,110,"Drama,Fantasy,Horror",7.5,16127
tt0038057,movie,Scarlet Street,1945,102,"Crime,Drama,Film-Noir",7.7,21379
tt0038109,movie,Spellbound,1945,111,"Drama,Film-Noir,Mystery",7.5,55539
tt0038160,movie,They Were Expendable,1945,135,"Drama,War",7.2,10276
tt0038166,movie,The Three Caballeros,1944,71,"Animation,Comedy,Family",6.3,17260
tt0038348,movie,Beauty and the Beast,1946,93,"Drama,Fantasy,Romance",7.9,29908
tt0038355,movie,The Big Sleep,1946,114,"Crime,Drama,Film-Noir",7.9,94451
tt0038369,movie,The Blue Dahlia,1946,96,"Crime,Drama,Film-Noir",7.1,10616
tt0038499,movie,Duel in the Sun,1946,129,"Drama,Romance,Western",6.7,10470
tt0038559,movie,Gilda,1946,110,"Drama,Film-Noir,Romance",7.6,37492
tt0038574,movie,Great Expectations,1946,118,"Adventure,Drama,Mystery",7.8,28427
tt0038650,movie,It's a Wonderful Life,1946,130,"Drama,Family,Fantasy",8.6,555418
tt0038669,movie,The Killers,1946,103,"Crime,Drama,Film-Noir",7.7,26244
tt0038733,movie,A Matter of Life and Death,1946,104,"Drama,Fantasy,Romance",8.0,28008
tt0038762,movie,My Darling Clementine,1946,97,"Drama,Romance,Western",7.7,28649
tt0038787,movie,Notorious,1946,102,"Drama,Film-Noir,Mystery",7.9,112854
tt0038823,movie,Paisan,1946,120,"Drama,War",7.6,10763
tt0038854,movie,The Postman Always Rings Twice,1946,113,"Crime,Drama,Film-Noir",7.4,24949
tt0038890,movie,"Rome, Open City",1945,103,"Drama,Thriller,War",8.0,34174
tt0038969,movie,Song of the South,1946,94,"Animation,Comedy,Family",6.9,15255
tt0038975,movie,The Spiral Staircase,1946,83,"Drama,Horror,Mystery",7.3,12551
tt0038988,movie,The Strange Love of Martha Ivers,1946,116,"Drama,Film-Noir,Romance",7.4,12406
tt0038991,movie,The Stranger,1946,95,"Crime,Drama,Film-Noir",7.3,31003
tt0039169,movie,The Bachelor and the Bobby-Soxer,1947,95,"Comedy,Romance",7.2,10360
tt0039190,movie,The Bishop's Wife,1947,109,"Comedy,Drama,Fantasy",7.6,23892
tt0039192,movie,Black Narcissus,1947,101,"Drama,Thriller",7.7,31527
tt0039224,movie,Brute Force,1947,98,"Crime,Drama,Film-Noir",7.5,12788
tt0039286,movie,Crossfire,1947,86,"Crime,Drama,Film-Noir",7.2,10933
tt0039302,movie,Dark Passage,1947,106,"Drama,Film-Noir,Thriller",7.5,24015
tt0039404,movie,Fun and Fancy Free,1947,73,"Adventure,Animation,Comedy",6.3,10616
tt0039416,movie,Gentleman's Agreement,1947,118,"Drama,Romance",7.2,19223
tt0039417,movie,Germany Year Zero,1948,78,Drama,7.8,15391
tt0039420,movie,The Ghost and Mrs. Muir,1947,104,"Comedy,Drama,Fantasy",7.8,21379
tt0039536,movie,Kiss of Death,1947,99,"Crime,Drama,Film-Noir",7.4,10617
tt0039628,movie,Miracle on 34th Street,1947,96,"Comedy,Drama,Family",7.9,59888
tt0039631,movie,Monsieur Verdoux,1947,124,"Comedy,Crime,Drama",7.8,20662
tt0039661,movie,Nightmare Alley,1947,110,"Drama,Film-Noir",7.7,14667
tt0039677,movie,Odd Man Out,1947,116,"Crime,Drama,Film-Noir",7.6,13160
tt0039689,movie,Out of the Past,1947,97,"Crime,Drama,Film-Noir",7.9,44867
tt0039694,movie,The Paradine Case,1947,125,"Crime,Drama,Romance",6.5,13479
tt0040064,movie,3 Godfathers,1948,106,"Drama,Western",7.0,11656
tt0040068,movie,Abbott and Costello Meet Frankenstein,1948,83,"Comedy,Family,Fantasy",7.3,20438
tt0040160,movie,The Big Clock,1948,95,"Crime,Drama,Film-Noir",7.6,10966
tt0040202,movie,Call Northside 777,1948,112,"Drama,Film-Noir",7.4,11517
tt0040308,movie,Easter Parade,1948,103,"Musical,Romance",7.3,12130
tt0040338,movie,The Fallen Idol,1948,95,"Drama,Film-Noir,Mystery",7.6,10795
tt0040369,movie,Fort Apache,1948,128,"Drama,Western",7.4,21456
tt0040416,movie,Hamlet,1948,154,Drama,7.5,20002
tt0040506,movie,Key Largo,1948,100,"Action,Crime,Drama",7.7,47380
tt0040522,movie,Bicycle Thieves,1948,89,Drama,8.2,192064
tt0040525,movie,The Lady from Shanghai,1947,87,"Crime,Drama,Film-Noir",7.5,36748
tt0040536,movie,Letter from an Unknown Woman,1948,87,"Drama,Romance",7.8,14952
tt0040613,movie,Mr. Blandings Builds His Dream House,1948,94,"Comedy,Romance",7.2,13706
tt0040636,movie,The Naked City,1948,96,"Crime,Drama,Film-Noir",7.5,17073
tt0040662,movie,Oliver Twist,1948,105,Drama,7.8,15034
tt0040724,movie,Red River,1948,133,"Drama,Western",7.7,38022
tt0040725,movie,The Red Shoes,1948,135,"Drama,Music,Romance",8.1,43826
tt0040746,movie,Rope,1948,80,"Crime,Drama,Mystery",7.9,165567
tt0040823,movie,"Sorry, Wrong Number",1948,89,"Drama,Film-Noir,Mystery",7.3,14300
tt0040872,movie,They Live by Night,1948,95,"Crime,Drama,Film-Noir",7.4,10410
tt0040897,movie,The Treasure of the Sierra Madre,1948,126,"Adventure,Drama,Western",8.2,141834
tt0040979,movie,Drunken Angel,1948,102,"Crime,Drama,Romance",7.6,14907
tt0041090,movie,Adam's Rib,1949,101,"Comedy,Romance",7.4,24551
tt0041094,movie,The Adventures of Ichabod and Mr. Toad,1949,68,"Animation,Comedy,Family",6.8,20308
tt0041113,movie,All the King's Men,1949,110,"Drama,Film-Noir",7.4,18222
tt0041154,movie,Late Spring,1949,110,"Comedy,Drama",8.2,21733
tt0041268,movie,Criss Cross,1949,84,"Crime,Drama,Film-Noir",7.4,10810
tt0041386,movie,The Fountainhead,1949,114,"Drama,Romance",7.0,11848
tt0041452,movie,The Heiress,1949,115,"Drama,Romance",8.1,19085
tt0041546,movie,Kind Hearts and Coronets,1949,106,"Comedy,Crime",8.0,42206
tt0041587,movie,A Letter to Three Wives,1949,103,"Comedy,Drama,Romance",7.6,11777
tt0041699,movie,Stray Dog,1949,122,"Crime,Drama,Mystery",7.8,20971
tt0041716,movie,On the Town,1949,98,"Comedy,Musical,Romance",7.3,19982
tt0041719,movie,Orpheus,1950,112,"Drama,Fantasy,Romance",7.8,14588
tt0041838,movie,Samson and Delilah,1949,134,"Drama,Family,History",6.8,10015
tt0041841,movie,Sands of Iwo Jima,1949,100,"Action,Drama,Romance",7.0,12438
tt0041859,movie,The Set-Up,1949,73,"Crime,Film-Noir,Sport",7.8,11322
tt0041866,movie,She Wore a Yellow Ribbon,1949,104,"Drama,Western",7.2,20871
tt0041959,movie,The Third Man,1949,104,"Drama,Film-Noir,Mystery",8.1,196147
tt0041996,movie,Twelve O'Clock High,1949,132,"Drama,War",7.7,15714
tt0042041,movie,White Heat,1949,114,"Action,Crime,Drama",8.1,38641
tt0042192,movie,All About Eve,1950,138,Drama,8.2,149713
tt0042208,movie,The Asphalt Jungle,1950,112,"Crime,Drama,Film-Noir",7.8,33067
tt0042276,movie,Born Yesterday,1950,103,"Comedy,Drama,Romance",7.5,13673
tt0042286,movie,Broken Arrow,1950,93,"Drama,Romance,Western",7.1,10847
tt0042332,movie,Cinderella,1950,74,"Animation,Family,Fantasy",7.3,187986
tt0042369,movie,D.O.A.,1949,83,"Crime,Drama,Film-Noir",7.2,14233
tt0042451,movie,Father of the Bride,1950,92,"Comedy,Drama,Romance",7.1,13569
tt0042530,movie,Gun Crazy,1950,87,"Crime,Drama,Film-Noir",7.6,16638
tt0042531,movie,The Gunfighter,1950,85,Western,7.7,14457
tt0042546,movie,Harvey,1950,104,"Comedy,Drama,Fantasy",7.9,61095
tt0042593,movie,In a Lonely Place,1950,94,"Drama,Film-Noir,Mystery",7.9,39371
tt0042619,movie,Diary of a Country Priest,1951,95,Drama,7.7,13738
tt0042788,movie,Night and the City,1950,96,"Crime,Film-Noir,Sport",7.8,16602
tt0042804,movie,The Young and the Damned,1950,80,"Crime,Drama",8.2,23775
tt0042876,movie,Rashomon,1950,88,"Crime,Drama,Mystery",8.1,197285
tt0042895,movie,Rio Grande,1950,105,"Drama,Romance,Western",7.0,19474
tt0042994,movie,Stage Fright,1950,111,"Film-Noir,Mystery,Thriller",7.0,17804
tt0043014,movie,Sunset Boulevard,1950,110,"Drama,Film-Noir",8.4,262043
tt0043067,movie,Treasure Island,1950,96,"Adventure,Drama,Family",6.9,10820
tt0043132,movie,Where the Sidewalk Ends,1950,95,"Crime,Drama,Film-Noir",7.5,11180
tt0043137,movie,Winchester '73,1950,92,"Action,Drama,Western",7.6,23174
tt0043265,movie,The African Queen,1951,105,"Adventure,Drama,Romance",7.7,87709
tt0043274,movie,Alice in Wonderland,1951,75,"Adventure,Animation,Comedy",7.3,167400
tt0043278,movie,An American in Paris,1951,114,"Drama,Musical,Romance",7.1,39525
tt0043313,movie,Early Summer,1951,125,"Comedy,Drama,Romance",8.0,10754
tt0043338,movie,Ace in the Hole,1951,111,"Drama,Film-Noir",8.0,42645
tt0043456,movie,The Day the Earth Stood Still,1951,92,"Drama,Sci-Fi",7.7,88941
tt0043465,movie,Detective Story,1951,103,"Crime,Drama,Film-Noir",7.5,10561
tt0043686,movie,Forbidden Games,1952,86,"Drama,War",8.0,14239
tt0043924,movie,A Place in the Sun,1951,122,"Drama,Romance",7.7,26985
tt0043949,movie,Quo Vadis,1951,171,"Drama,Romance",7.1,18573
tt0044008,movie,A Christmas Carol,1951,86,"Drama,Family,Fantasy",8.1,29221
tt0044079,movie,Strangers on a Train,1951,101,"Crime,Drama,Film-Noir",7.9,148292
tt0044081,movie,A Streetcar Named Desire,1951,122,Drama,7.9,119008
tt0044121,movie,The Thing from Another World,1951,87,"Horror,Sci-Fi",7.0,35741
tt0044207,movie,When Worlds Collide,1951,83,"Action,Sci-Fi,Thriller",6.6,10433
tt0044357,movie,Angel Face,1952,91,"Crime,Drama,Film-Noir",7.2,10113
tt0044391,movie,The Bad and the Beautiful,1952,118,"Drama,Romance",7.7,17891
tt0044413,movie,Bend of the River,1952,91,"Action,Adventure,Drama",7.2,10995
tt0044672,movie,The Greatest Show on Earth,1952,152,"Drama,Family,Romance",6.5,17452
tt0044706,movie,High Noon,1952,85,"Drama,Thriller,Western",7.9,116757
tt0044741,movie,Ikiru,1952,143,Drama,8.3,102844
tt0044760,movie,Ivanhoe,1952,106,"Action,Adventure,Drama",6.7,11352
tt0044829,movie,The Lavender Hill Mob,1951,78,"Comedy,Crime",7.5,17008
tt0044837,movie,Limelight,1952,137,"Comedy,Drama,Music",8.0,24060
tt0044876,movie,The Man in the White Suit,1951,85,"Comedy,Drama,Sci-Fi",7.2,11716
tt0044916,movie,Monkey Business,1952,97,"Comedy,Sci-Fi",6.9,16824
tt0044953,movie,The Naked Spur,1953,91,"Drama,Thriller,Western",7.3,14047
tt0045061,movie,The Quiet Man,1952,129,"Comedy,Drama,Romance",7.7,46051
tt0045152,movie,Singin' in the Rain,1952,103,"Comedy,Musical,Romance",8.3,283690
tt0045251,movie,Othello,1951,90,"Drama,Romance",7.5,10224
tt0045274,movie,Umberto D.,1952,89,Drama,8.1,30703
tt0045296,movie,Viva Zapata!,1952,113,"Biography,Drama,History",7.2,13499
tt0045537,movie,The Band Wagon,1953,112,"Comedy,Musical,Romance",7.4,13630
tt0045555,movie,The Big Heat,1953,89,"Crime,Drama,Film-Noir",7.9,32794
tt0045591,movie,Calamity Jane,1953,101,"Comedy,Musical,Romance",7.2,12210
tt0045758,movie,Fear and Desire,1952,62,"Drama,Thriller,War",5.3,15400
tt0045793,movie,From Here to Eternity,1953,118,"Drama,Romance,War",7.6,54529
tt0045810,movie,Gentlemen Prefer Blondes,1953,91,"Comedy,Musical,Romance",7.1,46587
tt0045877,movie,The Hitch-Hiker,1953,71,"Crime,Drama,Film-Noir",6.9,11931
tt0045883,movie,Hondo,1953,83,"Drama,Romance,War",7.0,14041
tt0045888,movie,House of Wax,1953,88,Horror,7.0,22657
tt0045891,movie,How to Marry a Millionaire,1953,95,"Comedy,Drama,Romance",6.8,26946
tt0045897,movie,I Confess,1953,95,"Crime,Drama,Thriller",7.2,25382
tt0045917,movie,Invaders from Mars,1953,78,"Horror,Sci-Fi",6.3,10382
tt0045920,movie,It Came from Outer Space,1953,81,"Horror,Sci-Fi",6.5,12893
tt0045943,movie,Julius Caesar,1953,120,"Drama,History",7.2,14197
tt0046022,movie,The Earrings of Madame De...,1953,105,"Drama,Romance",7.8,12188
tt0046085,movie,Mogambo,1953,116,"Adventure,Drama,Romance",6.6,10014
tt0046126,movie,Niagara,1953,92,"Drama,Film-Noir,Thriller",7.0,22398
tt0046183,movie,Peter Pan,1953,77,"Adventure,Animation,Family",7.2,166288
tt0046187,movie,Pickup on South Street,1953,80,"Crime,Drama,Film-Noir",7.6,17852
tt0046247,movie,The Robe,1953,135,"Drama,History,Romance",6.7,12982
tt0046250,movie,Roman Holiday,1953,118,"Comedy,Drama,Romance",8.0,157887
tt0046268,movie,The Wages of Fear,1953,156,"Adventure,Drama,Thriller",8.1,73788
tt0046303,movie,Shane,1953,118,"Drama,Western",7.6,47912
tt0046345,movie,Summer with Monika,1953,96,"Drama,Romance",7.5,17813
tt0046359,movie,Stalag 17,1953,120,"Comedy,Drama,War",7.9,60249
tt0046414,movie,Beat the Devil,1953,89,"Action,Adventure,Comedy",6.4,11426
tt0046438,movie,Tokyo Story,1953,137,Drama,8.1,78101
tt0046478,movie,Ugetsu,1953,96,"Drama,Fantasy,War",8.1,28370
tt0046487,movie,Monsieur Hulot's Holiday,1953,83,Comedy,7.3,22024
tt0046511,movie,Journey to Italy,1954,97,"Drama,Romance",7.2,13951
tt0046521,movie,I Vitelloni,1953,104,"Comedy,Drama",7.8,23311
tt0046534,movie,The War of the Worlds,1953,87,"Action,Sci-Fi,Thriller",7.0,41952
tt0046672,movie,"20,000 Leagues Under the Sea",1954,127,"Adventure,Drama,Family",7.2,39442
tt0046754,movie,The Barefoot Contessa,1954,128,"Crime,Drama,Mystery",6.9,14550
tt0046807,movie,Brigadoon,1954,108,"Fantasy,Musical,Romance",6.8,10107
tt0046816,movie,The Caine Mutiny,1954,124,"Drama,War",7.7,31115
tt0046876,movie,Creature from the Black Lagoon,1954,79,"Horror,Sci-Fi",6.9,38551
tt0046889,movie,The Dam Busters,1955,105,"Drama,History,War",7.4,12349
tt0046911,movie,Diabolique,1955,117,"Crime,Drama,Horror",8.1,73510
tt0046912,movie,Dial M for Murder,1954,105,"Crime,Drama,Mystery",8.1,205467
tt0047030,movie,The Glenn Miller Story,1954,115,"Biography,Drama,Music",7.3,10574
tt0047034,movie,Godzilla,1954,96,"Horror,Sci-Fi",7.6,45654
tt0047094,movie,Hobson's Choice,1954,108,"Comedy,Drama,Romance",7.7,10088
tt0047136,movie,Johnny Guitar,1954,110,"Drama,Western",7.6,21662
tt0047296,movie,On the Waterfront,1954,108,"Crime,Drama,Thriller",8.1,179187
tt0047396,movie,Rear Window,1954,112,"Drama,Mystery,Thriller",8.4,570055
tt0047422,movie,River of No Return,1954,91,"Action,Adventure,Drama",6.6,14287
tt0047437,movie,Sabrina,1954,113,"Comedy,Drama,Romance",7.6,76203
tt0047444,movie,Samurai I: Musashi Miyamoto,1954,93,"Action,Adventure,Biography",7.4,10398
tt0047445,movie,Sansho the Bailiff,1954,124,Drama,8.3,19953
tt0047469,movie,Senso,1954,123,"Drama,Romance,War",7.4,10095
tt0047472,movie,Seven Brides for Seven Brothers,1954,102,"Comedy,Musical,Romance",7.3,28158
tt0047478,movie,Seven Samurai,1954,207,"Action,Drama",8.6,402982
tt0047522,movie,A Star Is Born,1954,154,"Drama,Musical,Romance",7.5,21084
tt0047528,movie,La Strada,1954,108,Drama,8.0,70080
tt0047573,movie,Them!,1954,94,"Horror,Sci-Fi",7.2,26930
tt0047577,movie,This Island Earth,1955,86,"Horror,Mystery,Sci-Fi",5.9,11462
tt0047647,movie,Vera Cruz,1954,94,"Adventure,Drama,Western",7.0,13075
tt0047673,movie,White Christmas,1954,120,"Comedy,Musical,Romance",7.6,57049
tt0047677,movie,The Wild One,1953,79,"Crime,Drama,Romance",6.7,19170
tt0047811,movie,All That Heaven Allows,1955,89,"Drama,Romance",7.6,18676
tt0047834,movie,Animal Farm,1954,72,"Animation,Drama",7.2,21889
tt0047849,movie,Bad Day at Black Rock,1955,81,"Crime,Drama,Mystery",7.6,26850
tt0047878,movie,The Big Combo,1955,87,"Crime,Drama,Film-Noir",7.3,10033
tt0047885,movie,Blackboard Jungle,1955,101,"Crime,Drama",7.4,10616
tt0047892,movie,Bob le Flambeur,1956,102,"Crime,Drama,Thriller",7.5,14328
tt0047985,movie,The Desperate Hours,1955,112,"Crime,Drama,Film-Noir",7.5,11826
tt0048021,movie,Rififi,1955,118,"Crime,Drama,Thriller",8.1,39470
tt0048028,movie,East of Eden,1955,118,Drama,7.8,50789
tt0048140,movie,Guys and Dolls,1955,150,"Comedy,Crime,Musical",7.1,20956
tt0048254,movie,Killer's Kiss,1955,67,"Crime,Drama,Film-Noir",6.5,28363
tt0048261,movie,Kiss Me Deadly,1955,106,"Crime,Drama,Film-Noir",7.5,23786
tt0048280,movie,Lady and the Tramp,1955,76,"Adventure,Animation,Comedy",7.3,162559
tt0048281,movie,The Ladykillers,1955,91,"Comedy,Crime",7.6,34285
tt0048342,movie,The Man from Laramie,1955,103,"Drama,Western",7.3,13250
tt0048347,movie,The Man with the Golden Arm,1955,119,"Crime,Drama,Romance",7.3,13450
tt0048356,movie,Marty,1955,90,"Drama,Romance",7.6,30798
tt0048380,movie,Mister Roberts,1955,123,"Comedy,Drama,War",7.6,19747
tt0048393,movie,Confidential Report,1955,93,"Crime,Drama,Film-Noir",7.1,10092
tt0048424,movie,The Night of the Hunter,1955,92,"Crime,Drama,Thriller",8.0,108211
tt0048445,movie,Oklahoma!,1955,145,"Drama,Musical,Romance",7.0,15841
tt0048452,movie,Ordet,1955,126,Drama,8.2,19005
tt0048473,movie,Pather Panchali,1955,125,"Drama,History",8.2,41820
tt0048491,movie,Picnic,1955,115,"Drama,Romance",7.0,10722
tt0048545,movie,Rebel Without a Cause,1955,111,Drama,7.6,103592
tt0048605,movie,The Seven Year Itch,1955,105,"Comedy,Romance",7.0,45605
tt0048624,movie,Sissi,1955,102,"Comedy,Drama,History",7.0,11168
tt0048641,movie,Smiles of a Summer Night,1955,109,"Comedy,Romance",7.7,15776
tt0048673,movie,Summertime,1955,100,"Drama,Romance",7.1,11411
tt0048696,movie,Tarantula,1955,80,"Horror,Sci-Fi",6.4,11992
tt0048728,movie,To Catch a Thief,1955,106,"Drama,Mystery,Romance",7.4,87039
tt0048750,movie,The Trouble with Harry,1955,99,"Comedy,Mystery",7.0,43107
tt0048801,movie,We're No Angels,1955,106,"Comedy,Crime,Romance",7.4,12150
tt0048947,movie,Anastasia,1956,105,"Biography,Drama,History",7.0,10314
tt0048956,movie,Aparajito,1956,110,Drama,8.2,19804
tt0048960,movie,Around the World in 80 Days,1956,175,"Adventure,Comedy,Family",6.7,32115
tt0048977,movie,The Bad Seed,1956,129,"Drama,Horror,Thriller",7.4,17829
tt0049038,movie,Bus Stop,1956,96,"Comedy,Drama,Romance",6.3,13759
tt0049096,movie,The Court Jester,1955,101,"Adventure,Comedy,Family",7.8,15125
tt0049169,movie,Earth vs. the Flying Saucers,1956,83,"Action,Horror,Sci-Fi",6.3,10223
tt0049189,movie,...And God Created Woman,1956,90,"Drama,Romance",6.3,10770
tt0049223,movie,Forbidden Planet,1956,98,"Adventure,Sci-Fi",7.5,57381
tt0049261,movie,Giant,1956,201,"Drama,Western",7.6,44112
tt0049291,movie,The Harder They Fall,1956,109,"Drama,Film-Noir,Sport",7.5,10356
tt0049314,movie,High Society,1956,111,"Comedy,Musical,Romance",6.9,19204
tt0049366,movie,Invasion of the Body Snatchers,1956,80,"Drama,Horror,Sci-Fi",7.7,60052
tt0049406,movie,The Killing,1956,84,"Crime,Drama,Film-Noir",7.9,106005
tt0049408,movie,The King and I,1956,133,"Biography,Drama,Musical",7.4,29628
tt0049456,movie,Lust for Life,1956,122,"Biography,Drama",7.3,13179
tt0049470,movie,The Man Who Knew Too Much,1956,120,"Crime,Drama,Mystery",7.4,76395
tt0049513,movie,Moby Dick,1956,116,"Adventure,Drama",7.3,23108
tt0049730,movie,The Searchers,1956,119,"Adventure,Western",7.8,102970
tt0049833,movie,The Ten Commandments,1956,220,"Adventure,Drama,Family",7.9,85024
tt0049902,movie,A Man Escaped,1956,101,"Drama,Thriller,War",8.1,30850
tt0049934,movie,War and Peace,1956,208,"Drama,Romance,War",6.7,11805
tt0049966,movie,Written on the Wind,1956,99,Drama,7.3,15136
tt0050083,movie,12 Angry Men,1957,96,"Crime,Drama",9.0,989575
tt0050086,movie,3:10 to Yuma,1957,92,"Adventure,Drama,Thriller",7.6,23937
tt0050105,movie,An Affair to Remember,1957,115,"Drama,Romance",7.4,35848
tt0050188,movie,Mother India,1957,172,"Action,Comedy,Drama",7.8,10444
tt0050212,movie,The Bridge on the River Kwai,1957,161,"Adventure,Drama,War",8.1,249293
tt0050280,movie,The Curse of Frankenstein,1957,83,"Horror,Sci-Fi,Thriller",7.0,14879
tt0050307,movie,Desk Set,1957,103,"Comedy,Romance",7.2,10437
tt0050356,movie,The Enemy Below,1957,98,"Action,Adventure,Drama",7.4,13399
tt0050371,movie,A Face in the Crowd,1957,126,"Drama,Music",8.1,19290
tt0050419,movie,Funny Face,1957,103,"Comedy,Musical,Romance",7.0,35732
tt0050468,movie,Gunfight at the O.K. Corral,1957,122,"Biography,Drama,Western",7.1,18972
tt0050490,movie,"Heaven Knows, Mr. Allison",1957,107,"Adventure,Drama,War",7.3,10366
tt0050539,movie,The Incredible Shrinking Man,1957,81,"Adventure,Drama,Fantasy",7.6,22163
tt0050556,movie,Jailhouse Rock,1957,96,"Drama,Music,Musical",6.5,10786
tt0050613,movie,Throne of Blood,1957,110,Drama,8.0,60446
tt0050634,movie,The Cranes Are Flying,1957,95,"Drama,Romance,War",8.3,22735
tt0050658,movie,Love in the Afternoon,1957,130,"Comedy,Crime,Drama",7.1,18434
tt0050706,movie,My Uncle,1958,116,Comedy,7.6,24941
tt0050766,movie,Curse of the Demon,1957,82,"Fantasy,Horror,Mystery",7.4,17454
tt0050782,movie,White Nights,1957,97,"Drama,Romance",7.7,10347
tt0050783,movie,Nights of Cabiria,1957,110,Drama,8.1,57258
tt0050798,movie,Old Yeller,1957,83,"Adventure,Drama,Family",7.2,16764
tt0050825,movie,Paths of Glory,1957,88,"Drama,War",8.4,240045
tt0050976,movie,The Seventh Seal,1957,96,"Drama,Fantasy",8.1,215896
tt0050986,movie,Wild Strawberries,1957,92,"Drama,Romance",8.1,124912
tt0051036,movie,Sweet Smell of Success,1957,96,"Drama,Film-Noir",8.0,40257
tt0051201,movie,Witness for the Prosecution,1957,116,"Crime,Drama,Mystery",8.4,162839
tt0051207,movie,The Wrong Man,1956,105,"Drama,Film-Noir",7.4,34805
tt0051337,movie,The 7th Voyage of Sinbad,1958,88,"Action,Adventure,Family",7.0,16400
tt0051365,movie,The Magician,1958,101,"Comedy,Drama",7.5,11914
tt0051378,movie,Elevator to the Gallows,1958,91,"Crime,Drama,Thriller",7.9,31897
tt0051383,movie,Auntie Mame,1958,143,"Comedy,Drama,Romance",7.9,13874
tt0051406,movie,Bell Book and Candle,1958,106,"Comedy,Fantasy,Romance",6.8,14849
tt0051411,movie,The Big Country,1958,166,"Drama,Romance,Western",7.9,24405
tt0051418,movie,The Blob,1958,86,"Horror,Sci-Fi",6.3,32375
tt0051459,movie,Cat on a Hot Tin Roof,1958,108,Drama,7.9,57165
tt0051525,movie,The Defiant Ones,1958,96,"Crime,Drama",7.5,20221
tt0051554,movie,Horror of Dracula,1958,82,"Drama,Horror",7.2,30020
tt0051622,movie,The Fly,1958,94,"Drama,Horror,Sci-Fi",7.1,28052
tt0051658,movie,Gigi,1958,115,"Comedy,Musical,Romance",6.6,25009
tt0051744,movie,House on Haunted Hill,1959,75,"Crime,Horror,Mystery",6.7,34923
tt0051745,movie,Houseboat,1958,110,"Comedy,Drama,Family",6.6,10533
tt0051773,movie,Indiscreet,1958,100,"Comedy,Romance",6.8,11245
tt0051808,movie,The Hidden Fortress,1958,126,"Adventure,Drama",8.0,46000
tt0051878,movie,"The Long, Hot Summer",1958,115,Drama,7.3,13497
tt0051899,movie,Man of the West,1958,100,"Drama,Western",7.0,10865
tt0051994,movie,A Night to Remember,1958,123,"Drama,History",7.9,19405
tt0052077,movie,Plan 9 from Outer Space,1958,79,"Horror,Sci-Fi",3.9,42569
tt0052080,movie,Ashes and Diamonds,1958,103,"Drama,Romance,War",7.7,15079
tt0052151,movie,Run Silent Run Deep,1958,93,"Action,Drama,War",7.3,14848
tt0052216,movie,Big Deal on Madonna Street,1958,106,"Comedy,Crime",7.9,12899
tt0052225,movie,South Pacific,1958,157,"Drama,Musical,Romance",6.8,11066
tt0052311,movie,Touch of Evil,1958,95,"Crime,Drama,Film-Noir",7.9,114999
tt0052357,movie,Vertigo,1958,128,"Mystery,Romance,Thriller",8.2,459648
tt0052365,movie,The Vikings,1958,116,"Action,Adventure,History",7.0,17454
tt0052561,movie,Anatomy of a Murder,1959,161,"Drama,Mystery",8.0,78026
tt0052572,movie,The World of Apu,1959,105,Drama,8.4,20131
tt0052600,movie,Ballad of a Soldier,1959,88,"Drama,Romance,War",8.2,12350
tt0052618,movie,Ben-Hur,1959,212,"Adventure,Drama",8.1,271669
tt0052722,movie,Darby O'Gill and the Little People,1959,93,"Adventure,Family,Fantasy",7.1,10240
tt0052738,movie,The Diary of Anne Frank,1959,180,"Biography,Drama,Family",7.4,14625
tt0052893,movie,Hiroshima Mon Amour,1959,90,"Drama,Romance",7.8,39557
tt0052902,movie,The Horse Soldiers,1959,120,"Adventure,Drama,Romance",7.1,13121
tt0052905,movie,The Hound of the Baskervilles,1959,87,"Horror,Mystery",6.9,14303
tt0052918,movie,Imitation of Life,1959,125,Drama,7.8,19961
tt0052948,movie,Journey to the Center of the Earth,1959,129,"Adventure,Family,Fantasy",7.0,21447
tt0053084,movie,The Mouse That Roared,1959,83,"Adventure,Comedy",6.9,10201
tt0053085,movie,The Mummy,1959,88,"Adventure,Horror",6.6,12795
tt0053114,movie,The Human Condition I: No Greater Love,1959,208,"Drama,History,War",8.5,11397
tt0053125,movie,North by Northwest,1959,136,"Adventure,Drama,Mystery",8.3,369517
tt0053131,movie,The Nun's Story,1959,149,Drama,7.5,12751
tt0053134,movie,Good Morning,1959,94,"Comedy,Drama,Family",7.8,12524
tt0053137,movie,On the Beach,1959,134,"Drama,Romance,Sci-Fi",7.1,16222
tt0053143,movie,Operation Petticoat,1959,124,"Comedy,Romance,War",7.2,17701
tt0053146,movie,Black Orpheus,1959,100,"Drama,Musical,Romance",7.4,13510
tt0053168,movie,Pickpocket,1959,76,"Crime,Drama",7.5,27666
tt0053172,movie,Pillow Talk,1959,102,"Comedy,Romance",7.4,21087
tt0053198,movie,The 400 Blows,1959,99,"Crime,Drama",8.0,134913
tt0053221,movie,Rio Bravo,1959,141,Western,7.9,73869
tt0053270,movie,Shadows,1958,87,"Drama,Music,Romance",7.2,13615
tt0053285,movie,Sleeping Beauty,1959,75,"Adventure,Animation,Family",7.2,171623
tt0053291,movie,Some Like It Hot,1959,121,"Comedy,Music,Romance",8.2,305352
tt0053318,movie,"Suddenly, Last Summer",1959,114,"Drama,Mystery,Thriller",7.4,19156
tt0053363,movie,The Tingler,1959,82,"Horror,Sci-Fi",6.6,10640
tt0053459,movie,Eyes Without a Face,1960,90,"Drama,Horror",7.6,39337
tt0053472,movie,Breathless,1960,90,"Crime,Drama",7.6,95858
tt0053580,movie,The Alamo,1960,162,"Adventure,Drama,History",6.8,19697
tt0053604,movie,The Apartment,1960,125,"Comedy,Drama,Romance",8.3,220653
tt0053619,movie,L'Avventura,1960,143,"Drama,Mystery,Romance",7.7,37174
tt0053677,movie,The Brides of Dracula,1960,85,Horror,6.6,10147
tt0053779,movie,La Dolce Vita,1960,174,"Comedy,Drama",8.0,86062
tt0053793,movie,Elmer Gantry,1960,146,Drama,7.7,14576
tt0053804,movie,Exodus,1960,208,"Action,Drama,War",6.7,12886
tt0053925,movie,House of Usher,1960,79,"Drama,Horror",6.9,17467
tt0053946,movie,Inherit the Wind,1960,128,"Biography,Drama,History",8.1,35711
tt0053976,movie,The Virgin Spring,1960,89,Drama,8.0,33908
tt0054033,movie,The Little Shop of Horrors,1960,73,"Comedy,Horror",6.2,21370
tt0054047,movie,The Magnificent Seven,1960,128,"Action,Adventure,Drama",7.7,110861
tt0054067,movie,Black Sunday,1960,87,Horror,7.1,20177
tt0054130,movie,La Notte,1961,122,Drama,7.9,26683
tt0054135,movie,Ocean's Eleven,1960,127,"Comedy,Crime,Music",6.5,26188
tt0054167,movie,Peeping Tom,1960,101,"Drama,Horror,Thriller",7.6,43990
tt0054189,movie,Purple Noon,1960,118,"Crime,Drama,Thriller",7.7,24110
tt0054195,movie,Pollyanna,1960,134,"Comedy,Drama,Family",7.4,12607
tt0054215,movie,Psycho,1960,109,"Drama,Horror,Mystery",8.5,788241
tt0054248,movie,Rocco and His Brothers,1960,179,"Crime,Drama,Sport",8.2,25848
tt0054269,movie,Saturday Night and Sunday Morning,1960,89,"Drama,Romance",7.5,10067
tt0054331,movie,Spartacus,1960,184,"Adventure,Biography,Drama",7.9,151483
tt0054357,movie,Swiss Family Robinson,1960,126,"Adventure,Family",7.1,20054
tt0054387,movie,The Time Machine,1960,103,"Adventure,Romance,Sci-Fi",7.5,47455
tt0054389,movie,Shoot the Piano Player,1960,92,"Crime,Drama,Thriller",7.4,21945
tt0054407,movie,Le Trou,1960,131,"Crime,Drama,Thriller",8.5,23765
tt0054428,movie,The Unforgiven,1960,125,"Drama,Romance,Western",6.5,10999
tt0054443,movie,Village of the Damned,1960,77,"Horror,Sci-Fi",7.3,21429
tt0054460,movie,The Bad Sleep Well,1960,151,"Crime,Drama,Thriller",7.9,15610
tt0054594,movie,The Absent Minded Professor,1961,97,"Comedy,Family,Sci-Fi",6.7,10127
tt0054599,movie,Accattone,1961,117,Drama,7.6,11274
tt0054632,movie,Last Year at Marienbad,1961,94,"Drama,Mystery,Romance",7.6,27115
tt0054673,movie,The Beast of Yucca Flats,1961,54,"Horror,Sci-Fi",2.0,10289
tt0054698,movie,Breakfast at Tiffany's,1961,115,"Comedy,Drama,Romance",7.5,205194
tt0054743,movie,The Children's Hour,1961,108,"Drama,Romance",7.8,21031
tt0054749,movie,Two Women,1960,101,"Drama,War",7.7,13831
tt0054757,movie,The Comancheros,1961,107,"Drama,Western",6.8,10921
tt0054821,movie,Le Doulos,1962,108,"Crime,Thriller",7.7,13223
tt0054847,movie,El Cid,1961,182,"Biography,Drama,History",7.2,17270
tt0054953,movie,The Guns of Navarone,1961,158,"Action,Adventure,Drama",7.5,59901
tt0054997,movie,The Hustler,1961,134,"Drama,Sport",7.9,90089
tt0055018,movie,The Innocents,1961,100,"Drama,Horror,Mystery",7.7,36289
tt0055031,movie,Judgment at Nuremberg,1961,179,"Drama,History,War",8.3,97308
tt0055032,movie,Jules and Jim,1962,105,"Drama,Romance",7.6,47052
tt0055047,movie,King of Kings,1961,168,"Biography,Drama",7.0,10087
tt0055184,movie,The Misfits,1961,125,"Drama,Romance,Western",7.2,24634
tt0055254,movie,One Hundred and One Dalmatians,1961,79,"Adventure,Animation,Comedy",7.3,197415
tt0055256,movie,"One, Two, Three",1961,104,Comedy,7.8,24811
tt0055257,movie,One-Eyed Jacks,1961,141,"Drama,Western",7.1,15210
tt0055277,movie,The Parent Trap,1961,129,"Comedy,Family,Romance",7.2,26455
tt0055304,movie,The Pit and the Pendulum,1961,80,"Drama,Horror,Mystery",7.0,18702
tt0055353,movie,A Raisin in the Sun,1961,128,Drama,8.0,10551
tt0055471,movie,Splendor in the Grass,1961,124,"Drama,Romance",7.7,22993
tt0055499,movie,Through a Glass Darkly,1961,90,Drama,7.9,29531
tt0055572,movie,A Woman Is a Woman,1961,84,"Comedy,Drama,Romance",7.3,20554
tt0055601,movie,Viridiana,1961,91,Drama,8.0,28309
tt0055614,movie,West Side Story,1961,153,"Crime,Drama,Musical",7.6,128032
tt0055630,movie,Yojimbo,1961,110,"Action,Drama,Thriller",8.2,143635
tt0055798,movie,Birdman of Alcatraz,1962,147,"Biography,Crime,Drama",7.8,21379
tt0055824,movie,Cape Fear,1962,106,"Drama,Thriller",7.7,35351
tt0055830,movie,Carnival of Souls,1962,78,"Horror,Mystery",7.0,31330
tt0055852,movie,Cleo from 5 to 7,1962,90,"Comedy,Drama,Music",7.8,31845
tt0055895,movie,Days of Wine and Roses,1962,117,Drama,7.8,15113
tt0055913,movie,Divorce Italian Style,1961,105,"Comedy,Drama,Romance",7.9,15777
tt0055928,movie,Dr. No,1962,110,"Action,Adventure,Thriller",7.2,196595
tt0056058,movie,Harakiri,1962,133,"Drama,Mystery",8.6,92175
tt0056059,movie,Hatari!,1962,157,"Action,Adventure,Comedy",7.1,15817
tt0056085,movie,How the West Was Won,1962,164,"Action,Adventure,War",7.1,25609
tt0056111,movie,Ivan's Childhood,1962,95,"Drama,War",8.0,43648
tt0056142,movie,King Kong vs. Godzilla,1963,91,"Action,Adventure,Comedy",5.7,12161
tt0056172,movie,Lawrence of Arabia,1962,227,"Adventure,Biography,Drama",8.3,342619
tt0056193,movie,Lolita,1962,153,"Crime,Drama,Romance",7.5,116360
tt0056194,movie,The Loneliness of the Long Distance Runner,1962,104,"Drama,Sport",7.5,10033
tt0056195,movie,Lonely Are the Brave,1962,107,"Drama,Western",7.5,11047
tt0056197,movie,The Longest Day,1962,179,"Action,Drama,History",7.7,63217
tt0056215,movie,Mamma Roma,1962,110,Drama,7.7,11461
tt0056217,movie,The Man Who Shot Liberty Valance,1962,123,"Drama,Western",8.1,88943
tt0056218,movie,The Manchurian Candidate,1962,126,"Drama,Thriller",7.9,84936
tt0056241,movie,The Miracle Worker,1962,106,"Biography,Drama",8.1,21186
tt0056262,movie,The Music Man,1962,151,"Comedy,Family,Musical",7.7,20863
tt0056264,movie,Mutiny on the Bounty,1962,178,"Adventure,Drama,History",7.2,19519
tt0056291,movie,Knife in the Water,1962,94,"Drama,Thriller",7.4,25219
tt0056412,movie,Ride the High Country,1962,94,"Drama,Western",7.4,16317
tt0056443,movie,Sanjuro,1962,96,"Action,Drama,Thriller",8.0,43378
tt0056444,movie,An Autumn Afternoon,1962,113,Drama,8.0,12043
tt0056512,movie,The Easy Life,1962,108,"Adventure,Comedy,Drama",8.2,14536
tt0056575,movie,That Touch of Mink,1962,99,"Comedy,Romance",6.6,11785
tt0056592,movie,To Kill a Mockingbird,1962,129,"Crime,Drama",8.2,351425
tt0056663,movie,My Life to Live,1962,85,Drama,7.8,37825
tt0056687,movie,What Ever Happened to Baby Jane?,1962,134,"Drama,Horror,Thriller",8.0,67945
tt0056732,movie,The Exterminating Angel,1962,95,"Drama,Fantasy",7.9,38282
tt0056736,movie,L'Eclisse,1962,126,"Drama,Romance",7.7,24515
tt0056801,movie,8½,1963,138,Drama,8.0,133086
tt0056869,movie,The Birds,1963,119,"Drama,Horror,Mystery",7.6,220878
tt0056891,movie,Bye Bye Birdie,1963,112,"Comedy,Musical",6.6,10319
tt0056923,movie,Charade,1963,113,"Comedy,Mystery,Romance",7.8,93874
tt0056937,movie,Cleopatra,1963,320,"Biography,Drama,History",7.0,41411
tt0056983,movie,Dementia 13,1963,75,"Horror,Thriller",5.7,10224
tt0057007,movie,Donovan's Reef,1963,109,"Adventure,Comedy,Romance",6.7,10803
tt0057012,movie,Dr. Strangelove or: How I Learned to Stop Worrying and Love the Bomb,1964,95,"Comedy,War",8.3,551660
tt0057058,movie,The Fire Within,1963,108,Drama,7.8,11653
tt0057076,movie,From Russia with Love,1963,115,"Action,Adventure,Thriller",7.3,159623
tt0057091,movie,The Leopard,1963,186,"Drama,History",7.9,34720
tt0057115,movie,The Great Escape,1963,172,"Adventure,Drama,Thriller",8.2,278267
tt0057129,movie,The Haunting,1963,112,Horror,7.4,44722
tt0057163,movie,Hud,1963,112,"Drama,Western",7.8,26047
tt0057171,movie,"Yesterday, Today and Tomorrow",1963,119,"Comedy,Romance",7.2,11484
tt0057187,movie,Irma la Douce,1963,147,"Comedy,Romance",7.3,24314
tt0057193,movie,"It's a Mad, Mad, Mad, Mad World",1963,210,"Action,Adventure,Comedy",7.5,51337
tt0057197,movie,Jason and the Argonauts,1963,104,"Action,Adventure,Family",7.3,34762
tt0057251,movie,Lilies of the Field,1963,94,"Comedy,Drama",7.5,15489
tt0057261,movie,Lord of the Flies,1963,92,"Adventure,Drama,Thriller",6.8,22152
tt0057298,movie,McLintock!,1963,126,"Comedy,Western",7.1,18362
tt0057345,movie,Contempt,1963,102,"Drama,Romance",7.4,39357
tt0057358,movie,Winter Light,1963,81,Drama,8.0,29633
tt0057372,movie,The Nutty Professor,1963,107,"Comedy,Romance,Sci-Fi",6.6,19474
tt0057413,movie,The Pink Panther,1963,115,"Comedy,Crime,Romance",7.0,62040
tt0057427,movie,The Trial,1962,119,"Drama,Mystery,Thriller",7.6,26990
tt0057449,movie,The Raven,1963,86,"Comedy,Drama,Fantasy",6.5,15229
tt0057490,movie,The Servant,1963,116,Drama,7.7,15941
tt0057495,movie,Shock Corridor,1963,101,"Drama,Mystery,Thriller",7.3,14063
tt0057546,movie,The Sword in the Stone,1963,79,"Adventure,Animation,Comedy",7.1,114880
tt0057565,movie,High and Low,1963,143,"Crime,Drama,Mystery",8.4,72332
tt0057590,movie,Tom Jones,1963,129,"Adventure,Comedy,History",6.3,15412
tt0057603,movie,Black Sabbath,1963,97,Horror,7.0,16043
tt0057611,movie,The Silence,1963,96,Drama,7.7,22746
tt0057831,movie,Zorba the Greek,1964,142,"Comedy,Drama",7.6,25679
tt0057869,movie,Band of Outsiders,1964,95,"Comedy,Crime,Drama",7.6,29075
tt0057877,movie,Becket,1964,148,"Biography,Drama,History",7.7,17125
tt0058003,movie,Red Desert,1964,117,Drama,7.4,19363
tt0058083,movie,Fail Safe,1964,112,"Drama,Thriller",8.0,28056
tt0058085,movie,The Fall of the Roman Empire,1964,188,"Drama,History,War",6.7,11320
tt0058089,movie,Fantomas,1964,104,"Adventure,Comedy,Crime",6.9,13720
tt0058092,movie,Father Goose,1964,118,"Adventure,Comedy,Romance",7.3,13646
tt0058135,movie,The Gendarme of Saint-Tropez,1964,90,"Comedy,Crime",7.1,15376
tt0058150,movie,Goldfinger,1964,110,"Action,Adventure,Thriller",7.7,218565
tt0058182,movie,A Hard Day's Night,1964,87,"Comedy,Musical",7.5,50031
tt0058213,movie,"Hush...Hush, Sweet Charlotte",1964,133,"Crime,Drama,Mystery",7.5,17540
tt0058249,movie,Diary of a Chambermaid,1964,97,"Crime,Drama",7.3,10584
tt0058262,movie,The Killers,1964,93,"Crime,Drama,Mystery",7.0,10479
tt0058279,movie,Kwaidan,1964,183,"Drama,Fantasy,Horror",7.9,22980
tt0058329,movie,Marnie,1964,130,"Crime,Drama,Mystery",7.1,57789
tt0058331,movie,Mary Poppins,1964,139,"Comedy,Family,Fantasy",7.8,199296
tt0058333,movie,The Masque of the Red Death,1964,89,"Drama,Horror",6.9,18452
tt0058335,movie,Marriage Italian Style,1964,102,"Comedy,Drama,Romance",7.4,12705
tt0058379,movie,Mothra vs. Godzilla,1964,89,"Adventure,Fantasy,Sci-Fi",6.5,11839
tt0058385,movie,My Fair Lady,1964,170,"Drama,Musical,Romance",7.7,108057
tt0058404,movie,The Night of the Iguana,1964,125,Drama,7.5,14115
tt0058430,movie,Onibaba,1964,103,"Drama,Horror,Thriller",7.8,25889
tt0058450,movie,The Umbrellas of Cherbourg,1964,91,"Drama,Musical,Romance",7.8,35236
tt0058453,movie,Paris When It Sizzles,1964,110,"Comedy,Romance",6.3,10196
tt0058461,movie,A Fistful of Dollars,1964,99,"Drama,Western",7.9,254533
tt0058548,movie,Santa Claus Conquers the Martians,1964,81,"Adventure,Comedy,Family",2.8,13310
tt0058567,movie,Blood and Black Lace,1964,88,"Crime,Drama,Horror",7.1,15326
tt0058576,movie,Seven Days in May,1964,118,"Drama,Thriller",7.8,17759
tt0058586,movie,A Shot in the Dark,1964,102,"Comedy,Crime,Mystery",7.3,34205
tt0058604,movie,I Am Cuba,1964,141,Drama,8.2,12436
tt0058625,movie,Woman in the Dunes,1964,147,"Drama,Thriller",8.4,25669
tt0058672,movie,Topkapi,1964,120,"Adventure,Comedy,Crime",6.9,11675
tt0058700,movie,The Last Man on Earth,1964,86,"Drama,Horror,Sci-Fi",6.7,23910
tt0058715,movie,The Gospel According to St. Matthew,1964,137,"Biography,Drama,History",7.6,15206
tt0058725,movie,Viva Las Vegas,1964,85,"Comedy,Musical,Romance",6.4,10136
tt0058777,movie,Zulu,1964,138,"Drama,History,War",7.7,46422
tt0058888,movie,Red Beard,1965,185,Drama,8.3,23515
tt0058898,movie,Alphaville,1965,99,"Comedy,Drama,Mystery",6.9,30196
tt0058946,movie,The Battle of Algiers,1966,121,"Drama,War",8.1,76174
tt0058947,movie,Battle of the Bulge,1965,167,"Drama,History,War",6.8,19192
tt0058985,movie,Happiness,1965,80,"Drama,Romance",7.6,11918
tt0058997,movie,Bunny Lake Is Missing,1965,107,"Drama,Mystery,Thriller",7.3,11247
tt0059012,movie,Chimes at Midnight,1965,115,"Comedy,Drama,History",7.6,11229
tt0059017,movie,Cat Ballou,1965,97,"Comedy,Western",6.8,17508
tt0059037,movie,The Cincinnati Kid,1965,102,Drama,7.2,19715
tt0059043,movie,The Collector,1965,119,"Drama,Thriller",7.5,13257
tt0059113,movie,Doctor Zhivago,1965,197,"Drama,Romance,War",7.9,87509
tt0059127,movie,Dracula: Prince of Darkness,1966,90,Horror,6.6,12002
tt0059170,movie,"Faster, Pussycat! Kill! Kill!",1965,83,"Action,Comedy",6.6,17449
tt0059183,movie,The Flight of the Phoenix,1965,142,"Adventure,Drama",7.5,24308
tt0059229,movie,Juliet of the Spirits,1965,137,"Comedy,Drama,Fantasy",7.4,15791
tt0059243,movie,The Great Race,1965,160,"Action,Adventure,Comedy",7.2,21646
tt0059245,movie,The Greatest Story Ever Told,1965,260,"Biography,Drama,History",6.6,13504
tt0059246,movie,Guide,1965,183,"Drama,Romance",8.4,12666
tt0059260,movie,Help!,1965,92,"Adventure,Comedy,Musical",7.1,21289
tt0059274,movie,The Hill,1965,123,"Drama,War",7.8,16528
tt0059309,movie,In Harm's Way,1965,165,"Drama,Romance,War",7.3,11490
tt0059319,movie,The Ipcress File,1965,109,"Drama,Thriller",7.1,19684
tt0059415,movie,Loves of a Blonde,1965,88,"Comedy,Drama,Romance",7.4,10295
tt0059527,movie,The Shop on Main Street,1965,128,"Drama,War",8.2,10505
tt0059550,movie,Operation 'Y' & Other Shurik's Adventures,1965,95,"Comedy,Crime,Drama",8.4,16564
tt0059573,movie,A Patch of Blue,1965,105,"Drama,Romance",8.0,10286
tt0059575,movie,The Pawnbroker,1964,116,Drama,7.6,11695
tt0059578,movie,For a Few Dollars More,1965,132,"Drama,Western",8.2,301151
tt0059592,movie,Pierrot le Fou,1965,110,"Crime,Drama,Romance",7.4,40291
tt0059646,movie,Repulsion,1965,105,"Drama,Horror,Thriller",7.5,61479
tt0059711,movie,Shenandoah,1965,105,"Drama,War,Western",7.3,10532
tt0059719,movie,Simon of the Desert,1965,45,"Comedy,Drama,Fantasy",7.8,11888
tt0059740,movie,The Sons of Katie Elder,1965,122,"Drama,Western",7.1,19676
tt0059742,movie,The Sound of Music,1965,174,"Biography,Drama,Family",8.1,292167
tt0059749,movie,The Spy Who Came in from the Cold,1965,112,"Drama,Thriller",7.5,20771
tt0059800,movie,Thunderball,1965,130,"Action,Adventure,Thriller",6.9,138418
tt0059825,movie,The Train,1964,133,"Action,Thriller,War",7.8,22036
tt0059885,movie,Von Ryan's Express,1965,117,"Action,Adventure,War",7.1,16229
tt0059903,movie,What's New Pussycat,1965,108,Comedy,6.0,12040
tt0060086,movie,Alfie,1966,114,"Comedy,Drama",7.0,16903
tt0060107,movie,Andrei Rublev,1966,205,"Biography,Drama,History",8.0,60766
tt0060138,movie,Au hasard Balthazar,1966,95,Drama,7.7,24981
tt0060153,movie,Batman: The Movie,1966,105,"Action,Adventure,Comedy",6.5,38235
tt0060176,movie,Blow-Up,1966,111,"Drama,Mystery,Thriller",7.4,72918
tt0060196,movie,"The Good, the Bad and the Ugly",1966,178,"Adventure,Drama,Western",8.8,893158
tt0060232,movie,The Chase,1966,134,"Crime,Drama,Thriller",7.1,15292
tt0060268,movie,Cul-de-sac,1966,112,"Comedy,Drama,Thriller",7.0,15008
tt0060277,movie,The Sword of Doom,1966,120,"Action,Drama,Thriller",7.9,13295
tt0060315,movie,Django,1966,91,"Action,Drama,Western",7.2,34318
tt0060390,movie,Fahrenheit 451,1966,112,"Drama,Sci-Fi",7.2,47659
tt0060397,movie,Fantastic Voyage,1966,100,"Adventure,Sci-Fi",6.8,22532
tt0060424,movie,The Fortune Cookie,1966,125,"Comedy,Romance",7.2,17241
tt0060438,movie,A Funny Thing Happened on the Way to the Forum,1966,99,"Comedy,Musical",6.8,10693
tt0060472,movie,Grand Prix,1966,176,"Drama,Sport",7.2,12141
tt0060474,movie,Don't Look Now... We're Being Shot At!,1966,123,"Adventure,Comedy,War",7.9,22483
tt0060490,movie,Harper,1966,121,"Crime,Drama,Mystery",6.8,12274
tt0060522,movie,How to Steal a Million,1966,123,"Comedy,Crime,Romance",7.5,32375
tt0060584,movie,"Kidnapping, Caucasian Style",1967,82,"Adventure,Comedy,Drama",8.2,15129
tt0060665,movie,A Man for All Seasons,1966,120,"Biography,Drama,History",7.7,40463
tt0060666,movie,Manos: The Hands of Fate,1966,70,Horror,1.7,38504
tt0060675,movie,Masculine Feminine,1966,103,"Drama,Romance",7.3,19126
tt0060782,movie,One Million Years B.C.,1966,92,"Adventure,Comedy,Fantasy",5.7,10565
tt0060802,movie,Closely Watched Trains,1966,92,"Comedy,Drama,Romance",7.6,15118
tt0060827,movie,Persona,1966,83,"Drama,Thriller",8.0,141123
tt0060862,movie,The Professionals,1966,117,"Action,Adventure,Drama",7.3,20956
tt0060921,movie,The Russians Are Coming the Russians Are Coming,1966,126,"Comedy,War",7.0,11248
tt0060934,movie,The Sand Pebbles,1966,182,"Adventure,Drama,Romance",7.5,17875
tt0060955,movie,Seconds,1966,106,"Sci-Fi,Thriller",7.6,23815
tt0060959,movie,Daisies,1966,75,Comedy,7.2,17803
tt0061065,movie,The Face of Another,1966,124,"Drama,Sci-Fi,Thriller",7.8,12123
tt0061101,movie,Tokyo Drifter,1966,82,"Action,Crime",7.1,10624
tt0061107,movie,Torn Curtain,1966,128,"Drama,Romance,Thriller",6.6,31783
tt0061138,movie,A Man and a Woman,1966,102,"Drama,Romance",7.5,13666
tt0061177,movie,"What's Up, Tiger Lily?",1966,80,"Adventure,Comedy,Crime",5.8,10356
tt0061184,movie,Who's Afraid of Virginia Woolf?,1966,131,Drama,8.0,83313
tt0061369,movie,Asterix the Gaul,1967,68,"Action,Adventure,Animation",6.6,13202
tt0061385,movie,Barefoot in the Park,1967,106,"Comedy,Romance",7.0,22884
tt0061391,movie,Bedazzled,1967,103,"Comedy,Fantasy,Romance",6.7,10428
tt0061395,movie,Belle de Jour,1967,100,"Drama,Romance",7.6,53669
tt0061418,movie,Bonnie and Clyde,1967,111,"Action,Biography,Crime",7.7,127106
tt0061452,movie,Casino Royale,1967,131,Comedy,5.0,35041
tt0061495,movie,The Collector,1967,86,"Comedy,Drama,Romance",7.3,10903
tt0061512,movie,Cool Hand Luke,1967,127,"Crime,Drama",8.0,196557
tt0061578,movie,The Dirty Dozen,1967,150,"Action,Adventure,War",7.7,84326
tt0061584,movie,Doctor Dolittle,1967,152,"Adventure,Comedy,Family",6.2,11077
tt0061589,movie,Bob Dylan: Dont Look Back,1967,96,"Documentary,Music",7.9,11022
tt0061619,movie,El Dorado,1966,126,"Drama,Romance,Western",7.5,33572
tt0061655,movie,The Fearless Vampire Killers,1967,91,"Comedy,Fantasy,Horror",7.0,36095
tt0061722,movie,The Graduate,1967,106,"Comedy,Drama,Romance",8.0,302550
tt0061735,movie,Guess Who's Coming to Dinner,1967,108,"Comedy,Drama",7.8,52867
tt0061747,movie,Hang 'Em High,1968,114,"Drama,Western",7.0,48595
tt0061770,movie,Hombre,1967,111,"Drama,Western",7.4,15866
tt0061781,movie,The Firemen's Ball,1967,73,"Comedy,Drama",7.3,13390
tt0061809,movie,In Cold Blood,1967,134,"Biography,Crime,Drama",7.9,31849
tt0061811,movie,In the Heat of the Night,1967,110,"Drama,Mystery,Thriller",7.9,91653
tt0061847,movie,Samurai Rebellion,1967,128,Drama,8.3,15715
tt0061852,movie,The Jungle Book,1967,78,"Adventure,Animation,Comedy",7.6,214147
tt0061882,movie,Branded to Kill,1967,91,"Action,Crime,Drama",7.2,11194
tt0061955,movie,The Bride Wore Black,1968,107,"Crime,Drama,Mystery",7.2,11524
tt0061996,movie,Mouchette,1967,81,Drama,7.6,14198
tt0062136,movie,Playtime,1967,155,Comedy,7.8,29726
tt0062138,movie,Point Blank,1967,92,"Crime,Drama,Thriller",7.2,26616
tt0062168,movie,Five Million Years to Earth,1967,97,"Horror,Mystery,Sci-Fi",7.0,12649
tt0062229,movie,Le Samouraï,1967,101,"Crime,Drama,Thriller",8.0,66473
tt0062376,movie,"To Sir, with Love",1967,105,Drama,7.6,22084
tt0062407,movie,Two for the Road,1967,111,"Comedy,Drama,Romance",7.3,15734
tt0062430,movie,Valley of the Dolls,1967,123,"Drama,Music,Romance",6.1,10766
tt0062453,movie,Viy,1967,77,"Drama,Fantasy,Horror",7.1,11867
tt0062467,movie,Wait Until Dark,1967,108,Thriller,7.7,36636
tt0062472,movie,The War Wagon,1967,101,"Drama,Western",6.8,12056
tt0062480,movie,Weekend,1967,105,"Adventure,Comedy,Drama",6.9,16747
tt0062512,movie,You Only Live Twice,1967,117,"Action,Adventure,Thriller",6.8,127971
tt0062622,movie,2001: A Space Odyssey,1968,149,"Adventure,Sci-Fi",8.3,786065
tt0062687,movie,Asterix and Cleopatra,1968,72,"Adventure,Animation,Comedy",7.2,16031
tt0062695,movie,Stolen Kisses,1968,91,"Comedy,Drama,Romance",7.5,16645
tt0062711,movie,Barbarella,1968,98,"Action,Adventure,Fantasy",5.9,40925
tt0062755,movie,The Boston Strangler,1968,116,"Crime,Drama,Mystery",7.0,12060
tt0062759,movie,The Diamond Arm,1969,94,"Adventure,Comedy,Crime",8.2,18036
tt0062765,movie,Bullitt,1968,114,"Action,Crime,Thriller",7.4,81165
tt0062803,movie,Chitty Chitty Bang Bang,1968,144,"Adventure,Family,Fantasy",7.0,55281
tt0062824,movie,Coogan's Bluff,1968,94,"Action,Crime,Thriller",6.4,20954
tt0062873,movie,The Young Girls of Rochefort,1967,125,"Comedy,Drama,Musical",7.7,13850
tt0062885,movie,The Devil Rides Out,1968,95,Horror,6.8,11635
tt0062952,movie,Faces,1968,130,Drama,7.4,12799
tt0062994,movie,Funny Girl,1968,151,"Biography,Comedy,Drama",7.4,27518
tt0063032,movie,The Great Silence,1968,105,"Drama,Western",7.7,20606
tt0063035,movie,The Green Berets,1968,142,"Drama,War",5.6,14802
tt0063121,movie,Ice Station Zebra,1968,148,"Adventure,Thriller",6.6,13038
tt0063227,movie,The Lion in Winter,1968,134,"Biography,Drama,History",7.8,36950
tt0063285,movie,Witchfinder General,1968,86,"Drama,Horror",6.7,13890
tt0063350,movie,Night of the Living Dead,1968,96,"Horror,Thriller",7.8,151529
tt0063374,movie,The Odd Couple,1968,105,Comedy,7.6,40122
tt0063385,movie,Oliver!,1968,153,"Drama,Family,Musical",7.4,44529
tt0063404,movie,Padosan,1968,157,"Comedy,Musical,Romance",8.1,10092
tt0063415,movie,The Party,1968,99,"Comedy,Romance",7.4,47279
tt0063442,movie,Planet of the Apes,1968,112,"Adventure,Sci-Fi",8.0,210148
tt0063462,movie,The Producers,1967,88,"Comedy,Music",7.5,64088
tt0063518,movie,Romeo and Juliet,1968,138,"Drama,Romance",7.6,37525
tt0063522,movie,Rosemary's Baby,1968,137,"Drama,Horror",8.0,259088
tt0063555,movie,The Color of Pomegranates,1969,79,"Biography,Drama,History",7.5,16810
tt0063611,movie,Shame,1968,103,Drama,8.0,16537
tt0063633,movie,The Cremator,1969,95,"Comedy,Crime,Drama",8.0,12986
tt0063663,movie,The Swimmer,1968,95,Drama,7.6,16450
tt0063671,movie,Targets,1968,90,"Crime,Drama,Thriller",7.3,13801
tt0063678,movie,Teorema,1968,98,"Drama,Mystery",7.0,17045
tt0063688,movie,The Thomas Crown Affair,1968,102,"Crime,Drama,Romance",6.9,32009
tt0063759,movie,Hour of the Wolf,1968,88,"Drama,Horror,Mystery",7.5,25118
tt0063803,movie,Who's That Knocking at My Door,1967,90,Drama,6.5,10936
tt0063823,movie,Yellow Submarine,1968,85,"Adventure,Animation,Comedy",7.4,29954
tt0063829,movie,"Yours, Mine and Ours",1968,111,"Comedy,Family",7.1,11075
tt0063850,movie,If....,1968,111,"Crime,Drama",7.4,26529
tt0064040,movie,Army of Shadows,1969,145,"Drama,War",8.1,29351
tt0064072,movie,Battle of Britain,1969,132,"Action,Drama,History",7.0,26983
tt0064106,movie,The Butcher,1970,93,"Drama,Mystery,Thriller",7.3,10363
tt0064110,movie,The Bridge at Remagen,1969,115,"Action,Drama,War",6.7,11798
tt0064115,movie,Butch Cassidy and the Sundance Kid,1969,110,"Adventure,Biography,Crime",8.0,238670
tt0064116,movie,Once Upon a Time in the West,1968,145,"Drama,Western",8.5,385244
tt0064117,movie,Cactus Flower,1969,104,"Comedy,Romance",7.2,13338
tt0064118,movie,The Damned,1969,157,"Drama,War",7.4,11006
tt0064169,movie,The Sicilian Clan,1969,122,"Crime,Drama",7.4,10474
tt0064177,movie,Colossus: The Forbin Project,1970,100,"Sci-Fi,Thriller",7.1,11683
tt0064208,movie,Death Rides a Horse,1967,114,"Drama,Western",7.0,10946
tt0064276,movie,Easy Rider,1969,95,"Adventure,Drama",7.2,122814
tt0064418,movie,"Hello, Dolly!",1969,146,"Adventure,Comedy,Musical",7.1,18621
tt0064505,movie,The Italian Job,1969,99,"Action,Comedy,Crime",7.2,54540
tt0064541,movie,Kes,1969,111,"Drama,Family",7.9,26102
tt0064603,movie,The Love Bug,1968,108,"Comedy,Family,Sport",6.5,19127
tt0064612,movie,My Night at Maud's,1969,105,"Comedy,Drama,Romance",7.8,16114
tt0064615,movie,Mackenna's Gold,1969,128,"Action,Adventure,Drama",6.7,10771
tt0064665,movie,Midnight Cowboy,1969,113,Drama,7.8,131265
tt0064757,movie,On Her Majesty's Secret Service,1969,142,"Action,Adventure,Thriller",6.7,109248
tt0064782,movie,Paint Your Wagon,1969,164,"Comedy,Musical,Western",6.6,16248
tt0064793,movie,The Passion of Anna,1969,101,Drama,7.6,11343
tt0064816,movie,The Swimming Pool,1969,122,"Crime,Drama,Romance",7.1,16940
tt0064840,movie,The Prime of Miss Jean Brodie,1969,116,"Comedy,Drama,Romance",7.6,11261
tt0064940,movie,Satyricon,1969,129,"Drama,Fantasy",6.8,18222
tt0065051,movie,Support Your Local Sheriff!,1969,92,"Comedy,Western",7.4,14509
tt0065063,movie,Take the Money and Run,1969,85,"Comedy,Crime",7.2,32991
tt0065088,movie,"They Shoot Horses, Don't They?",1969,129,Drama,7.8,21826
tt0065112,movie,Topaz,1969,143,"Drama,Thriller",6.2,21065
tt0065126,movie,True Grit,1969,128,"Adventure,Drama,Western",7.4,54163
tt0065134,movie,Two Mules for Sister Sara,1970,116,"Adventure,Drama,Romance",7.0,32966
tt0065143,movie,The Bird with the Crystal Plumage,1970,96,"Drama,Horror,Mystery",7.1,27254
tt0065207,movie,Where Eagles Dare,1968,158,"Action,Adventure,War",7.6,66871
tt0065214,movie,The Wild Bunch,1969,135,"Action,Adventure,Drama",7.9,94354
tt0065234,movie,Z,1969,127,"Crime,Drama,Thriller",8.1,34155
tt0065377,movie,Airport,1970,137,"Action,Drama,Thriller",6.6,24803
tt0065421,movie,The Aristocats,1970,78,"Adventure,Animation,Comedy",7.1,125787
tt0065446,movie,The Ballad of Cable Hogue,1970,121,"Comedy,Drama,Romance",7.2,11410
tt0065462,movie,Beneath the Planet of the Apes,1970,95,"Action,Adventure,Sci-Fi",6.0,56657
tt0065466,movie,Beyond the Valley of the Dolls,1970,109,"Comedy,Drama,Music",6.1,13009
tt0065528,movie,Catch-22,1970,122,"Comedy,Drama,War",7.1,27141
tt0065531,movie,The Red Circle,1970,140,"Crime,Drama,Thriller",7.9,31861
tt0065547,movie,Chisum,1970,111,"Biography,Drama,Western",6.9,12020
tt0065571,movie,The Conformist,1970,113,Drama,7.9,39258
tt0065622,movie,The Decameron,1971,111,"Comedy,Drama,History",7.0,13797
tt0065651,movie,Bed & Board,1970,97,"Comedy,Drama,Romance",7.4,11642
tt0065724,movie,Five Easy Pieces,1970,98,Drama,7.3,44644
tt0065761,movie,The Cat o' Nine Tails,1971,112,"Horror,Mystery,Thriller",6.6,14382
tt0065772,movie,Claire's Knee,1970,105,"Drama,Romance",7.4,13638
tt0065780,movie,Gimme Shelter,1970,91,"Documentary,Music,Thriller",7.8,13805
tt0065832,movie,Hercules in New York,1970,92,"Adventure,Comedy,Fantasy",3.4,20699
tt0065889,movie,Investigation of a Citizen Above Suspicion,1970,115,"Crime,Drama",8.0,15490
tt0065938,movie,Kelly's Heroes,1970,144,"Adventure,Comedy,War",7.6,58819
tt0065988,movie,Little Big Man,1970,139,"Adventure,Comedy,Drama",7.5,40507
tt0066011,movie,Love Story,1970,100,"Drama,Romance",6.9,40422
tt0066026,movie,M*A*S*H,1970,116,"Comedy,Drama,War",7.3,83117
tt0066049,movie,A Man Called Horse,1970,114,"Adventure,Drama,Western",6.8,10260
tt0066193,movie,The Out of Towners,1970,101,Comedy,7.1,10039
tt0066206,movie,Patton,1970,172,"Biography,Drama,War",7.9,113426
tt0066214,movie,Performance,1970,105,"Crime,Drama",6.7,12262
tt0066249,movie,The Private Life of Sherlock Holmes,1970,125,"Adventure,Comedy,Crime",7.0,14898
tt0066301,movie,Rio Lobo,1970,114,"Drama,War,Western",6.7,15295
tt0066319,movie,Ryan's Daughter,1970,200,"Drama,Romance",7.4,11662
tt0066344,movie,Scrooge,1970,113,"Drama,Family,Fantasy",7.5,13996
tt0066434,movie,THX 1138,1971,86,"Drama,Sci-Fi,Thriller",6.6,57736
tt0066473,movie,Tora! Tora! Tora!,1970,144,"Action,Drama,History",7.5,39966
tt0066491,movie,Tristana,1970,99,Drama,7.4,13880
tt0066516,movie,Valerie and Her Week of Wonders,1970,77,"Adventure,Drama,Fantasy",7.0,13536
tt0066549,movie,Waterloo,1970,123,"Action,Biography,Drama",7.3,14640
tt0066580,movie,Woodstock,1970,184,"Documentary,History,Music",8.1,19518
tt0066601,movie,Zabriskie Point,1970,113,Drama,6.9,18320
tt0066730,movie,10 Rillington Place,1971,111,"Biography,Crime,Drama",7.5,10988
tt0066735,movie,Four Flies on Grey Velvet,1971,104,"Crime,Mystery,Thriller",6.5,11194
tt0066740,movie,The Abominable Dr. Phibes,1971,94,"Comedy,Horror",7.0,18155
tt0066763,movie,Anand,1971,122,"Drama,Musical",8.1,37624
tt0066765,movie,Monty Python's and Now for Something Completely Different,1971,88,Comedy,7.5,32777
tt0066767,movie,The Anderson Tapes,1971,99,"Action,Crime,Thriller",6.4,10106
tt0066769,movie,The Andromeda Strain,1971,131,"Mystery,Sci-Fi,Thriller",7.2,44419
tt0066808,movie,Bananas,1971,82,Comedy,6.9,40142
tt0066817,movie,Bedknobs and Broomsticks,1971,117,"Adventure,Animation,Comedy",7.1,43492
tt0066819,movie,The Beguiled,1971,105,"Drama,Thriller,War",7.1,21158
tt0066831,movie,Big Jake,1971,110,"Drama,Western",7.1,15999
tt0066892,movie,Carnal Knowledge,1971,98,"Comedy,Drama",6.9,17023
tt0066921,movie,A Clockwork Orange,1971,136,"Crime,Sci-Fi",8.2,938512
tt0066993,movie,The Devils,1971,111,"Biography,Drama,History",7.7,21449
tt0066995,movie,Diamonds Are Forever,1971,120,"Action,Adventure,Thriller",6.5,123779
tt0066999,movie,Dirty Harry,1971,102,"Action,Crime,Thriller",7.7,181656
tt0067065,movie,Escape from the Planet of the Apes,1971,98,"Action,Sci-Fi",6.3,44851
tt0067093,movie,Fiddler on the Roof,1971,181,"Drama,Family,Musical",8.0,52342
tt0067116,movie,The French Connection,1971,104,"Action,Crime,Drama",7.6,151138
tt0067128,movie,Get Carter,1971,112,"Crime,Thriller",7.3,38881
tt0067140,movie,"Duck, You Sucker!",1971,138,"Drama,War,Western",7.5,40376
tt0067185,movie,Harold and Maude,1971,91,"Comedy,Drama,Romance",7.8,85259
tt0067277,movie,Johnny Got His Gun,1971,111,"Drama,War",7.8,19918
tt0067309,movie,Klute,1971,114,"Crime,Mystery,Thriller",7.1,33942
tt0067328,movie,The Last Picture Show,1971,118,"Drama,Romance",8.0,57151
tt0067334,movie,Le Mans,1971,106,"Action,Adventure,Drama",6.7,13357
tt0067341,movie,Let's Scare Jessica to Death,1971,89,"Drama,Horror,Mystery",6.4,10469
tt0067355,movie,They Call Me Trinity,1970,115,"Comedy,Western",7.4,28424
tt0067372,movie,Macbeth,1971,140,"Drama,History",7.4,16120
tt0067411,movie,McCabe & Mrs. Miller,1971,120,"Drama,Western",7.6,30513
tt0067445,movie,Death in Venice,1971,130,"Drama,Romance",7.3,25032
tt0067525,movie,The Omega Man,1971,98,"Action,Drama,Sci-Fi",6.4,36262
tt0067541,movie,Wake in Fright,1971,109,"Drama,Thriller",7.5,16347
tt0067549,movie,The Panic in Needle Park,1971,110,Drama,7.1,22569
tt0067588,movie,Play Misty for Me,1971,102,"Drama,Thriller",6.9,35316
tt0067656,movie,A Bay of Blood,1971,84,"Horror,Mystery,Thriller",6.5,14706
tt0067741,movie,Shaft,1971,100,"Action,Crime,Thriller",6.6,23084
tt0067756,movie,Silent Running,1972,89,"Drama,Sci-Fi",6.6,33786
tt0067770,movie,Red Sun,1971,112,"Action,Drama,Western",6.8,12731
tt0067778,movie,Murmur of the Heart,1971,118,"Comedy,Drama",7.5,11682
tt0067800,movie,Straw Dogs,1971,113,"Crime,Drama,Thriller",7.4,68461
tt0067803,movie,Summer of '42,1971,104,"Drama,Romance",7.2,10107
tt0067824,movie,The Big Boss,1971,99,"Action,Crime,Drama",6.9,31829
tt0067866,movie,El Topo,1970,125,"Drama,Mystery,Western",7.2,33415
tt0067893,movie,Two-Lane Blacktop,1971,102,Drama,7.2,14468
tt0067900,movie,A Cop,1972,98,"Crime,Thriller",7.0,12308
tt0067927,movie,Vanishing Point,1971,99,"Action,Crime,Thriller",7.2,32348
tt0067959,movie,Walkabout,1971,100,"Adventure,Drama",7.6,29818
tt0067992,movie,Willy Wonka & the Chocolate Factory,1971,100,"Adventure,Comedy,Family",7.8,245024
tt0068154,movie,Trinity Is Still My Name,1971,117,"Comedy,Western",7.2,19330
tt0068156,movie,1776,1972,141,"Drama,Family,History",7.6,10099
tt0068182,movie,"Aguirre, the Wrath of God",1972,95,"Action,Adventure,Biography",7.8,68350
tt0068205,movie,Love in the Afternoon,1972,97,"Comedy,Drama,Romance",7.6,10453
tt0068240,movie,Avanti!,1972,144,"Comedy,Romance",7.1,13216
tt0068278,movie,The Bitter Tears of Petra von Kant,1972,124,"Drama,Romance",7.5,12512
tt0068309,movie,Boxcar Bertha,1972,89,"Crime,Drama,Romance",6.0,12533
tt0068327,movie,Cabaret,1972,124,"Drama,Music,Musical",7.8,63883
tt0068334,movie,The Candidate,1972,110,Drama,7.0,13522
tt0068361,movie,The Discreet Charm of the Bourgeoisie,1972,102,"Comedy,Drama,Fantasy",7.7,50716
tt0068408,movie,Conquest of the Planet of the Apes,1972,88,"Action,Sci-Fi",6.1,40651
tt0068421,movie,The Cowboys,1972,134,"Adventure,Drama,Western",7.4,17456
tt0068473,movie,Deliverance,1972,109,"Adventure,Drama,Thriller",7.6,129293
tt0068519,movie,Gentlemen of Fortune,1971,88,"Comedy,Crime,Drama",8.3,14303
tt0068555,movie,Everything You Always Wanted to Know About Sex * But Were Afraid to Ask,1972,88,Comedy,6.7,44078
tt0068575,movie,Fat City,1972,96,"Drama,Sport",7.2,11784
tt0068611,movie,Frenzy,1972,116,"Drama,Thriller",7.4,53522
tt0068612,movie,Fritz the Cat,1972,78,"Animation,Comedy,Drama",6.2,16187
tt0068638,movie,The Getaway,1972,123,"Action,Crime,Thriller",7.3,37560
tt0068646,movie,The Godfather,1972,175,"Crime,Drama",9.2,2234631
tt0068655,movie,The Tall Blond Man with One Black Shoe,1972,90,"Comedy,Mystery",7.2,10230
tt0068699,movie,High Plains Drifter,1973,105,"Drama,Western",7.4,73576
tt0068713,movie,Horror Express,1972,88,"Adventure,Horror,Sci-Fi",6.5,14702
tt0068762,movie,Jeremiah Johnson,1972,108,"Adventure,Drama,Western",7.6,39819
tt0068767,movie,Fist of Fury,1972,107,"Action,Drama,Romance",7.2,37401
tt0068768,movie,Joe Kidd,1972,88,"Drama,Western",6.4,22977
tt0068833,movie,The Last House on the Left,1972,84,"Horror,Thriller",5.8,42464
tt0068853,movie,The Life and Times of Judge Roy Bean,1972,120,"Comedy,Drama,Romance",6.8,10290
tt0068931,movie,The Mechanic,1972,100,"Action,Crime,Thriller",6.8,18223
tt0068935,movie,The Way of the Dragon,1972,90,"Action,Adventure,Comedy",7.1,44125
tt0069019,movie,Don't Torture a Duckling,1972,105,"Horror,Mystery,Thriller",7.0,12737
tt0069089,movie,Pink Flamingos,1972,93,"Comedy,Crime",6.0,31127
tt0069090,movie,Pink Floyd: Live at Pompeii,1972,85,"Documentary,Music",8.6,11582
tt0069097,movie,"Play It Again, Sam",1972,85,"Comedy,Romance",7.6,29690
tt0069113,movie,The Poseidon Adventure,1972,117,"Action,Adventure,Drama",7.1,54259
tt0069191,movie,Roma,1972,120,"Comedy,Drama",7.3,14926
tt0069280,movie,Slaughterhouse-Five,1972,104,"Comedy,Drama,Sci-Fi",6.8,14843
tt0069281,movie,Sleuth,1972,138,"Mystery,Thriller",7.9,53011
tt0069293,movie,Solaris,1972,167,"Adventure,Drama,Mystery",7.9,104441
tt0069341,movie,Tales from the Crypt,1972,92,"Drama,Horror,Mystery",6.8,14708
tt0069467,movie,Cries & Whispers,1972,92,Drama,7.9,39920
tt0069495,movie,"What's Up, Doc?",1972,94,"Comedy,Romance",7.6,29352
tt0069687,movie,Alice in the Cities,1974,113,Drama,7.8,15206
tt0069697,movie,"Watch Out, We're Mad",1974,102,"Action,Comedy",7.3,15571
tt0069704,movie,American Graffiti,1973,110,"Comedy,Drama",7.4,105886
tt0069747,movie,The Mad Adventures of Rabbi Jacob,1973,95,"Adventure,Comedy",7.4,16365
tt0069762,movie,Badlands,1973,94,"Action,Crime,Drama",7.7,84800
tt0069768,movie,Battle for the Planet of the Apes,1973,93,"Action,Sci-Fi",5.4,37988
tt0069865,movie,Charley Varrick,1973,111,"Crime,Drama,Thriller",7.5,15997
tt0069895,movie,The Crazies,1973,103,"Action,Horror,Sci-Fi",6.1,16270
tt0069897,movie,Coffy,1973,90,"Action,Crime,Thriller",6.8,14971
tt0069945,movie,Dark Star,1974,83,"Comedy,Sci-Fi",6.1,30473
tt0069947,movie,The Day of the Jackal,1973,143,"Crime,Drama,Thriller",7.8,53173
tt0069995,movie,Don't Look Now,1973,110,"Drama,Horror,Mystery",7.1,68817
tt0070016,movie,Charlotte's Web,1973,94,"Adventure,Animation,Drama",6.9,22957
tt0070034,movie,Enter the Dragon,1973,99,"Action,Crime,Thriller",7.6,120824
tt0070040,movie,The Spirit of the Beehive,1973,98,"Drama,Fantasy",7.7,22802
tt0070047,movie,The Exorcist,1973,122,Horror,8.1,499846
tt0070077,movie,The Friends of Eddie Coyle,1973,102,"Crime,Drama",7.4,13784
tt0070130,movie,The Big Feast,1973,130,"Comedy,Drama",7.0,16106
tt0070215,movie,My Name Is Nobody,1973,116,"Comedy,Western",7.3,31029
tt0070233,movie,Ivan Vasilyevich Changes His Profession,1973,88,"Adventure,Comedy,Sci-Fi",8.2,20484
tt0070239,movie,Jesus Christ Superstar,1973,106,"Drama,History,Musical",7.4,32795
tt0070290,movie,The Last Detail,1973,104,"Comedy,Drama",7.5,31227
tt0070291,movie,The Last of Sheila,1973,120,"Crime,Drama,Mystery",7.2,10204
tt0070294,movie,The Legend of Hell House,1973,95,Horror,6.6,15277
tt0070328,movie,Live and Let Die,1973,121,"Action,Adventure,Thriller",6.7,125200
tt0070334,movie,The Long Goodbye,1973,112,"Comedy,Crime,Drama",7.5,44376
tt0070355,movie,Magnum Force,1973,124,"Action,Crime,Mystery",7.2,71977
tt0070379,movie,Mean Streets,1973,112,"Crime,Drama,Thriller",7.2,128641
tt0070460,movie,Day for Night,1973,116,"Comedy,Drama,Romance",8.0,26488
tt0070510,movie,Paper Moon,1973,102,"Comedy,Crime,Drama",8.1,57794
tt0070511,movie,Papillon,1973,151,"Biography,Crime,Drama",8.0,146119
tt0070518,movie,Pat Garrett & Billy the Kid,1973,122,"Biography,Drama,Western",7.2,23336
tt0070531,movie,Phase IV,1974,84,"Horror,Sci-Fi,Thriller",6.4,10920
tt0070544,movie,Fantastic Planet,1973,72,"Animation,Sci-Fi",7.6,42736
tt0070608,movie,Robin Hood,1973,83,"Adventure,Animation,Comedy",7.5,150767
tt0070643,movie,Scarecrow,1973,112,Drama,7.2,22125
tt0070666,movie,Serpico,1973,130,"Biography,Crime,Drama",7.7,146255
tt0070698,movie,Sisters,1972,93,"Horror,Mystery,Thriller",6.8,23602
tt0070707,movie,Sleeper,1973,89,"Comedy,Sci-Fi",7.1,45456
tt0070723,movie,Soylent Green,1973,97,"Crime,Mystery,Sci-Fi",7.0,74329
tt0070735,movie,The Sting,1973,129,"Comedy,Crime,Drama",8.2,303120
tt0070791,movie,Theater of Blood,1973,104,"Comedy,Drama,Horror",7.1,13740
tt0070832,movie,Three Wishes for Cinderella,1973,88,"Adventure,Drama,Family",7.6,13685
tt0070842,movie,Turkish Delight,1973,108,"Drama,Romance",7.1,12803
tt0070849,movie,Last Tango in Paris,1972,129,"Drama,Romance",6.8,62902
tt0070903,movie,The Way We Were,1973,118,"Drama,Romance",7.0,30930
tt0070909,movie,Westworld,1973,88,"Action,Drama,Sci-Fi",6.9,67724
tt0070917,movie,The Wicker Man,1973,88,"Horror,Mystery,Thriller",7.5,105354
tt0070948,movie,Zardoz,1974,105,"Adventure,Fantasy,Sci-Fi",5.8,25866
tt0071110,movie,Airport 1975,1974,107,"Action,Drama,Thriller",5.8,13520
tt0071115,movie,Alice Doesn't Live Here Anymore,1974,112,"Drama,Romance",7.3,30172
tt0071129,movie,Amarcord,1973,123,"Comedy,Drama",7.8,51596
tt0071141,movie,Fear Eats the Soul,1974,93,"Drama,Romance",8.0,26110
tt0071222,movie,Black Christmas,1974,98,"Horror,Mystery,Thriller",7.1,56458
tt0071230,movie,Blazing Saddles,1974,93,"Comedy,Western",7.7,165471
tt0071249,movie,Bring Me the Head of Alfredo Garcia,1974,112,"Action,Crime,Drama",7.4,23409
tt0071315,movie,Chinatown,1974,130,"Drama,Mystery,Thriller",8.1,377428
tt0071360,movie,The Conversation,1974,113,"Drama,Mystery,Thriller",7.7,136452
tt0071402,movie,Death Wish,1974,93,"Action,Crime,Drama",6.9,48371
tt0071411,movie,Dersu Uzala,1975,142,"Adventure,Biography,Drama",8.2,36566
tt0071431,movie,Let Sleeping Corpses Lie,1974,95,"Drama,Horror,Sci-Fi",6.7,10568
tt0071455,movie,Earthquake,1974,122,"Action,Drama,Thriller",6.0,18394
tt0071464,movie,Emmanuelle,1974,95,"Drama,Romance",5.2,12347
tt0071487,movie,The Phantom of Liberty,1974,104,Comedy,7.7,18575
tt0071517,movie,Foxy Brown,1974,92,"Action,Crime,Thriller",6.4,14214
tt0071524,movie,The Front Page,1974,105,"Comedy,Drama,Romance",7.3,16647
tt0071562,movie,The Godfather Part II,1974,202,"Crime,Drama",9.0,1499665
tt0071569,movie,The Golden Voyage of Sinbad,1973,105,"Action,Adventure,Fantasy",6.8,11981
tt0071571,movie,Gone in 60 Seconds,1974,98,"Action,Crime,Drama",6.3,10841
tt0071577,movie,The Great Gatsby,1974,144,"Drama,Romance",6.4,28996
tt0071615,movie,The Holy Mountain,1973,114,"Adventure,Drama,Fantasy",7.7,52783
tt0071691,movie,The Enigma of Kaspar Hauser,1974,110,"Biography,Drama,History",7.6,20402
tt0071746,movie,Lenny,1974,111,"Biography,Drama",7.5,19530
tt0071771,movie,The Longest Yard,1974,121,"Comedy,Crime,Drama",7.1,23340
tt0071807,movie,The Man with the Golden Gun,1974,125,"Action,Adventure,Thriller",6.7,122299
tt0071853,movie,Monty Python and the Holy Grail,1975,91,"Adventure,Comedy,Fantasy",8.1,604430
tt0071866,movie,Mr. Majestyk,1974,103,"Action,Crime,Drama",6.7,11511
tt0071877,movie,Murder on the Orient Express,1974,128,"Crime,Drama,Mystery",7.2,74948
tt0071910,movie,The Night Porter,1974,118,Drama,6.6,16552
tt0071935,movie,The Odessa File,1974,130,"Drama,Thriller",7.0,13535
tt0071970,movie,The Parallax View,1974,102,"Drama,Mystery,Thriller",7.1,24884
tt0071994,movie,Phantom of the Paradise,1974,91,"Comedy,Drama,Fantasy",7.3,26229
tt0072081,movie,The Return of the Pink Panther,1975,113,"Comedy,Crime,Mystery",7.0,32578
tt0072226,movie,The Sugarland Express,1974,110,"Crime,Drama",6.8,22335
tt0072251,movie,The Taking of Pelham One Two Three,1974,104,"Action,Crime,Thriller",7.6,41510
tt0072271,movie,The Texas Chain Saw Massacre,1974,83,Horror,7.4,213418
tt0072281,movie,The Three Musketeers,1973,106,"Action,Adventure,Romance",7.1,20632
tt0072288,movie,Thunderbolt and Lightfoot,1974,115,"Action,Comedy,Crime",7.0,33237
tt0072308,movie,The Towering Inferno,1974,165,"Action,Drama,Thriller",7.0,53003
tt0072353,movie,Going Places,1974,117,"Action,Comedy,Crime",7.1,10781
tt0072417,movie,A Woman Under the Influence,1974,155,"Drama,Romance",8.0,33539
tt0072431,movie,Young Frankenstein,1974,106,Comedy,8.0,180713
tt0072443,movie,The Mirror,1975,107,"Biography,Drama",7.9,57939
tt0072684,movie,Barry Lyndon,1975,185,"Adventure,Drama,War",8.1,206004
tt0072730,movie,A Boy and His Dog,1975,91,"Comedy,Drama,Sci-Fi",6.4,20929
tt0072735,movie,Breakheart Pass,1975,95,"Drama,Mystery,Western",6.7,10416
tt0072783,movie,Chupke Chupke,1975,146,"Comedy,Drama,Romance",8.3,14012
tt0072856,movie,Death Race 2000,1975,80,"Action,Comedy,Sci-Fi",6.2,32921
tt0072860,movie,Deewaar,1975,174,"Action,Crime,Drama",8.0,13125
tt0072890,movie,Dog Day Afternoon,1975,125,"Biography,Crime,Drama",8.0,292342
tt0072901,movie,The Twelve Tasks of Asterix,1976,82,"Adventure,Animation,Comedy",7.7,21457
tt0072926,movie,The Eiger Sanction,1975,129,"Action,Crime,Thriller",6.4,24850
tt0072951,movie,Escape to Witch Mountain,1975,97,"Adventure,Family,Fantasy",6.3,12429
tt0072962,movie,F for Fake,1973,89,Documentary,7.7,19792
tt0072973,movie,"Farewell, My Lovely",1975,95,"Crime,Drama,Mystery",7.0,10964
tt0072979,movie,Female Trouble,1974,97,"Comedy,Crime",7.1,11798
tt0073000,movie,The Pinchcliffe Grand Prix,1975,88,"Animation,Comedy,Family",8.5,15416
tt0073012,movie,The Four Musketeers,1974,108,"Action,Adventure,Romance",6.9,12773
tt0073018,movie,French Connection II,1975,119,"Action,Crime,Drama",6.7,23254
tt0073076,movie,Grey Gardens,1975,95,"Comedy,Documentary,Drama",7.5,16938
tt0073092,movie,Hard Times,1975,93,"Crime,Drama,Sport",7.2,13917
tt0073195,movie,Jaws,1975,124,"Adventure,Drama,Horror",8.1,741611
tt0073198,movie,"Jeanne Dielman, 23, quai du Commerce, 1080 Bruxelles",1975,202,Drama,7.5,17601
tt0073312,movie,Love and Death,1975,85,"Comedy,War",7.6,43970
tt0073341,movie,The Man Who Would Be King,1975,129,"Adventure,Drama,War",7.7,55670
tt0073440,movie,Nashville,1975,160,"Comedy,Drama,Music",7.6,31594
tt0073453,movie,Night Moves,1975,100,"Crime,Drama,Mystery",7.1,21391
tt0073486,movie,One Flew Over the Cuckoo's Nest,1975,133,Drama,8.6,1159448
tt0073540,movie,Picnic at Hanging Rock,1975,115,"Drama,Mystery",7.3,46075
tt0073580,movie,The Passenger,1975,126,"Drama,Thriller",7.4,28898
tt0073582,movie,Deep Red,1975,127,"Horror,Mystery,Thriller",7.5,46365
tt0073629,movie,The Rocky Horror Picture Show,1975,100,"Comedy,Horror,Musical",7.4,184469
tt0073631,movie,Rollerball,1975,125,"Action,Sci-Fi,Sport",6.5,32397
tt0073636,movie,Rooster Cogburn,1975,108,"Adventure,Drama,Western",6.8,14490
tt0073650,movie,"Salò, or the 120 Days of Sodom",1975,117,Drama,5.8,73211
tt0073692,movie,Shampoo,1975,110,"Comedy,Drama",6.4,15995
tt0073705,movie,Shivers,1975,88,"Horror,Sci-Fi",6.3,26330
tt0073707,movie,Sholay,1975,162,"Action,Adventure,Comedy",8.1,63450
tt0073747,movie,The Stepford Wives,1975,115,"Horror,Mystery,Sci-Fi",6.9,21804
tt0073802,movie,Three Days of the Condor,1975,117,"Crime,Mystery,Thriller",7.4,69442
tt0073812,movie,Tommy,1975,111,"Drama,Musical",6.6,24537
tt0073906,movie,The Wind and the Lion,1975,119,"Action,Adventure,Drama",6.8,11147
tt0073918,movie,The Yakuza,1974,112,"Action,Crime,Drama",7.2,11708
tt0074084,movie,1900,1976,317,"Drama,History",7.6,27867
tt0074102,movie,In the Realm of the Senses,1976,109,"Drama,Romance",6.6,25325
tt0074103,movie,The Wing or The Thigh?,1976,104,Comedy,7.2,13765
tt0074119,movie,All the President's Men,1976,138,"Drama,History,Thriller",7.9,138305
tt0074156,movie,Assault on Precinct 13,1976,91,"Action,Crime,Thriller",7.3,61262
tt0074174,movie,The Bad News Bears,1976,102,"Comedy,Drama,Family",7.3,27627
tt0074256,movie,Bugsy Malone,1976,93,"Comedy,Crime,Family",6.8,20987
tt0074258,movie,Burnt Offerings,1976,116,"Horror,Mystery,Thriller",6.4,15148
tt0074285,movie,Carrie,1976,98,Horror,7.4,229375
tt0074292,movie,The Cassandra Crossing,1976,129,"Drama,Thriller",6.3,11143
tt0074360,movie,Cría Cuervos,1976,105,Drama,7.9,12418
tt0074442,movie,Crime Busters,1977,98,"Action,Adventure,Comedy",7.1,14260
tt0074452,movie,The Eagle Has Landed,1976,123,"Adventure,Drama,Thriller",6.9,27392
tt0074483,movie,The Enforcer,1976,96,"Action,Crime,Thriller",6.7,53252
tt0074486,movie,Eraserhead,1977,89,"Fantasy,Horror",7.2,144362
tt0074512,movie,Family Plot,1976,120,"Comedy,Crime,Drama",6.8,26952
tt0074554,movie,The Front,1976,95,Drama,7.3,10371
tt0074559,movie,Futureworld,1976,108,"Sci-Fi,Thriller",5.7,13053
tt0074695,movie,Cross of Iron,1977,119,"Drama,War",7.4,31710
tt0074749,movie,The Killing of a Chinese Bookie,1976,135,"Crime,Drama,Thriller",7.2,16461
tt0074751,movie,King Kong,1976,134,"Adventure,Horror",6.0,38463
tt0074777,movie,The Last Tycoon,1976,123,"Drama,Romance",6.2,10326
tt0074806,movie,The Little Girl Who Lives Down the Lane,1976,91,"Drama,Horror,Mystery",7.0,20082
tt0074811,movie,The Tenant,1976,126,"Drama,Thriller",7.5,51541
tt0074812,movie,Logan's Run,1976,119,"Action,Adventure,Sci-Fi",6.8,65928
tt0074851,movie,The Man Who Fell to Earth,1976,139,"Drama,Sci-Fi",6.6,31415
tt0074860,movie,Marathon Man,1976,125,"Crime,Drama,Thriller",7.4,75850
tt0074896,movie,The Message,1976,177,"Biography,Drama,History",8.1,54070
tt0074899,movie,Midway,1976,132,"Action,Drama,History",6.8,23392
tt0074906,movie,The Missouri Breaks,1976,126,"Drama,Western",6.5,13820
tt0074916,movie,Mr. Klein,1976,123,"Crime,Drama,Mystery",7.5,10633
tt0074937,movie,Murder by Death,1976,95,"Comedy,Crime,Mystery",7.2,45783
tt0074958,movie,Network,1976,121,Drama,8.1,186284
tt0074991,movie,Obsession,1976,98,"Drama,Mystery,Thriller",6.7,13497
tt0075005,movie,The Omen,1976,111,"Horror,Mystery",7.5,146731
tt0075029,movie,The Outlaw Josey Wales,1976,135,"Drama,Western",7.8,87186
tt0075066,movie,The Pink Panther Strikes Again,1976,103,"Comedy,Crime",7.1,34584
tt0075143,movie,The Message,1976,207,"Biography,Drama,History",8.9,12024
tt0075147,movie,Robin and Marian,1976,106,"Adventure,Drama,Romance",6.5,15192
tt0075148,movie,Rocky,1976,120,"Drama,Sport",8.1,692919
tt0075213,movie,The Shootist,1976,100,"Drama,Romance,Western",7.6,29433
tt0075222,movie,Silent Movie,1976,87,Comedy,6.7,19735
tt0075223,movie,Silver Streak,1976,114,"Action,Comedy,Crime",6.9,23542
tt0075265,movie,A Star Is Born,1976,139,"Drama,Music,Romance",6.1,14431
tt0075276,movie,Stroszek,1977,115,"Comedy,Drama",7.7,16653
tt0075314,movie,Taxi Driver,1976,114,"Crime,Drama",8.2,1031078
tt0075342,movie,The Town That Dreaded Sundown,1976,90,"Crime,Drama,Horror",6.0,11305
tt0075404,movie,The Ascent,1977,111,"Drama,War",8.2,12410
tt0075612,movie,3 Women,1977,124,"Drama,Mystery,Thriller",7.7,19972
tt0075648,movie,Airport '77,1977,114,"Action,Drama,Thriller",5.8,13920
tt0075675,movie,The American Friend,1977,128,"Crime,Drama,Mystery",7.4,21338
tt0075686,movie,Annie Hall,1977,93,"Comedy,Romance",7.9,291866
tt0075784,movie,A Bridge Too Far,1977,175,"Drama,History,War",7.4,67994
tt0075809,movie,The Car,1977,96,"Action,Fantasy,Horror",6.2,13073
tt0075824,movie,That Obscure Object of Desire,1977,103,"Comedy,Drama,Romance",7.8,27026
tt0075860,movie,Close Encounters of the Third Kind,1977,138,"Drama,Sci-Fi",7.6,236491
tt0075925,movie,The Deep,1977,123,"Adventure,Mystery,Thriller",6.3,15436
tt0075931,movie,Demon Seed,1977,94,"Horror,Sci-Fi",6.3,11352
tt0075968,movie,The Duellists,1977,100,"Drama,War",7.4,28618
tt0076009,movie,Exorcist II: The Heretic,1977,117,Horror,3.8,30935
tt0076054,movie,Freaky Friday,1976,98,"Comedy,Family,Fantasy",6.3,15717
tt0076070,movie,The Gauntlet,1977,109,"Action,Crime,Thriller",6.4,27448
tt0076085,movie,A Special Day,1977,103,Drama,8.1,18730
tt0076095,movie,The Goodbye Girl,1977,111,"Comedy,Drama,Romance",7.4,17725
tt0076141,movie,High Anxiety,1977,94,"Comedy,Mystery,Thriller",6.6,25896
tt0076150,movie,"Alice, Sweet Alice",1976,107,"Crime,Drama,Horror",6.4,15157
tt0076162,movie,House,1977,88,"Comedy,Horror",7.2,39943
tt0076221,movie,Jabberwocky,1977,105,"Adventure,Comedy,Fantasy",6.1,17191
tt0076245,movie,Julia,1977,117,Drama,7.0,11435
tt0076257,movie,The Kentucky Fried Movie,1977,83,Comedy,6.4,21743
tt0076276,movie,Who's Singin' Over There?,1980,86,"Adventure,Comedy,Drama",8.7,17975
tt0076299,movie,The Last Wave,1977,106,"Drama,Fantasy,Mystery",6.9,12480
tt0076327,movie,Looking for Mr. Goodbar,1977,136,Drama,6.7,10015
tt0076363,movie,The Many Adventures of Winnie the Pooh,1977,74,"Animation,Comedy,Family",7.5,43027
tt0076451,movie,"New York, New York",1977,155,"Drama,Music,Musical",6.6,23847
tt0076489,movie,"Oh, God!",1977,98,"Comedy,Fantasy",6.6,11671
tt0076504,movie,Orca,1977,92,"Adventure,Drama,Horror",5.8,15033
tt0076538,movie,Pete's Dragon,1977,128,"Adventure,Animation,Comedy",6.3,28232
tt0076578,movie,Pumping Iron,1977,86,"Documentary,Sport",7.3,26746
tt0076584,movie,The Inglorious Bastards,1978,99,"Action,Adventure,War",6.5,11059
tt0076590,movie,Rabid,1977,91,"Horror,Sci-Fi",6.3,23790
tt0076618,movie,The Rescuers,1977,77,"Adventure,Animation,Comedy",6.9,75598
tt0076637,movie,Rolling Thunder,1977,100,"Crime,Drama,Thriller",6.9,14635
tt0076666,movie,Saturday Night Fever,1977,119,"Drama,Music",6.8,95069
tt0076683,movie,The Sentinel,1977,92,Horror,6.3,13641
tt0076723,movie,Slap Shot,1977,123,"Comedy,Drama,Sport",7.2,45424
tt0076727,movie,Office Romance,1977,159,"Comedy,Drama,Romance",8.2,11718
tt0076729,movie,Smokey and the Bandit,1977,96,"Action,Adventure,Comedy",7.0,63114
tt0076734,movie,Soldier of Orange,1977,165,"Drama,Romance,Thriller",7.6,13578
tt0076740,movie,Sorcerer,1977,121,"Adventure,Drama,Thriller",7.7,36831
tt0076752,movie,The Spy Who Loved Me,1977,125,"Action,Adventure,Thriller",7.0,125785
tt0076759,movie,Star Wars: Episode IV - A New Hope,1977,121,"Action,Adventure,Fantasy",8.6,1575894
tt0076786,movie,Suspiria,1977,92,Horror,7.3,115635
tt0076929,movie,Wizards,1977,80,"Adventure,Animation,Fantasy",6.3,14645
tt0077215,movie,Battlestar Galactica,1978,148,"Action,Adventure,Sci-Fi",6.8,11788
tt0077248,movie,Blue Collar,1978,114,"Crime,Drama",7.5,12203
tt0077269,movie,The Boys from Brazil,1978,125,"Drama,Mystery,Sci-Fi",7.0,34031
tt0077280,movie,The Buddy Holly Story,1978,114,"Biography,Drama,Music",7.3,10857
tt0077288,movie,La Cage aux Folles,1978,97,Comedy,7.2,13163
tt0077294,movie,Capricorn One,1978,123,"Action,Adventure,Drama",6.8,27373
tt0077355,movie,Coma,1978,113,"Drama,Mystery,Thriller",6.9,23017
tt0077362,movie,Coming Home,1978,127,"Drama,Romance,War",7.3,16023
tt0077369,movie,Convoy,1978,110,"Action,Drama",6.3,20981
tt0077394,movie,Damien: Omen II,1978,107,Horror,6.2,40173
tt0077402,movie,Dawn of the Dead,1978,127,"Horror,Thriller",7.8,136922
tt0077405,movie,Days of Heaven,1978,94,"Drama,Romance",7.7,69396
tt0077413,movie,Death on the Nile,1978,140,"Crime,Drama,Mystery",7.3,44727
tt0077416,movie,The Deer Hunter,1978,183,"Drama,War",8.1,386961
tt0077451,movie,Don,1978,166,"Action,Crime,Thriller",7.7,13532
tt0077474,movie,The Driver,1978,91,"Action,Crime,Thriller",7.1,21756
tt0077523,movie,Every Which Way But Loose,1978,114,"Action,Comedy",6.3,31354
tt0077530,movie,Eyes of Laura Mars,1978,104,"Mystery,Thriller",6.2,13675
tt0077572,movie,Force 10 from Navarone,1978,118,"Action,Drama,War",6.4,21462
tt0077578,movie,Foul Play,1978,116,"Comedy,Mystery,Thriller",6.8,19522
tt0077588,movie,The Fury,1978,118,"Horror,Sci-Fi,Thriller",6.3,19088
tt0077594,movie,Game of Death,1978,100,"Action,Crime,Drama",5.9,22795
tt0077631,movie,Grease,1978,110,"Comedy,Musical,Romance",7.2,327378
tt0077651,movie,Halloween,1978,91,"Horror,Thriller",7.7,340313
tt0077663,movie,Heaven Can Wait,1978,101,"Comedy,Fantasy,Romance",6.9,25769
tt0077681,movie,The Hills Have Eyes,1977,90,"Horror,Thriller",6.3,42871
tt0077711,movie,Autumn Sonata,1978,99,"Drama,Music",8.1,42583
tt0077713,movie,I Spit on Your Grave,1978,101,"Horror,Thriller",5.7,34469
tt0077742,movie,Interiors,1978,92,Drama,7.2,22503
tt0077745,movie,Invasion of the Body Snatchers,1978,115,"Horror,Sci-Fi",7.4,82180
tt0077766,movie,Jaws 2,1978,116,"Adventure,Horror,Thriller",5.8,91738
tt0077838,movie,The Last Waltz,1978,117,"Biography,Documentary,Music",8.1,22219
tt0077869,movie,The Lord of the Rings,1978,132,"Adventure,Animation,Fantasy",6.2,38287
tt0077889,movie,Magic,1978,107,"Drama,Horror",6.8,15666
tt0077914,movie,Martin,1977,95,"Drama,Horror",6.9,14093
tt0077928,movie,Midnight Express,1978,121,"Biography,Crime,Drama",7.5,95008
tt0077975,movie,National Lampoon's Animal House,1978,109,Comedy,7.4,136094
tt0078058,movie,Odds and Evens,1978,109,"Action,Comedy,Crime",7.1,11205
tt0078087,movie,Piranha,1978,94,"Comedy,Horror,Sci-Fi",5.9,28125
tt0078111,movie,Pretty Baby,1978,110,Drama,6.5,14311
tt0078163,movie,Revenge of the Pink Panther,1978,99,"Comedy,Crime,Mystery",6.6,25146
tt0078243,movie,The 36th Chamber of Shaolin,1978,116,"Action,Adventure,Drama",7.6,20563
tt0078252,movie,Snake in the Eagle's Shadow,1978,90,"Action,Comedy",7.3,14186
tt0078326,movie,Straight Time,1978,114,"Crime,Drama",7.4,11303
tt0078346,movie,Superman,1978,143,"Action,Adventure,Sci-Fi",7.4,207412
tt0078446,movie,Up in Smoke,1978,86,"Adventure,Comedy,Music",6.9,43680
tt0078480,movie,Watership Down,1978,92,"Adventure,Animation,Drama",7.5,43571
tt0078492,movie,The Wild Geese,1978,134,"Action,Adventure,Drama",6.8,15793
tt0078504,movie,The Wiz,1978,134,"Adventure,Family,Fantasy",5.7,19834
tt0078718,movie,And Justice for All,1979,119,"Crime,Drama,Thriller",7.4,45885
tt0078721,movie,10,1979,122,"Comedy,Romance",6.2,19240
tt0078723,movie,1941,1979,118,"Action,Comedy,War",5.7,39241
tt0078748,movie,Alien,1979,117,"Horror,Sci-Fi",8.4,1067947
tt0078754,movie,All That Jazz,1979,123,"Drama,Music,Musical",7.8,40791
tt0078767,movie,The Amityville Horror,1979,117,Horror,6.2,49274
tt0078788,movie,Apocalypse Now,1979,147,"Drama,Mystery,War",8.4,772743
tt0078841,movie,Being There,1979,130,"Comedy,Drama",7.9,82141
tt0078869,movie,The Black Hole,1979,98,"Action,Sci-Fi",5.9,30408
tt0078872,movie,The Black Stallion,1979,118,"Adventure,Family,Sport",7.4,15384
tt0078875,movie,The Tin Drum,1979,142,"Drama,War",7.4,27990
tt0078902,movie,Breaking Away,1979,101,"Comedy,Drama,Sport",7.7,27655
tt0078907,movie,French Fried Vacation 2,1979,90,Comedy,7.4,10218
tt0078908,movie,The Brood,1979,92,"Horror,Sci-Fi",6.8,38197
tt0078935,movie,Cannibal Holocaust,1980,95,"Adventure,Horror",5.7,67296
tt0078966,movie,The China Syndrome,1979,122,"Drama,Thriller",7.4,35986
tt0079073,movie,Dracula,1979,109,"Drama,Fantasy,Horror",6.5,12589
tt0079095,movie,The Marriage of Maria Braun,1979,120,"Drama,Romance",7.7,16300
tt0079116,movie,Escape from Alcatraz,1979,112,"Biography,Crime,Drama",7.5,165113
tt0079180,movie,The Frisco Kid,1979,119,"Adventure,Comedy,Drama",6.4,11149
tt0079200,movie,The Gendarme and the Extra-Terrestrials,1979,96,"Comedy,Crime,Sci-Fi",6.3,10485
tt0079221,movie,Gol Maal,1979,120,"Comedy,Romance",8.5,22142
tt0079240,movie,The Great Train Robbery,1978,110,"Adventure,Crime,Drama",6.9,21953
tt0079261,movie,Hair,1979,121,"Comedy,Drama,Musical",7.5,44395
tt0079271,movie,Hardcore,1979,108,"Crime,Drama",7.1,16909
tt0079285,movie,Saturn 3,1980,88,"Adventure,Horror,Sci-Fi",5.1,11713
tt0079336,movie,The In-Laws,1979,103,"Action,Adventure,Comedy",7.3,11116
tt0079351,movie,I'm for the Hippopotamus,1979,92,"Action,Adventure,Comedy",6.6,10295
tt0079367,movie,The Jerk,1979,94,Comedy,7.1,68964
tt0079417,movie,Kramer vs. Kramer,1979,105,Drama,7.8,166949
tt0079470,movie,Monty Python's Life of Brian,1979,94,Comedy,8.0,434538
tt0079501,movie,Mad Max,1979,88,"Action,Adventure,Sci-Fi",6.8,245612
tt0079522,movie,Manhattan,1979,96,"Comedy,Drama,Romance",7.8,153061
tt0079540,movie,Meatballs,1979,94,Comedy,6.2,26201
tt0079574,movie,Moonraker,1979,126,"Action,Adventure,Sci-Fi",6.3,118096
tt0079579,movie,Moscow Does Not Believe in Tears,1980,150,"Comedy,Drama,Romance",8.0,15856
tt0079588,movie,The Muppet Movie,1979,95,"Adventure,Comedy,Family",7.6,42800
tt0079638,movie,Norma Rae,1979,114,Drama,7.3,14112
tt0079641,movie,Nosferatu the Vampyre,1979,96,"Drama,Horror",7.3,49568
tt0079672,movie,Opening Night,1977,144,Drama,7.8,14142
tt0079714,movie,Phantasm,1979,89,"Horror,Sci-Fi",6.6,45129
tt0079766,movie,Quadrophenia,1979,120,"Drama,Music",7.2,22637
tt0079813,movie,Rock 'n' Roll High School,1979,93,"Comedy,Music",6.6,12287
tt0079817,movie,Rocky II,1979,119,"Drama,Sport",7.3,251178
tt0079833,movie,Lupin III: The Castle of Cagliostro,1979,102,"Adventure,Animation,Comedy",7.6,36031
tt0079871,movie,Scum,1979,98,"Crime,Drama",7.5,14596
tt0079944,movie,Stalker,1979,162,"Drama,Sci-Fi",8.0,156613
tt0079945,movie,Star Trek: The Motion Picture,1979,143,"Adventure,Mystery,Sci-Fi",6.4,101551
tt0080009,movie,Tess,1979,186,"Drama,Romance",7.3,19965
tt0080025,movie,Time After Time,1979,112,"Adventure,Drama,Sci-Fi",7.0,21403
tt0080040,movie,Tourist Trap,1979,90,Horror,6.0,15120
tt0080057,movie,Zombie,1979,91,Horror,6.8,33465
tt0080117,movie,The Wanderers,1979,112,"Crime,Drama,Romance",7.3,13517
tt0080120,movie,The Warriors,1979,93,"Action,Crime,Thriller",7.5,119969
tt0080130,movie,When a Stranger Calls,1979,97,"Horror,Mystery,Thriller",6.4,15999
tt0080149,movie,Woyzeck,1979,82,Drama,6.9,11517
tt0080179,movie,Drunken Master,1978,111,"Action,Comedy",7.4,47968
tt0080310,movie,Breaker Morant,1980,107,"Drama,History,War",7.8,15481
tt0080319,movie,9 to 5,1980,109,Comedy,6.9,43589
tt0080339,movie,Airplane!,1980,88,Comedy,7.7,289736
tt0080354,movie,Alligator,1980,91,"Horror,Sci-Fi,Thriller",6.1,18512
tt0080360,movie,Altered States,1980,102,"Horror,Sci-Fi,Thriller",6.9,42687
tt0080365,movie,American Gigolo,1980,117,"Crime,Drama,Mystery",6.3,31167
tt0080377,movie,Any Which Way You Can,1980,116,"Action,Comedy",6.1,22630
tt0080388,movie,Atlantic City,1980,104,"Crime,Drama,Romance",7.3,19783
tt0080391,movie,Attack of the Killer Tomatoes!,1978,83,"Adventure,Comedy,Horror",4.6,16518
tt0080408,movie,Bad Timing,1980,123,"Drama,Mystery,Thriller",6.9,10405
tt0080421,movie,Battle Beyond the Stars,1980,104,"Action,Adventure,Sci-Fi",5.5,11625
tt0080437,movie,The Big Red One,1980,113,"Drama,War",7.1,22940
tt0080439,movie,The Taming of the Scoundrel,1980,107,"Comedy,Romance",7.6,11521
tt0080453,movie,The Blue Lagoon,1980,104,"Adventure,Drama,Romance",5.8,83652
tt0080455,movie,The Blues Brothers,1980,133,"Adventure,Comedy,Crime",7.9,230346
tt0080472,movie,Bronco Billy,1980,116,"Action,Adventure,Comedy",6.2,13819
tt0080474,movie,Brubaker,1980,131,"Crime,Drama",7.2,21516
tt0080487,movie,Caddyshack,1980,98,"Comedy,Sport",7.2,133676
tt0080491,movie,Caligula,1979,156,"Drama,History",5.4,41933
tt0080516,movie,The Changeling,1980,107,"Horror,Mystery",7.1,44709
tt0080520,movie,Cheech and Chong's Next Movie,1980,99,"Comedy,Crime",6.0,14621
tt0080549,movie,Coal Miner's Daughter,1980,124,"Biography,Drama,Music",7.5,22325
tt0080569,movie,Cruising,1980,102,"Crime,Drama,Mystery",6.5,31111
tt0080610,movie,The Last Metro,1980,132,"Drama,Romance,War",7.3,16960
tt0080641,movie,The Dogs of War,1980,102,"Action,Adventure,Drama",6.3,10965
tt0080661,movie,Dressed to Kill,1980,104,"Crime,Drama,Mystery",7.0,55673
tt0080678,movie,The Elephant Man,1980,124,"Biography,Drama",8.2,282195
tt0080684,movie,Star Wars: Episode V - The Empire Strikes Back,1980,124,"Adventure,Fantasy,Sci-Fi",8.7,1510600
tt0080716,movie,Fame,1980,134,"Drama,Music,Musical",6.6,26372
tt0080736,movie,The Final Countdown,1980,103,"Action,Adventure,Sci-Fi",6.7,30133
tt0080745,movie,Flash Gordon,1980,111,"Action,Adventure,Sci-Fi",6.5,66522
tt0080749,movie,The Fog,1980,89,"Horror,Thriller",6.8,92076
tt0080761,movie,Friday the 13th,1980,95,"Horror,Mystery,Thriller",6.4,175344
tt0080798,movie,Gloria,1980,121,"Crime,Drama,Thriller",7.1,13244
tt0080801,movie,The Gods Must Be Crazy,1980,109,"Adventure,Comedy",7.3,63279
tt0080855,movie,Heaven's Gate,1980,219,"Adventure,Drama,Western",6.7,19172
tt0080889,movie,Hopscotch,1980,106,"Adventure,Comedy",7.1,10086
tt0080904,movie,Humanoids from the Deep,1980,80,"Horror,Sci-Fi",5.7,12500
tt0080923,movie,Inferno,1980,106,Horror,6.5,26422
tt0080979,movie,Kagemusha: The Shadow Warrior,1980,162,"Drama,History,War",7.9,41104
tt0081059,movie,Lion of the Desert,1980,173,"Biography,Drama,History",8.2,18918
tt0081070,movie,The Long Good Friday,1980,114,"Crime,Drama,Mystery",7.5,29818
tt0081071,movie,The Long Riders,1980,100,"Biography,Crime,Drama",6.9,14786
tt0081114,movie,Maniac,1980,87,"Crime,Drama,Horror",6.3,22551
tt0081163,movie,The Mirror Crack'd,1980,105,"Crime,Mystery,Thriller",6.2,11276
tt0081184,movie,Motel Hell,1980,101,"Comedy,Horror,Thriller",6.0,15235
tt0081207,movie,My Bodyguard,1980,102,"Comedy,Drama,Family",7.1,11731
tt0081237,movie,The Ninth Configuration,1980,118,"Comedy,Drama,Horror",6.7,10150
tt0081283,movie,Ordinary People,1980,124,Drama,7.7,62180
tt0081318,movie,City of the Living Dead,1980,93,Horror,6.2,21133
tt0081353,movie,Popeye,1980,114,"Adventure,Comedy,Family",5.4,37791
tt0081375,movie,Private Benjamin,1980,109,"Comedy,War",6.2,30974
tt0081383,movie,Prom Night,1980,92,"Horror,Mystery,Thriller",5.3,24061
tt0081398,movie,Raging Bull,1980,129,"Biography,Drama,Sport",8.1,411172
tt0081455,movie,Scanners,1981,103,"Horror,Sci-Fi,Thriller",6.7,67919
tt0081480,movie,Seems Like Old Times,1980,102,"Comedy,Romance",6.7,11891
tt0081505,movie,The Shining,1980,146,"Drama,Horror",8.4,1231307
tt0081506,movie,Shogun Assassin,1980,85,"Action,Adventure",7.3,12077
tt0081529,movie,Smokey and the Bandit II,1980,100,"Action,Adventure,Comedy",5.3,19183
tt0081534,movie,Somewhere in Time,1980,103,"Drama,Fantasy,Romance",7.2,36579
tt0081554,movie,Stardust Memories,1980,89,"Comedy,Drama",7.2,25280
tt0081562,movie,Stir Crazy,1980,111,"Comedy,Crime",6.7,32732
tt0081568,movie,The Stunt Man,1980,131,"Action,Comedy,Drama",6.9,11694
tt0081573,movie,Superman II,1980,127,"Action,Adventure,Sci-Fi",6.8,123989
tt0081617,movie,Terror Train,1980,97,"Horror,Mystery,Thriller",5.8,15552
tt0081633,movie,Time Bandits,1981,110,"Adventure,Comedy,Fantasy",6.9,74475
tt0081696,movie,Urban Cowboy,1980,132,"Drama,Romance,Western",6.5,18615
tt0081698,movie,Used Cars,1980,113,Comedy,6.7,18691
tt0081748,movie,Where the Buffalo Roam,1980,99,"Biography,Comedy",6.5,13319
tt0081777,movie,Xanadu,1980,96,"Fantasy,Musical,Romance",5.4,17025
tt0081974,movie,Absence of Malice,1981,116,"Drama,Romance,Thriller",6.9,16637
tt0082010,movie,An American Werewolf in London,1981,97,"Comedy,Horror",7.5,135204
tt0082031,movie,Arthur,1981,97,"Comedy,Romance",6.9,33766
tt0082085,movie,Blow Out,1981,108,"Crime,Drama,Mystery",7.4,76810
tt0082089,movie,Body Heat,1981,113,"Crime,Drama,Romance",7.4,44249
tt0082096,movie,Das Boot,1981,149,"Drama,War",8.3,288689
tt0082100,movie,The Party,1980,100,"Comedy,Drama,Romance",6.7,11938
tt0082118,movie,The Burning,1981,91,Horror,6.2,25177
tt0082136,movie,The Cannonball Run,1981,95,"Action,Comedy,Sport",6.2,43897
tt0082158,movie,Chariots of Fire,1981,125,"Biography,Drama,Sport",7.1,71235
tt0082176,movie,Christiane F.,1981,138,"Biography,Drama",7.5,35351
tt0082183,movie,La Chèvre,1981,91,"Adventure,Comedy,Crime",7.3,11968
tt0082186,movie,Clash of the Titans,1981,118,"Action,Adventure,Fantasy",6.9,51536
tt0082198,movie,Conan the Barbarian,1982,129,"Adventure,Fantasy",6.9,174437
tt0082242,movie,Dead & Buried,1981,94,"Horror,Mystery",6.5,16755
tt0082250,movie,Death Wish II,1982,89,"Action,Crime,Drama",6.0,20423
tt0082269,movie,Diva,1981,117,"Crime,Drama,Music",7.1,15382
tt0082288,movie,Dragonslayer,1981,109,"Action,Adventure,Fantasy",6.6,20691
tt0082307,movie,The Beyond,1981,87,Horror,6.5,28052
tt0082329,movie,Endless Love,1981,116,"Drama,Romance",5.0,10706
tt0082334,movie,The Entity,1982,125,"Drama,Horror",6.7,20488
tt0082340,movie,Escape from New York,1981,99,"Action,Adventure,Sci-Fi",7.1,173728
tt0082348,movie,Excalibur,1981,140,"Adventure,Drama,Fantasy",7.3,73888
tt0082351,movie,Eye of the Needle,1981,112,"Romance,Thriller,War",7.1,14147
tt0082377,movie,The Final Conflict,1981,108,Horror,5.5,25742
tt0082398,movie,For Your Eyes Only,1981,127,"Action,Adventure,Thriller",6.7,116900
tt0082406,movie,The Fox and the Hound,1981,83,"Adventure,Animation,Drama",7.2,110837
tt0082416,movie,The French Lieutenant's Woman,1981,124,"Drama,Romance",6.9,16876
tt0082418,movie,Friday the 13th: Part 2,1981,87,"Horror,Mystery,Thriller",6.1,87802
tt0082427,movie,The Funhouse,1981,96,Horror,5.9,18510
tt0082431,movie,Galaxy of Terror,1981,81,"Action,Adventure,Horror",5.0,10605
tt0082432,movie,Gallipoli,1981,110,"Adventure,Drama,History",7.4,44784
tt0082449,movie,Ghost Story,1981,110,"Drama,Horror,Thriller",6.3,11117
tt0082474,movie,The Great Muppet Caper,1981,97,"Adventure,Comedy,Crime",7.1,18426
tt0082477,movie,Gregory's Girl,1980,91,"Comedy,Drama,Romance",7.1,10096
tt0082484,movie,Quest for Fire,1981,100,"Adventure,Drama",7.3,26557
tt0082495,movie,Halloween II,1981,92,Horror,6.5,112461
tt0082498,movie,Happy Birthday to Me,1981,110,"Horror,Mystery,Thriller",6.0,12535
tt0082509,movie,Heavy Metal,1981,86,"Adventure,Animation,Fantasy",6.6,41837
tt0082517,movie,History of the World: Part I,1981,92,"Comedy,History,Musical",6.8,59278
tt0082533,movie,The Howling,1981,91,Horror,6.5,44867
tt0082694,movie,The Road Warrior,1981,96,"Action,Adventure,Sci-Fi",7.6,213893
tt0082700,movie,Cannibal Ferox,1981,93,"Adventure,Horror",5.1,11747
tt0082736,movie,Mephisto,1981,146,Drama,7.7,12610
tt0082748,movie,Pieces,1982,85,"Horror,Mystery,Thriller",6.0,14611
tt0082766,movie,Mommie Dearest,1981,129,"Biography,Drama",6.7,20138
tt0082776,movie,Ms .45,1981,80,"Crime,Drama,Thriller",6.8,15254
tt0082782,movie,My Bloody Valentine,1981,90,"Horror,Mystery,Thriller",6.3,28168
tt0082783,movie,My Dinner with Andre,1981,110,"Comedy,Drama",7.6,30814
tt0082817,movie,Nighthawks,1981,99,"Action,Crime,Thriller",6.3,23708
tt0082846,movie,On Golden Pond,1981,109,Drama,7.6,37854
tt0082869,movie,Outland,1981,109,"Action,Crime,Sci-Fi",6.6,35668
tt0082910,movie,Piranha II: The Spawning,1982,94,"Horror,Sci-Fi,Thriller",3.8,10935
tt0082912,movie,Pixote,1980,128,"Crime,Drama",7.9,10935
tt0082926,movie,Polyester,1981,86,Comedy,7.0,10170
tt0082933,movie,Possession,1981,124,"Drama,Horror",7.2,58131
tt0082934,movie,The Postman Always Rings Twice,1981,122,"Crime,Drama,Romance",6.6,27887
tt0082945,movie,Prince of the City,1981,167,"Crime,Drama",7.4,10699
tt0082949,movie,The Professional,1981,108,"Action,Crime,Drama",7.4,19291
tt0082951,movie,The Prowler,1981,89,"Horror,Mystery,Thriller",5.9,14383
tt0082966,movie,The House by the Cemetery,1981,86,Horror,6.1,18049
tt0082970,movie,Ragtime,1981,155,Drama,7.3,11595
tt0082971,movie,Raiders of the Lost Ark,1981,115,Adventure,8.4,1113302
tt0082979,movie,Reds,1981,195,"Biography,Drama,History",7.3,26884
tt0083000,movie,Road Games,1981,101,"Mystery,Thriller",6.6,11017
tt0083109,movie,The Cabbage Soup,1981,102,"Comedy,Sci-Fi",6.5,10671
tt0083111,movie,Southern Comfort,1981,106,"Action,Thriller",7.1,23463
tt0083131,movie,Stripes,1981,106,"Comedy,War",6.8,86328
tt0083169,movie,Taps,1981,126,Drama,6.8,22040
tt0083190,movie,Thief,1981,123,"Action,Crime,Drama",7.4,50498
tt0083232,movie,True Confessions,1981,108,"Crime,Drama",6.3,10166
tt0083284,movie,Victory,1981,116,"Drama,Sport,War",6.7,35943
tt0083336,movie,Wolfen,1981,115,"Horror,Thriller",6.3,12844
tt0083511,movie,48 Hrs.,1982,96,"Action,Comedy,Crime",6.9,93686
tt0083530,movie,Airplane II: The Sequel,1982,85,"Comedy,Sci-Fi",6.2,61125
tt0083550,movie,Amityville II: The Possession,1982,104,Horror,5.6,14266
tt0083564,movie,Annie,1982,127,"Comedy,Drama,Family",6.6,53699
tt0083624,movie,Basket Case,1982,91,"Comedy,Horror",6.2,24214
tt0083630,movie,The Beastmaster,1982,118,"Action,Adventure,Fantasy",6.2,27432
tt0083642,movie,The Best Little Whorehouse in Texas,1982,114,"Comedy,Musical",6.1,13362
tt0083658,movie,Blade Runner,1982,117,"Action,Drama,Sci-Fi",8.1,884057
tt0083722,movie,Cat People,1982,118,"Fantasy,Horror,Thriller",6.2,26646
tt0083739,movie,Class of 1984,1982,98,"Action,Crime,Drama",6.5,14847
tt0083767,movie,Creepshow,1982,120,"Comedy,Fantasy,Horror",6.8,57915
tt0083791,movie,The Dark Crystal,1982,93,"Adventure,Family,Fantasy",7.1,77429
tt0083798,movie,Dead Men Don't Wear Plaid,1982,88,"Comedy,Crime,Mystery",6.8,25885
tt0083806,movie,Deathtrap,1982,116,"Comedy,Crime,Drama",7.0,17959
tt0083833,movie,Diner,1982,110,"Comedy,Drama",7.0,23674
tt0083851,movie,The Draughtsman's Contract,1982,108,"Comedy,Drama,Mystery",7.2,12035
tt0083866,movie,E.T. the Extra-Terrestrial,1982,115,"Adventure,Family,Sci-Fi",7.9,473174
tt0083907,movie,The Evil Dead,1981,85,Horror,7.3,252789
tt0083908,movie,Evil Under the Sun,1982,117,"Crime,Drama,Mystery",7.1,24086
tt0083922,movie,Fanny and Alexander,1982,188,Drama,8.1,71516
tt0083929,movie,Fast Times at Ridgemont High,1982,90,"Comedy,Drama",7.1,125535
tt0083943,movie,Firefox,1982,136,"Action,Adventure,Thriller",5.9,31527
tt0083944,movie,First Blood,1982,93,"Action,Adventure,Thriller",7.7,302760
tt0083946,movie,Fitzcarraldo,1982,158,"Adventure,Drama,Music",7.9,43223
tt0083972,movie,Friday the 13th: Part 3,1982,95,"Horror,Thriller",5.6,68159
tt0083987,movie,Gandhi,1982,191,"Biography,Drama,History",8.0,246356
tt0084021,movie,Grease 2,1982,115,"Comedy,Music,Musical",4.6,41468
tt0084088,movie,Honkytonk Man,1982,122,"Comedy,Drama,Music",6.6,10292
tt0084234,movie,The Last American Virgin,1982,92,"Comedy,Drama,Romance",6.3,10971
tt0084237,movie,The Last Unicorn,1982,92,"Adventure,Animation,Drama",7.3,33353
tt0084296,movie,The Man from Snowy River,1982,102,"Adventure,Drama,Romance",7.2,10848
tt0084302,movie,The Marathon Family,1982,92,"Comedy,Drama",8.8,18213
tt0084329,movie,A Midsummer Night's Sex Comedy,1982,88,Comedy,6.6,22025
tt0084335,movie,Missing,1982,122,"Biography,Drama,History",7.7,24476
tt0084352,movie,Monty Python Live at the Hollywood Bowl,1982,81,"Comedy,Documentary,Musical",7.8,15106
tt0084370,movie,My Favorite Year,1982,92,"Comedy,Drama",7.3,11312
tt0084390,movie,The Ballad of Narayama,1983,130,"Drama,Family,Mystery",7.8,10006
tt0084412,movie,Night Shift,1982,106,Comedy,6.5,20007
tt0084434,movie,An Officer and a Gentleman,1982,124,"Drama,Romance",7.1,66528
tt0084488,movie,Permanent Vacation,1980,75,"Comedy,Drama",6.1,11770
tt0084503,movie,Pink Floyd: The Wall,1982,95,"Drama,Fantasy,Music",8.0,90116
tt0084509,movie,The Plague Dogs,1982,103,"Adventure,Animation,Drama",7.7,10098
tt0084516,movie,Poltergeist,1982,114,"Horror,Thriller",7.3,195636
tt0084522,movie,Porky's,1981,94,Comedy,6.2,49081
tt0084549,movie,Blind Chance,1987,114,"Drama,Romance",7.7,12318
tt0084555,movie,Santa Claus Is a Stinker,1982,88,Comedy,7.4,11555
tt0084556,movie,Q: The Winged Serpent,1982,93,"Crime,Fantasy,Mystery",6.0,10826
tt0084602,movie,Rocky III,1982,99,"Drama,Sport",6.9,229703
tt0084628,movie,Sans Soleil,1983,100,"Documentary,Drama",7.7,13154
tt0084649,movie,The Secret of NIMH,1982,82,"Adventure,Animation,Drama",7.5,48996
tt0084695,movie,The Slumber Party Massacre,1982,77,Horror,5.6,21350
tt0084707,movie,Sophie's Choice,1982,150,"Drama,Romance",7.5,56005
tt0084719,movie,The New York Ripper,1982,85,"Horror,Mystery,Thriller",6.3,13934
tt0084726,movie,Star Trek II: The Wrath of Khan,1982,113,"Action,Adventure,Sci-Fi",7.7,136209
tt0084745,movie,Swamp Thing,1982,91,"Horror,Sci-Fi",5.3,18737
tt0084777,movie,Tenebrae,1982,101,"Horror,Mystery,Thriller",7.0,31121
tt0084787,movie,The Thing,1982,109,"Horror,Mystery,Sci-Fi",8.2,528871
tt0084805,movie,Tootsie,1982,116,"Comedy,Drama,Romance",7.4,122961
tt0084809,movie,The Toy,1982,102,Comedy,5.8,14316
tt0084814,movie,Trail of the Pink Panther,1982,96,"Comedy,Crime,Mystery",4.8,12232
tt0084827,movie,Tron,1982,96,"Action,Adventure,Sci-Fi",6.7,146720
tt0084855,movie,The Verdict,1982,129,Drama,7.7,50926
tt0084865,movie,Victor/Victoria,1982,134,"Comedy,Music,Romance",7.6,25727
tt0084899,movie,White Dog,1982,90,"Drama,Horror",7.0,11686
tt0084917,movie,The World According to Garp,1982,136,"Comedy,Drama",7.1,31176
tt0084934,movie,Yol,1982,107,Drama,7.9,15471
tt0085121,movie,10 to Midnight,1983,101,"Crime,Drama,Thriller",6.3,10764
tt0085127,movie,Project A,1983,105,"Action,Adventure,Comedy",7.2,20546
tt0085154,movie,All the Right Moves,1983,91,"Drama,Romance,Sport",6.0,20923
tt0085180,movie,L'Argent,1983,85,"Crime,Drama",7.3,13237
tt0085210,movie,Bad Boys,1983,123,"Crime,Drama,Thriller",7.2,18838
tt0085218,movie,Barefoot Gen,1983,83,"Animation,Biography,Drama",8.0,10463
tt0085244,movie,The Big Chill,1983,105,"Comedy,Drama",7.1,45640
tt0085255,movie,Blue Thunder,1983,109,"Action,Crime,Drama",6.4,24505
tt0085271,movie,Brainstorm,1983,106,"Sci-Fi,Thriller",6.4,14457
tt0085276,movie,Breathless,1983,100,"Action,Drama,Romance",6.0,11936
tt0085327,movie,Who Finds a Friend Finds a Treasure,1981,108,"Action,Adventure,Comedy",7.1,14277
tt0085333,movie,Christine,1983,110,"Horror,Thriller",6.8,102977
tt0085334,movie,A Christmas Story,1983,93,"Comedy,Family",7.9,179705
tt0085346,movie,Class,1983,98,"Comedy,Drama,Romance",6.0,13846
tt0085382,movie,Cujo,1983,93,"Horror,Thriller",6.1,54705
tt0085407,movie,The Dead Zone,1983,103,"Drama,Fantasy,Thriller",7.2,84932
tt0085470,movie,Easy Money,1983,95,Comedy,6.2,11345
tt0085478,movie,Educating Rita,1983,106,"Comedy,Drama",7.2,15881
tt0085542,movie,Fire and Ice,1983,81,"Adventure,Animation,Fantasy",6.5,14785
tt0085549,movie,Flashdance,1983,95,"Drama,Music,Romance",6.2,64578
tt0085601,movie,Go for It,1983,107,"Action,Adventure,Comedy",7.1,12194
tt0085615,movie,Gorky Park,1983,128,"Crime,Drama,Mystery",6.7,18375
tt0085636,movie,Halloween III: Season of the Witch,1982,98,"Horror,Mystery,Sci-Fi",5.2,67996
tt0085694,movie,The House on Sorority Row,1982,91,"Horror,Mystery,Thriller",5.8,11354
tt0085701,movie,The Hunger,1983,97,"Drama,Horror",6.6,32142
tt0085743,movie,Jaane Bhi Do Yaaro,1983,132,"Comedy,Crime,Drama",8.3,17747
tt0085750,movie,Jaws 3-D,1983,99,"Adventure,Horror,Thriller",3.8,53002
tt0085780,movie,The Keep,1983,96,"Drama,Fantasy,Horror",5.7,17147
tt0085794,movie,The King of Comedy,1982,109,"Comedy,Crime,Drama",7.8,133849
tt0085809,movie,Koyaanisqatsi,1982,86,"Documentary,Music",8.2,44817
tt0085811,movie,Krull,1983,121,"Action,Adventure,Fantasy",6.1,39505
tt0085859,movie,Local Hero,1983,111,"Comedy,Drama",7.3,29961
tt0085862,movie,Lone Wolf McQuade,1983,107,"Action,Crime,Drama",6.3,16332
tt0085894,movie,The Man with Two Brains,1983,93,"Comedy,Romance,Sci-Fi",6.4,29658
tt0085933,movie,Merry Christmas Mr. Lawrence,1983,123,"Drama,War",7.2,22517
tt0085959,movie,Monty Python's the Meaning of Life,1983,107,"Comedy,Musical",7.5,130348
tt0085970,movie,Mr. Mom,1983,91,"Comedy,Drama",6.6,31212
tt0085995,movie,National Lampoon's Vacation,1983,98,"Adventure,Comedy",7.3,128869
tt0086006,movie,Never Say Never Again,1983,134,"Action,Adventure,Thriller",6.1,78698
tt0086022,movie,Nostalgia,1983,125,Drama,7.9,33271
tt0086034,movie,Octopussy,1983,131,"Action,Adventure,Thriller",6.5,120369
tt0086058,movie,The Osterman Weekend,1983,103,"Action,Drama,Thriller",5.8,10191
tt0086066,movie,The Outsiders,1983,91,"Crime,Drama",7.0,110165
tt0086087,movie,Pauline at the Beach,1983,95,"Comedy,Drama,Romance",7.3,11904
tt0086129,movie,Porky's II: The Next Day,1983,98,Comedy,5.0,13562
tt0086154,movie,Psycho II,1983,113,"Crime,Horror,Mystery",6.6,35316
tt0086190,movie,Star Wars: Episode VI - Return of the Jedi,1983,131,"Action,Adventure,Fantasy",8.3,1214247
tt0086197,movie,The Right Stuff,1983,193,"Adventure,Biography,Drama",7.8,68082
tt0086200,movie,Risky Business,1983,99,"Comedy,Crime,Drama",6.8,108627
tt0086216,movie,Rumble Fish,1983,94,"Crime,Drama,Romance",7.1,41409
tt0086250,movie,Scarface,1983,170,"Crime,Drama",8.3,1021960
tt0086312,movie,Silkwood,1983,131,"Biography,Drama,History",7.1,24853
tt0086320,movie,Sleepaway Camp,1983,84,Horror,6.2,44189
tt0086325,movie,Smokey and the Bandit Part 3,1983,85,"Action,Comedy,Crime",3.5,10328
tt0086336,movie,Something Wicked This Way Comes,1983,95,"Fantasy,Mystery,Thriller",6.7,12941
tt0086361,movie,Staying Alive,1983,93,"Drama,Music,Romance",4.8,18835
tt0086373,movie,Strange Brew,1983,90,"Comedy,Crime,Sci-Fi",6.6,20186
tt0086383,movie,Sudden Impact,1983,117,"Action,Crime,Thriller",6.6,52521
tt0086393,movie,Superman III,1983,125,"Action,Adventure,Comedy",5.0,80544
tt0086423,movie,Tender Mercies,1983,92,"Drama,Music",7.3,14506
tt0086425,movie,Terms of Endearment,1983,132,"Comedy,Drama",7.4,70885
tt0086450,movie,To Be or Not to Be,1983,107,"Comedy,Drama,War",6.9,12954
tt0086465,movie,Trading Places,1983,116,Comedy,7.5,183441
tt0086491,movie,Twilight Zone: The Movie,1983,101,"Horror,Sci-Fi",6.5,43421
tt0086508,movie,Uncommon Valor,1983,105,"Action,Drama,Thriller",6.3,13450
tt0086525,movie,Valley Girl,1983,99,"Comedy,Romance",6.4,21236
tt0086541,movie,Videodrome,1983,87,"Drama,Horror,Sci-Fi",7.2,113559
tt0086567,movie,WarGames,1983,114,"Action,Drama,Sci-Fi",7.1,122290
tt0086617,movie,The Year of Living Dangerously,1982,115,"Drama,Romance,War",7.1,24931
tt0086619,movie,Yentl,1983,133,"Drama,Musical,Romance",6.6,17515
tt0086637,movie,Zelig,1983,79,Comedy,7.6,46138
tt0086837,movie,2010: The Year We Make Contact,1984,116,"Adventure,Mystery,Sci-Fi",6.7,61256
tt0086856,movie,The Adventures of Buckaroo Banzai Across the 8th Dimension,1984,103,"Adventure,Comedy,Sci-Fi",6.2,33015
tt0086859,movie,Against All Odds,1984,121,"Action,Adventure,Crime",6.0,15454
tt0086873,movie,All of Me,1984,93,"Comedy,Fantasy,Romance",6.7,21400
tt0086879,movie,Amadeus,1984,160,"Biography,Drama,Music",8.4,469889
tt0086927,movie,Bachelor Party,1984,105,Comedy,6.3,43782
tt0086935,movie,Balkan Spy,1984,95,"Comedy,Drama",8.7,13497
tt0086960,movie,Beverly Hills Cop,1984,105,"Action,Comedy,Crime",7.4,233149
tt0086969,movie,Birdy,1984,120,"Drama,War",7.2,26700
tt0086973,movie,Blame It on Rio,1984,100,"Comedy,Romance",5.8,13219
tt0086979,movie,Blood Simple,1984,99,"Crime,Drama,Thriller",7.5,114323
tt0086984,movie,Body Double,1984,114,"Crime,Drama,Mystery",6.8,45519
tt0086993,movie,The Bounty,1984,132,"Adventure,Drama,History",7.1,35086
tt0087003,movie,Broadway Danny Rose,1984,84,Comedy,7.4,28286
tt0087015,movie,C.H.U.D.,1984,88,"Horror,Sci-Fi",5.6,15466
tt0087032,movie,Cannonball Run II,1984,108,"Action,Comedy",5.1,18961
tt0087050,movie,Children of the Corn,1984,92,"Horror,Thriller",5.6,62983
tt0087062,movie,City Heat,1984,97,"Action,Comedy,Crime",5.5,11840
tt0087075,movie,The Company of Wolves,1984,95,"Drama,Fantasy,Horror",6.6,21067
tt0087078,movie,Conan the Destroyer,1984,103,"Action,Adventure,Fantasy",5.9,90831
tt0087089,movie,The Cotton Club,1984,129,"Crime,Drama,Music",6.6,21245
tt0087175,movie,Dreamscape,1984,99,"Action,Adventure,Horror",6.3,18730
tt0087182,movie,Dune,1984,137,"Action,Adventure,Sci-Fi",6.2,193183
tt0087231,movie,The Falcon and the Snowman,1985,131,"Biography,Crime,Drama",6.8,14196
tt0087233,movie,Falling in Love,1984,106,"Drama,Romance",6.5,16897
tt0087262,movie,Firestarter,1984,114,"Action,Horror,Sci-Fi",6.1,39741
tt0087277,movie,Footloose,1984,107,"Drama,Music,Romance",6.6,102155
tt0087280,movie,The Element of Crime,1984,104,"Crime,Drama,Thriller",6.7,12290
tt0087298,movie,Friday the 13th: The Final Chapter,1984,91,"Horror,Thriller",6.0,66802
tt0087332,movie,Ghostbusters,1984,105,"Action,Comedy,Fantasy",7.8,487746
tt0087363,movie,Gremlins,1984,106,"Comedy,Fantasy,Horror",7.3,275481
tt0087365,movie,"Greystoke: The Legend of Tarzan, Lord of the Apes",1984,143,"Adventure,Drama",6.4,21328
tt0087414,movie,The Hit,1984,98,"Crime,Drama,Thriller",7.0,11484
tt0087451,movie,The Ice Pirates,1984,94,"Action,Adventure,Comedy",5.7,12810
tt0087469,movie,Indiana Jones and the Temple of Doom,1984,118,"Action,Adventure",7.5,570137
tt0087481,movie,Double Trouble,1984,99,"Action,Comedy",7.1,12920
tt0087507,movie,Johnny Dangerously,1984,90,"Comedy,Crime",6.5,17629
tt0087538,movie,The Karate Kid,1984,126,"Action,Drama,Family",7.3,272531
tt0087544,movie,Nausicaä of the Valley of the Wind,1984,117,"Adventure,Animation,Sci-Fi",8.0,197944
tt0087553,movie,The Killing Fields,1984,141,"Biography,Drama,History",7.8,63909
tt0087578,movie,Wheels on Meals,1984,100,"Action,Comedy,Crime",7.0,17282
tt0087597,movie,The Last Starfighter,1984,100,"Action,Adventure,Sci-Fi",6.7,49945
tt0087727,movie,Missing in Action,1984,101,"Action,Adventure,Drama",5.5,18741
tt0087747,movie,Moscow on the Hudson,1984,115,"Comedy,Drama,Romance",6.5,14257
tt0087755,movie,The Muppets Take Manhattan,1984,94,"Adventure,Comedy,Drama",6.9,24341
tt0087781,movie,The Natural,1984,138,"Drama,Sport",7.4,57951
tt0087799,movie,Night of the Comet,1984,95,"Comedy,Horror,Sci-Fi",6.3,27113
tt0087800,movie,A Nightmare on Elm Street,1984,91,Horror,7.4,292267
tt0087803,movie,1984,1984,113,"Drama,Sci-Fi",7.0,88514
tt0087843,movie,Once Upon a Time in America,1984,229,"Crime,Drama",8.3,409288
tt0087884,movie,"Paris, Texas",1984,145,Drama,8.1,142473
tt0087892,movie,A Passage to India,1984,164,"Adventure,Drama,History",7.3,23279
tt0087909,movie,Phenomena,1985,116,"Crime,Horror,Mystery",6.7,33263
tt0087910,movie,The Philadelphia Experiment,1984,102,"Adventure,Drama,Romance",6.1,18238
tt0087921,movie,Places in the Heart,1984,111,Drama,7.4,15702
tt0087928,movie,Police Academy,1984,96,Comedy,6.7,149630
tt0087932,movie,The Pope of Greenwich Village,1984,121,"Action,Comedy,Crime",6.6,11036
tt0087957,movie,Purple Rain,1984,111,"Drama,Music,Romance",6.5,26596
tt0087985,movie,Red Dawn,1984,114,"Action,Drama,Thriller",6.4,69095
tt0087995,movie,Repo Man,1984,92,"Comedy,Crime,Sci-Fi",6.8,45664
tt0088000,movie,Revenge of the Nerds,1984,90,Comedy,6.6,62453
tt0088011,movie,Romancing the Stone,1984,106,"Action,Adventure,Comedy",6.9,112474
tt0088015,movie,Ronia: The Robber's Daughter,1984,126,"Adventure,Drama,Family",7.3,13020
tt0088024,movie,Runaway,1984,100,"Action,Crime,Drama",5.9,16226
tt0088083,movie,Sexmission,1984,122,"Adventure,Comedy,Sci-Fi",7.5,15828
tt0088117,movie,"Silent Night, Deadly Night",1984,79,"Horror,Thriller",5.8,22288
tt0088128,movie,Sixteen Candles,1984,93,"Comedy,Romance",7.0,135762
tt0088146,movie,A Soldier's Story,1984,101,"Crime,Drama,Mystery",7.2,12614
tt0088161,movie,Splash,1984,111,"Comedy,Fantasy,Romance",6.3,88538
tt0088170,movie,Star Trek III: The Search for Spock,1984,105,"Action,Adventure,Sci-Fi",6.7,90972
tt0088172,movie,Starman,1984,115,"Romance,Sci-Fi",7.0,58509
tt0088178,movie,Stop Making Sense,1984,88,"Documentary,Music",8.7,24273
tt0088184,movie,Stranger Than Paradise,1984,89,"Comedy,Drama",7.4,43430
tt0088194,movie,Streets of Fire,1984,93,"Action,Crime,Drama",6.7,27569
tt0088206,movie,Supergirl,1984,105,"Action,Adventure,Fantasy",4.4,25624
tt0088247,movie,The Terminator,1984,107,"Action,Adventure,Sci-Fi",8.1,1008666
tt0088258,movie,This Is Spinal Tap,1984,82,"Comedy,Music",7.9,160767
tt0088272,movie,Tightrope,1984,114,"Crime,Mystery,Thriller",6.3,20916
tt0088286,movie,Top Secret!,1984,90,"Comedy,Crime,Music",7.2,82823
tt0088323,movie,The NeverEnding Story,1984,102,"Adventure,Drama,Family",7.3,171125
tt0088414,movie,The Woman in Red,1984,87,"Comedy,Romance",6.0,19455
tt0088461,movie,What Have I Done to Deserve This?,1984,101,"Comedy,Drama",7.1,12147
tt0088680,movie,After Hours,1985,97,"Comedy,Crime,Drama",7.6,98936
tt0088708,movie,American Ninja,1985,95,"Action,Adventure,Romance",5.5,18663
tt0088748,movie,Asterix Versus Caesar,1985,79,"Adventure,Animation,Comedy",6.8,11478
tt0088763,movie,Back to the Future,1985,116,"Adventure,Comedy,Sci-Fi",8.5,1459873
tt0088794,movie,Better Off Dead,1985,97,"Comedy,Romance",7.1,53960
tt0088814,movie,The Black Cauldron,1985,80,"Action,Adventure,Animation",6.3,45494
tt0088846,movie,Brazil,1985,132,"Drama,Sci-Fi,Thriller",7.8,222074
tt0088847,movie,The Breakfast Club,1985,97,"Comedy,Drama",7.8,474375
tt0088850,movie,Brewster's Millions,1985,102,Comedy,6.5,47277
tt0088889,movie,Cat's Eye,1985,94,"Comedy,Drama,Horror",6.3,30679
tt0088915,movie,A Chorus Line,1985,118,"Drama,Music,Musical",6.2,12851
tt0088930,movie,Clue,1985,94,"Comedy,Crime,Mystery",7.3,123671
tt0088933,movie,Cocoon,1985,117,"Comedy,Drama,Sci-Fi",6.7,73648
tt0088936,movie,Code of Silence,1985,100,"Action,Crime,Drama",6.1,11383
tt0088939,movie,The Color Purple,1985,154,Drama,7.7,104647
tt0088944,movie,Commando,1985,90,"Action,Adventure,Thriller",6.7,188409
tt0088979,movie,D.A.R.Y.L.,1985,99,"Family,Sci-Fi",6.3,15472
tt0088993,movie,Day of the Dead,1985,101,"Horror,Thriller",7.1,80011
tt0089003,movie,Death Wish 3,1985,90,"Action,Crime,Drama",5.8,19297
tt0089013,movie,Demons,1985,88,Horror,6.6,29756
tt0089017,movie,Desperately Seeking Susan,1985,104,"Comedy,Drama",6.2,29039
tt0089087,movie,The Emerald Forest,1985,114,"Action,Adventure,Drama",6.9,12152
tt0089092,movie,Enemy Mine,1985,108,"Action,Adventure,Drama",6.9,54960
tt0089114,movie,Explorers,1985,109,"Adventure,Comedy,Family",6.4,25611
tt0089118,movie,F/X,1986,109,"Action,Thriller",6.7,25045
tt0089153,movie,Flesh+Blood,1985,126,"Adventure,Drama",6.7,22336
tt0089155,movie,Fletch,1985,98,"Comedy,Crime,Mystery",6.9,61616
tt0089173,movie,Friday the 13th: A New Beginning,1985,92,"Horror,Mystery,Thriller",4.8,49744
tt0089175,movie,Fright Night,1985,106,Horror,7.0,88505
tt0089200,movie,Ghoulies,1984,81,"Comedy,Fantasy,Horror",4.2,11577
tt0089208,movie,Girls Just Want to Have Fun,1985,90,"Comedy,Music,Romance",6.0,12828
tt0089218,movie,The Goonies,1985,114,"Adventure,Comedy,Family",7.7,328025
tt0089276,movie,The Official Story,1985,112,"Drama,History",7.7,11820
tt0089280,movie,Hobgoblins,1988,88,"Comedy,Horror,Sci-Fi",2.3,12777
tt0089346,movie,Into the Night,1985,115,"Action,Comedy,Crime",6.4,14829
tt0089348,movie,Invasion U.S.A.,1985,107,"Action,Thriller",5.5,13203
tt0089360,movie,Jagged Edge,1985,108,"Drama,Mystery,Thriller",6.5,18689
tt0089370,movie,The Jewel of the Nile,1985,106,"Action,Adventure,Comedy",6.1,66425
tt0089374,movie,Police Story,1985,100,"Action,Comedy,Crime",7.5,46645
tt0089393,movie,Just One of the Guys,1985,100,"Comedy,Romance",6.5,20339
tt0089421,movie,King Solomon's Mines,1985,100,"Action,Adventure,Comedy",5.2,16757
tt0089424,movie,Kiss of the Spider Woman,1985,120,Drama,7.3,19481
tt0089457,movie,Ladyhawke,1985,121,"Adventure,Comedy,Drama",6.9,55466
tt0089461,movie,The Last Dragon,1985,109,"Action,Comedy,Drama",6.8,18278
tt0089469,movie,Legend,1985,89,"Adventure,Fantasy,Romance",6.3,80101
tt0089470,movie,The Legend of Billie Jean,1985,96,"Action,Drama",6.7,13072
tt0089489,movie,Lifeforce,1985,101,"Action,Horror,Mystery",6.2,34934
tt0089504,movie,Lost in America,1985,91,Comedy,7.0,11525
tt0089530,movie,Mad Max: Beyond Thunderdome,1985,107,"Action,Adventure,Sci-Fi",6.2,162716
tt0089543,movie,The Man with One Red Shoe,1985,92,"Comedy,Thriller",5.7,17810
tt0089560,movie,Mask,1985,120,"Biography,Drama",7.2,35274
tt0089603,movie,Mishima: A Life in Four Chapters,1985,120,"Biography,Drama",7.9,16895
tt0089604,movie,Missing in Action 2: The Beginning,1985,100,"Action,Drama,Thriller",5.4,10556
tt0089606,movie,My Life as a Dog,1985,101,"Comedy,Drama",7.6,22907
tt0089670,movie,National Lampoon's European Vacation,1985,95,"Adventure,Comedy",6.2,75147
tt0089686,movie,A Nightmare on Elm Street Part 2: Freddy's Revenge,1985,87,Horror,5.5,86507
tt0089695,movie,"No Retreat, No Surrender",1986,85,"Action,Comedy,Crime",5.6,20669
tt0089730,movie,Once Bitten,1985,94,"Comedy,Horror",5.6,19501
tt0089748,movie,When Father Was Away on Business,1985,136,Drama,7.7,10825
tt0089755,movie,Out of Africa,1985,161,"Biography,Drama,Romance",7.2,93515
tt0089767,movie,Pale Rider,1985,115,"Drama,Western",7.3,71169
tt0089791,movie,Pee-wee's Big Adventure,1985,91,"Adventure,Comedy,Family",7.1,63672
tt0089822,movie,Police Academy 2: Their First Assignment,1985,87,Comedy,5.8,63638
tt0089839,movie,Private Resort,1985,82,Comedy,5.3,10014
tt0089841,movie,Prizzi's Honor,1985,130,"Comedy,Crime,Drama",6.7,28695
tt0089853,movie,The Purple Rose of Cairo,1985,82,"Comedy,Fantasy,Romance",7.6,58206
tt0089869,movie,The Quiet Earth,1985,91,"Drama,Mystery,Sci-Fi",6.7,29546
tt0089880,movie,Rambo: First Blood Part II,1985,96,"Action,Adventure,Thriller",6.5,196714
tt0089881,movie,Ran,1985,160,"Action,Drama,War",8.2,152821
tt0089885,movie,Re-Animator,1985,84,"Comedy,Horror,Sci-Fi",7.1,78947
tt0089886,movie,Real Genius,1985,108,"Comedy,Romance,Sci-Fi",6.9,41484
tt0089893,movie,Red Sonja,1985,89,"Action,Adventure,Fantasy",5.1,48412
tt0089901,movie,Remo Williams: The Adventure Begins,1985,121,"Action,Adventure,Comedy",6.4,15247
tt0089907,movie,The Return of the Living Dead,1985,91,"Comedy,Horror,Sci-Fi",7.3,77989
tt0089908,movie,Return to Oz,1985,113,"Adventure,Family,Fantasy",6.7,34242
tt0089927,movie,Rocky IV,1985,91,"Drama,Sport",6.9,246551
tt0089941,movie,Runaway Train,1985,111,"Action,Adventure,Drama",7.2,37187
tt0089960,movie,Vagabond,1985,105,Drama,7.6,15954
tt0089961,movie,Santa Claus,1985,107,"Adventure,Family,Fantasy",6.3,17379
tt0090015,movie,Shoah,1985,566,"Documentary,History,War",8.7,11646
tt0090021,movie,Silver Bullet,1985,95,Horror,6.4,35583
tt0090022,movie,Silverado,1985,133,"Action,Drama,Western",7.2,54414
tt0090056,movie,Spies Like Us,1985,102,"Adventure,Comedy",6.4,54981
tt0090060,movie,St. Elmo's Fire,1985,108,"Drama,Romance",6.4,50761
tt0090094,movie,The Stuff,1985,87,"Comedy,Horror,Sci-Fi",5.9,21672
tt0090095,movie,Subway,1985,104,Thriller,6.5,17903
tt0090098,movie,Summer Rental,1985,87,Comedy,6.3,20283
tt0090103,movie,The Sure Thing,1985,95,"Comedy,Drama,Romance",7.0,24345
tt0090142,movie,Teen Wolf,1985,91,"Comedy,Fantasy,Romance",6.1,65859
tt0090180,movie,To Live and Die in L.A.,1985,116,"Action,Crime,Drama",7.3,48557
tt0090190,movie,The Toxic Avenger,1984,82,"Action,Comedy,Horror",6.2,36069
tt0090248,movie,Vampire Hunter D,1985,80,"Action,Animation,Fantasy",7.0,19227
tt0090264,movie,A View to a Kill,1985,131,"Action,Adventure,Thriller",6.3,113250
tt0090270,movie,Vision Quest,1985,107,"Drama,Romance,Sport",6.7,11779
tt0090274,movie,Volunteers,1985,107,"Adventure,Comedy",5.5,11751
tt0090305,movie,Weird Science,1985,94,"Comedy,Romance,Sci-Fi",6.6,106120
tt0090315,movie,When the Wind Blows,1986,84,"Animation,Drama,War",7.7,14924
tt0090329,movie,Witness,1985,112,"Crime,Drama,Romance",7.3,114546
tt0090350,movie,Year of the Dragon,1985,134,"Action,Crime,Drama",6.8,19847
tt0090357,movie,Young Sherlock Holmes,1985,109,"Adventure,Fantasy,Mystery",6.8,25344
tt0090555,movie,Crocodile Dundee,1986,97,"Adventure,Comedy",6.7,124746
tt0090563,movie,Betty Blue,1986,119,"Drama,Romance",7.3,24026
tt0090570,movie,84 Charing Cross Road,1987,100,"Biography,Drama,Romance",7.4,12379
tt0090583,movie,About Last Night,1986,113,"Comedy,Drama,Romance",6.3,19061
tt0090605,movie,Aliens,1986,137,"Action,Adventure,Horror",8.4,842373
tt0090633,movie,An American Tail,1986,80,"Adventure,Animation,Comedy",6.9,61761
tt0090655,movie,April Fool's Day,1986,89,"Horror,Mystery",6.2,20206
tt0090660,movie,Armed and Dangerous,1986,88,"Action,Comedy,Crime",5.8,14106
tt0090667,movie,Asterix in Britain,1986,79,"Adventure,Animation,Comedy",7.1,13619
tt0090670,movie,At Close Range,1986,116,"Crime,Drama",6.9,20651
tt0090685,movie,Back to School,1986,96,"Comedy,Romance,Sport",6.7,39665
tt0090728,movie,Big Trouble in Little China,1986,99,"Action,Adventure,Comedy",7.2,168150
tt0090738,movie,Black Widow,1987,102,"Crime,Drama,Mystery",6.4,12021
tt0090756,movie,Blue Velvet,1986,120,"Crime,Drama,Mystery",7.7,246596
tt0090830,movie,Children of a Lesser God,1986,119,"Drama,Romance",7.2,20110
tt0090837,movie,Chopping Mall,1986,77,"Horror,Sci-Fi",5.6,20267
tt0090849,movie,Class of Nuke 'Em High,1986,85,"Comedy,Horror,Sci-Fi",5.6,10559
tt0090852,movie,Clockwise,1986,96,Comedy,6.6,14727
tt0090859,movie,Cobra,1986,87,"Action,Crime,Thriller",5.8,86085
tt0090863,movie,The Color of Money,1986,119,"Drama,Sport",7.0,101794
tt0090887,movie,Critters,1986,86,"Comedy,Horror,Sci-Fi",6.1,41613
tt0090888,movie,Crossroads,1986,99,"Drama,Music,Mystery",7.1,19483
tt0090927,movie,The Delta Force,1986,125,"Action,Adventure,Drama",5.7,24511
tt0090930,movie,Demons 2,1986,92,Horror,5.9,13385
tt0090966,movie,Down and Out in Beverly Hills,1986,103,Comedy,6.3,20072
tt0090967,movie,Down by Law,1986,107,"Comedy,Crime,Drama",7.6,58867
tt0091042,movie,Ferris Bueller's Day Off,1986,103,Comedy,7.8,417814
tt0091059,movie,Flight of the Navigator,1986,90,"Adventure,Comedy,Family",6.9,55612
tt0091064,movie,The Fly,1986,96,"Drama,Horror,Sci-Fi",7.6,225447
tt0091080,movie,Friday the 13th Part VI: Jason Lives,1986,86,"Horror,Thriller",6.0,57661
tt0091083,movie,From Beyond,1986,85,"Horror,Sci-Fi",6.6,35858
tt0091129,movie,The Golden Child,1986,94,"Action,Adventure,Comedy",6.0,63717
tt0091142,movie,Gothic,1986,87,"Drama,Fantasy,Horror",5.7,10020
tt0091149,movie,The Great Mouse Detective,1986,74,"Adventure,Animation,Family",7.1,59199
tt0091159,movie,Gung Ho,1986,111,"Comedy,Drama",6.3,15029
tt0091167,movie,Hannah and Her Sisters,1986,107,"Comedy,Drama",7.8,81851
tt0091187,movie,Heartbreak Ridge,1986,130,"Drama,War",6.8,52621
tt0091188,movie,Heartburn,1986,108,"Comedy,Drama",6.1,14039
tt0091203,movie,Highlander,1986,110,"Action,Adventure,Fantasy",7.0,159650
tt0091209,movie,The Hitcher,1986,97,"Mystery,Thriller",7.2,59369
tt0091217,movie,Hoosiers,1986,114,"Drama,Sport",7.4,57293
tt0091223,movie,House,1985,93,"Comedy,Fantasy,Horror",6.1,32925
tt0091225,movie,Howard the Duck,1986,110,"Action,Adventure,Comedy",4.8,54829
tt0091251,movie,Come and See,1985,142,"Drama,Thriller,War",8.3,124260
tt0091276,movie,Invaders from Mars,1986,100,"Horror,Sci-Fi",5.6,12099
tt0091278,movie,Iron Eagle,1986,117,"Action,Thriller,War",5.6,17176
tt0091288,movie,Jean de Florette,1986,120,Drama,8.1,29454
tt0091306,movie,Jumpin' Jack Flash,1986,105,"Comedy,Romance,Thriller",6.0,21890
tt0091326,movie,The Karate Kid Part II,1986,113,"Action,Family,Sport",6.2,110122
tt0091341,movie,Kin-dza-dza!,1986,135,"Comedy,Drama,Sci-Fi",7.8,15405
tt0091369,movie,Labyrinth,1986,101,"Adventure,Family,Fantasy",7.3,165434
tt0091396,movie,Legal Eagles,1986,116,"Comedy,Crime,Romance",6.0,13226
tt0091419,movie,Little Shop of Horrors,1986,94,"Comedy,Horror,Musical",7.1,95120
tt0091431,movie,Armour of God,1986,88,"Action,Adventure,Comedy",6.9,24474
tt0091445,movie,Lucas,1986,100,"Comedy,Drama,Romance",6.9,18936
tt0091474,movie,Manhunter,1986,120,"Crime,Mystery,Thriller",7.2,92155
tt0091480,movie,Manon of the Spring,1986,113,Drama,8.0,25845
tt0091495,movie,Matador,1986,110,"Drama,Thriller",6.9,14169
tt0091497,movie,Bad Blood,1986,105,"Crime,Drama,Romance",7.1,10204
tt0091499,movie,Maximum Overdrive,1986,98,"Action,Comedy,Horror",5.4,40112
tt0091530,movie,The Mission,1986,125,"Adventure,Drama,History",7.4,69896
tt0091538,movie,Mona Lisa,1986,104,"Crime,Drama,Romance",7.3,19427
tt0091541,movie,The Money Pit,1986,90,Comedy,6.4,67222
tt0091557,movie,The Mosquito Coast,1986,117,"Adventure,Drama,Thriller",6.6,33774
tt0091578,movie,My Beautiful Laundrette,1985,97,"Comedy,Drama,Romance",6.8,18828
tt0091605,movie,The Name of the Rose,1986,130,"Drama,Mystery,Thriller",7.7,127575
tt0091630,movie,Night of the Creeps,1986,88,"Comedy,Horror,Sci-Fi",6.7,28889
tt0091635,movie,9½ Weeks,1986,117,"Drama,Romance",5.9,47150
tt0091670,movie,The Sacrifice,1986,149,Drama,7.8,35224
tt0091680,movie,One Crazy Summer,1986,93,"Comedy,Romance",6.4,18369
tt0091738,movie,Peggy Sue Got Married,1986,103,"Comedy,Drama,Fantasy",6.4,43127
tt0091757,movie,Pirates,1986,121,"Action,Adventure,Comedy",6.0,10198
tt0091763,movie,Platoon,1986,120,"Drama,War",8.1,473223
tt0091777,movie,Police Academy 3: Back in Training,1986,83,Comedy,5.4,52115
tt0091778,movie,Poltergeist II: The Other Side,1986,91,Horror,5.7,32915
tt0091790,movie,Pretty in Pink,1986,97,"Comedy,Drama,Romance",6.7,95906
tt0091799,movie,Psycho III,1986,93,"Horror,Mystery,Thriller",5.5,18471
tt0091828,movie,Raw Deal,1986,106,"Action,Crime,Thriller",5.6,41220
tt0091830,movie,The Green Ray,1986,99,"Drama,Romance",7.6,12044
tt0091860,movie,River's Edge,1986,99,"Crime,Drama",6.8,23457
tt0091867,movie,A Room with a View,1986,117,"Drama,Romance",7.2,52654
tt0091875,movie,Running Scared,1986,107,"Action,Comedy,Crime",6.5,17409
tt0091877,movie,Ruthless People,1986,93,"Comedy,Crime",6.9,32905
tt0091886,movie,Salvador,1986,122,"Drama,History,Thriller",7.3,25439
tt0091939,movie,She's Gotta Have It,1986,84,"Comedy,Romance",6.8,17713
tt0091949,movie,Short Circuit,1986,98,"Comedy,Family,Sci-Fi",6.6,70937
tt0091954,movie,Sid and Nancy,1986,112,"Biography,Drama,Music",7.0,37047
tt0091983,movie,Something Wild,1986,114,"Comedy,Crime,Romance",6.9,24034
tt0091993,movie,SpaceCamp,1986,107,"Adventure,Family,Sci-Fi",5.8,15575
tt0092005,movie,Stand by Me,1986,89,"Adventure,Drama",8.1,489535
tt0092007,movie,Star Trek IV: The Voyage Home,1986,119,"Adventure,Comedy,Sci-Fi",7.3,96976
tt0092048,movie,Tampopo,1985,114,Comedy,7.9,27042
tt0092067,movie,Castle in the Sky,1986,124,"Adventure,Animation,Family",8.0,199108
tt0092076,movie,The Texas Chainsaw Massacre 2,1986,101,"Comedy,Horror",5.6,44027
tt0092086,movie,¡Three Amigos!,1986,104,"Comedy,Western",6.5,92743
tt0092099,movie,Top Gun,1986,109,"Action,Drama",7.0,556069
tt0092106,movie,The Transformers: The Movie,1986,84,"Action,Adventure,Animation",7.2,44765
tt0092115,movie,Troll,1986,82,"Comedy,Fantasy,Horror",4.6,12856
tt0092214,movie,Wildcats,1986,106,"Comedy,Sport",6.1,15914
tt0092240,movie,The Wraith,1986,93,"Action,Horror,Romance",5.9,21864
tt0092263,movie,A Better Tomorrow,1986,95,"Action,Crime,Drama",7.4,29204
tt0092272,movie,Youngblood,1986,110,"Drama,Romance,Sport",6.2,15901
tt0092493,movie,Crocodile Dundee II,1988,111,"Action,Adventure,Comedy",5.7,64562
tt0092494,movie,*batteries not included,1987,107,"Comedy,Family,Fantasy",6.6,39225
tt0092501,movie,Project A 2,1987,101,"Action,Comedy,Crime",7.0,12629
tt0092513,movie,Adventures in Babysitting,1987,102,"Adventure,Comedy,Crime",6.9,54389
tt0092534,movie,Allan Quatermain and the Lost City of Gold,1986,99,"Action,Adventure,Comedy",4.6,11556
tt0092546,movie,Amazon Women on the Moon,1987,85,"Comedy,Sci-Fi",6.2,12120
tt0092548,movie,American Ninja 2: The Confrontation,1987,90,"Action,Comedy,Drama",5.0,10751
tt0092563,movie,Angel Heart,1987,113,"Horror,Mystery,Thriller",7.2,104609
tt0092576,movie,StageFright,1987,90,"Drama,Horror,Thriller",6.6,10729
tt0092593,movie,Au Revoir Les Enfants,1987,104,"Drama,War",8.0,38657
tt0092603,movie,Babette's Feast,1987,103,Drama,7.7,24068
tt0092605,movie,Baby Boom,1987,110,"Comedy,Drama,Romance",6.4,21056
tt0092610,movie,Bad Taste,1987,91,"Comedy,Horror,Sci-Fi",6.4,51544
tt0092618,movie,Barfly,1987,100,"Comedy,Drama,Romance",7.1,23576
tt0092644,movie,Beverly Hills Cop II,1987,103,"Action,Comedy,Crime",6.6,147478
tt0092654,movie,The Big Easy,1986,102,"Comedy,Crime,Drama",6.5,15109
tt0092666,movie,Blind Date,1987,95,"Comedy,Romance",6.0,26003
tt0092675,movie,Bloodsport,1988,92,"Action,Drama,Sport",6.8,103674
tt0092695,movie,The Brave Little Toaster,1987,90,"Adventure,Animation,Family",7.2,29634
tt0092699,movie,Broadcast News,1987,133,"Comedy,Drama,Romance",7.3,36925
tt0092718,movie,Can't Buy Me Love,1987,94,"Comedy,Drama,Romance",6.8,46214
tt0092746,movie,Cherry 2000,1987,99,"Action,Adventure,Comedy",5.6,11752
tt0092796,movie,Creepshow 2,1987,92,"Fantasy,Horror",6.1,30954
tt0092804,movie,Cry Freedom,1987,157,"Biography,Drama,History",7.4,15380
tt0092843,movie,The Dead,1987,83,Drama,7.2,10089
tt0092857,movie,Death Wish 4: The Crackdown,1987,99,"Action,Crime,Drama",5.5,12532
tt0092890,movie,Dirty Dancing,1987,100,"Drama,Music,Romance",7.1,281488
tt0092906,movie,Dolls,1986,77,Horror,6.3,14425
tt0092925,movie,Dragnet,1987,106,"Comedy,Crime,Mystery",6.0,40075
tt0092929,movie,Drowning by Numbers,1988,118,"Comedy,Drama",7.1,10582
tt0092948,movie,Eddie Murphy: Raw,1987,93,"Comedy,Documentary",7.6,21878
tt0092965,movie,Empire of the Sun,1987,153,"Drama,War",7.7,143814
tt0092974,movie,Ernest Goes to Camp,1987,92,"Comedy,Family",5.5,13377
tt0092991,movie,Evil Dead II,1987,84,"Comedy,Horror",7.6,197304
tt0093010,movie,Fatal Attraction,1987,119,"Drama,Thriller",6.9,112002
tt0093015,movie,Dragons Forever,1988,102,"Action,Comedy,Romance",7.1,10588
tt0093036,movie,Flowers in the Attic,1987,93,"Drama,Mystery,Thriller",5.8,12261
tt0093044,movie,The Fourth Protocol,1987,119,Thriller,6.5,12223
tt0093058,movie,Full Metal Jacket,1987,116,"Drama,War",8.2,852990
tt0093075,movie,The Gate,1987,85,"Fantasy,Horror",6.1,21923
tt0093105,movie,"Good Morning, Vietnam",1987,121,"Biography,Comedy,Drama",7.3,166166
tt0093137,movie,Hamburger Hill,1987,110,"Action,Drama,Thriller",6.7,30091
tt0093148,movie,Harry and the Hendersons,1987,110,"Comedy,Family,Fantasy",6.1,39730
tt0093177,movie,Hellraiser,1987,94,"Horror,Thriller",6.9,154474
tt0093185,movie,The Hidden,1987,97,"Crime,Horror,Sci-Fi",7.0,25752
tt0093191,movie,Wings of Desire,1987,128,"Drama,Fantasy,Romance",7.9,84261
tt0093206,movie,Red Sorghum,1988,91,"Drama,History,Romance",7.3,10716
tt0093209,movie,Hope and Glory,1987,113,"Comedy,Drama,Romance",7.3,15927
tt0093220,movie,House II: The Second Story,1987,88,"Comedy,Fantasy,Horror",5.4,13376
tt0093223,movie,House of Games,1987,102,"Crime,Drama,Thriller",7.2,25822
tt0093260,movie,Innerspace,1987,120,"Action,Adventure,Comedy",6.8,70330
tt0093277,movie,Ironweed,1987,143,Drama,6.7,10757
tt0093278,movie,Ishtar,1987,107,"Action,Adventure,Comedy",4.8,12855
tt0093300,movie,Jaws: The Revenge,1987,89,"Adventure,Horror,Thriller",3.1,52658
tt0093342,movie,Where Is the Friend's House?,1987,83,"Adventure,Drama,Family",8.1,23195
tt0093378,movie,La Bamba,1987,108,"Biography,Drama,Music",7.0,38547
tt0093389,movie,The Last Emperor,1987,163,"Biography,Drama,History",7.7,120104
tt0093407,movie,Less Than Zero,1987,98,"Crime,Drama",6.4,23762
tt0093409,movie,Lethal Weapon,1987,109,"Action,Crime,Thriller",7.6,296863
tt0093412,movie,Law of Desire,1987,102,"Comedy,Drama,Thriller",7.1,15472
tt0093428,movie,The Living Daylights,1987,130,"Action,Adventure,Thriller",6.7,115119
tt0093437,movie,The Lost Boys,1987,97,"Comedy,Horror",7.2,178527
tt0093493,movie,Mannequin,1987,90,"Comedy,Fantasy,Romance",6.0,39913
tt0093507,movie,Masters of the Universe,1987,106,"Action,Adventure,Fantasy",5.4,50849
tt0093509,movie,Matewan,1987,135,"Drama,History",7.9,10508
tt0093512,movie,Maurice,1987,140,"Drama,Romance",7.6,27288
tt0093560,movie,The Monster Squad,1987,82,"Action,Comedy,Fantasy",6.9,39415
tt0093565,movie,Moonstruck,1987,102,"Comedy,Drama,Romance",7.2,78421
tt0093578,movie,Mr. India,1987,179,"Action,Adventure,Comedy",7.7,20412
tt0093603,movie,Nayakan,1987,145,"Crime,Drama",8.6,27981
tt0093605,movie,Near Dark,1987,94,Horror,6.9,49832
tt0093608,movie,Nekromantik,1988,71,Horror,4.8,12299
tt0093624,movie,Night of the Demons,1988,90,"Comedy,Fantasy,Horror",6.1,21854
tt0093629,movie,A Nightmare on Elm Street 3: Dream Warriors,1987,96,"Fantasy,Horror",6.7,100257
tt0093640,movie,No Way Out,1987,114,"Action,Crime,Drama",7.1,55684
tt0093677,movie,Opera,1987,107,"Crime,Horror,Mystery",6.9,21843
tt0093692,movie,Over the Top,1987,93,"Action,Drama,Sport",5.9,65557
tt0093693,movie,Overboard,1987,112,"Comedy,Romance",6.9,77180
tt0093713,movie,Pelle the Conqueror,1987,157,Drama,7.7,12715
tt0093748,movie,"Planes, Trains & Automobiles",1987,93,"Comedy,Drama",7.6,180944
tt0093756,movie,Police Academy 4: Citizens on Patrol,1987,88,"Comedy,Crime",5.0,48774
tt0093773,movie,Predator,1987,107,"Action,Adventure,Horror",7.8,502843
tt0093777,movie,Prince of Darkness,1987,102,"Fantasy,Horror",6.7,55780
tt0093779,movie,The Princess Bride,1987,98,"Adventure,Comedy,Family",8.0,487577
tt0093780,movie,The Principal,1987,109,"Action,Crime,Drama",6.3,12826
tt0093793,movie,Project X,1987,108,"Comedy,Drama,Sci-Fi",6.2,12287
tt0093818,movie,Radio Days,1987,88,Comedy,7.4,38963
tt0093822,movie,Raising Arizona,1987,94,"Comedy,Crime",7.3,161382
tt0093857,movie,Revenge of the Nerds II: Nerds in Paradise,1987,88,Comedy,5.1,16340
tt0093870,movie,RoboCop,1987,102,"Action,Crime,Sci-Fi",7.6,309898
tt0093886,movie,Roxanne,1987,107,"Comedy,Romance",6.6,50135
tt0093894,movie,The Running Man,1987,101,"Action,Sci-Fi,Thriller",6.6,191995
tt0093936,movie,The Secret of My Success,1987,111,"Comedy,Romance",6.5,39272
tt0093940,movie,September,1987,83,Drama,6.4,11148
tt0093974,movie,"Silent Night, Deadly Night Part 2",1987,88,"Horror,Thriller",3.9,10533
tt0093978,movie,A Chinese Ghost Story,1987,98,"Action,Fantasy,Horror",7.3,12718
tt0094006,movie,Some Kind of Wonderful,1987,95,"Drama,Romance",7.0,37722
tt0094008,movie,Someone to Watch Over Me,1987,106,"Crime,Drama,Romance",6.1,13273
tt0094012,movie,Spaceballs,1987,96,"Adventure,Comedy,Sci-Fi",7.1,227283
tt0094025,movie,Stakeout,1987,117,"Action,Comedy,Crime",6.7,30502
tt0094027,movie,Stand and Deliver,1988,103,"Biography,Drama",7.3,22550
tt0094035,movie,The Stepfather,1987,89,"Horror,Thriller",6.7,20867
tt0094057,movie,Street Trash,1987,91,"Comedy,Horror",5.9,13105
tt0094072,movie,Summer School,1987,97,"Comedy,Romance",6.6,24135
tt0094074,movie,Superman IV: The Quest for Peace,1987,90,"Action,Adventure,Sci-Fi",3.8,57694
tt0094082,movie,Suspect,1987,121,"Crime,Drama,Mystery",6.6,13074
tt0094118,movie,Teen Wolf Too,1987,95,"Comedy,Fantasy",3.5,13217
tt0094137,movie,Three Men and a Baby,1987,102,"Comedy,Drama,Family",6.1,61800
tt0094138,movie,Three O'Clock High,1987,101,Comedy,7.1,14439
tt0094142,movie,Throw Momma from the Train,1987,88,"Comedy,Crime,Thriller",6.3,44413
tt0094155,movie,Tin Men,1987,112,"Comedy,Drama",6.6,10671
tt0094226,movie,The Untouchables,1987,119,"Crime,Drama,Thriller",7.8,354412
tt0094291,movie,Wall Street,1987,126,"Crime,Drama",7.3,175179
tt0094321,movie,Who's That Girl,1987,92,"Comedy,Romance",4.9,12022
tt0094332,movie,The Witches of Eastwick,1987,118,"Comedy,Fantasy,Horror",6.6,84584
tt0094336,movie,Withnail and I,1987,107,"Comedy,Drama",7.5,52462
tt0094357,movie,A Better Tomorrow II,1987,105,"Action,Crime,Drama",7.1,12807
tt0094602,movie,Above the Law,1988,99,"Action,Crime,Drama",6.0,37172
tt0094606,movie,The Accidental Tourist,1988,121,"Comedy,Drama,Romance",6.7,18604
tt0094608,movie,The Accused,1988,111,"Crime,Drama",7.1,43267
tt0094612,movie,Action Jackson,1988,96,"Action,Comedy,Crime",5.6,13690
tt0094625,movie,Akira,1988,124,"Action,Animation,Drama",8.0,228362
tt0094631,movie,Alien Nation,1988,91,"Action,Sci-Fi",6.3,17843
tt0094651,movie,Amsterdamned,1988,114,"Action,Crime,Horror",6.6,11221
tt0094663,movie,Another Woman,1988,81,Drama,7.2,16386
tt0094712,movie,Bat*21,1988,105,"Drama,War",6.5,10704
tt0094715,movie,Beaches,1988,123,"Comedy,Drama,Music",7.0,31164
tt0094716,movie,The Beast of War,1988,111,"Adventure,Drama,War",7.3,11699
tt0094721,movie,Beetlejuice,1988,92,"Comedy,Fantasy",7.4,419724
tt0094737,movie,Big,1988,104,"Comedy,Drama,Fantasy",7.3,261556
tt0094739,movie,Big Business,1988,97,Comedy,6.4,16957
tt0094744,movie,Big Top Pee-wee,1988,86,"Adventure,Comedy,Romance",5.2,10857
tt0094746,movie,Biloxi Blues,1988,106,"Comedy,Drama",6.7,17547
tt0094747,movie,Bird,1988,161,"Biography,Drama,Music",7.1,14411
tt0094761,movie,The Blob,1988,95,"Horror,Sci-Fi,Thriller",6.7,49350
tt0094793,movie,Brain Damage,1988,84,"Comedy,Horror,Sci-Fi",6.5,14864
tt0094812,movie,Bull Durham,1988,108,"Comedy,Romance,Sport",7.0,63085
tt0094824,movie,Caddyshack II,1988,98,"Comedy,Sport",3.8,17291
tt0094860,movie,The Church,1989,102,Horror,6.2,10292
tt0094862,movie,Child's Play,1988,87,"Horror,Thriller",6.7,132711
tt0094889,movie,Cocktail,1988,104,"Comedy,Drama,Romance",6.0,98660
tt0094890,movie,Cocoon: The Return,1988,116,"Adventure,Comedy,Mystery",5.4,18290
tt0094894,movie,Colors,1988,120,"Crime,Drama,Thriller",6.7,33614
tt0094898,movie,Coming to America,1988,117,"Comedy,Romance",7.1,240891
tt0094919,movie,Critters 2: The Main Course,1988,86,"Comedy,Horror,Sci-Fi",5.6,18416
tt0094924,movie,A Cry in the Dark,1988,120,"Biography,Drama",6.9,12124
tt0094933,movie,D.O.A.,1988,96,"Mystery,Thriller",6.1,11743
tt0094947,movie,Dangerous Liaisons,1988,119,"Drama,Romance",7.5,80319
tt0094961,movie,Dead Heat,1988,84,"Action,Comedy,Horror",6.1,10429
tt0094963,movie,The Dead Pool,1988,91,"Action,Crime,Mystery",6.3,51302
tt0094964,movie,Dead Ringers,1988,116,"Drama,Horror,Thriller",7.2,59149
tt0095016,movie,Die Hard,1988,132,"Action,Thriller",8.2,1032469
tt0095031,movie,Dirty Rotten Scoundrels,1988,110,"Comedy,Crime",7.4,86766
tt0095082,movie,Eight Men Out,1988,119,"Drama,History,Sport",7.2,24114
tt0095088,movie,Elvira: Mistress of the Dark,1988,96,"Comedy,Horror",6.6,23141
tt0095107,movie,Ernest Saves Christmas,1988,91,"Comedy,Family,Fantasy",5.8,14378
tt0095159,movie,A Fish Called Wanda,1988,108,"Comedy,Crime",7.5,166105
tt0095174,movie,Frantic,1988,120,"Crime,Drama,Mystery",6.8,61836
tt0095179,movie,Friday the 13th: The New Blood,1988,88,"Horror,Thriller",5.2,47794
tt0095188,movie,Funny Farm,1988,101,Comedy,6.2,25568
tt0095243,movie,Gorillas in the Mist,1988,129,"Biography,Drama",7.0,31405
tt0095250,movie,The Big Blue,1988,168,"Adventure,Drama,Sport",7.5,58971
tt0095253,movie,The Great Outdoors,1988,91,"Adventure,Comedy",6.6,56361
tt0095270,movie,Hairspray,1988,92,"Comedy,Drama,Music",7.0,25504
tt0095271,movie,Halloween 4: The Return of Michael Myers,1988,88,"Horror,Thriller",5.8,64787
tt0095294,movie,Hellbound: Hellraiser II,1988,97,"Horror,Thriller",6.4,61014
tt0095304,movie,High Spirits,1988,99,"Comedy,Fantasy,Romance",5.8,12193
tt0095327,movie,Grave of the Fireflies,1988,88,"Animation,Drama,War",8.5,389235
tt0095348,movie,I'm Gonna Git You Sucka,1988,88,"Action,Comedy,Crime",6.6,16539
tt0095379,movie,Intruder,1989,83,"Horror,Thriller",6.1,13507
tt0095403,movie,Police Story 2,1988,101,"Action,Comedy,Crime",7.0,25316
tt0095444,movie,Killer Klowns from Outer Space,1988,88,"Comedy,Horror,Sci-Fi",6.2,52882
tt0095467,movie,A Short Film About Love,1988,87,"Drama,Romance",8.1,28387
tt0095468,movie,A Short Film About Killing,1988,84,"Crime,Drama",7.9,24460
tt0095488,movie,The Lair of the White Worm,1988,93,"Comedy,Horror",6.1,16728
tt0095489,movie,The Land Before Time,1988,69,"Adventure,Animation,Drama",7.4,107722
tt0095497,movie,The Last Temptation of Christ,1988,164,Drama,7.5,68425
tt0095519,movie,License to Drive,1988,88,Comedy,6.4,24586
tt0095560,movie,Mac and Me,1988,99,"Adventure,Comedy,Family",3.4,15727
tt0095583,movie,Maniac Cop,1988,85,"Action,Crime,Horror",6.0,23640
tt0095593,movie,Married to the Mob,1988,104,"Comedy,Crime,Romance",6.3,21867
tt0095631,movie,Midnight Run,1988,126,"Action,Comedy,Crime",7.5,104250
tt0095647,movie,Mississippi Burning,1988,128,"Crime,Drama,Mystery",7.8,127437
tt0095652,movie,Monkey Shines,1988,113,"Drama,Horror,Sci-Fi",6.2,14745
tt0095655,movie,Moonwalker,1988,93,"Action,Crime,Fantasy",6.1,20562
tt0095675,movie,Women on the Verge of a Nervous Breakdown,1988,88,"Comedy,Drama",7.5,50923
tt0095687,movie,My Stepmother Is an Alien,1988,105,"Comedy,Sci-Fi",5.4,29436
tt0095690,movie,Mystic Pizza,1988,104,"Comedy,Drama,Romance",6.4,37450
tt0095705,movie,The Naked Gun: From the Files of Police Squad!,1988,85,"Comedy,Crime",7.6,223506
tt0095715,movie,Alice,1988,86,"Adventure,Animation,Family",7.4,15237
tt0095742,movie,A Nightmare on Elm Street 4: The Dream Master,1988,93,Horror,5.6,68285
tt0095765,movie,Cinema Paradiso,1988,174,"Drama,Romance",8.5,317815
tt0095776,movie,Oliver & Company,1988,74,"Adventure,Animation,Comedy",6.6,57331
tt0095800,movie,The Bear,1988,96,"Adventure,Drama,Family",7.7,20490
tt0095801,movie,Bagdad Cafe,1987,95,"Comedy,Drama",7.4,16633
tt0095863,movie,Phantasm II,1988,97,"Fantasy,Horror,Sci-Fi",6.4,18137
tt0095882,movie,Police Academy 5: Assignment: Miami Beach,1988,90,"Comedy,Crime",4.6,39674
tt0095889,movie,Poltergeist III,1988,98,"Horror,Thriller",4.7,22518
tt0095897,movie,The Presidio,1988,97,"Action,Crime,Mystery",6.0,21344
tt0095925,movie,Pumpkinhead,1988,86,"Fantasy,Horror",6.2,31485
tt0095936,movie,Qayamat Se Qayamat Tak,1988,162,"Drama,Musical,Romance",7.4,11923
tt0095953,movie,Rain Man,1988,133,Drama,8.0,586172
tt0095956,movie,Rambo III,1988,102,"Action,Adventure,Thriller",5.8,150116
tt0095963,movie,Red Heat,1988,104,"Action,Comedy,Crime",6.1,81675
tt0095990,movie,Return of the Living Dead II,1988,89,"Comedy,Horror,Sci-Fi",5.7,23516
tt0096018,movie,Running on Empty,1988,116,"Crime,Drama,Music",7.6,20106
tt0096028,movie,Salaam Bombay!,1988,113,"Crime,Drama",7.9,11201
tt0096061,movie,Scrooged,1988,101,"Comedy,Drama,Fantasy",6.9,129167
tt0096071,movie,The Serpent and the Rainbow,1988,98,"Fantasy,Horror",6.4,28603
tt0096073,movie,The Seventh Sign,1988,97,"Drama,Fantasy,Horror",5.8,17154
tt0096094,movie,She's Having a Baby,1988,106,"Comedy,Drama,Romance",6.0,14533
tt0096098,movie,Shoot to Kill,1988,110,"Action,Adventure,Crime",6.8,16243
tt0096101,movie,Short Circuit 2,1988,110,"Comedy,Drama,Family",5.8,28314
tt0096118,movie,Sleepaway Camp II: Unhappy Campers,1988,80,"Comedy,Horror",5.5,15084
tt0096119,movie,Sleepaway Camp III: Teenage Wasteland,1989,80,"Comedy,Horror",5.0,10625
tt0096163,movie,The Vanishing,1988,107,"Mystery,Thriller",7.6,54972
tt0096219,movie,Talk Radio,1988,110,"Drama,Thriller",7.2,15620
tt0096244,movie,Tequila Sunrise,1988,115,"Crime,Drama,Romance",6.1,36278
tt0096251,movie,Tetsuo: The Iron Man,1989,67,"Horror,Sci-Fi",6.9,29234
tt0096256,movie,They Live,1988,94,"Action,Horror,Sci-Fi",7.2,165126
tt0096257,movie,The Thin Blue Line,1988,101,"Crime,Documentary",7.9,26250
tt0096283,movie,My Neighbor Totoro,1988,86,"Adventure,Animation,Comedy",8.1,434366
tt0096288,movie,Landscape in the Mist,1988,127,Drama,7.9,11238
tt0096316,movie,Tucker: The Man and His Dream,1988,110,"Biography,Comedy,Drama",6.9,22703
tt0096320,movie,Twins,1988,107,"Comedy,Crime",6.2,149923
tt0096332,movie,The Unbearable Lightness of Being,1988,171,"Drama,Romance",7.2,40842
tt0096380,movie,Vice Versa,1988,98,"Comedy,Fantasy",5.9,11228
tt0096426,movie,Waxwork,1988,95,"Comedy,Horror",6.1,15631
tt0096438,movie,Who Framed Roger Rabbit,1988,104,"Adventure,Animation,Comedy",7.7,233388
tt0096446,movie,Willow,1988,126,"Action,Adventure,Drama",7.2,138573
tt0096454,movie,Without a Clue,1988,107,"Comedy,Crime,Mystery",6.9,12153
tt0096461,movie,As Tears Go By,1988,102,"Crime,Drama,Romance",7.0,14311
tt0096463,movie,Working Girl,1988,113,"Comedy,Drama,Romance",6.8,68198
tt0096487,movie,Young Guns,1988,107,"Action,Drama,Western",6.8,74130
tt0096734,movie,The 'Burbs,1989,102,"Comedy,Mystery,Thriller",6.8,92621
tt0096754,movie,The Abyss,1989,140,"Adventure,Drama,Mystery",7.5,209214
tt0096764,movie,The Adventures of Baron Munchausen,1988,126,"Adventure,Comedy,Fantasy",7.1,60002
tt0096787,movie,All Dogs Go to Heaven,1989,84,"Adventure,Animation,Comedy",6.8,49760
tt0096794,movie,Always,1989,122,"Drama,Fantasy,Romance",6.4,35616
tt0096870,movie,Going Overboard,1989,99,Comedy,1.8,15023
tt0096874,movie,Back to the Future Part II,1989,108,"Adventure,Comedy,Sci-Fi",7.8,624299
tt0096895,movie,Batman,1989,126,Crime,7.5,433037
tt0096913,movie,Best of the Best,1989,97,"Action,Drama,Sport",6.4,16750
tt0096928,movie,Bill & Ted's Excellent Adventure,1989,90,"Adventure,Comedy,Music",6.9,149980
tt0096933,movie,Black Rain,1989,125,"Action,Crime,Drama",6.6,64923
tt0096945,movie,Blind Fury,1989,86,"Action,Comedy,Crime",6.3,20374
tt0096969,movie,Born on the Fourth of July,1989,145,"Biography,Drama,War",7.2,124892
tt0097027,movie,Casualties of War,1989,113,"Action,Crime,Drama",7.1,51969
tt0097044,movie,Chances Are,1989,108,"Comedy,Fantasy,Romance",6.5,13699
tt0097050,movie,The Adventures of Milo and Otis,1986,76,"Adventure,Drama,Family",6.9,13550
tt0097108,movie,"The Cook, the Thief, His Wife & Her Lover",1989,124,"Crime,Drama",7.5,45174
tt0097123,movie,Crimes and Misdemeanors,1989,104,"Comedy,Drama",7.8,63481
tt0097138,movie,Cyborg,1989,86,"Action,Sci-Fi,Thriller",5.1,37186
tt0097162,movie,Dead Calm,1989,96,"Horror,Thriller",6.8,48191
tt0097165,movie,Dead Poets Society,1989,128,"Comedy,Drama",8.1,658336
tt0097179,movie,DeepStar Six,1989,99,"Action,Horror,Sci-Fi",5.4,14882
tt0097202,movie,The Killer,1989,111,"Action,Crime,Drama",7.7,55747
tt0097216,movie,Do the Right Thing,1989,120,"Comedy,Drama",7.9,125055
tt0097223,movie,Time of the Gypsies,1988,142,"Comedy,Crime,Drama",8.1,34627
tt0097235,movie,The Dream Team,1989,113,"Comedy,Crime,Thriller",6.5,16165
tt0097239,movie,Driving Miss Daisy,1989,99,"Comedy,Drama",7.3,123833
tt0097240,movie,Drugstore Cowboy,1989,102,"Crime,Drama",7.2,43062
tt0097257,movie,Earth Girls Are Easy,1988,100,"Comedy,Musical,Romance",5.5,26164
tt0097289,movie,Erik the Viking,1989,107,"Adventure,Comedy,Fantasy",6.1,15281
tt0097322,movie,The Fabulous Baker Boys,1989,114,"Comedy,Drama,Music",6.9,27863
tt0097328,movie,Family Business,1989,110,"Crime,Drama",5.8,14938
tt0097351,movie,Field of Dreams,1989,107,"Drama,Family,Fantasy",7.5,140162
tt0097366,movie,Fletch Lives,1989,95,"Comedy,Crime,Mystery",6.1,24562
tt0097368,movie,The Fly II,1989,105,"Drama,Horror,Sci-Fi",5.2,26451
tt0097388,movie,Friday the 13th Part VIII: Jason Takes Manhattan,1989,100,"Adventure,Horror,Thriller",4.5,48483
tt0097390,movie,Fright Night Part 2,1988,104,"Comedy,Horror,Thriller",6.0,15709
tt0097428,movie,Ghostbusters II,1989,108,"Action,Comedy,Fantasy",6.6,240356
tt0097441,movie,Glory,1989,122,"Biography,Drama,History",7.8,153201
tt0097443,movie,The Gods Must Be Crazy II,1989,98,Comedy,6.8,19138
tt0097457,movie,Great Balls of Fire!,1989,108,"Biography,Drama,Music",6.3,18613
tt0097474,movie,Halloween 5: The Revenge of Michael Myers,1989,96,"Horror,Thriller",4.9,52209
tt0097481,movie,Harlem Nights,1989,116,"Comedy,Crime,Drama",6.1,27366
tt0097493,movie,Heathers,1989,103,"Comedy,Crime",7.1,126530
tt0097499,movie,Henry V,1989,137,"Biography,Drama,History",7.5,33441
tt0097523,movie,"Honey, I Shrunk the Kids",1989,93,"Adventure,Comedy,Family",6.4,177900
tt0097576,movie,Indiana Jones and the Last Crusade,1989,127,Adventure,8.2,865594
tt0097626,movie,Johnny Handsome,1989,94,"Crime,Drama,Thriller",6.1,11979
tt0097637,movie,K-9,1989,101,"Action,Comedy,Crime",6.1,37747
tt0097647,movie,The Karate Kid Part III,1989,112,"Action,Drama,Family",5.4,77969
tt0097659,movie,Kickboxer,1989,97,"Action,Sport,Thriller",6.4,66722
tt0097722,movie,Lean on Me,1989,108,"Biography,Drama",7.4,24802
tt0097733,movie,Lethal Weapon 2,1989,114,"Action,Crime,Thriller",7.3,201925
tt0097737,movie,Leviathan,1989,98,"Adventure,Horror,Mystery",5.8,27109
tt0097742,movie,Licence to Kill,1989,133,"Action,Adventure,Thriller",6.7,121001
tt0097757,movie,The Little Mermaid,1989,83,"Adventure,Animation,Family",7.6,313218
tt0097758,movie,Little Monsters,1989,100,"Adventure,Comedy,Family",6.1,15449
tt0097770,movie,Lock Up,1989,109,"Action,Crime,Drama",6.4,48530
tt0097778,movie,Look Who's Talking,1989,93,"Comedy,Romance",6.0,90100
tt0097814,movie,Kiki's Delivery Service,1989,103,"Animation,Family,Fantasy",7.8,189627
tt0097815,movie,Major League,1989,107,"Comedy,Sport",7.3,83489
tt0097858,movie,Meet the Feebles,1989,97,"Comedy,Fantasy,Music",6.6,21913
tt0097889,movie,Miracle Mile,1988,87,"Action,Drama,Romance",7.0,15102
tt0097937,movie,My Left Foot,1989,103,"Biography,Drama",7.8,85407
tt0097940,movie,Mystery Train,1989,110,"Comedy,Crime,Drama",7.5,33152
tt0097958,movie,National Lampoon's Christmas Vacation,1989,97,Comedy,7.5,247761
tt0097965,movie,New York Stories,1989,124,"Comedy,Drama,Romance",6.4,21005
tt0097967,movie,Next of Kin,1989,108,"Action,Crime,Drama",5.9,12518
tt0097981,movie,A Nightmare on Elm Street: The Dream Child,1989,89,"Fantasy,Horror",5.1,56169
tt0098051,movie,The Package,1989,108,"Action,Crime,Drama",6.4,14217
tt0098067,movie,Parenthood,1989,124,"Comedy,Drama",7.1,59174
tt0098084,movie,Pet Sematary,1989,103,"Fantasy,Horror,Thriller",6.5,124456
tt0098097,movie,Pink Cadillac,1989,122,"Action,Comedy,Crime",5.4,13207
tt0098105,movie,Police Academy 6: City Under Siege,1989,84,"Comedy,Crime",4.4,34018
tt0098141,movie,The Punisher,1989,89,"Action,Crime,Thriller",5.7,28847
tt0098180,movie,Red Scorpion,1988,97,"Action,Adventure",5.2,10738
tt0098206,movie,Road House,1989,114,"Action,Thriller",6.7,112435
tt0098213,movie,Roger & Me,1989,91,Documentary,7.5,28265
tt0098253,movie,Santa Sangre,1989,123,"Drama,Horror,Thriller",7.5,25697
tt0098258,movie,Say Anything,1989,100,"Comedy,Drama,Romance",7.3,103019
tt0098273,movie,Sea of Love,1989,113,"Crime,Drama,Mystery",6.8,48799
tt0098282,movie,"See No Evil, Hear No Evil",1989,103,"Comedy,Crime",6.9,62497
tt0098309,movie,She-Devil,1989,99,Comedy,5.8,21243
tt0098320,movie,Shocker,1989,109,"Comedy,Horror,Thriller",5.5,19368
tt0098327,movie,The Seventh Continent,1989,108,Drama,7.6,19195
tt0098354,movie,Society,1989,99,"Comedy,Horror",6.5,25123
tt0098360,movie,Violent Cop,1989,103,"Action,Crime,Drama",7.1,14222
tt0098382,movie,Star Trek V: The Final Frontier,1989,107,"Action,Adventure,Fantasy",5.5,68176
tt0098384,movie,Steel Magnolias,1989,117,"Comedy,Drama,Romance",7.3,69822
tt0098439,movie,Tango & Cash,1989,104,"Action,Comedy,Crime",6.4,120072
tt0098453,movie,Teen Witch,1989,93,"Comedy,Fantasy,Romance",6.0,11854
tt0098471,movie,Three Fugitives,1989,96,"Action,Comedy",6.2,13576
tt0098519,movie,Troop Beverly Hills,1989,105,"Adventure,Comedy",6.0,12667
tt0098532,movie,The Match Factory Girl,1990,69,"Comedy,Crime,Drama",7.5,13711
tt0098536,movie,Turner & Hooch,1989,100,"Comedy,Crime,Drama",6.2,81230
tt0098546,movie,UHF,1989,97,"Comedy,Sci-Fi",6.9,34386
tt0098554,movie,Uncle Buck,1989,100,Comedy,7.1,121953
tt0098575,movie,Valmont,1989,137,"Drama,Romance",7.0,15459
tt0098577,movie,Vampire's Kiss,1988,103,"Comedy,Crime,Fantasy",6.1,24969
tt0098621,movie,The War of the Roses,1989,116,"Comedy,Romance",6.9,63041
tt0098622,movie,Warlock,1989,103,"Action,Fantasy,Horror",6.2,20973
tt0098625,movie,We're No Angels,1989,106,"Comedy,Crime",6.1,26293
tt0098627,movie,Weekend at Bernie's,1989,97,"Adventure,Comedy,Crime",6.5,68504
tt0098635,movie,When Harry Met Sally...,1989,95,"Comedy,Drama,Romance",7.7,273037
tt0098645,movie,Who's Harry Crumb?,1989,94,"Comedy,Mystery",5.9,19332
tt0098663,movie,The Wizard,1989,100,"Adventure,Comedy,Drama",6.1,17692
tt0098692,movie,Wicked City,1987,82,"Action,Animation,Fantasy",6.7,11876
tt0098724,movie,"Sex, Lies, and Videotape",1989,100,Drama,7.2,64824
tt0098966,movie,Three Men and a Little Lady,1990,104,"Comedy,Drama,Family",5.5,28733
tt0098987,movie,The Adventures of Ford Fairlane,1990,104,"Action,Adventure,Comedy",6.4,20328
tt0098999,movie,Agneepath,1990,174,"Action,Crime,Drama",7.6,10015
tt0099005,movie,Air America,1990,113,"Action,Comedy,War",5.8,32578
tt0099012,movie,Alice,1990,106,"Comedy,Romance",6.6,16356
tt0099044,movie,Another 48 Hrs.,1990,95,"Action,Comedy,Crime",5.9,47888
tt0099052,movie,Arachnophobia,1990,109,"Comedy,Horror,Thriller",6.5,80959
tt0099077,movie,Awakenings,1990,121,"Biography,Drama",7.8,177544
tt0099088,movie,Back to the Future Part III,1990,118,"Adventure,Comedy,Sci-Fi",7.5,522291
tt0099091,movie,Bad Influence,1990,99,"Drama,Thriller",6.3,11472
tt0099141,movie,Bird on a Wire,1990,110,"Action,Comedy,Crime",6.0,51013
tt0099160,movie,Blue Steel,1990,102,"Action,Crime,Drama",5.8,19199
tt0099165,movie,The Bonfire of the Vanities,1990,125,"Comedy,Drama,Romance",5.6,27390
tt0099180,movie,Bride of Re-Animator,1990,96,"Comedy,Horror,Sci-Fi",6.2,19192
tt0099204,movie,Cadillac Man,1990,97,"Comedy,Crime",5.8,17547
tt0099253,movie,Child's Play 2,1990,84,"Horror,Thriller",6.0,64646
tt0099329,movie,Cry-Baby,1990,85,"Comedy,Musical",6.5,69009
tt0099334,movie,Cyrano de Bergerac,1990,137,"Comedy,Drama,History",7.5,27624
tt0099348,movie,Dances with Wolves,1990,181,"Adventure,Drama,Western",8.0,311266
tt0099365,movie,Darkman,1990,96,"Action,Sci-Fi,Thriller",6.4,75072
tt0099371,movie,Days of Thunder,1990,107,"Action,Drama,Sport",6.1,105079
tt0099385,movie,Death Warrant,1990,89,"Action,Crime,Mystery",5.7,23301
tt0099422,movie,Dick Tracy,1990,105,"Action,Comedy,Crime",6.2,70331
tt0099423,movie,Die Hard 2,1990,124,"Action,Thriller",7.2,408009
tt0099426,movie,Bullet in the Head,1990,136,"Action,Crime,Drama",7.5,13304
tt0099472,movie,DuckTales: The Movie - Treasure of the Lost Lamp,1990,74,"Adventure,Animation,Comedy",6.8,30502
tt0099487,movie,Edward Scissorhands,1990,105,"Drama,Fantasy,Romance",7.8,566930
tt0099512,movie,Ernest Goes to Jail,1990,81,"Comedy,Crime,Family",5.5,10720
tt0099528,movie,The Exorcist III,1990,110,"Drama,Horror,Mystery",6.5,42276
tt0099558,movie,Armour of God 2: Operation Condor,1991,80,"Action,Adventure,Comedy",7.2,24827
tt0099582,movie,Flatliners,1990,115,"Drama,Horror,Sci-Fi",6.6,98542
tt0099611,movie,Frankenhooker,1990,85,"Comedy,Horror,Sci-Fi",6.2,17082
tt0099615,movie,The Freshman,1990,102,"Comedy,Crime",6.5,23325
tt0099653,movie,Ghost,1990,126,"Drama,Fantasy,Romance",7.1,257640
tt0099674,movie,The Godfather Part III,1990,162,"Crime,Drama",7.5,457180
tt0099685,movie,GoodFellas,1990,145,"Biography,Crime,Drama",8.7,1398358
tt0099697,movie,Graveyard Shift,1990,86,Horror,5.0,14249
tt0099699,movie,Green Card,1990,107,"Comedy,Drama,Romance",6.3,27634
tt0099700,movie,Gremlins 2: The New Batch,1990,106,"Comedy,Fantasy,Horror",6.5,119694
tt0099703,movie,The Grifters,1990,110,"Crime,Drama,Thriller",6.8,33517
tt0099726,movie,Hamlet,1990,135,Drama,6.7,25114
tt0099731,movie,The Handmaid's Tale,1990,108,"Drama,Romance,Sci-Fi",6.0,12340
tt0099739,movie,Hard to Kill,1990,96,"Action,Crime,Drama",5.8,34626
tt0099740,movie,Hardware,1990,94,"Horror,Sci-Fi,Thriller",6.0,16762
tt0099762,movie,Henry & June,1990,136,"Biography,Drama",6.3,14979
tt0099763,movie,Henry: Portrait of a Serial Killer,1986,83,"Biography,Crime,Drama",7.0,44596
tt0099776,movie,Europa Europa,1990,112,"Drama,History,War",7.5,18686
tt0099785,movie,Home Alone,1990,103,"Comedy,Family",7.8,747956
tt0099797,movie,The Hot Spot,1990,130,"Crime,Drama,Romance",6.4,15541
tt0099800,movie,House Party,1990,100,"Comedy,Music",6.5,18180
tt0099810,movie,The Hunt for Red October,1990,135,"Action,Adventure,Thriller",7.5,231815
tt0099817,movie,I Come in Peace,1990,91,"Action,Crime,Sci-Fi",6.1,16378
tt0099819,movie,I Love You to Death,1990,97,"Comedy,Crime",6.4,16589
tt0099850,movie,Internal Affairs,1990,115,"Crime,Drama,Thriller",6.5,24894
tt0099871,movie,Jacob's Ladder,1990,113,"Drama,Horror,Mystery",7.4,129883
tt0099892,movie,Joe Versus the Volcano,1990,102,"Comedy,Romance",5.9,42285
tt0099938,movie,Kindergarten Cop,1990,111,"Action,Comedy,Crime",6.3,176435
tt0099939,movie,King of New York,1990,103,"Crime,Thriller",6.9,49083
tt0099994,movie,Leatherface: Texas Chainsaw Massacre III,1990,85,"Horror,Thriller",5.0,21951
tt0100024,movie,Life Is Sweet,1990,103,"Comedy,Drama",7.4,12201
tt0100029,movie,Lionheart,1990,108,"Action,Crime,Drama",6.2,43311
tt0100050,movie,Look Who's Talking Too,1990,81,"Comedy,Family,Romance",4.7,51215
tt0100054,movie,Lord of the Flies,1990,90,"Adventure,Drama,Thriller",6.4,35705
tt0100095,movie,Maine Pyar Kiya,1989,192,"Drama,Musical,Romance",7.3,14043
tt0100112,movie,The Hairdresser's Husband,1990,82,"Comedy,Drama,Romance",7.1,11120
tt0100114,movie,Marked for Death,1990,93,"Action,Crime,Drama",5.9,26381
tt0100133,movie,Memphis Belle,1990,107,"Action,Drama,War",6.9,32165
tt0100135,movie,Men at Work,1990,98,"Action,Comedy,Crime",5.9,29547
tt0100140,movie,Mermaids,1990,110,"Comedy,Drama,Romance",6.7,41525
tt0100142,movie,Metropolitan,1990,98,"Comedy,Drama,Romance",7.2,13787
tt0100143,movie,Miami Blues,1990,97,"Comedy,Crime,Drama",6.4,11563
tt0100150,movie,Miller's Crossing,1990,115,"Crime,Drama,Thriller",7.7,148535
tt0100157,movie,Misery,1990,107,"Drama,Thriller",7.8,266533
tt0100168,movie,Mo' Better Blues,1990,130,"Drama,Music,Romance",6.7,15044
tt0100201,movie,Mr. Destiny,1990,116,"Comedy,Fantasy,Romance",6.5,14429
tt0100212,movie,My Blue Heaven,1990,97,"Comedy,Crime",6.3,24140
tt0100224,movie,Narrow Margin,1990,97,"Action,Crime,Thriller",6.6,12074
tt0100232,movie,Navy Seals,1990,113,"Action,Adventure,Thriller",5.6,19787
tt0100234,movie,Close-Up,1990,98,"Biography,Crime,Drama",8.2,27050
tt0100240,movie,The NeverEnding Story II: The Next Chapter,1990,89,"Adventure,Drama,Family",5.1,29101
tt0100258,movie,Night of the Living Dead,1990,92,Horror,6.8,49228
tt0100260,movie,Nightbreed,1990,102,"Action,Fantasy,Horror",6.5,29005
tt0100263,movie,La Femme Nikita,1990,117,"Action,Crime,Drama",7.2,81857
tt0100318,movie,Pacific Heights,1990,102,"Drama,Mystery,Thriller",6.4,25608
tt0100332,movie,Paris Is Burning,1990,78,Documentary,8.2,21447
tt0100395,movie,Postcards from the Edge,1990,101,"Comedy,Drama",6.7,22121
tt0100403,movie,Predator 2,1990,108,"Action,Horror,Sci-Fi",6.3,202909
tt0100404,movie,Presumed Innocent,1990,127,"Mystery,Thriller",6.9,53029
tt0100405,movie,Pretty Woman,1990,119,"Comedy,Romance",7.1,407708
tt0100419,movie,Problem Child,1990,81,"Comedy,Family",5.5,35606
tt0100436,movie,Pump Up the Volume,1990,102,"Comedy,Drama,Music",7.2,33606
tt0100449,movie,Quick Change,1990,89,"Comedy,Crime",6.8,24186
tt0100469,movie,The Reflecting Skin,1990,96,"Drama,Horror,Thriller",6.7,10578
tt0100475,movie,Repossessed,1990,84,"Comedy,Fantasy,Horror",4.8,10943
tt0100477,movie,The Rescuers Down Under,1990,77,"Adventure,Animation,Comedy",6.8,51456
tt0100485,movie,Revenge,1990,124,"Action,Crime,Drama",6.2,22780
tt0100486,movie,Reversal of Fortune,1990,111,"Biography,Drama,Mystery",7.1,21602
tt0100502,movie,RoboCop 2,1990,117,"Action,Crime,Sci-Fi",5.8,100232
tt0100507,movie,Rocky V,1990,104,"Drama,Sport",5.4,162266
tt0100514,movie,The Rookie,1990,120,"Action,Crime,Drama",5.9,31845
tt0100519,movie,Rosencrantz & Guildenstern Are Dead,1990,117,"Comedy,Drama",7.3,25833
tt0100530,movie,The Russia House,1990,123,"Drama,Romance,Thriller",6.1,19791
tt0100594,movie,The Sheltering Sky,1990,138,"Adventure,Drama",6.7,14833
tt0100685,movie,State of Grace,1990,134,"Action,Crime,Drama",7.1,29347
tt0100740,movie,Tales from the Darkside: The Movie,1990,93,"Comedy,Fantasy,Horror",6.2,21062
tt0100758,movie,Teenage Mutant Ninja Turtles,1990,93,"Action,Adventure,Comedy",6.8,112975
tt0100802,movie,Total Recall,1990,113,"Action,Adventure,Sci-Fi",7.5,382713
tt0100814,movie,Tremors,1990,96,"Comedy,Horror",7.2,166556
tt0100828,movie,The Two Jakes,1990,137,"Crime,Drama,Mystery",6.1,15705
tt0100928,movie,White Hunter Black Heart,1990,112,"Adventure,Drama",6.5,14397
tt0100934,movie,Wild Orchid,1989,105,"Drama,Romance",4.5,13732
tt0100935,movie,Wild at Heart,1990,125,"Crime,Drama,Thriller",7.2,111905
tt0100944,movie,The Witches,1990,91,"Adventure,Comedy,Family",6.8,59551
tt0100994,movie,Young Guns II,1990,104,"Action,Drama,Western",6.5,40676
tt0100998,movie,Dreams,1990,119,"Drama,Fantasy",7.7,32904
tt0101026,movie,Tie Me Up! Tie Me Down!,1989,101,"Comedy,Crime,Drama",7.0,33597
tt0101258,movie,Days of Being Wild,1990,94,"Crime,Drama,Romance",7.4,28656
tt0101272,movie,The Addams Family,1991,99,"Comedy,Fantasy",7.0,201889
tt0101316,movie,The Lover,1992,115,"Biography,Drama,Romance",6.8,25404
tt0101318,movie,The Lovers on the Bridge,1991,125,"Drama,Romance",7.6,17394
tt0101329,movie,An American Tail: Fievel Goes West,1991,75,"Adventure,Animation,Comedy",6.5,30318
tt0101393,movie,Backdraft,1991,137,"Action,Drama,Mystery",6.7,94018
tt0101410,movie,Barton Fink,1991,116,"Comedy,Drama,Thriller",7.6,135947
tt0101414,movie,Beauty and the Beast,1991,84,"Animation,Family,Fantasy",8.0,506860
tt0101420,movie,Begotten,1989,72,"Fantasy,Horror",5.5,12799
tt0101428,movie,La belle noiseuse,1991,238,Drama,7.5,10613
tt0101452,movie,Bill & Ted's Bogus Journey,1991,93,"Adventure,Comedy,Fantasy",6.3,85246
tt0101453,movie,Billy Bathgate,1991,106,"Crime,Drama,Thriller",5.9,13582
tt0101458,movie,Until the End of the World,1991,158,"Action,Drama,Sci-Fi",6.8,12577
tt0101507,movie,Boyz n the Hood,1991,112,"Crime,Drama",7.7,169418
tt0101516,movie,Bugsy,1991,136,"Biography,Crime,Drama",6.8,33630
tt0101540,movie,Cape Fear,1991,128,"Crime,Drama,Thriller",7.3,246198
tt0101545,movie,Career Opportunities,1991,83,"Comedy,Romance",5.9,21157
tt0101587,movie,City Slickers,1991,113,"Comedy,Western",6.8,67480
tt0101605,movie,The Commitments,1991,118,"Comedy,Drama,Music",7.6,42994
tt0101615,movie,Cool as Ice,1991,91,"Comedy,Drama,Music",3.0,10823
tt0101627,movie,Critters 3,1991,86,"Comedy,Horror,Sci-Fi",4.5,14452
tt0101635,movie,Curly Sue,1991,101,"Comedy,Drama,Family",5.9,24987
tt0101640,movie,Raise the Red Lantern,1991,125,"Drama,Romance",8.1,38181
tt0101649,movie,Thalapathi,1991,157,"Action,Crime,Drama",8.5,16054
tt0101669,movie,Dead Again,1991,107,"Crime,Drama,Mystery",6.8,32577
tt0101698,movie,Defending Your Life,1991,112,"Comedy,Drama,Fantasy",7.2,23608
tt0101700,movie,Delicatessen,1991,99,"Comedy,Crime",7.5,94525
tt0101701,movie,Delirious,1991,96,"Comedy,Fantasy",5.8,10882
tt0101745,movie,Doc Hollywood,1991,104,"Comedy,Drama,Romance",6.3,42925
tt0101748,movie,Dogfight,1991,94,"Comedy,Drama,Romance",7.3,11347
tt0101757,movie,Don't Tell Mom the Babysitter's Dead,1991,102,Comedy,6.4,40435
tt0101761,movie,The Doors,1991,140,"Biography,Drama,Music",7.2,107436
tt0101764,movie,Double Impact,1991,110,"Action,Crime",5.7,47743
tt0101765,movie,The Double Life of Véronique,1991,98,"Drama,Fantasy,Music",7.6,57231
tt0101775,movie,Drop Dead Fred,1991,103,"Comedy,Drama,Fantasy",6.0,33930
tt0101786,movie,Dutch,1991,107,"Comedy,Drama",6.5,15426
tt0101787,movie,Dying Young,1991,111,"Drama,Romance",6.0,18173
tt0101821,movie,Ernest Scared Stupid,1991,91,"Comedy,Family,Fantasy",5.8,14261
tt0101829,movie,Europa,1991,108,"Crime,Drama,Thriller",7.5,24715
tt0101846,movie,F/X2,1991,108,"Action,Thriller",5.9,11498
tt0101862,movie,Father of the Bride,1991,105,"Comedy,Family,Romance",6.6,93549
tt0101889,movie,The Fisher King,1991,137,"Comedy,Drama,Fantasy",7.5,97053
tt0101912,movie,Frankie and Johnny,1991,118,"Comedy,Drama,Romance",6.8,38714
tt0101917,movie,Freddy's Dead: The Final Nightmare,1991,89,"Fantasy,Horror",4.7,55973
tt0101921,movie,Fried Green Tomatoes,1991,130,Drama,7.7,92385
tt0101969,movie,Grand Canyon,1991,134,"Crime,Drama",6.8,17508
tt0101984,movie,Guilty by Suspicion,1991,105,Drama,6.6,10499
tt0101985,movie,A Brighter Summer Day,1991,237,"Crime,Drama,Romance",8.2,15162
tt0102004,movie,The Hard Way,1991,111,"Action,Comedy,Crime",6.4,24029
tt0102005,movie,Harley Davidson and the Marlboro Man,1991,98,"Action,Crime,Drama",6.1,25283
tt0102015,movie,Hearts of Darkness: A Filmmaker's Apocalypse,1991,96,Documentary,8.1,25865
tt0102034,movie,Highlander II: The Quickening,1991,91,"Action,Adventure,Drama",4.2,50635
tt0102057,movie,Hook,1991,142,"Adventure,Comedy,Family",6.8,292706
tt0102059,movie,Hot Shots!,1991,85,"Action,Comedy",6.7,125390
tt0102070,movie,Hudson Hawk,1991,100,"Action,Adventure,Comedy",5.7,64814
tt0102116,movie,The Indian Runner,1991,127,Drama,6.9,10401
tt0102138,movie,JFK,1991,189,"Drama,History,Thriller",8.0,182346
tt0102164,movie,Johnny Stecchino,1991,102,"Comedy,Crime,Romance",7.2,12444
tt0102175,movie,Jungle Fever,1991,132,"Drama,Romance",6.6,21078
tt0102181,movie,Kafka,1991,98,"Drama,Mystery,Sci-Fi",6.8,11122
tt0102216,movie,King Ralph,1991,97,"Comedy,Romance",5.4,17937
tt0102250,movie,L.A. Story,1991,95,"Comedy,Drama,Fantasy",6.7,34821
tt0102266,movie,The Last Boy Scout,1991,105,"Action,Comedy,Crime",7.0,121089
tt0102293,movie,Riki-Oh: The Story of Ricky,1991,91,"Action,Comedy,Crime",7.0,16662
tt0102303,movie,Life Stinks,1991,92,Comedy,5.9,12450
tt0102307,movie,Light Sleeper,1992,103,"Crime,Drama",6.9,11425
tt0102316,movie,Little Man Tate,1991,99,Drama,6.6,17933
tt0102343,movie,Love Potion No. 9,1992,92,"Comedy,Fantasy,Romance",5.7,16114
tt0102370,movie,Madonna: Truth or Dare,1991,120,"Documentary,Music",6.5,10533
tt0102388,movie,The Man in the Moon,1991,99,"Drama,Romance",7.2,21705
tt0102426,movie,Mediterraneo,1991,96,"Comedy,Drama,War",7.4,17810
tt0102443,movie,A Midnight Clear,1992,108,"Drama,War",7.1,10667
tt0102460,movie,Mobsters,1991,104,"Crime,Drama",5.9,10293
tt0102469,movie,Mortal Thoughts,1991,103,"Mystery,Thriller",5.8,10562
tt0102492,movie,My Girl,1991,102,"Comedy,Drama,Family",6.9,98487
tt0102494,movie,My Own Private Idaho,1991,104,Drama,6.9,67416
tt0102510,movie,The Naked Gun 2½: The Smell of Fear,1991,85,"Comedy,Crime",6.9,141981
tt0102511,movie,Naked Lunch,1991,115,"Drama,Mystery",6.9,61071
tt0102517,movie,Necessary Roughness,1991,108,"Comedy,Sport",6.2,13967
tt0102526,movie,New Jack City,1991,97,"Action,Crime,Drama",6.7,42465
tt0102536,movie,Night on Earth,1991,129,"Comedy,Drama",7.6,71355
tt0102555,movie,Not Without My Daughter,1991,116,"Drama,Thriller",6.6,17718
tt0102558,movie,Nothing But Trouble,1991,94,"Adventure,Comedy",5.2,30371
tt0102587,movie,Only Yesterday,1991,119,"Animation,Drama,Romance",7.6,42608
tt0102592,movie,One False Move,1991,105,"Crime,Drama,Thriller",7.1,16583
tt0102598,movie,Only the Lonely,1991,104,"Comedy,Romance",6.4,13493
tt0102603,movie,Oscar,1991,109,"Comedy,Crime",6.5,36939
tt0102609,movie,Other People's Money,1991,103,"Comedy,Drama,Romance",6.2,10150
tt0102614,movie,Out for Justice,1991,91,"Action,Crime,Drama",6.1,28041
tt0102685,movie,Point Break,1991,122,"Action,Crime,Thriller",7.3,226701
tt0102713,movie,The Prince of Tides,1991,132,"Drama,Romance",6.8,21523
tt0102719,movie,Problem Child 2,1991,90,"Comedy,Family",5.0,25250
tt0102744,movie,Quigley Down Under,1990,119,"Action,Adventure,Drama",6.9,27425
tt0102768,movie,Regarding Henry,1991,108,"Drama,Romance",6.7,36322
tt0102782,movie,Return to the Blue Lagoon,1991,102,"Adventure,Drama,Romance",5.2,23378
tt0102789,movie,Ricochet,1991,102,"Action,Crime,Drama",6.2,22898
tt0102798,movie,Robin Hood: Prince of Thieves,1991,143,"Action,Adventure,Drama",6.9,222806
tt0102802,movie,Rock-A-Doodle,1991,77,"Adventure,Animation,Comedy",6.0,11540
tt0102803,movie,The Rocketeer,1991,108,"Action,Adventure,Family",6.6,66033
tt0102820,movie,Rush,1991,120,"Action,Crime,Drama",6.7,11178
tt0102900,movie,Shattered,1991,98,"Crime,Drama,Mystery",6.5,12876
tt0102915,movie,Showdown in Little Tokyo,1991,79,"Action,Comedy,Crime",6.1,22488
tt0102926,movie,The Silence of the Lambs,1991,118,"Crime,Drama,Horror",8.6,1730941
tt0102943,movie,Slacker,1990,97,"Comedy,Drama",7.0,25460
tt0102945,movie,Sleeping with the Enemy,1991,99,"Drama,Thriller",6.3,71939
tt0102951,movie,Soapdish,1991,97,"Comedy,Romance",6.6,18927
tt0102975,movie,Star Trek VI: The Undiscovered Country,1991,110,"Action,Adventure,Sci-Fi",7.3,85419
tt0102984,movie,Stone Cold,1991,92,"Action,Crime,Drama",6.1,11244
tt0103003,movie,Suburban Commando,1991,90,"Action,Comedy,Sci-Fi",4.7,12186
tt0103016,movie,Switch,1991,103,"Comedy,Fantasy",5.8,11300
tt0103030,movie,High Heels,1991,112,"Comedy,Drama,Romance",7.0,18914
tt0103035,movie,Taking Care of Business,1990,108,Comedy,6.4,10074
tt0103060,movie,Teenage Mutant Ninja Turtles II: The Secret of the Ooze,1991,88,"Action,Adventure,Comedy",6.0,64860
tt0103064,movie,Terminator 2: Judgment Day,1991,137,"Action,Adventure,Sci-Fi",8.6,1288451
tt0103074,movie,Thelma & Louise,1991,130,"Adventure,Crime,Drama",7.6,194619
tt0103112,movie,Toy Soldiers,1991,111,"Action,Drama,Thriller",6.6,26371
tt0103130,movie,Trust,1990,107,"Comedy,Crime,Drama",7.4,11826
tt0103241,movie,What About Bob?,1991,99,Comedy,7.0,79259
tt0103247,movie,White Fang,1991,107,"Adventure,Drama,Family",6.7,24290
tt0103285,movie,Once Upon a Time in China,1991,134,Action,7.2,21480
tt0103594,movie,1492: Conquest of Paradise,1992,154,"Adventure,Biography,Drama",6.4,35254
tt0103596,movie,3 Ninjas,1992,84,"Action,Comedy,Family",5.4,25139
tt0103639,movie,Aladdin,1992,90,"Adventure,Animation,Comedy",8.0,502300
tt0103644,movie,Alien³,1992,114,"Action,Horror,Sci-Fi",6.4,353613
tt0103671,movie,American Me,1992,125,"Biography,Crime,Drama",7.1,11598
tt0103747,movie,The Babe,1992,115,"Biography,Drama,Sport",5.9,10890
tt0103759,movie,Bad Lieutenant,1992,96,"Crime,Drama,Thriller",7.0,52758
tt0103767,movie,Baraka,1992,96,Documentary,8.5,43248
tt0103772,movie,Basic Instinct,1992,127,"Drama,Mystery,Romance",7.1,244763
tt0103776,movie,Batman Returns,1992,126,"Action,Crime,Fantasy",7.1,350608
tt0103786,movie,Beethoven,1992,87,"Comedy,Drama,Family",5.8,81726
tt0103791,movie,Belle Epoque,1992,109,"Comedy,Drama,Romance",7.1,12232
tt0103793,movie,Benny's Video,1992,110,"Crime,Drama",7.1,20900
tt0103850,movie,Bob Roberts,1992,102,"Comedy,Drama",7.0,14967
tt0103855,movie,The Bodyguard,1992,129,"Drama,Music,Romance",6.4,158968
tt0103859,movie,Boomerang,1992,117,"Comedy,Drama,Romance",5.7,32591
tt0103873,movie,Braindead,1992,104,"Comedy,Fantasy,Horror",7.4,110110
tt0103874,movie,Dracula,1992,128,"Fantasy,Horror,Romance",7.4,268950
tt0103893,movie,Buffy the Vampire Slayer,1992,86,"Action,Comedy,Fantasy",5.7,52690
tt0103905,movie,Man Bites Dog,1992,95,"Comedy,Crime,Drama",7.4,45109
tt0103919,movie,Candyman,1992,99,"Horror,Thriller",6.8,109737
tt0103923,movie,Captain America,1990,97,"Action,Adventure,Sci-Fi",3.3,16139
tt0103924,movie,Captain Ron,1992,100,"Adventure,Comedy",5.9,24746
tt0103939,movie,Chaplin,1992,143,"Biography,Comedy,Drama",7.5,65770
tt0103950,movie,City Hunter,1993,100,"Action,Comedy,Crime",6.3,13832
tt0103956,movie,Child's Play 3,1991,90,"Horror,Thriller",5.2,51517
tt0103994,movie,Like Water for Chocolate,1992,105,"Drama,Romance",7.1,20565
tt0104009,movie,Cool World,1992,102,"Animation,Comedy,Fantasy",4.9,27011
tt0104029,movie,Cronos,1992,94,"Drama,Fantasy,Horror",6.7,36678
tt0104036,movie,The Crying Game,1992,112,"Crime,Drama,Romance",7.2,63499
tt0104040,movie,The Cutting Edge,1992,101,"Comedy,Drama,Romance",6.9,25368
tt0104070,movie,Death Becomes Her,1992,104,"Comedy,Fantasy,Horror",6.7,150574
tt0104073,movie,Deep Cover,1992,107,"Action,Crime,Thriller",7.0,16645
tt0104114,movie,The Distinguished Gentleman,1992,112,"Comedy,Crime",5.9,17957
tt0104181,movie,Wuthering Heights,1992,105,"Drama,History,Romance",6.6,16511
tt0104187,movie,Encino Man,1992,88,Comedy,5.9,49022
tt0104231,movie,Far and Away,1992,140,"Adventure,Drama,Romance",6.6,72958
tt0104237,movie,Damage,1992,111,"Drama,Romance",6.7,22748
tt0104254,movie,FernGully: The Last Rainforest,1992,76,"Adventure,Animation,Family",6.6,37608
tt0104257,movie,A Few Good Men,1992,138,"Drama,Thriller",7.8,318659
tt0104265,movie,Final Analysis,1992,124,"Drama,Thriller",5.9,16308
tt0104291,movie,Forever Young,1992,102,"Drama,Romance,Sci-Fi",6.4,52912
tt0104299,movie,Freejack,1992,110,"Action,Crime,Sci-Fi",5.4,18821
tt0104346,movie,Gladiator,1992,101,"Action,Drama,Sport",6.6,11869
tt0104348,movie,Glengarry Glen Ross,1992,100,"Crime,Drama,Mystery",7.6,126311
tt0104389,movie,The Hand That Rocks the Cradle,1992,110,"Drama,Thriller",6.7,55980
tt0104409,movie,Hellraiser III: Hell on Earth,1992,93,Horror,5.5,38232
tt0104412,movie,Hero,1992,119,"Comedy,Drama,Romance",6.5,25257
tt0104427,movie,Hoffa,1992,140,"Biography,Crime,Drama",6.6,26194
tt0104431,movie,Home Alone 2: Lost in New York,1992,120,"Adventure,Comedy,Crime",6.9,457945
tt0104437,movie,"Honey, I Blew Up the Kid",1992,89,"Adventure,Comedy,Family",4.9,49592
tt0104438,movie,Honeymoon in Vegas,1992,96,"Comedy,Romance,Thriller",5.9,20538
tt0104452,movie,Housesitter,1992,102,"Comedy,Romance",6.2,28799
tt0104454,movie,Howards End,1992,142,"Drama,Romance",7.3,38817
tt0104466,movie,Husbands and Wives,1992,108,"Comedy,Drama,Romance",7.5,33056
tt0104507,movie,Indochine,1992,160,"Drama,Romance,War",7.0,11786
tt0104511,movie,Innocent Blood,1992,112,"Action,Comedy,Crime",6.2,12208
tt0104545,movie,Jamon Jamon,1992,95,"Comedy,Drama,Romance",6.4,16827
tt0104549,movie,Jennifer 8,1992,124,"Crime,Drama,Mystery",6.3,19716
tt0104558,movie,Police Story 3: Supercop,1992,91,"Action,Comedy,Crime",7.0,26864
tt0104561,movie,Jo Jeeta Wohi Sikandar,1992,174,"Comedy,Drama,Romance",8.1,27690
tt0104573,movie,Juice,1992,95,"Action,Crime,Drama",7.0,33513
tt0104647,movie,Kuffs,1992,102,"Action,Comedy,Crime",5.9,12172
tt0104652,movie,Porco Rosso,1992,94,"Adventure,Animation,Comedy",7.7,117396
tt0104670,movie,Ladybugs,1992,90,"Comedy,Sport",5.5,11392
tt0104684,movie,Hard Boiled,1992,128,"Action,Crime,Thriller",7.7,60034
tt0104691,movie,The Last of the Mohicans,1992,112,"Action,Adventure,Drama",7.6,207665
tt0104692,movie,The Lawnmower Man,1992,108,"Horror,Sci-Fi",5.5,42401
tt0104694,movie,A League of Their Own,1992,128,"Comedy,Drama,Sport",7.4,130935
tt0104695,movie,Leap of Faith,1992,108,"Comedy,Drama,Romance",6.2,15828
tt0104714,movie,Lethal Weapon 3,1992,118,"Action,Crime,Thriller",6.7,189041
tt0104756,movie,Lorenzo's Oil,1992,129,"Biography,Drama",7.3,25553
tt0104779,movie,Bitter Moon,1992,139,"Drama,Romance,Thriller",7.2,46488
tt0104797,movie,Malcolm X,1992,202,"Biography,Drama,History",7.7,111604
tt0104815,movie,El Mariachi,1992,81,"Action,Crime,Thriller",6.8,74962
tt0104839,movie,Medicine Man,1992,106,"Adventure,Drama,Romance",6.0,26284
tt0104850,movie,Memoirs of an Invisible Man,1992,99,"Comedy,Romance,Sci-Fi",6.0,29553
tt0104860,movie,We Are Not Angels,1992,98,"Comedy,Fantasy,Romance",8.3,10232
tt0104868,movie,The Mighty Ducks,1992,104,"Comedy,Drama,Family",6.6,77082
tt0104926,movie,Mr. Baseball,1992,108,"Comedy,Romance,Sport",6.1,12870
tt0104940,movie,The Muppet Christmas Carol,1992,85,"Comedy,Drama,Family",7.8,82296
tt0104952,movie,My Cousin Vinny,1992,120,"Comedy,Crime",7.6,159834
tt0104990,movie,Newsies,1992,121,"Drama,Family,History",6.9,24409
tt0105017,movie,Noises Off...,1992,101,Comedy,7.4,13870
tt0105046,movie,Of Mice and Men,1992,115,"Drama,Western",7.4,51471
tt0105104,movie,Passenger 57,1992,84,"Action,Crime,Thriller",5.9,53791
tt0105112,movie,Patriot Games,1992,117,"Action,Thriller",6.8,128769
tt0105121,movie,The People Under the Stairs,1991,102,"Comedy,Horror,Mystery",6.4,43899
tt0105128,movie,Pet Sematary II,1992,100,"Fantasy,Horror,Thriller",5.0,25378
tt0105130,movie,Peter's Friends,1992,101,"Comedy,Drama,Romance",7.0,13122
tt0105151,movie,The Player,1992,124,"Comedy,Crime,Drama",7.5,72410
tt0105156,movie,Poison Ivy,1992,93,"Drama,Thriller",5.4,21596
tt0105159,movie,The Power of One,1992,127,"Drama,Sport",7.1,11456
tt0105211,movie,Radio Flyer,1992,114,Drama,6.9,15226
tt0105217,movie,Raising Cain,1992,92,"Crime,Drama,Horror",6.1,19142
tt0105219,movie,Rapid Fire,1992,95,"Action,Crime,Drama",6.3,11137
tt0105226,movie,Red Rock West,1993,98,"Crime,Drama,Thriller",7.0,28413
tt0105236,movie,Reservoir Dogs,1992,99,"Crime,Thriller",8.2,1173439
tt0105265,movie,A River Runs Through It,1992,123,Drama,7.2,71487
tt0105271,movie,Roja,1992,137,"Drama,Musical,Romance",8.1,14811
tt0105275,movie,Romper Stomper,1992,94,"Crime,Drama,Thriller",6.8,43655
tt0105323,movie,Scent of a Woman,1992,156,Drama,8.0,373119
tt0105327,movie,School Ties,1992,106,Drama,6.9,29473
tt0105378,movie,Shadows and Fog,1991,85,Comedy,6.7,19102
tt0105391,movie,Shining Through,1992,132,"Drama,Romance,Thriller",6.4,11563
tt0105399,movie,Twin Dragons,1992,104,"Action,Comedy",6.4,14036
tt0105402,movie,Sidekicks,1992,101,"Action,Adventure,Comedy",5.3,10979
tt0105414,movie,Single White Female,1992,107,"Drama,Thriller",6.4,46708
tt0105415,movie,Singles,1992,99,"Comedy,Drama,Music",6.8,35552
tt0105417,movie,Sister Act,1992,100,"Comedy,Family,Music",6.6,118969
tt0105428,movie,Sleepwalkers,1992,89,"Fantasy,Horror",5.4,27477
tt0105435,movie,Sneakers,1992,126,"Comedy,Crime,Drama",7.1,67578
tt0105459,movie,Split Second,1992,90,"Action,Crime,Horror",6.0,18714
tt0105466,movie,Stay Tuned,1992,88,"Adventure,Comedy,Fantasy",6.3,14211
tt0105477,movie,Stop! Or My Mom Will Shoot,1992,87,"Action,Comedy",4.4,46280
tt0105488,movie,Strictly Ballroom,1992,94,"Comedy,Drama,Music",7.2,31035
tt0105585,movie,Thunderheart,1992,119,"Crime,Mystery,Thriller",6.8,19419
tt0105616,movie,Tom and Jerry: The Movie,1992,84,"Adventure,Animation,Comedy",5.5,13293
tt0105629,movie,Toys,1992,118,"Adventure,Comedy,Drama",5.1,35370
tt0105636,movie,Trespass,1992,101,"Action,Thriller",6.3,13734
tt0105643,movie,Troll 2,1990,95,"Comedy,Fantasy,Horror",3.0,36499
tt0105665,movie,Twin Peaks: Fire Walk with Me,1992,134,"Drama,Horror,Mystery",7.3,118751
tt0105682,movie,A Heart in Winter,1992,105,"Drama,Music,Romance",7.5,11597
tt0105690,movie,Under Siege,1992,103,"Action,Thriller",6.5,103224
tt0105695,movie,Unforgiven,1992,130,"Drama,Western",8.2,469458
tt0105698,movie,Universal Soldier,1992,102,"Action,Sci-Fi",6.1,102054
tt0105699,movie,Unlawful Entry,1992,111,"Crime,Drama,Thriller",6.4,22117
tt0105793,movie,Wayne's World,1992,94,"Comedy,Music",7.0,182780
tt0105812,movie,White Men Can't Jump,1992,115,"Comedy,Sport",6.8,104009
tt0105839,movie,Once Upon a Time in China II,1992,113,"Action,Adventure,Biography",7.3,11443
tt0106220,movie,Addams Family Values,1993,94,"Comedy,Fantasy",6.9,123893
tt0106226,movie,The Age of Innocence,1993,139,"Drama,Romance",7.2,75162
tt0106246,movie,Alive,1993,128,"Biography,Drama,Thriller",7.1,68935
tt0106266,movie,Amos & Andrew,1993,96,"Comedy,Crime",5.7,10388
tt0106292,movie,Another Stakeout,1993,108,"Comedy,Crime",5.6,16262
tt0106307,movie,Arizona Dream,1993,142,"Comedy,Drama,Fantasy",7.2,47882
tt0106308,movie,Army of Darkness,1992,81,"Comedy,Horror",7.4,209555
tt0106332,movie,Farewell My Concubine,1993,171,"Drama,Music,Romance",8.1,37317
tt0106333,movie,Baazigar,1993,175,"Crime,Drama,Musical",7.6,32039
tt0106341,movie,Bad Boy Bubby,1993,114,"Comedy,Crime,Drama",7.3,16148
tt0106364,movie,Batman: Mask of the Phantasm,1993,76,"Action,Adventure,Animation",7.8,64079
tt0106375,movie,Beethoven's 2nd,1993,89,"Comedy,Family,Romance",5.0,31585
tt0106387,movie,Benny & Joon,1993,98,"Comedy,Drama,Romance",7.1,65491
tt0106400,movie,The Beverly Hillbillies,1993,92,"Comedy,Family",5.1,21262
tt0106452,movie,Body Snatchers,1993,87,"Horror,Sci-Fi",6.0,21916
tt0106453,movie,Body of Evidence,1993,99,"Drama,Thriller",4.6,17727
tt0106469,movie,Blood in Blood Out,1993,180,"Biography,Crime,Drama",7.9,37910
tt0106471,movie,Boxing Helena,1993,107,"Drama,Mystery,Romance",4.8,14011
tt0106489,movie,A Bronx Tale,1993,121,"Crime,Drama",7.8,186930
tt0106500,movie,CB4,1993,89,"Comedy,Music",6.3,11235
tt0106519,movie,Carlito's Way,1993,144,"Crime,Drama,Thriller",7.9,248832
tt0106557,movie,Children of the Corn II: The Final Sacrifice,1992,92,"Horror,Thriller",4.4,10472
tt0106582,movie,Cliffhanger,1993,113,"Action,Adventure,Thriller",6.5,148824
tt0106598,movie,Coneheads,1993,88,"Comedy,Sci-Fi",5.5,62335
tt0106611,movie,Cool Runnings,1993,98,"Adventure,Comedy,Family",7.0,124058
tt0106627,movie,The Crush,1993,89,"Crime,Drama,Romance",5.9,23560
tt0106664,movie,The Dark Half,1993,122,"Horror,Mystery,Thriller",6.0,22250
tt0106673,movie,Dave,1993,110,"Comedy,Romance",6.9,60377
tt0106677,movie,Dazed and Confused,1993,103,Comedy,7.6,217174
tt0106697,movie,Demolition Man,1993,115,"Action,Sci-Fi,Thriller",6.7,209796
tt0106701,movie,Dennis the Menace,1993,94,"Comedy,Family",5.7,69422
tt0106761,movie,Double Dragon,1994,96,"Action,Adventure,Comedy",4.0,14982
tt0106770,movie,Dragon: The Bruce Lee Story,1993,120,"Action,Biography,Drama",7.0,33915
tt0106856,movie,Falling Down,1993,113,"Crime,Drama,Thriller",7.5,227294
tt0106881,movie,Fearless,1993,122,"Drama,Thriller",7.0,26267
tt0106912,movie,Fire in the Sky,1993,109,"Biography,Drama,Fantasy",6.5,31890
tt0106918,movie,The Firm,1993,154,"Crime,Drama,Mystery",6.9,162130
tt0106941,movie,For Love or Money,1993,96,"Comedy,Drama,Romance",6.2,16754
tt0106950,movie,Fortress,1992,95,"Action,Crime,Sci-Fi",5.9,32210
tt0106965,movie,Free Willy,1993,112,"Adventure,Drama,Family",6.1,89631
tt0106977,movie,The Fugitive,1993,130,"Action,Crime,Drama",7.8,347781
tt0107004,movie,Geronimo: An American Legend,1993,115,"Drama,History,Western",6.6,15426
tt0107007,movie,Gettysburg,1993,254,"Drama,History,War",7.6,32338
tt0107034,movie,The Good Son,1993,87,"Drama,Thriller",6.4,48464
tt0107048,movie,Groundhog Day,1993,101,"Comedy,Drama,Fantasy",8.0,737654
tt0107050,movie,Grumpy Old Men,1993,103,"Comedy,Drama,Romance",7.0,57669
tt0107076,movie,Hard Target,1993,97,"Action,Crime,Thriller",6.2,60110
tt0107091,movie,Heart and Souls,1993,104,"Comedy,Drama,Fantasy",7.0,20313
tt0107096,movie,Heaven & Earth,1993,140,"Action,Biography,Drama",6.8,16158
tt0107120,movie,Hocus Pocus,1993,96,"Comedy,Family,Fantasy",6.9,172988
tt0107131,movie,Homeward Bound: The Incredible Journey,1993,84,"Adventure,Comedy,Drama",7.0,55629
tt0107144,movie,Hot Shots! Part Deux,1993,86,"Action,Comedy",6.6,104118
tt0107151,movie,The House of the Spirits,1993,145,"Drama,Romance",6.9,26602
tt0107156,movie,The Wedding Banquet,1993,106,"Comedy,Drama,Romance",7.6,19008
tt0107206,movie,In the Line of Fire,1993,128,"Action,Crime,Drama",7.2,123695
tt0107207,movie,In the Name of the Father,1993,133,"Biography,Crime,Drama",8.1,203403
tt0107211,movie,Indecent Proposal,1993,117,"Drama,Romance",6.1,87420
tt0107254,movie,Jason Goes to Hell: The Final Friday,1993,87,"Fantasy,Horror,Mystery",4.1,41225
tt0107282,movie,The Joy Luck Club,1993,139,Drama,7.7,19730
tt0107286,movie,Judgment Night,1993,110,"Action,Crime,Drama",6.6,21141
tt0107290,movie,Jurassic Park,1993,127,"Adventure,Sci-Fi",8.2,1184029
tt0107302,movie,Kalifornia,1993,117,"Crime,Drama,Thriller",6.7,62799
tt0107315,movie,Kika,1993,114,Comedy,6.5,16064
tt0107362,movie,Last Action Hero,1993,130,"Action,Adventure,Comedy",6.5,173919
tt0107387,movie,Leprechaun,1992,92,"Comedy,Fantasy,Horror",4.8,33902
tt0107426,movie,Little Buddha,1993,123,Drama,6.2,19287
tt0107438,movie,Look Who's Talking Now,1993,96,"Comedy,Family,Romance",4.4,32669
tt0107468,movie,M. Butterfly,1993,101,"Drama,Romance",6.7,11782
tt0107473,movie,Mad Dog and Glory,1993,97,"Comedy,Crime,Drama",6.3,24111
tt0107478,movie,Made in America,1993,111,Comedy,5.1,18770
tt0107497,movie,Malice,1993,107,"Crime,Mystery,Thriller",6.5,31225
tt0107501,movie,The Man Without a Face,1993,115,Drama,6.7,32977
tt0107507,movie,Manhattan Murder Mystery,1993,104,"Comedy,Mystery",7.3,49924
tt0107529,movie,Matinee,1993,99,"Comedy,Drama",6.9,13686
tt0107554,movie,Menace II Society,1993,97,"Crime,Drama,Thriller",7.5,70468
tt0107612,movie,Mr. Nanny,1993,84,"Action,Comedy,Family",3.9,10811
tt0107614,movie,Mrs. Doubtfire,1993,125,"Comedy,Drama,Family",7.1,317631
tt0107616,movie,Much Ado About Nothing,1993,111,"Comedy,Drama,Romance",7.3,55799
tt0107617,movie,The Scent of Green Papaya,1993,104,"Drama,Music,Romance",7.3,11091
tt0107630,movie,My Life,1993,117,Drama,6.8,12990
tt0107653,movie,Naked,1993,131,"Comedy,Drama",7.6,48965
tt0107659,movie,Loaded Weapon 1,1993,84,"Action,Comedy,Crime",6.2,53239
tt0107665,movie,Needful Things,1993,121,"Crime,Drama,Fantasy",6.3,30530
tt0107688,movie,The Nightmare Before Christmas,1993,76,"Adventure,Animation,Family",7.9,412695
tt0107692,movie,Ninja Scroll,1993,94,"Action,Adventure,Animation",7.8,44897
tt0107711,movie,Nowhere to Run,1993,94,"Action,Drama,Romance",5.7,28115
tt0107756,movie,Orlando,1992,94,"Biography,Drama,Fantasy",7.1,21131
tt0107798,movie,The Pelican Brief,1993,141,"Crime,Drama,Mystery",6.6,104499
tt0107808,movie,A Perfect World,1993,138,"Crime,Drama,Thriller",7.5,93906
tt0107818,movie,Philadelphia,1993,125,Drama,7.7,274980
tt0107822,movie,The Piano,1993,121,"Drama,Music,Romance",7.5,101605
tt0107840,movie,Poetic Justice,1993,109,"Drama,Romance",6.2,18487
tt0107843,movie,Point of No Return,1993,109,"Action,Crime,Drama",6.1,32171
tt0107889,movie,The Program,1993,112,"Action,Drama,Romance",6.5,12287
tt0107927,movie,The Real McCoy,1993,105,"Crime,Drama,Thriller",5.5,10406
tt0107943,movie,The Remains of the Day,1993,134,"Drama,Romance",7.8,93393
tt0107953,movie,Return of the Living Dead III,1993,97,Horror,5.9,18601
tt0107969,movie,Rising Sun,1993,129,"Action,Crime,Drama",6.3,50423
tt0107977,movie,Robin Hood: Men in Tights,1993,104,"Adventure,Comedy,Musical",6.7,146394
tt0107978,movie,RoboCop 3,1993,104,"Action,Crime,Sci-Fi",4.2,57356
tt0107983,movie,Romeo Is Bleeding,1993,110,"Crime,Drama,Romance",6.5,16798
tt0107985,movie,Rookie of the Year,1993,103,"Comedy,Family,Fantasy",6.1,33976
tt0108002,movie,Rudy,1993,114,"Biography,Drama,Sport",7.5,74871
tt0108037,movie,The Sandlot,1993,101,"Comedy,Drama,Family",7.8,115886
tt0108052,movie,Schindler's List,1993,195,"Biography,Drama,History",9.0,1590130
tt0108065,movie,Searching for Bobby Fischer,1993,109,"Biography,Drama,Sport",7.3,44806
tt0108071,movie,The Secret Garden,1993,101,"Drama,Family,Fantasy",7.3,47369
tt0108101,movie,Shadowlands,1993,131,"Biography,Drama,Romance",7.3,21635
tt0108122,movie,Short Cuts,1993,188,"Comedy,Drama",7.6,50073
tt0108147,movie,Sister Act 2: Back in the Habit,1993,107,"Comedy,Family,Music",5.8,63925
tt0108148,movie,Iron Monkey,1993,85,"Action,Crime,Drama",7.5,18170
tt0108149,movie,Six Degrees of Separation,1993,112,"Comedy,Drama,Mystery",6.7,24264
tt0108160,movie,Sleepless in Seattle,1993,105,"Comedy,Drama,Romance",6.8,208167
tt0108162,movie,Sliver,1993,107,"Drama,Thriller",5.1,37710
tt0108171,movie,Sniper,1993,98,"Action,Thriller,War",6.1,26976
tt0108174,movie,So I Married an Axe Murderer,1993,93,"Comedy,Romance",6.5,46101
tt0108185,movie,Sommersby,1993,114,"Drama,Mystery,Romance",6.3,23667
tt0108186,movie,Son in Law,1993,95,"Comedy,Drama,Romance",6.0,23650
tt0108188,movie,Sonatine,1993,94,"Action,Comedy,Crime",7.4,24177
tt0108211,movie,Stalingrad,1993,134,"Drama,War",7.5,39352
tt0108238,movie,Striking Distance,1993,102,"Action,Crime,Mystery",5.9,51622
tt0108255,movie,Super Mario Bros.,1993,104,"Adventure,Comedy,Family",4.2,67877
tt0108265,movie,Swing Kids,1993,112,"Drama,Music",6.8,18346
tt0108281,movie,Tai Chi Master,1993,96,"Action,Comedy,Drama",7.2,11725
tt0108308,movie,Teenage Mutant Ninja Turtles III,1993,96,"Action,Adventure,Comedy",4.8,38851
tt0108330,movie,This Boy's Life,1993,115,"Biography,Drama",7.2,62448
tt0108333,movie,The Three Musketeers,1993,105,"Action,Adventure,Romance",6.4,64249
tt0108358,movie,Tombstone,1993,130,"Biography,Drama,History",7.8,193135
tt0108394,movie,Three Colors: Blue,1993,98,"Drama,Music,Mystery",7.8,118300
tt0108399,movie,True Romance,1993,119,"Crime,Drama,Romance",7.9,261549
tt0108451,movie,Untamed Heart,1993,102,"Drama,Romance",6.8,17009
tt0108473,movie,The Vanishing,1993,109,"Drama,Horror,Mystery",6.3,30474
tt0108500,movie,The Visitors,1993,107,"Comedy,Fantasy",7.0,41217
tt0108525,movie,Wayne's World 2,1993,95,"Comedy,Music",6.2,92374
tt0108526,movie,We're Back! A Dinosaur's Story,1993,72,"Adventure,Animation,Comedy",6.1,17291
tt0108539,movie,Weekend at Bernie's II,1993,97,"Adventure,Comedy,Fantasy",4.9,15262
tt0108550,movie,What's Eating Gilbert Grape,1993,118,Drama,7.7,269636
tt0108551,movie,What's Love Got to Do with It,1993,118,"Biography,Drama,Music",7.4,25720
tt0109015,movie,3 Ninjas Kick Back,1994,93,"Action,Comedy,Family",4.6,10699
tt0109035,movie,Above the Rim,1994,96,"Crime,Drama,Sport",6.6,18312
tt0109040,movie,Ace Ventura: Pet Detective,1994,86,Comedy,6.9,355427
tt0109045,movie,"The Adventures of Priscilla, Queen of the Desert",1994,104,"Comedy,Music",7.5,61750
tt0109068,movie,Airheads,1994,92,"Comedy,Crime,Music",6.2,59900
tt0109117,movie,Andaz Apna Apna,1994,160,"Action,Comedy,Romance",8.0,58048
tt0109127,movie,Angels in the Outfield,1994,102,"Comedy,Drama,Family",6.2,37891
tt0109190,movie,Baby's Day Out,1994,99,"Adventure,Comedy,Crime",6.3,60891
tt0109198,movie,Bad Girls,1994,99,"Action,Adventure,Drama",5.2,14355
tt0109254,movie,Beverly Hills Cop III,1994,104,"Action,Comedy,Crime",5.5,100752
tt0109279,movie,Black Beauty,1994,88,"Adventure,Drama,Family",6.6,11390
tt0109287,movie,Blank Check,1994,93,"Comedy,Crime,Family",5.3,24058
tt0109288,movie,Blankman,1994,92,"Action,Comedy,Crime",5.2,11176
tt0109303,movie,Blown Away,1994,121,"Action,Crime,Drama",6.3,36894
tt0109305,movie,Blue Chips,1994,108,"Drama,Sport",6.3,16449
tt0109327,movie,Brainscan,1994,96,"Horror,Sci-Fi",6.0,14293
tt0109348,movie,Bullets Over Broadway,1994,98,"Comedy,Crime",7.4,43257
tt0109369,movie,Camp Nowhere,1994,96,"Adventure,Comedy,Family",6.1,11597
tt0109370,movie,Canadian Bacon,1995,91,"Action,Comedy",5.9,19581
tt0109382,movie,Dear Diary,1993,100,"Biography,Comedy,Drama",7.2,10109
tt0109402,movie,The Chase,1994,94,"Action,Adventure,Comedy",5.9,20692
tt0109424,movie,Chungking Express,1994,102,"Comedy,Crime,Drama",7.9,112148
tt0109439,movie,City Slickers II: The Legend of Curly's Gold,1994,116,"Comedy,Western",5.6,21767
tt0109440,movie,Fear City: A Family-Style Comedy,1994,100,"Comedy,Horror",7.5,11606
tt0109444,movie,Clear and Present Danger,1994,141,"Action,Crime,Drama",6.9,116978
tt0109445,movie,Clerks,1994,92,Comedy,7.7,240951
tt0109446,movie,The Client,1994,119,"Crime,Drama,Mystery",6.7,86234
tt0109456,movie,Color of Night,1994,121,"Drama,Mystery,Romance",5.2,27590
tt0109484,movie,"Corrina, Corrina",1994,115,"Comedy,Drama,Romance",6.6,15346
tt0109504,movie,Crooklyn,1994,115,"Comedy,Drama",7.1,12372
tt0109506,movie,The Crow,1994,102,"Action,Crime,Drama",7.5,231960
tt0109508,movie,Crumb,1994,119,"Biography,Comedy,Documentary",8.0,23066
tt0109520,movie,D2: The Mighty Ducks,1994,106,"Comedy,Drama,Family",6.1,45967
tt0109555,movie,Darr,1993,178,"Action,Drama,Romance",7.6,27178
tt0109579,movie,Death and the Maiden,1994,103,"Drama,Mystery,Thriller",7.2,29095
tt0109592,movie,Cemetery Man,1994,103,"Comedy,Horror",7.0,26331
tt0109635,movie,Disclosure,1994,128,"Drama,Thriller",6.2,58502
tt0109642,movie,Dolores Claiborne,1995,132,"Crime,Drama,Mystery",7.4,53431
tt0109676,movie,Drop Zone,1994,101,"Action,Adventure,Thriller",5.6,23080
tt0109686,movie,Dumb and Dumber,1994,107,Comedy,7.3,444526
tt0109688,movie,Ashes of Time,1994,100,"Action,Drama",7.0,18352
tt0109707,movie,Ed Wood,1994,127,"Biography,Comedy,Drama",7.8,190429
tt0109759,movie,Exotica,1994,103,Drama,7.0,22610
tt0109813,movie,The Flintstones,1994,91,"Comedy,Family,Fantasy",5.1,92509
tt0109830,movie,Forrest Gump,1994,142,"Drama,Romance",8.8,2507016
tt0109831,movie,Four Weddings and a Funeral,1994,117,"Comedy,Drama,Romance",7.1,182900
tt0109836,movie,Frankenstein,1994,123,"Drama,Horror,Romance",6.3,64034
tt0109842,movie,Fresh,1994,114,"Crime,Drama,Thriller",7.5,16278
tt0109890,movie,The Getaway,1994,115,"Action,Adventure,Crime",5.9,21493
tt0109936,movie,Greedy,1994,113,Comedy,6.3,15608
tt0109951,movie,Guarding Tess,1994,96,"Comedy,Drama",6.2,20888
tt0110005,movie,Heavenly Creatures,1994,99,"Biography,Crime,Drama",7.2,69973
tt0110006,movie,Heavyweights,1995,97,"Comedy,Drama,Family",6.6,33412
tt0110008,movie,Pom Poko,1994,119,"Animation,Comedy,Drama",7.2,39103
tt0110027,movie,Highlander: The Final Dimension,1994,99,"Action,Fantasy,Romance",4.5,23355
tt0110057,movie,Hoop Dreams,1994,170,"Documentary,Drama,Sport",8.3,29615
tt0110074,movie,The Hudsucker Proxy,1994,111,"Comedy,Drama,Fantasy",7.2,90571
tt0110076,movie,Hum Aapke Hain Koun..!,1994,206,"Comedy,Drama,Musical",7.5,24382
tt0110081,movie,To Live,1994,133,"Drama,War",8.3,22473
tt0110093,movie,I Love Trouble,1994,123,"Action,Comedy,Romance",5.4,13289
tt0110099,movie,I.Q.,1994,100,"Comedy,Romance",6.2,27800
tt0110116,movie,Immortal Beloved,1994,121,"Biography,Drama,Music",7.4,27651
tt0110123,movie,In the Army Now,1994,91,"Comedy,War",5.0,15645
tt0110148,movie,Interview with the Vampire: The Vampire Chronicles,1994,123,"Drama,Fantasy,Horror",7.5,378161
tt0110157,movie,Iron Will,1994,108,"Adventure,Family",6.6,10189
tt0110167,movie,It Could Happen to You,1994,101,"Comedy,Drama,Romance",6.4,49339
tt0110169,movie,It's Pat: The Movie,1994,77,Comedy,2.8,10772
tt0110200,movie,Fist of Legend,1994,103,"Action,Drama",7.5,26849
tt0110213,movie,The Jungle Book,1994,111,"Adventure,Family,Fantasy",6.1,20081
tt0110216,movie,Junior,1994,109,"Comedy,Romance,Sci-Fi",4.8,78176
tt0110222,movie,Kabhi Haan Kabhi Naa,1994,158,"Comedy,Drama,Music",7.6,20430
tt0110265,movie,Killing Zoe,1993,96,"Crime,Drama,Thriller",6.4,22447
tt0110308,movie,The Last Seduction,1994,110,"Crime,Drama,Romance",7.0,28881
tt0110322,movie,Legends of the Fall,1994,133,"Drama,Romance,War",7.5,200577
tt0110329,movie,Leprechaun 2,1994,85,"Comedy,Fantasy,Horror",4.7,13372
tt0110357,movie,The Lion King,1994,88,"Adventure,Animation,Drama",8.5,1264807
tt0110363,movie,Little Big League,1994,119,"Comedy,Family,Sport",6.2,12476
tt0110364,movie,Little Giants,1994,107,"Comedy,Family,Sport",6.5,33217
tt0110365,movie,Little Odessa,1994,98,"Crime,Drama",6.7,10008
tt0110366,movie,The Little Rascals,1994,82,"Comedy,Family,Romance",6.4,61757
tt0110367,movie,Little Women,1994,115,"Drama,Family,Romance",7.3,69425
tt0110413,movie,Léon: The Professional,1994,110,"Action,Crime,Drama",8.5,1355520
tt0110428,movie,The Madness of King George,1994,110,"Biography,Comedy,Drama",7.2,20132
tt0110442,movie,Major League II,1994,105,"Comedy,Sport",5.7,29851
tt0110443,movie,Major Payne,1995,95,"Adventure,Comedy,Family",6.3,43562
tt0110475,movie,The Mask,1994,101,"Comedy,Crime,Fantasy",7.0,472886
tt0110478,movie,Maverick,1994,127,"Action,Adventure,Comedy",7.0,125290
tt0110516,movie,Milk Money,1994,110,"Comedy,Romance",5.7,14024
tt0110527,movie,Miracle on 34th Street,1994,114,"Drama,Family,Fantasy",6.7,51080
tt0110538,movie,Mixed Nuts,1994,97,"Comedy,Drama",5.4,14808
tt0110570,movie,The Monster,1994,112,"Comedy,Crime,Mystery",7.3,12513
tt0110598,movie,Muriel's Wedding,1994,106,"Comedy,Drama",7.3,45596
tt0110612,movie,My Father the Hero,1994,90,"Comedy,Romance",5.5,12281
tt0110613,movie,My Girl 2,1994,99,"Comedy,Drama,Family",5.3,22253
tt0110622,movie,Naked Gun 33 1/3: The Final Insult,1994,83,"Comedy,Crime",6.5,128762
tt0110631,movie,Nightwatch,1994,107,Thriller,7.2,20619
tt0110632,movie,Natural Born Killers,1994,119,"Crime,Romance",7.2,268523
tt0110638,movie,Nell,1994,112,Drama,6.5,32559
tt0110647,movie,The NeverEnding Story III,1994,95,"Adventure,Comedy,Family",3.2,13219
tt0110657,movie,The Next Karate Kid,1994,107,"Action,Drama,Family",4.6,38308
tt0110678,movie,No Escape,1994,118,"Action,Drama,Sci-Fi",6.1,24486
tt0110684,movie,Nobody's Fool,1994,110,"Comedy,Drama",7.3,24764
tt0110687,movie,North,1994,87,"Adventure,Comedy,Drama",4.6,15714
tt0110725,movie,On Deadly Ground,1994,101,"Action,Adventure,Thriller",4.6,27026
tt0110729,movie,Once Were Warriors,1994,102,"Crime,Drama",7.9,39475
tt0110737,movie,Only You,1994,109,"Comedy,Romance",6.5,29839
tt0110759,movie,PCU,1994,79,Comedy,6.6,15469
tt0110763,movie,The Pagemaster,1994,75,"Adventure,Animation,Comedy",6.2,27933
tt0110771,movie,The Paper,1994,112,"Comedy,Drama",6.7,17442
tt0110823,movie,Phantasm III: Lord of the Dead,1994,91,"Action,Fantasy,Horror",6.0,11613
tt0110857,movie,Police Academy: Mission to Moscow,1994,83,"Comedy,Crime",3.5,38244
tt0110877,movie,The Postman,1994,108,"Biography,Comedy,Drama",7.8,41664
tt0110882,movie,Before the Rain,1994,113,"Drama,Romance,War",7.8,16735
tt0110889,movie,Priest,1994,98,"Drama,Romance",7.1,11793
tt0110907,movie,Ready to Wear,1994,133,"Comedy,Drama",5.2,16708
tt0110912,movie,Pulp Fiction,1994,154,"Crime,Drama",8.8,2445092
tt0110917,movie,A Pure Formality,1994,108,"Crime,Drama,Thriller",7.5,13644
tt0110932,movie,Quiz Show,1994,133,"Biography,Drama,History",7.5,77993
tt0110950,movie,Reality Bites,1994,99,"Comedy,Drama,Romance",6.6,57759
tt0110955,movie,The Ref,1994,97,"Comedy,Crime,Drama",6.9,28728
tt0110963,movie,Queen Margot,1994,161,"Biography,Drama,History",7.4,20392
tt0110971,movie,Renaissance Man,1994,128,"Comedy,Drama",6.2,20276
tt0110978,movie,Texas Chainsaw Massacre: The Next Generation,1994,87,"Comedy,Horror,Thriller",3.4,28880
tt0110989,movie,Richie Rich,1994,95,"Comedy,Family",5.5,79533
tt0110997,movie,The River Wild,1994,111,"Adventure,Crime,Thriller",6.5,53753
tt0111001,movie,The Road to Wellville,1994,118,"Comedy,Drama",5.9,14073
tt0111003,movie,The Puppet Masters,1994,109,"Horror,Sci-Fi,Thriller",5.9,10483
tt0111070,movie,The Santa Clause,1994,97,"Comedy,Drama,Family",6.6,147907
tt0111127,movie,Serial Mom,1994,95,"Comedy,Crime,Thriller",6.8,38204
tt0111143,movie,The Shadow,1994,108,"Action,Adventure,Crime",6.1,29190
tt0111149,movie,Shallow Grave,1994,89,"Crime,Drama,Thriller",7.2,71090
tt0111161,movie,The Shawshank Redemption,1994,142,Drama,9.3,3203207
tt0111201,movie,Sirens,1994,98,"Comedy,Drama,Romance",5.9,12259
tt0111255,movie,The Specialist,1994,110,"Action,Drama,Thriller",5.6,73740
tt0111257,movie,Speed,1994,116,"Action,Adventure,Thriller",7.3,423912
tt0111280,movie,Star Trek: Generations,1994,118,"Action,Adventure,Mystery",6.6,91559
tt0111282,movie,Stargate,1994,121,"Action,Adventure,Sci-Fi",7.0,220089
tt0111301,movie,Street Fighter,1994,102,"Action,Adventure,Comedy",4.1,79623
tt0111323,movie,Surviving the Game,1994,96,"Action,Adventure,Crime",6.2,14423
tt0111333,movie,The Swan Princess,1994,90,"Adventure,Animation,Comedy",6.5,29465
tt0111341,movie,Satantango,1994,439,Drama,8.2,14371
tt0111400,movie,Terminal Velocity,1994,102,"Action,Mystery,Romance",5.5,15563
tt0111418,movie,Threesome,1994,93,"Comedy,Drama,Romance",6.3,14308
tt0111419,movie,Thumbelina,1994,86,"Adventure,Animation,Family",6.3,20313
tt0111438,movie,Timecop,1994,99,"Action,Crime,Sci-Fi",6.0,70164
tt0111477,movie,Trapped in Paradise,1994,111,"Adventure,Comedy,Crime",5.9,16590
tt0111495,movie,Three Colors: Red,1994,99,"Drama,Mystery,Romance",8.1,116112
tt0111503,movie,True Lies,1994,141,"Action,Comedy,Thriller",7.3,301541
tt0111507,movie,Three Colors: White,1994,92,"Comedy,Drama,Romance",7.6,84763
tt0111512,movie,Drunken Master II,1994,102,"Action,Comedy",7.5,51828
tt0111579,movie,Burnt by the Sun,1994,135,"Drama,War",7.8,17332
tt0111667,movie,The War,1994,126,"Drama,History,War",6.8,14390
tt0111686,movie,New Nightmare,1994,112,"Fantasy,Horror,Mystery",6.4,69887
tt0111693,movie,When a Man Loves a Woman,1994,126,"Drama,Romance",6.6,25068
tt0111732,movie,With Honors,1994,101,"Comedy,Drama",6.8,18248
tt0111742,movie,Wolf,1994,125,"Drama,Horror,Romance",6.3,64605
tt0111756,movie,Wyatt Earp,1994,191,"Adventure,Biography,Drama",6.7,59663
tt0111797,movie,Eat Drink Man Woman,1994,124,"Comedy,Drama,Romance",7.8,25292
tt0111845,movie,Through the Olive Trees,1994,103,Drama,7.7,11997
tt0112281,movie,Ace Ventura: When Nature Calls,1995,90,"Adventure,Comedy,Crime",6.4,250078
tt0112288,movie,The Addiction,1995,82,"Drama,Horror",6.5,13042
tt0112302,movie,Tom and Huck,1995,97,"Adventure,Drama,Family",5.5,12511
tt0112346,movie,The American President,1995,114,"Comedy,Drama,Romance",6.9,65584
tt0112379,movie,Antonia's Line,1995,102,"Comedy,Drama",7.4,10063
tt0112384,movie,Apollo 13,1995,140,"Adventure,Drama,History",7.7,339903
tt0112401,movie,Assassins,1995,133,"Action,Crime,Thriller",6.3,92640
tt0112431,movie,Babe,1995,91,"Comedy,Drama,Family",6.9,142786
tt0112442,movie,Bad Boys,1995,119,"Action,Comedy,Crime",6.8,316655
tt0112453,movie,Balto,1995,78,"Adventure,Animation,Drama",7.1,52097
tt0112461,movie,The Basketball Diaries,1995,102,"Biography,Crime,Drama",7.3,133280
tt0112462,movie,Batman Forever,1995,121,"Action,Adventure",5.5,283139
tt0112471,movie,Before Sunrise,1995,101,"Comedy,Drama,Romance",8.1,380037
tt0112499,movie,The Big Green,1995,100,"Comedy,Family,Sport",5.6,12006
tt0112508,movie,Billy Madison,1995,89,Comedy,6.4,168228
tt0112541,movie,Blue in the Face,1995,83,Comedy,6.6,10615
tt0112553,movie,Bombay,1995,130,"Drama,Musical,Romance",8.1,15225
tt0112571,movie,Boys on the Side,1995,115,"Comedy,Drama",6.5,16332
tt0112572,movie,The Brady Bunch Movie,1995,90,Comedy,6.3,26343
tt0112573,movie,Braveheart,1995,178,"Drama,War",8.3,1164664
tt0112579,movie,The Bridges of Madison County,1995,135,"Drama,Romance",7.6,97223
tt0112625,movie,Candyman: Farewell to the Flesh,1995,95,"Horror,Thriller",5.3,15766
tt0112641,movie,Casino,1995,178,"Crime,Drama",8.2,622434
tt0112642,movie,Casper,1995,100,"Comedy,Family,Fantasy",6.2,160053
tt0112682,movie,The City of Lost Children,1995,112,"Adventure,Drama,Fantasy",7.4,75054
tt0112688,movie,Clockers,1995,128,"Crime,Drama,Mystery",6.9,25011
tt0112697,movie,Clueless,1995,97,"Comedy,Romance",6.9,279432
tt0112715,movie,Congo,1995,109,"Action,Adventure,Mystery",5.3,52779
tt0112722,movie,Copycat,1995,123,"Drama,Mystery,Thriller",6.6,87243
tt0112740,movie,Crimson Tide,1995,116,"Action,Drama,Thriller",7.4,136899
tt0112744,movie,The Crossing Guard,1995,111,"Drama,Thriller",6.3,15558
tt0112750,movie,Crying Freeman,1995,102,"Action,Crime,Thriller",6.4,14466
tt0112757,movie,The Cure,1995,97,"Adventure,Drama",7.7,12026
tt0112760,movie,Cutthroat Island,1995,124,"Action,Adventure,Comedy",5.7,33290
tt0112769,movie,La cérémonie,1995,111,"Crime,Drama,Thriller",7.5,15310
tt0112792,movie,Dangerous Minds,1995,99,"Biography,Drama",6.5,61415
tt0112817,movie,Dead Man,1995,121,"Adventure,Drama,Western",7.5,109396
tt0112818,movie,Dead Man Walking,1995,122,"Crime,Drama",7.5,108628
tt0112819,movie,Dead Presidents,1995,119,"Action,Crime,Drama",6.9,26843
tt0112851,movie,Desperado,1995,104,"Action,Crime,Drama",7.1,208946
tt0112857,movie,Devil in a Blue Dress,1995,102,"Crime,Drama,Mystery",6.8,27721
tt0112864,movie,Die Hard with a Vengeance,1995,128,"Action,Adventure,Thriller",7.6,431387
tt0112870,movie,Dilwale Dulhania Le Jayenge,1995,181,"Drama,Romance",8.0,86038
tt0112883,movie,Don Juan DeMarco,1994,97,"Comedy,Drama,Romance",6.7,55392
tt0112887,movie,The Doom Generation,1995,83,"Comedy,Crime,Drama",6.2,18821
tt0112896,movie,Dracula: Dead and Loving It,1995,90,"Comedy,Fantasy,Horror",5.9,49096
tt0112913,movie,Fallen Angels,1995,99,"Comedy,Crime,Drama",7.5,60083
tt0112922,movie,The Day of the Beast,1995,99,"Action,Comedy,Crime",7.3,24931
tt0112950,movie,Empire Records,1995,90,"Comedy,Drama,Music",6.7,71406
tt0112966,movie,The Englishman Who Went Up a Hill But Came Down a Mountain,1995,99,"Comedy,Drama,Romance",6.6,19739
tt0113010,movie,Fair Game,1995,91,"Action,Romance,Thriller",4.4,14740
tt0113041,movie,Father of the Bride Part II,1995,106,"Comedy,Family,Romance",6.1,45506
tt0113071,movie,First Knight,1995,134,"Action,Adventure,Drama",6.0,82884
tt0113083,movie,The Flower of My Secret,1995,103,"Comedy,Drama",7.0,13797
tt0113097,movie,Forget Paris,1995,101,"Comedy,Romance",6.5,13871
tt0113101,movie,Four Rooms,1995,98,Comedy,6.7,117098
tt0113114,movie,Free Willy 2: The Adventure Home,1995,95,"Adventure,Drama,Family",5.1,20775
tt0113117,movie,French Kiss,1995,111,"Comedy,Drama,Romance",6.6,56829
tt0113118,movie,Friday,1995,91,"Comedy,Drama",7.2,137748
tt0113161,movie,Get Shorty,1995,105,"Comedy,Crime,Thriller",6.9,96569
tt0113189,movie,GoldenEye,1995,130,"Action,Adventure,Thriller",7.2,287295
tt0113198,movie,A Goofy Movie,1995,78,"Adventure,Animation,Comedy",7.0,70121
tt0113211,movie,The Grass Harp,1995,107,"Comedy,Drama",6.6,20013
tt0113228,movie,Grumpier Old Men,1995,101,"Comedy,Romance",6.7,31765
tt0113243,movie,Hackers,1995,105,"Crime,Drama,Romance",6.2,82272
tt0113247,movie,La haine,1995,98,"Crime,Drama",8.1,228377
tt0113253,movie,Halloween: The Curse of Michael Myers,1995,87,"Horror,Thriller",4.7,46836
tt0113277,movie,Heat,1995,170,"Action,Crime,Drama",8.3,809245
tt0113305,movie,Higher Learning,1995,128,"Crime,Drama,Thriller",6.5,23056
tt0113321,movie,Home for the Holidays,1995,103,"Comedy,Drama,Romance",6.6,16254
tt0113326,movie,Rumble in the Bronx,1995,87,"Action,Comedy,Crime",6.8,49828
tt0113347,movie,How to Make an American Quilt,1995,117,"Comedy,Drama,Romance",6.3,13145
tt0113409,movie,In the Mouth of Madness,1994,95,"Drama,Fantasy,Horror",7.1,89828
tt0113419,movie,The Indian in the Cupboard,1995,96,"Drama,Family,Fantasy",6.0,33226
tt0113442,movie,It Takes Two,1995,101,"Comedy,Family,Romance",6.0,28597
tt0113451,movie,Jade,1995,95,"Crime,Drama,Thriller",5.4,15623
tt0113481,movie,Johnny Mnemonic,1995,96,"Action,Drama,Sci-Fi",5.6,81564
tt0113492,movie,Judge Dredd,1995,96,"Action,Crime,Sci-Fi",5.6,132279
tt0113497,movie,Jumanji,1995,104,"Adventure,Comedy,Family",7.1,415351
tt0113501,movie,Just Cause,1995,102,"Action,Crime,Drama",6.4,33014
tt0113526,movie,Karan Arjun,1995,175,"Action,Drama,Fantasy",6.8,17703
tt0113537,movie,Kicking and Screaming,1995,96,"Comedy,Drama,Romance",6.6,16091
tt0113540,movie,Kids,1995,91,Drama,7.0,92091
tt0113552,movie,Kiss of Death,1995,101,"Crime,Drama,Thriller",6.0,20099
tt0113568,movie,Ghost in the Shell,1995,83,"Action,Animation,Crime",7.9,174734
tt0113613,movie,The Last Supper,1995,92,"Comedy,Crime,Drama",6.7,16426
tt0113627,movie,Leaving Las Vegas,1995,111,"Drama,Romance",7.5,145935
tt0113670,movie,A Little Princess,1995,97,"Drama,Family,Fantasy",7.6,39214
tt0113677,movie,Living in Oblivion,1995,90,"Comedy,Drama",7.5,21794
tt0113690,movie,Lord of Illusions,1995,109,"Horror,Mystery,Thriller",6.1,19995
tt0113703,movie,Love Letter,1995,117,"Drama,Romance",7.9,13474
tt0113749,movie,Mallrats,1995,94,"Comedy,Romance",7.0,134623
tt0113755,movie,Man of the House,1995,96,"Comedy,Family",5.3,11244
tt0113762,movie,The Mangler,1995,106,"Drama,Horror,Mystery",4.5,10826
tt0113799,movie,Memories,1995,113,"Animation,Drama,Horror",7.5,26221
tt0113819,movie,Mighty Aphrodite,1995,95,"Comedy,Fantasy,Romance",7.0,45108
tt0113820,movie,Mighty Morphin Power Rangers: The Movie,1995,95,"Action,Adventure,Family",5.3,32093
tt0113824,movie,Whisper of the Heart,1995,111,"Animation,Drama,Family",7.8,83869
tt0113845,movie,Money Train,1995,110,"Action,Comedy,Crime",5.7,45483
tt0113855,movie,Mortal Kombat,1995,101,"Action,Adventure,Fantasy",5.9,134893
tt0113862,movie,Mr. Holland's Opus,1995,144,"Drama,Music",7.4,44308
tt0113870,movie,Murder in the First,1995,122,"Drama,Thriller",7.3,33026
tt0113957,movie,The Net,1995,114,"Action,Crime,Drama",6.0,80136
tt0113972,movie,Nick of Time,1995,89,"Action,Crime,Drama",6.3,47636
tt0113986,movie,Nine Months,1995,103,"Comedy,Romance",5.5,40278
tt0113987,movie,Nixon,1995,192,"Biography,Drama,History",7.0,34698
tt0114011,movie,Now and Then,1995,102,"Comedy,Drama,Romance",6.8,34999
tt0114048,movie,Operation Dumbo Drop,1995,107,"Action,Adventure,Comedy",5.3,10260
tt0114057,movie,Othello,1995,123,"Drama,Romance",6.8,10645
tt0114069,movie,Outbreak,1995,128,"Action,Drama,Thriller",6.6,146268
tt0114126,movie,Thunderbolt,1995,110,"Action,Crime,Thriller",6.3,10891
tt0114134,movie,The Pillow Book,1996,126,Drama,6.5,14255
tt0114148,movie,Pocahontas,1995,81,"Adventure,Animation,Drama",6.7,218555
tt0114168,movie,Powder,1995,111,"Drama,Fantasy,Mystery",6.6,35079
tt0114194,movie,The Prophecy,1995,98,"Action,Crime,Drama",6.4,35748
tt0114214,movie,The Quick and the Dead,1995,108,"Action,Drama,Romance",6.5,113964
tt0114234,movie,Rangeela,1995,142,"Comedy,Drama,Musical",7.4,11174
tt0114272,movie,Restoration,1995,117,"Biography,Drama,History",6.6,10417
tt0114279,movie,Richard III,1995,104,"Drama,Sci-Fi,War",7.3,16397
tt0114287,movie,Rob Roy,1995,139,"Adventure,Biography,Drama",6.9,49598
tt0114319,movie,Sabrina,1995,127,"Comedy,Drama,Romance",6.3,47575
tt0114323,movie,Safe,1995,119,Drama,7.1,19458
tt0114345,movie,The Scarlet Letter,1995,135,"Drama,Romance",5.4,17452
tt0114367,movie,Screamers,1995,108,"Horror,Sci-Fi,Thriller",6.3,31846
tt0114369,movie,Seven,1995,127,"Crime,Drama,Mystery",8.6,2032364
tt0114388,movie,Sense and Sensibility,1995,136,"Drama,Romance",7.7,136888
tt0114436,movie,Showgirls,1995,131,Drama,5.2,82467
tt0114478,movie,Smoke,1995,112,"Comedy,Drama",7.4,38840
tt0114496,movie,Something to Talk About,1995,106,"Comedy,Drama,Romance",5.8,15263
tt0114508,movie,Species,1995,108,"Action,Horror,Sci-Fi",5.9,91092
tt0114558,movie,Strange Days,1995,145,"Crime,Drama,Sci-Fi",7.2,85717
tt0114563,movie,Street Fighter II: The Animated Movie,1994,102,"Action,Adventure,Animation",7.2,11231
tt0114576,movie,Sudden Death,1995,111,"Action,Crime,Thriller",5.9,39713
tt0114594,movie,Swimming with Sharks,1994,93,"Comedy,Crime",7.0,24742
tt0114608,movie,Tales from the Crypt: Demon Knight,1995,92,"Action,Fantasy,Horror",6.7,28696
tt0114609,movie,Tales from the Hood,1995,98,"Crime,Drama,Horror",6.6,11226
tt0114614,movie,Tank Girl,1995,104,"Action,Comedy,Sci-Fi",5.4,37921
tt0114660,movie,Things to Do in Denver When You're Dead,1995,115,"Crime,Drama,Thriller",6.7,31969
tt0114671,movie,Land and Freedom,1995,109,"Drama,War",7.5,12904
tt0114681,movie,To Die For,1995,106,"Comedy,Crime,Drama",6.8,60322
tt0114682,movie,"To Wong Foo, Thanks for Everything! Julie Newmar",1995,109,"Comedy,Drama",6.8,41927
tt0114694,movie,Tommy Boy,1995,97,"Adventure,Comedy",7.1,105183
tt0114702,movie,Total Eclipse,1995,111,"Biography,Drama,Romance",6.4,16596
tt0114709,movie,Toy Story,1995,81,"Adventure,Animation,Comedy",8.3,1183556
tt0114746,movie,12 Monkeys,1995,129,"Mystery,Sci-Fi,Thriller",8.0,680965
tt0114781,movie,Under Siege 2: Dark Territory,1995,100,"Action,Adventure,Thriller",5.6,53501
tt0114787,movie,Underground,1995,167,"Comedy,Drama,Fantasy",8.0,64303
tt0114814,movie,The Usual Suspects,1995,106,"Crime,Drama,Mystery",8.5,1242784
tt0114825,movie,Vampire in Brooklyn,1995,100,"Comedy,Fantasy,Horror",4.7,26962
tt0114852,movie,Village of the Damned,1995,98,"Horror,Sci-Fi,Thriller",5.7,37004
tt0114857,movie,Virtuosity,1995,106,"Action,Crime,Sci-Fi",5.5,34907
tt0114885,movie,Waiting to Exhale,1995,124,"Comedy,Drama,Romance",6.0,14046
tt0114887,movie,A Walk in the Clouds,1995,102,"Drama,Romance",6.7,39203
tt0114898,movie,Waterworld,1995,135,"Action,Adventure,Sci-Fi",6.3,225433
tt0114906,movie,Welcome to the Dollhouse,1995,88,"Comedy,Drama",7.3,40625
tt0114924,movie,While You Were Sleeping,1995,103,"Comedy,Drama,Romance",6.8,127427
tt0115433,movie,101 Dalmatians,1996,103,"Adventure,Comedy,Crime",5.8,123717
tt0115438,movie,2 Days in the Valley,1996,104,"Comedy,Crime,Thriller",6.5,22937
tt0115561,movie,The Apartment,1996,116,"Drama,Mystery,Romance",7.3,17103
tt0115571,movie,The Arrival,1996,115,"Mystery,Sci-Fi,Thriller",6.2,41929
tt0115624,movie,Barb Wire,1996,98,"Action,Sci-Fi",3.6,32110
tt0115632,movie,Basquiat,1996,107,"Biography,Drama",6.9,23922
tt0115639,movie,Beautiful Girls,1996,112,"Comedy,Drama,Romance",7.1,36402
tt0115640,movie,Beautiful Thing,1996,90,"Comedy,Drama,Romance",7.6,27447
tt0115641,movie,Beavis and Butt-Head Do America,1996,81,"Adventure,Animation,Comedy",6.8,63063
tt0115645,movie,Before and After,1996,108,"Crime,Drama,Mystery",6.1,11437
tt0115678,movie,Big Night,1996,109,"Drama,Romance",7.3,25041
tt0115683,movie,Bio-Dome,1996,88,Comedy,4.5,31742
tt0115685,movie,The Birdcage,1996,117,Comedy,7.3,117250
tt0115693,movie,Black Mask,1996,99,"Action,Adventure,Comedy",6.0,13005
tt0115697,movie,Black Sheep,1996,87,Comedy,6.2,46151
tt0115710,movie,Blood and Wine,1996,101,"Crime,Drama,Thriller",6.0,11512
tt0115734,movie,Bottle Rocket,1996,91,"Comedy,Crime,Drama",6.9,88596
tt0115736,movie,Bound,1996,109,"Crime,Thriller",7.3,67625
tt0115744,movie,Brassed Off,1996,108,"Comedy,Drama,Music",7.2,22372
tt0115751,movie,Breaking the Waves,1996,153,Drama,7.8,76203
tt0115759,movie,Broken Arrow,1996,108,"Action,Adventure,Thriller",6.1,110829
tt0115783,movie,Bulletproof,1996,84,"Action,Comedy,Crime",5.8,41358
tt0115798,movie,The Cable Guy,1996,96,"Comedy,Drama,Thriller",6.2,190283
tt0115819,movie,Cannibal! The Musical,1993,95,"Comedy,Horror,Musical",6.9,13871
tt0115851,movie,Celtic Pride,1996,91,"Comedy,Sport",5.3,11196
tt0115857,movie,Chain Reaction,1996,107,"Action,Drama,Sci-Fi",5.7,58613
tt0115862,movie,The Chamber,1996,113,"Crime,Drama,Thriller",6.0,15913
tt0115907,movie,City Hall,1996,111,"Crime,Drama,Mystery",6.2,24343
tt0115940,movie,A Summer's Tale,1996,113,"Comedy,Drama,Romance",7.6,12058
tt0115956,movie,Courage Under Fire,1996,116,"Action,Drama,Mystery",6.6,63805
tt0115963,movie,The Craft,1996,101,"Drama,Fantasy,Horror",6.5,119648
tt0115964,movie,Crash,1996,100,Drama,6.4,72117
tt0115986,movie,The Crow: City of Angels,1996,84,"Action,Crime,Fantasy",4.6,23454
tt0115988,movie,The Crucible,1996,124,"Drama,History",6.8,42890
tt0116000,movie,D3: The Mighty Ducks,1996,104,"Action,Comedy,Drama",5.5,30484
tt0116040,movie,Daylight,1996,114,"Action,Adventure,Drama",6.0,80609
tt0116075,movie,The Dentist,1996,92,"Horror,Thriller",5.4,11547
tt0116095,movie,Diabolique,1996,107,"Drama,Horror,Mystery",5.5,16485
tt0116126,movie,Don't Be a Menace to South Central While Drinking Your Juice in the Hood,1996,89,"Comedy,Crime",6.6,67322
tt0116130,movie,Down Periscope,1996,92,Comedy,6.2,28919
tt0116136,movie,DragonHeart,1996,103,"Action,Adventure,Fantasy",6.4,104908
tt0116151,movie,Dunston Checks In,1996,88,"Adventure,Comedy,Family",5.4,14245
tt0116168,movie,Eddie,1996,100,"Comedy,Sport",5.2,10619
tt0116191,movie,Emma,1996,120,"Comedy,Drama,Romance",6.6,44174
tt0116209,movie,The English Patient,1996,162,"Drama,Romance,War",7.4,214207
tt0116213,movie,Eraser,1996,115,"Action,Crime,Thriller",6.2,124585
tt0116225,movie,Escape from L.A.,1996,101,"Action,Adventure,Sci-Fi",5.7,86327
tt0116231,movie,The Bandit,1996,128,"Crime,Drama",8.1,75572
tt0116242,movie,Everyone Says I Love You,1996,101,"Comedy,Musical,Romance",6.7,41373
tt0116250,movie,Evita,1996,135,"Biography,Drama,History",6.3,39605
tt0116253,movie,Executive Decision,1996,133,"Action,Adventure,Thriller",6.5,65628
tt0116259,movie,Extreme Measures,1996,118,"Crime,Drama,Mystery",6.2,20978
tt0116260,movie,Eye for an Eye,1996,101,"Crime,Drama,Thriller",6.2,21939
tt0116277,movie,The Fan,1996,116,"Action,Drama,Sport",5.9,54367
tt0116282,movie,Fargo,1996,98,"Crime,Drama,Thriller",8.1,789483
tt0116287,movie,Fear,1996,97,"Drama,Thriller",6.3,63370
tt0116289,movie,Feeling Minnesota,1996,99,"Comedy,Crime,Drama",5.4,12076
tt0116311,movie,First Kid,1996,101,"Comedy,Family",5.3,12290
tt0116313,movie,The First Wives Club,1996,103,Comedy,6.5,60433
tt0116320,movie,Fled,1996,98,"Action,Adventure,Comedy",5.5,10608
tt0116322,movie,Flipper,1996,95,"Adventure,Crime,Drama",5.4,12692
tt0116324,movie,Flirting with Disaster,1996,92,Comedy,6.7,21063
tt0116329,movie,Fly Away Home,1996,107,"Adventure,Drama,Family",6.9,28961
tt0116353,movie,Foxfire,1996,102,"Drama,Romance",6.2,10421
tt0116361,movie,Freeway,1996,104,"Crime,Drama,Thriller",6.8,34377
tt0116365,movie,The Frighteners,1996,110,"Comedy,Drama,Fantasy",7.1,102745
tt0116367,movie,From Dusk Till Dawn,1996,108,"Action,Crime,Horror",7.2,371625
tt0116378,movie,The Funeral,1996,99,"Crime,Drama",6.6,10025
tt0116409,movie,The Ghost and the Darkness,1996,110,"Adventure,Drama,Thriller",6.8,70812
tt0116410,movie,Ghosts of Mississippi,1996,130,"Drama,History",6.7,13673
tt0116421,movie,The Glimmer Man,1996,91,"Action,Comedy,Crime",5.4,22498
tt0116426,movie,The God of Cookery,1996,95,"Action,Comedy,Fantasy",7.2,10809
tt0116477,movie,Hamlet,1996,242,Drama,7.7,42034
tt0116483,movie,Happy Gilmore,1996,92,"Comedy,Sport",7.0,309100
tt0116493,movie,Harriet the Spy,1996,100,"Comedy,Drama,Family",6.0,12234
tt0116514,movie,Hellraiser: Bloodline,1996,85,"Horror,Sci-Fi",5.1,26994
tt0116531,movie,High School High,1996,86,"Comedy,Crime,Romance",5.6,14959
tt0116552,movie,Homeward Bound II: Lost in San Francisco,1996,88,"Adventure,Comedy,Family",5.9,17384
tt0116581,movie,The Eighth Day,1996,118,"Comedy,Drama",7.5,10632
tt0116583,movie,The Hunchback of Notre Dame,1996,91,"Animation,Drama,Family",7.0,185244
tt0116629,movie,Independence Day,1996,145,"Action,Adventure,Sci-Fi",7.0,649795
tt0116630,movie,Indian,1996,185,"Action,Drama,Musical",8.1,16105
tt0116650,movie,Irma Vep,1996,99,"Comedy,Drama",7.0,10769
tt0116654,movie,The Island of Dr. Moreau,1996,96,"Horror,Sci-Fi,Thriller",4.6,38095
tt0116669,movie,Jack,1996,113,"Comedy,Drama,Fantasy",5.8,66125
tt0116683,movie,James and the Giant Peach,1996,79,"Adventure,Animation,Family",6.7,78869
tt0116684,movie,Jane Eyre,1996,112,"Drama,Romance",6.8,10808
tt0116695,movie,Jerry Maguire,1996,139,"Comedy,Drama,Romance",7.3,313167
tt0116704,movie,First Strike,1996,107,"Action,Adventure,Comedy",6.6,24296
tt0116705,movie,Jingle All the Way,1996,89,"Adventure,Comedy,Family",5.8,130407
tt0116707,movie,Joe's Apartment,1996,80,"Comedy,Fantasy,Musical",5.5,15532
tt0116722,movie,Jude,1996,123,"Drama,Romance",6.9,11746
tt0116731,movie,The Juror,1996,118,"Crime,Drama,Thriller",5.7,22731
tt0116736,movie,The Hunters,1996,113,"Crime,Thriller",7.0,10238
tt0116743,movie,Kama Sutra: A Tale of Love,1996,114,"Crime,Drama,History",6.0,12029
tt0116752,movie,Drifting Clouds,1996,95,"Comedy,Drama",7.6,10648
tt0116756,movie,Kazaam,1996,93,"Comedy,Family,Fantasy",3.2,26651
tt0116778,movie,Kingpin,1996,114,"Comedy,Sport",6.9,96948
tt0116790,movie,Kolya,1996,111,"Comedy,Drama,Music",7.7,17016
tt0116830,movie,Last Man Standing,1996,101,"Action,Crime,Drama",6.4,62563
tt0116839,movie,Lawnmower Man 2: Beyond Cyberspace,1995,93,"Action,Sci-Fi,Thriller",2.6,10763
tt0116860,movie,"Pretty Village, Pretty Flame",1996,115,"Drama,History,War",8.6,19047
tt0116905,movie,Lone Star,1996,135,"Drama,Mystery,Western",7.4,35960
tt0116908,movie,The Long Kiss Goodnight,1996,121,"Action,Crime,Drama",6.8,93166
tt0116922,movie,Lost Highway,1997,134,"Drama,Mystery,Thriller",7.6,171355
tt0116996,movie,Mars Attacks!,1996,106,"Comedy,Sci-Fi",6.4,259372
tt0116999,movie,Marvin's Room,1996,98,Drama,6.7,32015
tt0117002,movie,Mary Reilly,1996,108,"Drama,Horror,Romance",5.8,16616
tt0117008,movie,Matilda,1996,98,"Comedy,Family,Fantasy",7.0,196818
tt0117011,movie,Maximum Risk,1996,101,"Action,Crime,Thriller",5.6,25929
tt0117038,movie,Michael,1996,105,"Comedy,Drama,Fantasy",5.7,47120
tt0117039,movie,Michael Collins,1996,133,"Biography,Drama,History",7.1,36256
tt0117040,movie,Microcosmos,1996,80,Documentary,7.9,12134
tt0117057,movie,The Mirror Has Two Faces,1996,126,"Comedy,Drama,Romance",6.7,25651
tt0117060,movie,Mission: Impossible,1996,110,"Action,Adventure,Thriller",7.2,519644
tt0117107,movie,Mulholland Falls,1996,107,"Crime,Drama,Mystery",6.3,21244
tt0117108,movie,Multiplicity,1996,117,"Comedy,Romance,Sci-Fi",6.2,37271
tt0117110,movie,Muppet Treasure Island,1996,99,"Action,Adventure,Comedy",6.9,29437
tt0117119,movie,My Fellow Americans,1996,101,"Adventure,Comedy",6.5,16653
tt0117128,movie,Mystery Science Theater 3000: The Movie,1996,73,"Comedy,Drama,Fantasy",7.1,19313
tt0117218,movie,The Nutty Professor,1996,95,"Comedy,Romance,Sci-Fi",5.7,131355
tt0117247,movie,One Fine Day,1996,108,"Comedy,Drama,Romance",6.5,50812
tt0117283,movie,The Pallbearer,1996,98,"Comedy,Romance",5.0,11433
tt0117293,movie,Paradise Lost: The Child Murders at Robin Hood Hills,1996,150,"Crime,Documentary",8.2,19626
tt0117318,movie,The People vs. Larry Flynt,1996,130,"Biography,Drama",7.3,106169
tt0117331,movie,The Phantom,1996,100,"Action,Adventure,Comedy",5.1,37793
tt0117333,movie,Phenomenon,1996,123,"Drama,Fantasy,Romance",6.5,89822
tt0117364,movie,The Portrait of a Lady,1996,144,"Drama,Romance",6.2,13550
tt0117372,movie,The Preacher's Wife,1996,123,"Comedy,Drama,Fantasy",5.8,15130
tt0117381,movie,Primal Fear,1996,129,"Crime,Drama,Mystery",7.7,289314
tt0117407,movie,Pusher,1996,110,"Crime,Thriller",7.3,52217
tt0117420,movie,The Quest,1996,95,"Action,Adventure,Drama",5.6,30165
tt0117438,movie,Ransom,1996,121,"Action,Crime,Drama",6.7,144531
tt0117496,movie,Robinson Crusoe,1997,105,"Adventure,Drama",6.0,14632
tt0117500,movie,The Rock,1996,136,"Action,Adventure,Thriller",7.4,381964
tt0117509,movie,Romeo + Juliet,1996,120,"Drama,Romance",6.7,261762
tt0117571,movie,Scream,1996,111,"Horror,Mystery",7.4,448755
tt0117589,movie,Secrets & Lies,1996,136,"Comedy,Drama",8.0,50477
tt0117603,movie,Set It Off,1996,123,"Action,Crime,Drama",6.9,20515
tt0117608,movie,Sgt. Bilko,1996,94,Comedy,5.9,25163
tt0117615,movie,Shall We Dance?,1996,136,"Comedy,Drama,Music",7.7,12553
tt0117628,movie,She's the One,1996,96,"Comedy,Drama,Romance",6.0,19433
tt0117631,movie,Shine,1996,105,"Biography,Drama,Music",7.6,59121
tt0117665,movie,Sleepers,1996,147,"Crime,Drama,Thriller",7.5,254186
tt0117666,movie,Sling Blade,1996,135,Drama,8.0,104234
tt0117705,movie,Space Jam,1996,88,"Adventure,Animation,Comedy",6.5,229907
tt0117723,movie,Spy Hard,1996,81,"Action,Comedy",5.3,43094
tt0117731,movie,Star Trek: First Contact,1996,111,"Action,Adventure,Drama",7.6,138254
tt0117737,movie,Stealing Beauty,1996,118,"Drama,Mystery,Romance",6.5,32523
tt0117765,movie,Striptease,1996,115,"Comedy,Crime,Drama",4.6,51735
tt0117774,movie,The Substitute,1996,114,"Action,Crime,Drama",6.1,18398
tt0117786,movie,Mr. Nice Guy,1997,88,"Action,Adventure,Comedy",6.3,31085
tt0117802,movie,Swingers,1996,96,"Comedy,Drama",7.2,91455
tt0117826,movie,Bordello of Blood,1996,87,"Comedy,Fantasy,Horror",5.4,16964
tt0117883,movie,Thesis,1996,125,"Crime,Horror,Mystery",7.4,46745
tt0117887,movie,That Thing You Do!,1996,108,"Comedy,Drama,Music",7.0,78544
tt0117894,movie,Thinner,1996,93,"Fantasy,Horror",5.8,37091
tt0117913,movie,A Time to Kill,1996,149,"Crime,Drama,Thriller",7.5,208929
tt0117918,movie,Tin Cup,1996,135,"Comedy,Drama,Romance",6.4,56325
tt0117951,movie,Trainspotting,1996,93,"Crime,Drama",8.1,769980
tt0117958,movie,Trees Lounge,1996,95,"Comedy,Drama",7.1,17644
tt0117979,movie,The Truth About Cats & Dogs,1996,97,"Comedy,Romance",6.3,28986
tt0117998,movie,Twister,1996,113,"Action,Adventure,Thriller",6.6,252057
tt0118055,movie,Up Close & Personal,1996,124,"Drama,Romance",6.1,16415
tt0118073,movie,A Very Brady Sequel,1996,90,Comedy,5.9,12661
tt0118111,movie,Waiting for Guffman,1996,84,Comedy,7.4,33911
tt0118147,movie,When We Were Kings,1996,88,"Documentary,Sport",7.9,19136
tt0118158,movie,White Squall,1996,129,"Adventure,Drama",6.6,26084
tt0118301,movie,Dead Man on Campus,1998,96,Comedy,6.0,15745
tt0118531,movie,One Eight Seven,1997,119,"Drama,Thriller",6.6,27100
tt0118539,movie,3 Ninjas: High Noon at Mega Mountain,1998,93,"Action,Adventure,Comedy",3.0,12982
tt0118541,movie,8 Heads in a Duffel Bag,1997,95,"Adventure,Comedy,Crime",5.4,11767
tt0118548,movie,Absolute Power,1997,121,"Action,Crime,Drama",6.7,65213
tt0118556,movie,Addicted to Love,1997,100,"Comedy,Romance",6.1,26789
tt0118564,movie,Affliction,1997,114,"Drama,Mystery,Thriller",6.9,21741
tt0118570,movie,Air Bud,1997,98,"Comedy,Drama,Family",5.4,21511
tt0118571,movie,Air Force One,1997,124,"Action,Crime,Drama",6.6,224561
tt0118583,movie,Alien: Resurrection,1997,109,"Action,Horror,Sci-Fi",6.2,292843
tt0118589,movie,Glitter,2001,104,"Drama,Music,Romance",2.5,23415
tt0118604,movie,An American Werewolf in Paris,1997,98,"Comedy,Fantasy,Horror",5.1,29092
tt0118607,movie,Amistad,1997,155,"Biography,Drama,History",7.3,88164
tt0118615,movie,Anaconda,1997,89,"Action,Adventure,Horror",5.0,126019
tt0118617,movie,Anastasia,1997,94,"Adventure,Animation,Drama",7.2,147531
tt0118632,movie,The Apostle,1997,134,Drama,7.2,16037
tt0118636,movie,Apt Pupil,1998,111,"Crime,Drama,Thriller",6.7,44392
tt0118647,movie,The Assignment,1997,115,"Action,Crime,Thriller",6.8,10632
tt0118655,movie,Austin Powers: International Man of Mystery,1997,89,"Adventure,Comedy",7.0,274570
tt0118661,movie,The Avengers,1998,89,"Action,Adventure,Sci-Fi",3.8,45868
tt0118665,movie,Baby Geniuses,1999,97,"Comedy,Crime,Family",2.6,28428
tt0118688,movie,Batman & Robin,1997,125,"Action,Sci-Fi",3.8,283374
tt0118689,movie,Bean,1997,89,"Adventure,Comedy,Family",6.5,116806
tt0118691,movie,The Beautician and the Beast,1997,105,"Comedy,Romance",5.5,10658
tt0118694,movie,In the Mood for Love,2000,98,"Drama,Romance",8.0,189585
tt0118708,movie,Beverly Hills Ninja,1997,88,"Action,Comedy",5.6,47129
tt0118715,movie,The Big Lebowski,1998,117,"Comedy,Crime",8.1,918807
tt0118744,movie,Hush,1998,96,"Drama,Thriller",5.5,14786
tt0118747,movie,Blues Brothers 2000,1998,123,"Action,Comedy,Crime",4.9,36268
tt0118749,movie,Boogie Nights,1997,155,Drama,7.9,307300
tt0118750,movie,Booty Call,1997,79,"Comedy,Romance",5.5,10154
tt0118751,movie,Border,1997,176,"Action,Drama,History",8.0,20357
tt0118755,movie,The Borrowers,1997,89,"Adventure,Comedy,Family",5.9,23885
tt0118760,movie,The Boxer,1997,113,"Drama,Romance,Sport",7.0,23835
tt0118767,movie,Brother,1997,99,"Crime,Drama,Thriller",7.8,28922
tt0118768,movie,The Brave,1997,123,Drama,6.1,11327
tt0118771,movie,Breakdown,1997,93,"Action,Crime,Drama",7.0,70837
tt0118789,movie,Buffalo '66,1998,110,"Comedy,Drama,Romance",7.4,66917
tt0118798,movie,Bulworth,1998,108,"Comedy,Drama,Romance",6.8,28288
tt0118799,movie,Life Is Beautiful,1997,116,"Comedy,Drama,Romance",8.6,815792
tt0118804,movie,The Butcher Boy,1997,110,"Comedy,Drama",7.1,10771
tt0118819,movie,Live Flesh,1997,103,Drama,7.3,35663
tt0118826,movie,The Castle,1997,85,"Comedy,Drama",7.7,18929
tt0118842,movie,Chasing Amy,1997,113,"Comedy,Drama,Romance",7.2,148664
tt0118843,movie,"Black Cat, White Cat",1998,127,"Comedy,Crime,Romance",8.0,58909
tt0118845,movie,Happy Together,1997,96,"Drama,Romance",7.6,38519
tt0118849,movie,Children of Heaven,1997,89,"Drama,Family,Sport",8.2,90471
tt0118863,movie,Clay Pigeons,1998,104,"Comedy,Crime",6.6,12623
tt0118880,movie,Con Air,1997,115,"Action,Crime,Thriller",6.9,340700
tt0118883,movie,Conspiracy Theory,1997,135,"Action,Crime,Drama",6.7,114705
tt0118884,movie,Contact,1997,150,"Drama,Mystery,Sci-Fi",7.5,314902
tt0118887,movie,Cop Land,1997,105,"Crime,Drama,Thriller",7.0,116087
tt0118892,movie,Dangerous Beauty,1998,111,"Biography,Drama,Romance",7.1,20787
tt0118900,movie,Gang Related,1997,111,"Action,Crime,Drama",6.4,11115
tt0118928,movie,Dante's Peak,1997,108,"Action,Adventure,Thriller",6.1,108594
tt0118929,movie,Dark City,1998,100,"Fantasy,Mystery,Sci-Fi",7.5,227111
tt0118954,movie,Deconstructing Harry,1997,96,Comedy,7.3,50636
tt0118956,movie,Deep Rising,1998,106,"Action,Adventure,Horror",6.1,45166
tt0118966,movie,Desperate Measures,1998,100,"Action,Crime,Drama",6.1,19133
tt0118971,movie,The Devil's Advocate,1997,144,"Drama,Fantasy,Mystery",7.5,447732
tt0118972,movie,The Devil's Own,1997,111,"Action,Crime,Drama",6.2,78231
tt0118983,movie,Dil To Pagal Hai,1997,180,"Comedy,Drama,Musical",7.0,27104
tt0118996,movie,Dobermann,1997,103,"Action,Comedy,Crime",6.5,19846
tt0118998,movie,Doctor Dolittle,1998,85,"Comedy,Family,Fantasy",5.4,106935
tt0119008,movie,Donnie Brasco,1997,127,"Biography,Crime,Drama",7.7,357855
tt0119013,movie,Double Team,1997,93,"Action,Comedy,Sci-Fi",4.8,38907
tt0119038,movie,Le Dîner de Cons,1998,80,Comedy,7.6,46580
tt0119051,movie,The Edge,1997,117,"Action,Adventure,Drama",7.0,85129
tt0119053,movie,Almost Heroes,1998,90,"Adventure,Comedy,Western",5.8,18992
tt0119080,movie,Eve's Bayou,1997,108,Drama,7.2,12968
tt0119081,movie,Event Horizon,1997,96,"Horror,Sci-Fi,Thriller",6.6,215013
tt0119086,movie,Excess Baggage,1997,101,"Action,Comedy,Crime",5.4,15156
tt0119094,movie,Face/Off,1997,138,"Action,Crime,Sci-Fi",7.3,428570
tt0119099,movie,Fallen,1998,124,"Action,Crime,Drama",7.0,103730
tt0119109,movie,Fathers' Day,1997,98,"Comedy,Romance",5.3,17386
tt0119114,movie,Fever Pitch,1997,102,"Comedy,Drama,Romance",6.6,12574
tt0119115,movie,Fierce Creatures,1997,93,Comedy,6.4,26644
tt0119116,movie,The Fifth Element,1997,126,"Action,Adventure,Sci-Fi",7.6,547502
tt0119123,movie,Fire Down Below,1997,105,"Action,Drama,Thriller",5.2,20340
tt0119137,movie,Flubber,1997,93,"Comedy,Family,Sci-Fi",5.3,100607
tt0119141,movie,Fools Rush In,1997,109,"Comedy,Drama,Romance",6.1,41941
tt0119142,movie,For Richer or Poorer,1997,115,"Comedy,Romance",5.9,13104
tt0119152,movie,Free Willy 3: The Rescue,1997,86,"Adventure,Drama,Family",4.8,11321
tt0119164,movie,The Full Monty,1997,91,"Comedy,Drama",7.2,120180
tt0119167,movie,Funny Games,1997,108,"Crime,Drama,Horror",7.5,97994
tt0119173,movie,G.I. Jane,1997,125,"Action,Drama,War",6.1,92113
tt0119174,movie,The Game,1997,129,"Drama,Mystery,Thriller",7.7,473436
tt0119177,movie,Gattaca,1997,106,"Drama,Sci-Fi,Thriller",7.7,348488
tt0119190,movie,George of the Jungle,1997,92,"Action,Adventure,Comedy",5.6,90586
tt0119196,movie,The Gingerbread Man,1998,114,"Crime,Mystery,Thriller",5.7,12233
tt0119210,movie,Switchback,1997,118,"Crime,Mystery,Thriller",6.5,16241
tt0119214,movie,Gone Fishin',1997,94,"Comedy,Crime",4.9,11144
tt0119215,movie,Good Burger,1997,95,"Comedy,Family",5.8,36334
tt0119217,movie,Good Will Hunting,1997,126,"Drama,Romance",8.4,1224825
tt0119223,movie,Great Expectations,1998,111,"Drama,Romance",6.8,60518
tt0119225,movie,Gridlock'd,1997,91,"Comedy,Crime,Drama",6.9,17497
tt0119227,movie,Snow White: A Tale of Terror,1997,100,"Adventure,Fantasy,Horror",6.1,12244
tt0119229,movie,Grosse Pointe Blank,1997,107,"Action,Comedy,Crime",7.3,105351
tt0119237,movie,Gummo,1997,89,"Comedy,Drama",6.6,42093
tt0119250,movie,Fireworks,1997,103,"Crime,Drama,Romance",7.7,35720
tt0119256,movie,Hard Eight,1996,101,"Crime,Drama",7.1,59965
tt0119273,movie,Heavy Metal 2000,2000,88,"Action,Adventure,Animation",5.4,10269
tt0119280,movie,Mrs. Brown,1997,101,"Biography,Drama,History",7.2,16433
tt0119282,movie,Hercules,1997,93,"Action,Adventure,Animation",7.3,281019
tt0119303,movie,Home Alone 3,1997,102,"Action,Comedy,Crime",4.6,138701
tt0119311,movie,Hoodlum,1997,130,"Crime,Drama",6.3,14141
tt0119313,movie,Hope Floats,1998,114,"Drama,Romance",6.1,32992
tt0119314,movie,The Horse Whisperer,1998,169,"Drama,Romance,Western",6.7,46714
tt0119336,movie,Hurlyburly,1998,122,"Comedy,Drama",5.7,10750
tt0119345,movie,I Know What You Did Last Summer,1997,101,"Horror,Mystery",5.9,181673
tt0119349,movie,The Ice Storm,1997,112,Drama,7.3,63848
tt0119360,movie,In & Out,1997,90,"Comedy,Romance",6.4,46716
tt0119361,movie,In the Company of Men,1997,97,"Comedy,Drama",7.1,14844
tt0119375,movie,Insomnia,1997,96,"Crime,Mystery,Thriller",7.2,17486
tt0119381,movie,Inventing the Abbotts,1997,110,"Drama,Romance",6.4,15309
tt0119395,movie,The Jackal,1997,124,"Action,Crime,Drama",6.4,131373
tt0119396,movie,Jackie Brown,1997,154,"Crime,Drama,Thriller",7.5,405679
tt0119432,movie,Jungle 2 Jungle,1997,105,"Comedy,Family",5.3,27773
tt0119448,movie,Character,1997,122,"Crime,Drama,Mystery",7.6,12014
tt0119468,movie,Kiss the Girls,1997,115,"Crime,Drama,Mystery",6.6,100665
tt0119472,movie,Knockin' on Heaven's Door,1997,87,"Action,Comedy,Crime",7.8,37100
tt0119485,movie,Kundun,1997,134,"Biography,Drama,History",7.0,32316
tt0119488,movie,L.A. Confidential,1997,138,"Crime,Drama,Mystery",8.2,659977
tt0119528,movie,Liar Liar,1997,86,"Comedy,Fantasy",6.9,364140
tt0119535,movie,A Life Less Ordinary,1997,103,"Comedy,Crime,Fantasy",6.3,38489
tt0119558,movie,Lolita,1997,137,"Drama,Romance",6.8,75002
tt0119567,movie,The Lost World: Jurassic Park,1997,129,"Action,Adventure,Sci-Fi",6.6,479087
tt0119592,movie,Mad City,1997,115,"Crime,Drama,Thriller",6.3,21942
tt0119594,movie,Twilight,1998,94,"Crime,Drama,Mystery",6.2,14088
tt0119643,movie,Meet Joe Black,1998,178,"Drama,Fantasy,Romance",7.2,300564
tt0119654,movie,Men in Black,1997,98,"Action,Adventure,Comedy",7.3,666765
tt0119664,movie,Metro,1997,117,"Action,Comedy,Crime",5.6,30679
tt0119668,movie,Midnight in the Garden of Good and Evil,1997,155,"Crime,Drama,Mystery",6.6,43887
tt0119670,movie,The Mighty,1998,100,"Comedy,Drama",7.2,14932
tt0119675,movie,Mimic,1997,105,"Horror,Sci-Fi",6.0,60174
tt0119683,movie,Les Misérables,1998,134,"Crime,Drama,Romance",7.4,44596
tt0119695,movie,Money Talks,1997,97,"Action,Comedy,Crime",6.2,33710
tt0119698,movie,Princess Mononoke,1997,133,"Adventure,Animation,Fantasy",8.3,485639
tt0119707,movie,Mortal Kombat: Annihilation,1997,95,"Action,Adventure,Fantasy",3.6,61946
tt0119715,movie,Mousehunt,1997,98,Comedy,6.5,63807
tt0119718,movie,Mr. Magoo,1997,87,"Adventure,Comedy,Family",4.1,16947
tt0119731,movie,Murder at 1600,1997,107,"Action,Crime,Drama",6.1,34734
tt0119738,movie,My Best Friend's Wedding,1997,105,"Comedy,Drama,Romance",6.4,167626
tt0119784,movie,The Night Flier,1997,97,"Fantasy,Horror,Mystery",6.0,13445
tt0119791,movie,Nightwatch,1997,101,"Drama,Horror,Thriller",6.2,22761
tt0119792,movie,Nil by Mouth,1997,128,Drama,7.3,11091
tt0119807,movie,Nothing to Lose,1997,98,"Action,Adventure,Comedy",6.7,52563
tt0119809,movie,Nowhere,1997,82,"Comedy,Drama,Sci-Fi",6.6,12389
tt0119822,movie,As Good as It Gets,1997,139,"Comedy,Drama,Romance",7.7,338447
tt0119848,movie,Out to Sea,1997,106,"Comedy,Romance",6.1,10291
tt0119861,movie,Pardes,1997,191,"Drama,Musical,Romance",6.9,17208
tt0119874,movie,The Peacemaker,1997,124,"Action,Crime,Drama",6.0,66584
tt0119879,movie,Perdita Durango,1997,129,"Action,Crime,Horror",6.3,10930
tt0119891,movie,Phantoms,1998,96,"Horror,Sci-Fi,Thriller",5.4,24592
tt0119896,movie,Picture Perfect,1997,101,"Comedy,Drama,Romance",5.6,22436
tt0119925,movie,The Postman,1997,177,"Action,Adventure,Drama",6.1,83578
tt0119942,movie,Primary Colors,1998,143,"Comedy,Drama",6.7,31571
tt0119951,movie,Private Parts,1997,109,"Biography,Comedy,Drama",6.9,40557
tt0119978,movie,The Rainmaker,1997,135,"Crime,Drama,Thriller",7.2,92051
tt0119994,movie,Red Corner,1997,122,"Crime,Drama,Thriller",6.3,19798
tt0120004,movie,The Relic,1997,110,"Horror,Mystery,Sci-Fi",5.8,32627
tt0120008,movie,The Replacement Killers,1998,87,"Action,Crime,Thriller",6.1,32020
tt0120029,movie,RocketMan,1997,95,"Comedy,Family,Sci-Fi",5.9,11218
tt0120032,movie,Romy and Michele's High School Reunion,1997,92,Comedy,6.4,58275
tt0120053,movie,The Saint,1997,116,"Action,Adventure,Romance",6.2,78208
tt0120070,movie,Savior,1998,103,"Drama,War",7.2,12200
tt0120082,movie,Scream 2,1997,120,"Horror,Mystery",6.4,238039
tt0120094,movie,Selena,1997,127,"Biography,Drama,Music",6.9,33929
tt0120102,movie,Seven Years in Tibet,1997,136,"Adventure,Biography,Drama",7.1,168858
tt0120125,movie,The Barber of Siberia,1998,180,"Comedy,Drama,History",7.6,13401
tt0120148,movie,Sliding Doors,1998,99,"Comedy,Drama,Fantasy",6.7,76177
tt0120152,movie,Smilla's Sense of Snow,1997,121,"Crime,Drama,Mystery",6.3,16026
tt0120157,movie,Soldier,1998,99,"Action,Drama,Sci-Fi",6.1,61918
tt0120176,movie,The Spanish Prisoner,1997,110,"Drama,Mystery,Thriller",7.1,26357
tt0120177,movie,Spawn,1997,96,"Action,Crime,Drama",5.2,76762
tt0120179,movie,Speed 2: Cruise Control,1997,121,"Action,Adventure,Crime",4.0,89264
tt0120184,movie,Sphere,1998,134,"Mystery,Sci-Fi,Thriller",6.1,117619
tt0120185,movie,Spice World,1997,93,"Comedy,Family,Music",3.8,38451
tt0120188,movie,Three Kings,1999,114,"Action,Adventure,Comedy",7.1,186631
tt0120201,movie,Starship Troopers,1997,129,"Action,Adventure,Sci-Fi",7.3,347764
tt0120202,movie,State and Main,2000,105,"Comedy,Drama",6.7,23564
tt0120207,movie,Steel,1997,97,"Action,Adventure,Crime",3.0,15910
tt0120238,movie,SubUrbia,1996,121,"Comedy,Drama",6.7,11898
tt0120241,movie,Suicide Kings,1997,106,"Comedy,Crime,Drama",6.9,30645
tt0120255,movie,The Sweet Hereafter,1997,112,Drama,7.4,37022
tt0120263,movie,Songs from the Second Floor,2000,98,"Comedy,Drama",7.5,21600
tt0120265,movie,Taste of Cherry,1997,95,Drama,7.7,44430
tt0120321,movie,Smoke Signals,1998,89,"Comedy,Drama",7.2,12204
tt0120324,movie,A Simple Plan,1998,121,"Crime,Drama,Thriller",7.5,84235
tt0120338,movie,Titanic,1997,194,"Drama,Romance",8.0,1398898
tt0120347,movie,Tomorrow Never Dies,1997,119,"Action,Adventure,Thriller",6.5,216666
tt0120363,movie,Toy Story 2,1999,92,"Adventure,Animation,Comedy",7.9,675996
tt0120382,movie,The Truman Show,1998,103,"Comedy,Drama",8.2,1383620
tt0120389,movie,Turbo: A Power Rangers Movie,1997,99,"Action,Adventure,Family",3.7,10479
tt0120390,movie,Turbulence,1997,100,"Action,Thriller",5.0,13559
tt0120399,movie,U Turn,1997,125,"Crime,Drama,Thriller",6.7,57743
tt0120434,movie,Vegas Vacation,1997,93,Comedy,6.0,56505
tt0120458,movie,Virus,1999,99,"Action,Horror,Sci-Fi",5.1,32126
tt0120461,movie,Volcano,1997,104,"Action,Drama,Sci-Fi",5.6,87392
tt0120483,movie,The Man Who Knew Too Little,1997,94,"Comedy,Crime,Drama",6.6,37313
tt0120484,movie,The Waterboy,1998,90,"Comedy,Sport",6.2,192793
tt0120514,movie,Wilde,1997,118,"Biography,Drama,Romance",6.9,17768
tt0120520,movie,The Wings of the Dove,1997,102,"Drama,Romance",7.1,12349
tt0120524,movie,Wishmaster,1997,90,"Fantasy,Horror",5.9,29004
tt0120533,movie,Celebrity,1998,113,"Comedy,Drama",6.3,28707
tt0120540,movie,Yes Boss,1997,163,"Comedy,Drama,Musical",6.7,15205
tt0120577,movie,54,1998,93,"Drama,Music",5.9,35835
tt0120586,movie,American History X,1998,119,"Crime,Drama",8.5,1277231
tt0120587,movie,Antz,1998,83,"Adventure,Animation,Comedy",6.5,171567
tt0120591,movie,Armageddon,1998,151,"Action,Adventure,Sci-Fi",6.7,480946
tt0120595,movie,Babe: Pig in the City,1998,97,"Adventure,Comedy,Drama",5.9,37638
tt0120596,movie,The Bachelor,1999,101,"Comedy,Romance",5.1,18229
tt0120601,movie,Being John Malkovich,1999,113,"Comedy,Drama,Fantasy",7.7,369739
tt0120604,movie,Beowulf,1999,95,"Action,Adventure,Fantasy",4.1,13302
tt0120609,movie,The Big Hit,1998,91,"Action,Comedy,Crime",6.0,33314
tt0120610,movie,Black Dog,1998,89,"Action,Crime,Drama",5.5,10769
tt0120611,movie,Blade,1998,120,"Action,Horror,Sci-Fi",7.1,331922
tt0120616,movie,The Mummy,1999,124,"Action,Adventure,Fantasy",7.1,504511
tt0120620,movie,Brokedown Palace,1999,100,"Drama,Mystery,Thriller",6.4,25200
tt0120623,movie,A Bug's Life,1998,95,"Adventure,Animation,Comedy",7.2,338539
tt0120630,movie,Chicken Run,2000,84,"Adventure,Animation,Comedy",7.1,225593
tt0120631,movie,Ever After: A Cinderella Story,1998,121,"Drama,Romance",7.1,86523
tt0120632,movie,City of Angels,1998,114,"Drama,Fantasy,Romance",6.7,135253
tt0120633,movie,A Civil Action,1998,115,"Biography,Drama",6.6,32798
tt0120646,movie,The Deep End of the Ocean,1999,106,Drama,6.3,23455
tt0120647,movie,Deep Impact,1998,120,"Action,Drama,Sci-Fi",6.3,206112
tt0120654,movie,Dirty Work,1998,82,Comedy,6.4,33045
tt0120655,movie,Dogma,1999,130,"Adventure,Comedy,Drama",7.3,241465
tt0120657,movie,The 13th Warrior,1999,102,"Action,Adventure,History",6.6,139744
tt0120660,movie,Enemy of the State,1998,132,"Action,Thriller",7.3,275567
tt0120662,movie,Eye of the Beholder,1999,109,"Drama,Mystery,Thriller",5.0,16649
tt0120663,movie,Eyes Wide Shut,1999,159,"Drama,Mystery,Thriller",7.5,432287
tt0120667,movie,Fantastic Four,2005,106,"Action,Adventure,Fantasy",5.7,375102
tt0120669,movie,Fear and Loathing in Las Vegas,1998,118,"Adventure,Comedy,Drama",7.4,320105
tt0120679,movie,Frida,2002,123,"Biography,Drama,Romance",7.3,101601
tt0120681,movie,From Hell,2001,122,"Crime,Horror,Mystery",6.7,172287
tt0120684,movie,Gods and Monsters,1998,105,"Biography,Drama",7.3,34364
tt0120685,movie,Godzilla,1998,139,"Action,Sci-Fi,Thriller",5.5,213714
tt0120686,movie,Stepmom,1998,125,"Comedy,Drama",6.8,80549
tt0120689,movie,The Green Mile,1999,189,"Crime,Drama,Fantasy",8.6,1568167
tt0120693,movie,Half Baked,1998,82,"Comedy,Crime",6.6,71215
tt0120694,movie,Halloween H20: 20 Years Later,1998,86,"Horror,Thriller",5.8,88888
tt0120696,movie,Hard Rain,1998,97,"Action,Crime,Drama",5.9,38527
tt0120701,movie,Holy Man,1998,114,"Comedy,Drama",5.0,21871
tt0120710,movie,In Dreams,1999,100,"Drama,Fantasy,Horror",5.5,14170
tt0120716,movie,Jakob the Liar,1999,120,"Comedy,Drama,War",6.5,17474
tt0120724,movie,Knock Off,1998,91,"Action,Comedy,Crime",4.9,17530
tt0120728,movie,The Last Days of Disco,1998,113,"Comedy,Drama,Music",6.7,15246
tt0120731,movie,The Legend of 1900,1998,169,"Drama,Music,Romance",8.0,73856
tt0120735,movie,"Lock, Stock and Two Smoking Barrels",1998,107,"Comedy,Crime",8.1,650542
tt0120737,movie,The Lord of the Rings: The Fellowship of the Ring,2001,178,"Adventure,Drama,Fantasy",8.9,2215170
tt0120738,movie,Lost in Space,1998,130,"Action,Adventure,Sci-Fi",5.3,77852
tt0120741,movie,Mafia!,1998,87,"Comedy,Crime",5.6,16738
tt0120744,movie,The Man in the Iron Mask,1998,132,"Action,Adventure,Drama",6.5,191277
tt0120746,movie,The Mask of Zorro,1998,136,"Action,Adventure,Comedy",6.8,210900
tt0120749,movie,Mercury Rising,1998,111,"Action,Crime,Drama",6.1,81552
tt0120751,movie,Mighty Joe Young,1998,114,"Action,Adventure,Family",5.7,32643
tt0120753,movie,The Million Dollar Hotel,2000,122,"Drama,Mystery,Romance",5.7,23272
tt0120755,movie,Mission: Impossible II,2000,123,"Action,Adventure,Thriller",6.1,415554
tt0120762,movie,Mulan,1998,87,"Adventure,Animation,Comedy",7.7,347995
tt0120764,movie,My Favorite Martian,1999,94,"Comedy,Family,Sci-Fi",5.1,15186
tt0120768,movie,The Negotiator,1998,140,"Action,Crime,Drama",7.3,169133
tt0120769,movie,The Newton Boys,1998,122,"Action,Crime,Drama",6.1,13235
tt0120770,movie,A Night at the Roxbury,1998,82,"Comedy,Music,Romance",6.2,69258
tt0120772,movie,The Object of My Affection,1998,111,"Comedy,Drama,Romance",6.0,22634
tt0120773,movie,The Odd Couple II,1998,97,"Adventure,Comedy",6.5,11455
tt0120776,movie,One True Thing,1998,127,Drama,6.9,13406
tt0120777,movie,The Opposite of Sex,1998,105,"Comedy,Drama,Romance",6.4,22278
tt0120780,movie,Out of Sight,1998,123,"Comedy,Crime,Drama",7.0,105944
tt0120783,movie,The Parent Trap,1998,128,"Adventure,Comedy,Drama",6.7,174782
tt0120784,movie,Payback,1999,100,"Action,Crime,Drama",7.0,154098
tt0120786,movie,The Patriot,1998,90,"Action,Thriller",4.2,14014
tt0120787,movie,A Perfect Murder,1998,107,"Crime,Drama,Thriller",6.6,98865
tt0120789,movie,Pleasantville,1998,124,"Comedy,Drama,Fantasy",7.5,144515
tt0120791,movie,Practical Magic,1998,104,"Comedy,Drama,Fantasy",6.4,108771
tt0120794,movie,The Prince of Egypt,1998,99,"Adventure,Animation,Drama",7.2,163137
tt0120797,movie,Pushing Tin,1999,124,"Comedy,Drama,Romance",6.0,31822
tt0120800,movie,Quest for Camelot,1998,86,"Adventure,Animation,Comedy",6.3,19693
tt0120802,movie,The Red Violin,1998,130,"Drama,Music,Mystery",7.6,35806
tt0120804,movie,Resident Evil,2002,100,"Action,Horror,Sci-Fi",6.6,312080
tt0120812,movie,Rush Hour,1998,98,"Action,Comedy,Crime",7.1,331286
tt0120815,movie,Saving Private Ryan,1998,169,"Drama,War",8.6,1646894
tt0120820,movie,Senseless,1998,93,"Comedy,Romance",6.0,17766
tt0120824,movie,The Shipping News,2001,111,Drama,6.7,34882
tt0120828,movie,Six Days Seven Nights,1998,102,"Action,Adventure,Comedy",5.9,88098
tt0120831,movie,Slums of Beverly Hills,1998,91,"Comedy,Drama",6.7,15882
tt0120832,movie,Snake Eyes,1998,98,"Crime,Mystery,Thriller",6.2,93584
tt0120834,movie,Snow Falling on Cedars,1999,127,"Drama,Mystery,Romance",6.7,14991
tt0120841,movie,Species II,1998,93,"Action,Horror,Sci-Fi",4.5,33944
tt0120844,movie,Star Trek: Insurrection,1998,103,"Action,Adventure,Sci-Fi",6.4,83369
tt0120855,movie,Tarzan,1999,88,"Adventure,Animation,Comedy",7.3,270086
tt0120857,movie,Tea with Mussolini,1999,117,"Comedy,Drama,War",6.9,13882
tt0120863,movie,The Thin Red Line,1998,170,"Drama,History,War",7.6,212580
tt0120866,movie,Titus,1999,162,"Drama,History,Thriller",7.0,22297
tt0120868,movie,Torrente: The Dumb Arm of the Law,1998,97,"Comedy,Crime",6.8,15289
tt0120873,movie,U.S. Marshals,1998,131,"Action,Crime,Thriller",6.6,120696
tt0120877,movie,Vampires,1998,108,"Action,Horror,Thriller",6.1,68558
tt0120879,movie,Velvet Goldmine,1998,123,"Drama,Music",6.9,40494
tt0120882,movie,The Visitors II: The Corridors of Time,1998,118,"Comedy,Fantasy",6.1,14569
tt0120885,movie,Wag the Dog,1997,97,"Comedy,Drama",7.1,93697
tt0120888,movie,The Wedding Singer,1998,97,"Comedy,Music,Romance",6.9,174072
tt0120889,movie,What Dreams May Come,1998,113,"Drama,Fantasy,Romance",7.0,121041
tt0120890,movie,Wild Things,1998,108,"Crime,Drama,Mystery",6.6,141173
tt0120891,movie,Wild Wild West,1999,106,"Action,Comedy,Sci-Fi",4.9,173778
tt0120901,movie,Wrongfully Accused,1998,87,"Action,Comedy,Thriller",6.1,31971
tt0120902,movie,The X Files,1998,121,"Adventure,Drama,Mystery",7.0,115093
tt0120903,movie,X-Men,2000,104,"Action,Adventure,Sci-Fi",7.3,693921
tt0120906,movie,Zero Effect,1998,116,"Comedy,Crime,Drama",6.8,16112
tt0120907,movie,eXistenZ,1999,97,"Horror,Mystery,Sci-Fi",6.8,114111
tt0120910,movie,Fantasia 2000,1999,75,"Animation,Family,Fantasy",7.1,44109
tt0120912,movie,Men in Black II,2002,88,"Action,Adventure,Comedy",6.2,433163
tt0120913,movie,Titan A.E.,2000,94,"Action,Adventure,Animation",6.6,66916
tt0120915,movie,Star Wars: Episode I - The Phantom Menace,1999,136,"Action,Adventure,Fantasy",6.5,931548
tt0120917,movie,The Emperor's New Groove,2000,78,"Adventure,Animation,Comedy",7.4,250345
tt0121164,movie,Corpse Bride,2005,77,"Animation,Comedy,Drama",7.4,329478
tt0121765,movie,Star Wars: Episode II - Attack of the Clones,2002,142,"Action,Adventure,Fantasy",6.6,825031
tt0121766,movie,Star Wars: Episode III - Revenge of the Sith,2005,140,"Action,Adventure,Fantasy",7.7,926731
tt0122151,movie,Lethal Weapon 4,1998,127,"Action,Crime,Thriller",6.6,181023
tt0122459,movie,Return to Me,2000,115,"Comedy,Drama,Romance",7.0,25142
tt0122541,movie,An Ideal Husband,1999,97,"Comedy,Romance",6.8,17753
tt0122690,movie,Ronin,1998,122,"Action,Crime,Thriller",7.2,208400
tt0122718,movie,Small Soldiers,1998,110,"Action,Adventure,Comedy",6.3,110669
tt0122933,movie,Analyze This,1999,103,"Comedy,Crime",6.7,169735
tt0123209,movie,The Other Sister,1999,129,"Comedy,Drama,Romance",6.5,13737
tt0123755,movie,Cube,1997,90,"Horror,Mystery,Sci-Fi",7.1,262370
tt0123948,movie,Cure,1997,111,"Crime,Horror,Mystery",7.5,39254
tt0123964,movie,Life,1999,108,"Comedy,Crime,Drama",6.8,61366
tt0124198,movie,Very Bad Things,1998,100,"Comedy,Crime,Thriller",6.3,51020
tt0124298,movie,Blast from the Past,1999,112,"Comedy,Drama,Romance",6.7,77820
tt0124315,movie,The Cider House Rules,1999,126,"Drama,Romance",7.4,109766
tt0124595,movie,Return to Paradise,1998,111,"Drama,Romance,Thriller",6.9,16109
tt0124718,movie,He Got Game,1998,136,"Drama,Sport",6.9,54974
tt0124819,movie,Orgazmo,1997,94,Comedy,6.1,39328
tt0124879,movie,Simon Birch,1998,114,"Comedy,Drama,Family",6.8,23050
tt0124901,movie,Thursday,1998,83,"Action,Comedy,Crime",7.1,22128
tt0125022,movie,Heartbreakers,2001,123,"Comedy,Crime,Romance",6.3,62352
tt0125439,movie,Notting Hill,1999,124,"Comedy,Drama,Romance",7.2,386682
tt0125454,movie,Paulie,1998,91,"Adventure,Comedy,Drama",6.6,17528
tt0125659,movie,Open Your Eyes,1997,119,"Drama,Mystery,Sci-Fi",7.7,76040
tt0125664,movie,Man on the Moon,1999,118,"Biography,Comedy,Drama",7.4,143717
tt0126029,movie,Shrek,2001,90,"Adventure,Animation,Comedy",7.9,814293
tt0126250,movie,Cookie's Fortune,1999,118,"Comedy,Drama",6.8,14350
tt0126388,movie,Legionnaire,1998,99,"Action,Adventure,Drama",5.5,27482
tt0126604,movie,Pecker,1998,87,"Comedy,Drama",6.4,15750
tt0126886,movie,Election,1999,103,"Comedy,Romance",7.2,111752
tt0126916,movie,For Love of the Game,1999,137,"Drama,Romance,Sport",6.6,40395
tt0127311,movie,Somersault in a Coffin,1996,76,Drama,7.6,12190
tt0127357,movie,Who Am I?,1998,108,"Action,Adventure,Comedy",6.8,45802
tt0127536,movie,Elizabeth,1998,124,"Biography,Drama,History",7.4,110493
tt0127723,movie,Can't Hardly Wait,1998,100,"Comedy,Romance",6.5,57527
tt0128278,movie,Instinct,1999,126,"Drama,Thriller",6.6,35566
tt0128332,movie,Innocence,1997,110,Drama,8.0,22989
tt0128442,movie,Rounders,1998,121,"Crime,Drama",7.3,171570
tt0128445,movie,Rushmore,1998,93,"Comedy,Drama,Romance",7.6,208875
tt0128853,movie,You've Got Mail,1998,119,"Comedy,Drama,Romance",6.7,246692
tt0129167,movie,The Iron Giant,1999,86,"Action,Adventure,Animation",8.1,262243
tt0129280,movie,The Out-of-Towners,1999,90,Comedy,5.5,16028
tt0129290,movie,Patch Adams,1998,115,"Biography,Comedy,Drama",6.9,130623
tt0129332,movie,Ravenous,1999,101,"Adventure,Drama,Horror",6.9,46768
tt0129387,movie,There's Something About Mary,1998,119,"Comedy,Romance",7.1,349210
tt0130018,movie,I Still Know What You Did Last Summer,1998,100,"Horror,Mystery,Thriller",4.8,88720
tt0130121,movie,Mickey Blue Eyes,1999,102,"Comedy,Crime,Romance",5.9,39649
tt0130236,movie,Samurai Cop,1991,96,"Action,Crime,Thriller",4.5,11447
tt0130623,movie,Dinosaur,2000,82,"Adventure,Animation,Drama",6.4,73131
tt0130827,movie,Run Lola Run,1998,80,"Action,Crime,Thriller",7.6,217196
tt0131325,movie,Bowfinger,1999,97,Comedy,6.5,77956
tt0131369,movie,Edtv,1999,122,"Comedy,Drama",6.1,46835
tt0131566,movie,Rogue Trader,1999,101,"Crime,Drama,History",6.4,11393
tt0131646,movie,Wing Commander,1999,100,"Action,Adventure,Sci-Fi",4.4,18217
tt0131704,movie,The Adventures of Rocky & Bullwinkle,2000,92,"Adventure,Comedy,Family",4.3,21966
tt0131857,movie,BASEketball,1998,103,"Comedy,Sport",6.5,69223
tt0132245,movie,Driven,2001,116,"Action,Drama,Sport",4.6,45300
tt0132347,movie,Mystery Men,1999,121,"Action,Comedy,Fantasy",6.1,74063
tt0132477,movie,October Sky,1999,108,"Biography,Drama,Family",7.8,112339
tt0132512,movie,At First Sight,1999,128,"Drama,Romance",6.0,15373
tt0132910,movie,The Crow: Salvation,2000,102,"Action,Crime,Fantasy",4.9,13782
tt0133024,movie,Ishq,1997,161,"Action,Comedy,Drama",6.8,12963
tt0133046,movie,Teaching Mrs. Tingle,1999,96,"Comedy,Thriller",5.4,22661
tt0133093,movie,The Matrix,1999,136,"Action,Sci-Fi",8.7,2257174
tt0133152,movie,Planet of the Apes,2001,120,"Action,Adventure,Sci-Fi",5.7,242333
tt0133189,movie,SLC Punk!,1998,97,"Comedy,Drama,Music",7.3,35848
tt0133240,movie,Treasure Planet,2002,95,"Action,Adventure,Animation",7.2,149025
tt0133363,movie,Lovers of the Arctic Circle,1998,112,"Drama,Mystery,Romance",7.6,20906
tt0133385,movie,Asterix and Obelix vs. Caesar,1999,109,"Adventure,Comedy,Family",6.0,48586
tt0133751,movie,The Faculty,1998,104,"Horror,Mystery,Sci-Fi",6.6,148332
tt0133952,movie,The Siege,1998,116,"Action,Thriller",6.4,83281
tt0134033,movie,Plunkett & Macleane,1999,99,"Action,Adventure,Comedy",6.3,10824
tt0134067,movie,The Rugrats Movie,1998,79,"Adventure,Animation,Comedy",5.9,21997
tt0134084,movie,Scream 3,2000,116,"Horror,Mystery",5.7,186459
tt0134119,movie,The Talented Mr. Ripley,1999,139,"Crime,Drama,Thriller",7.4,273191
tt0134154,movie,Ride with the Devil,1999,138,"Drama,Romance,War",6.7,15293
tt0134273,movie,8MM,1999,123,"Crime,Drama,Mystery",6.6,151898
tt0134618,movie,"Mystery, Alaska",1999,119,"Comedy,Drama,Sport",6.7,29733
tt0134619,movie,Disturbing Behavior,1998,84,"Horror,Mystery,Sci-Fi",5.7,27758
tt0134630,movie,Duets,2000,112,"Comedy,Drama,Music",6.2,10522
tt0134847,movie,Pitch Black,2000,109,"Horror,Sci-Fi,Thriller",7.0,264730
tt0134983,movie,Supernova,2000,90,"Horror,Sci-Fi,Thriller",4.9,21077
tt0135007,movie,Three Men and a Leg,1997,100,Comedy,7.7,13426
tt0135790,movie,Bang Boom Bang - Ein todsicheres Ding,1999,110,"Action,Comedy,Crime",7.5,11461
tt0136352,movie,Koyla,1997,166,"Action,Drama,Musical",6.2,10780
tt0137338,movie,200 Cigarettes,1999,101,"Comedy,Drama,Romance",6.0,17221
tt0137363,movie,Arlington Road,1999,117,"Action,Crime,Drama",7.2,99264
tt0137494,movie,Entrapment,1999,113,"Action,Crime,Romance",6.3,130070
tt0137523,movie,Fight Club,1999,139,"Crime,Drama,Thriller",8.8,2624762
tt0138097,movie,Shakespeare in Love,1998,123,"Comedy,Drama,History",7.1,243506
tt0138304,movie,The Astronaut's Wife,1999,109,"Drama,Sci-Fi,Thriller",5.4,59131
tt0138510,movie,Idle Hands,1999,92,"Comedy,Fantasy,Horror",6.3,50509
tt0138524,movie,Intolerable Cruelty,2003,100,"Comedy,Crime,Romance",6.3,106080
tt0138704,movie,Pi,1998,84,"Drama,Horror,Mystery",7.3,193194
tt0138749,movie,The Road to El Dorado,2000,89,"Adventure,Animation,Comedy",6.9,119715
tt0138946,movie,The Yards,2000,115,"Crime,Drama,Romance",6.4,24878
tt0139134,movie,Cruel Intentions,1999,97,"Drama,Romance",6.8,221222
tt0139151,movie,Inferno,1999,95,"Action,Comedy,Drama",5.2,11657
tt0139239,movie,Go,1999,102,"Comedy,Crime",7.2,79282
tt0139362,movie,High Art,1998,101,"Drama,Romance",6.6,11675
tt0139414,movie,Lake Placid,1999,82,"Action,Comedy,Horror",5.8,69649
tt0139462,movie,Message in a Bottle,1999,126,"Drama,Romance",6.3,42546
tt0139654,movie,Training Day,2001,122,"Crime,Drama,Thriller",7.8,519663
tt0139668,movie,True Crime,1999,127,"Crime,Drama,Mystery",6.6,40130
tt0139699,movie,Varsity Blues,1999,106,"Comedy,Drama,Romance",6.6,53619
tt0139809,movie,The Thirteenth Floor,1999,100,"Mystery,Sci-Fi,Thriller",7.0,83334
tt0139876,movie,Baasha,1995,145,"Action,Crime,Drama",8.3,13647
tt0140352,movie,The Insider,1999,157,"Biography,Drama,History",7.8,192129
tt0140379,movie,A Midsummer Night's Dream,1999,116,"Comedy,Fantasy,Romance",6.4,28486
tt0140888,movie,Central Station,1998,110,Drama,8.0,50993
tt0141098,movie,Forces of Nature,1999,105,"Comedy,Romance",5.5,37536
tt0141109,movie,Jack Frost,1998,101,"Comedy,Drama,Family",5.5,44709
tt0141369,movie,Inspector Gadget,1999,78,"Action,Adventure,Comedy",4.2,54063
tt0141926,movie,U-571,2000,116,"Action,War",6.6,92251
tt0141974,movie,The War Zone,1999,98,"Drama,Thriller",7.2,12057
tt0142192,movie,The Corruptor,1999,110,"Action,Crime,Thriller",6.1,20136
tt0142236,movie,Dragon Ball Z: Fusion Reborn,1995,51,"Action,Animation,Sci-Fi",7.6,13692
tt0142242,movie,Dragon Ball Z: Broly - The Legendary Super Saiyan,1993,72,"Action,Animation,Fantasy",7.3,13401
tt0142243,movie,Dragon Ball Z: Wrath of the Dragon,1995,52,"Action,Animation,Sci-Fi",7.4,10957
tt0142342,movie,Big Daddy,1999,93,"Comedy,Drama",6.5,252552
tt0142688,movie,The Ninth Gate,1999,133,"Mystery,Thriller",6.7,210853
tt0142804,movie,Resurrection,1999,108,"Crime,Drama,Horror",6.1,12097
tt0143145,movie,The World Is Not Enough,1999,128,"Action,Adventure,Thriller",6.4,221250
tt0144084,movie,American Psycho,2000,102,"Crime,Drama,Horror",7.6,844443
tt0144117,movie,The Boondock Saints,1999,108,"Action,Crime,Thriller",7.6,262954
tt0144120,movie,Bride of Chucky,1998,89,"Comedy,Horror,Thriller",5.7,70579
tt0144168,movie,Dick,1999,94,Comedy,6.2,22761
tt0144201,movie,Girl on the Bridge,1999,90,"Comedy,Drama,Romance",7.4,14930
tt0144214,movie,The General's Daughter,1999,116,"Crime,Drama,Mystery",6.4,68736
tt0144528,movie,Nutty Professor II: The Klumps,2000,106,"Comedy,Romance,Sci-Fi",4.5,55716
tt0144640,movie,Three to Tango,1999,98,"Comedy,Romance",6.1,20914
tt0144715,movie,Holy Smoke,1999,115,"Comedy,Drama",5.9,16415
tt0144814,movie,The Rage: Carrie 2,1999,104,"Drama,Horror,Sci-Fi",4.8,19467
tt0144964,movie,Highlander: Endgame,2000,87,"Action,Adventure,Fantasy",4.6,22438
tt0145487,movie,Spider-Man,2002,121,"Action,Adventure,Sci-Fi",7.4,973167
tt0145503,movie,Sunshine,1999,181,"Drama,History,Romance",7.4,15254
tt0145531,movie,Stigmata,1999,103,"Horror,Mystery",6.2,77588
tt0145547,movie,Two Hands,1999,103,"Comedy,Crime,Thriller",7.1,13392
tt0145653,movie,Angela's Ashes,1999,145,"Biography,Drama",7.3,24527
tt0145660,movie,Austin Powers: The Spy Who Shagged Me,1999,95,"Action,Adventure,Comedy",6.7,263398
tt0145681,movie,The Bone Collector,1999,118,"Crime,Drama,Mystery",6.7,201169
tt0145734,movie,Playing by Heart,1998,121,"Comedy,Drama,Romance",6.9,21051
tt0145893,movie,Simply Irresistible,1999,96,"Comedy,Drama,Fantasy",5.3,15777
tt0146309,movie,Thirteen Days,2000,145,"Drama,History,Thriller",7.3,65561
tt0146316,movie,Lara Croft: Tomb Raider,2001,100,"Action,Adventure,Fantasy",5.8,230642
tt0146336,movie,Urban Legend,1998,99,"Horror,Mystery,Thriller",5.6,78822
tt0146675,movie,End of Days,1999,122,"Action,Fantasy,Horror",5.8,123133
tt0146838,movie,Any Given Sunday,1999,162,"Drama,Sport",6.9,131664
tt0146882,movie,High Fidelity,2000,113,"Comedy,Drama,Music",7.4,199611
tt0146984,movie,The Legend of Bagger Vance,2000,126,"Drama,Sport",6.7,62457
tt0147004,movie,Little Voice,1998,97,"Comedy,Drama,Music",7.0,17846
tt0147612,movie,Happiness,1998,134,"Comedy,Drama",7.7,80170
tt0147800,movie,10 Things I Hate About You,1999,97,"Comedy,Drama,Romance",7.4,454156
tt0149261,movie,Deep Blue Sea,1999,105,"Action,Adventure,Sci-Fi",6.0,151983
tt0149601,movie,Cholera Street,1997,120,"Crime,Drama,Romance",7.6,12804
tt0149624,movie,All the Pretty Horses,2000,116,"Drama,Romance,Western",5.8,15189
tt0149691,movie,Anywhere But Here,1999,114,"Comedy,Drama",6.2,19508
tt0150377,movie,Double Jeopardy,1999,105,"Crime,Drama,Mystery",6.5,105335
tt0150662,movie,Show Me Love,1998,89,"Comedy,Drama,Romance",7.5,58096
tt0150915,movie,Hilary and Jackie,1998,121,"Biography,Drama,Music",7.3,11307
tt0150992,movie,Straight from the Heart,1999,188,"Comedy,Drama,Musical",7.4,21098
tt0151137,movie,The Messenger: The Story of Joan of Arc,1999,148,"Adventure,Biography,Drama",6.4,73274
tt0151150,movie,Josh,2000,162,"Action,Drama,Musical",6.1,11851
tt0151568,movie,Topsy-Turvy,1999,160,"Biography,Comedy,Drama",7.3,14269
tt0151738,movie,Never Been Kissed,1999,107,"Comedy,Drama,Romance",6.0,103373
tt0151804,movie,Office Space,1999,89,Comedy,7.6,309824
tt0152930,movie,Taxi,1998,89,"Action,Comedy,Crime",7.0,95524
tt0154420,movie,The Celebration,1998,101,Drama,8.0,100194
tt0154421,movie,The Idiots,1998,117,"Comedy,Drama",6.7,36178
tt0154506,movie,Following,1998,69,"Crime,Mystery,Thriller",7.4,111180
tt0155267,movie,The Thomas Crown Affair,1999,113,"Crime,Romance,Thriller",6.9,109608
tt0155711,movie,Flawless,1999,112,"Crime,Drama",6.4,21145
tt0155753,movie,I'll Be Home for Christmas,1998,86,"Comedy,Family",5.6,13357
tt0155776,movie,Jawbreaker,1999,86,"Comedy,Crime,Thriller",5.8,32258
tt0155975,movie,Psycho,1998,105,"Horror,Mystery,Thriller",4.6,52927
tt0156323,movie,Screwed,2000,81,"Comedy,Crime",5.7,10003
tt0156729,movie,Last Night,1998,95,"Comedy,Drama,Romance",7.1,10559
tt0156794,movie,Eternity and a Day,1998,137,Drama,7.8,16308
tt0156812,movie,My Dog Skip,2000,95,"Comedy,Drama,Family",7.0,22113
tt0156841,movie,The Next Best Thing,2000,108,"Comedy,Drama,Romance",4.7,12109
tt0156887,movie,Perfect Blue,1997,82,"Animation,Crime,Drama",8.0,124099
tt0156934,movie,Random Hearts,1999,133,"Drama,Mystery,Romance",5.4,25395
tt0157016,movie,I Stand Alone,1998,93,"Crime,Drama,Thriller",7.2,27744
tt0157262,movie,2001: A Space Travesty,2000,99,"Comedy,Sci-Fi",3.5,14115
tt0157472,movie,Clockstoppers,2002,94,"Action,Adventure,Comedy",5.2,15774
tt0157503,movie,Drop Dead Gorgeous,1999,97,"Comedy,Romance,Thriller",6.7,45012
tt0157583,movie,Enigma,2001,119,"Drama,Mystery,Romance",6.4,22792
tt0158371,movie,Sweet and Lowdown,1999,95,"Comedy,Drama,Music",7.2,37027
tt0158493,movie,Belly,1998,96,"Crime,Drama",6.2,13973
tt0158622,movie,The Flintstones in Viva Rock Vegas,2000,90,"Comedy,Family,Romance",3.8,27025
tt0158714,movie,Lady Snowblood,1973,97,"Action,Crime,Drama",7.6,19148
tt0158811,movie,Muppets from Space,1999,87,"Adventure,Comedy,Family",6.3,21994
tt0158983,movie,"South Park: Bigger, Longer & Uncut",1999,81,"Animation,Comedy,Fantasy",7.7,223741
tt0159097,movie,The Virgin Suicides,1999,97,"Drama,Romance",7.2,187102
tt0159273,movie,Behind Enemy Lines,2001,106,"Action,Drama,Thriller",6.4,119600
tt0159365,movie,Cold Mountain,2003,154,"Adventure,Drama,Romance",7.2,164626
tt0159382,movie,Croupier,1998,94,"Crime,Drama,Thriller",7.0,24855
tt0160009,movie,The Art of War,2000,117,"Action,Adventure,Crime",5.7,32441
tt0160127,movie,Charlie's Angels,2000,98,"Action,Adventure,Comedy",5.7,206954
tt0160184,movie,D-Tox,2002,96,"Crime,Thriller",5.3,31138
tt0160236,movie,Dudley Do-Right,1999,77,"Comedy,Family,Romance",4.0,11841
tt0160399,movie,Impostor,2001,95,"Drama,Mystery,Sci-Fi",6.2,25470
tt0160484,movie,Lost Souls,2000,97,"Drama,Horror,Thriller",4.8,11773
tt0160611,movie,Ordinary Decent Criminal,2000,93,"Comedy,Crime",6.3,14784
tt0160797,movie,Rules of Engagement,2000,128,"Drama,Thriller,War",6.4,52865
tt0160862,movie,She's All That,1999,95,"Comedy,Romance",6.0,113834
tt0160916,movie,The Story of Us,1999,95,"Comedy,Drama,Romance",6.0,25135
tt0161081,movie,What Lies Beneath,2000,130,"Drama,Horror,Mystery",6.6,146023
tt0161083,movie,What's the Worst That Could Happen?,2001,94,"Comedy,Crime",5.5,18157
tt0161100,movie,The Wood,1999,106,"Comedy,Drama,Romance",7.0,11197
tt0161292,movie,Bleeder,1999,98,"Crime,Drama",6.8,11187
tt0161860,movie,Nowhere in Africa,2001,141,"Biography,Drama,History",7.5,14816
tt0162222,movie,Cast Away,2000,143,"Adventure,Drama,Romance",7.8,691108
tt0162346,movie,Ghost World,2001,111,"Comedy,Drama",7.3,131201
tt0162360,movie,"Happy, Texas",1999,98,"Action,Comedy,Crime",6.3,10667
tt0162650,movie,Shaft,2000,99,"Action,Crime,Thriller",6.0,85569
tt0162661,movie,Sleepy Hollow,1999,105,"Fantasy,Horror,Mystery",7.3,413181
tt0162677,movie,Summer of Sam,1999,142,"Crime,Drama,Romance",6.7,44238
tt0162973,movie,Get Real,1998,108,"Comedy,Drama,Romance",7.5,13985
tt0162983,movie,Hanging Up,2000,94,"Comedy,Drama",4.9,13796
tt0163025,movie,Jurassic Park III,2001,92,"Action,Adventure,Sci-Fi",6.0,372276
tt0163187,movie,Runaway Bride,1999,116,"Comedy,Romance",5.6,111098
tt0163579,movie,Chill Factor,1999,102,"Action,Adventure,Comedy",5.3,10375
tt0163651,movie,American Pie,1999,95,Comedy,7.0,469933
tt0163978,movie,The Beach,2000,119,"Adventure,Drama,Romance",6.6,269553
tt0163983,movie,Bless the Child,2000,107,"Crime,Drama,Horror",5.1,15973
tt0163988,movie,Bringing Out the Dead,1999,121,"Drama,Thriller",6.9,81533
tt0164052,movie,Hollow Man,2000,112,"Action,Horror,Sci-Fi",5.9,147833
tt0164108,movie,The Muse,1999,97,Comedy,5.8,11797
tt0164114,movie,Drive Me Crazy,1999,91,"Comedy,Drama,Romance",5.8,23095
tt0164181,movie,Stir of Echoes,1999,99,"Horror,Mystery,Thriller",6.9,93124
tt0164184,movie,The Sum of All Fears,2002,124,"Action,Drama,Thriller",6.5,134621
tt0164212,movie,Under Suspicion,2000,110,"Crime,Drama,Thriller",6.4,30362
tt0164334,movie,Along Came a Spider,2001,104,"Crime,Drama,Mystery",6.4,104269
tt0164538,movie,Dil Se..,1998,163,"Drama,Romance",7.5,33582
tt0164912,movie,Stuart Little,1999,84,"Adventure,Comedy,Family",6.0,161012
tt0164961,movie,Vidocq,2001,98,"Action,Crime,Fantasy",6.4,24030
tt0165078,movie,After Life,1998,119,"Drama,Fantasy",7.6,15780
tt0165546,movie,The Wounds,1998,103,"Comedy,Crime,Drama",8.0,12570
tt0165623,movie,Angst,1983,87,"Drama,Horror,Thriller",7.1,16618
tt0165710,movie,Detroit Rock City,1999,95,"Adventure,Comedy,Music",6.8,41765
tt0165798,movie,Ghost Dog: The Way of the Samurai,1999,116,"Crime,Drama",7.5,103080
tt0165832,movie,Interstate 60,2002,116,"Adventure,Comedy,Drama",7.5,41161
tt0165854,movie,The Limey,1999,89,"Crime,Drama,Mystery",6.9,38318
tt0165929,movie,Romeo Must Die,2000,115,"Action,Crime,Thriller",6.1,77352
tt0165982,movie,Sinbad: Legend of the Seven Seas,2003,86,"Adventure,Animation,Comedy",6.8,64517
tt0166175,movie,East Is East,1999,96,"Comedy,Drama",6.9,19690
tt0166276,movie,Monkeybone,2001,93,"Comedy,Fantasy",4.9,20330
tt0166396,movie,Waking Ned Devine,1998,91,Comedy,7.3,29887
tt0166485,movie,Anna and the King,1999,148,"Drama,History,Romance",6.7,40453
tt0166813,movie,Spirit: Stallion of the Cimarron,2002,83,"Adventure,Animation,Drama",7.2,94419
tt0166896,movie,The Straight Story,1999,112,"Biography,Drama",8.0,108596
tt0166924,movie,Mulholland Drive,2001,147,"Drama,Mystery,Thriller",7.9,429975
tt0166943,movie,Music of the Heart,1999,124,"Drama,Music",6.7,13920
tt0167190,movie,Hellboy,2004,122,"Action,Adventure,Fantasy",6.9,371426
tt0167260,movie,The Lord of the Rings: The Return of the King,2003,201,"Adventure,Drama,Fantasy",9.0,2172748
tt0167261,movie,The Lord of the Rings: The Two Towers,2002,179,"Adventure,Drama,Fantasy",8.8,1964732
tt0167404,movie,The Sixth Sense,1999,107,"Drama,Mystery,Thriller",8.2,1149296
tt0167427,movie,Superstar,1999,81,"Comedy,Romance",5.3,21629
tt0167456,movie,Thunderbirds,2004,95,"Action,Adventure,Comedy",4.4,15138
tt0168501,movie,The Best Man,1999,120,"Comedy,Drama,Romance",6.8,12816
tt0168629,movie,Dancer in the Dark,2000,135,"Crime,Drama,Musical",7.9,124437
tt0168786,movie,Antwone Fisher,2002,120,"Biography,Drama",7.3,40793
tt0169102,movie,Lagaan: Once Upon a Time in India,2001,224,"Drama,Musical,Sport",8.1,129796
tt0169547,movie,American Beauty,1999,122,Drama,8.3,1281755
tt0169858,movie,Neon Genesis Evangelion: The End of Evangelion,1997,87,"Action,Animation,Drama",8.1,77515
tt0169880,movie,Neon Genesis Evangelion: Death & Rebirth,1997,101,"Action,Animation,Drama",7.2,17094
tt0170016,movie,How the Grinch Stole Christmas,2000,104,"Comedy,Family,Fantasy",6.4,334163
tt0170691,movie,Tigerland,2000,101,"Drama,War",6.9,44278
tt0171359,movie,Hamlet,2000,112,"Drama,Romance,Thriller",5.9,10373
tt0171363,movie,The Haunting,1999,113,"Fantasy,Horror,Mystery",5.1,84898
tt0171433,movie,Keeping the Faith,2000,128,"Comedy,Drama,Romance",6.4,54386
tt0171580,movie,Nurse Betty,2000,110,"Comedy,Crime,Drama",6.3,35899
tt0171685,movie,Ratcatcher,1999,94,Drama,7.5,13390
tt0171804,movie,Boys Don't Cry,1999,118,"Biography,Crime,Drama",7.5,107890
tt0172156,movie,Bad Boys II,2003,147,"Action,Comedy,Crime",6.6,289204
tt0172396,movie,The End of the Affair,1999,102,"Drama,Mystery,Romance",7.0,25619
tt0172493,movie,"Girl, Interrupted",1999,127,"Biography,Drama",7.3,234686
tt0172495,movie,Gladiator,2000,155,"Action,Adventure,Drama",8.5,1858415
tt0172684,movie,Kuch Kuch Hota Hai,1998,185,"Comedy,Drama,Musical",7.5,63019
tt0173716,movie,Cecil B. Demented,2000,87,"Comedy,Crime,Thriller",6.3,16784
tt0173840,movie,Final Fantasy: The Spirits Within,2001,106,"Action,Adventure,Animation",6.4,86394
tt0174480,movie,Autumn in New York,2000,103,"Drama,Romance",5.6,30521
tt0174856,movie,The Hurricane,1999,146,"Biography,Drama,Sport",7.6,108000
tt0175142,movie,Scary Movie,2000,88,Comedy,6.3,331015
tt0175526,movie,Cherry Falls,1999,92,"Horror,Mystery,Thriller",5.3,16135
tt0175880,movie,Magnolia,1999,188,Drama,8.0,350772
tt0176269,movie,Universal Soldier: The Return,1999,83,"Action,Sci-Fi",4.2,32093
tt0176783,movie,Gossip,2000,90,"Drama,Mystery,Thriller",5.9,17168
tt0177789,movie,Galaxy Quest,1999,102,"Adventure,Comedy,Sci-Fi",7.4,192285
tt0177858,movie,In July,2000,99,"Adventure,Comedy,Romance",7.6,23547
tt0177971,movie,The Perfect Storm,2000,130,"Action,Adventure,Drama",6.5,188933
tt0178737,movie,Mansfield Park,1999,112,"Drama,Romance",7.0,27920
tt0178868,movie,The Ring,1998,96,"Horror,Mystery",7.2,86545
tt0179098,movie,Moonlight Mile,2002,117,"Drama,Romance",6.6,15224
tt0179116,movie,But I'm a Cheerleader,1999,85,"Comedy,Drama,Romance",6.9,52274
tt0179626,movie,15 Minutes,2001,120,"Action,Crime,Drama",6.1,53700
tt0179955,movie,Cat City,1986,96,"Adventure,Animation,Comedy",8.3,11651
tt0180052,movie,The Adventures of Pluto Nash,2002,95,"Action,Comedy,Sci-Fi",3.9,28358
tt0180073,movie,Quills,2000,124,"Biography,Drama",7.2,59198
tt0180093,movie,Requiem for a Dream,2000,102,Drama,8.3,977257
tt0180734,movie,Hardball,2001,106,"Comedy,Drama,Sport",6.4,36251
tt0180748,movie,In China They Eat Dogs,1999,91,"Action,Comedy,Crime",7.3,24617
tt0181151,movie,What Planet Are You From?,2000,105,"Comedy,Sci-Fi",5.7,10124
tt0181288,movie,American Movie,1999,107,"Comedy,Documentary",7.8,21179
tt0181316,movie,Blue Streak,1999,93,"Action,Comedy,Crime",6.4,93444
tt0181536,movie,Finding Forrester,2000,136,"Drama,Sport",7.3,94191
tt0181627,movie,Kirikou and the Sorceress,1998,71,"Adventure,Animation,Family",7.5,12233
tt0181689,movie,Minority Report,2002,145,"Action,Crime,Mystery",7.6,622926
tt0181739,movie,Osmosis Jones,2001,95,"Action,Adventure,Animation",6.3,41611
tt0181852,movie,Terminator 3: Rise of the Machines,2003,109,"Action,Sci-Fi",6.3,438297
tt0181865,movie,Traffic,2000,147,"Crime,Drama,Thriller",7.5,230951
tt0181875,movie,Almost Famous,2000,122,"Adventure,Comedy,Drama",7.9,315665
tt0181984,movie,Boiler Room,2000,120,"Crime,Drama,Thriller",7.0,60441
tt0182789,movie,Bicentennial Man,1999,132,"Drama,Romance,Sci-Fi",6.9,134397
tt0183505,movie,"Me, Myself & Irene",2000,116,Comedy,6.6,264385
tt0183523,movie,Mission to Mars,2000,114,"Adventure,Sci-Fi,Thriller",5.7,79889
tt0183649,movie,Phone Booth,2002,81,"Crime,Thriller",7.1,302594
tt0183659,movie,Pollock,2000,122,"Biography,Drama",7.0,31044
tt0183790,movie,A Knight's Tale,2001,132,"Action,Adventure,Drama",7.0,221005
tt0183869,movie,Taxi 2,2000,88,"Action,Comedy,Crime",6.5,61995
tt0184526,movie,Gorgeous,1999,121,"Action,Comedy,Romance",6.0,13345
tt0184756,movie,Mr. Muhsin,1987,119,"Comedy,Drama,Music",8.4,12874
tt0184791,movie,O,2001,95,"Drama,Romance,Thriller",6.1,21423
tt0184858,movie,Reindeer Games,2000,104,"Action,Crime,Thriller",5.8,44795
tt0184894,movie,Shanghai Noon,2000,110,"Action,Adventure,Comedy",6.6,142652
tt0184907,movie,Snow Day,2000,89,"Adventure,Comedy,Family",5.2,14748
tt0185014,movie,Wonder Boys,2000,107,"Comedy,Drama",7.2,69209
tt0185125,movie,All About My Mother,1999,101,"Comedy,Drama,Romance",7.8,110068
tt0185183,movie,Battlefield Earth,2000,117,"Action,Adventure,Sci-Fi",2.5,84912
tt0185371,movie,House on Haunted Hill,1999,93,"Horror,Mystery,Thriller",5.6,63934
tt0185431,movie,Little Nicky,2000,90,"Comedy,Fantasy",5.3,119827
tt0185937,movie,The Blair Witch Project,1999,81,"Horror,Mystery",6.5,319142
tt0186045,movie,Drowning Mona,2000,96,"Comedy,Crime,Mystery",5.8,16608
tt0186151,movie,Frequency,2000,118,"Crime,Drama,Mystery",7.4,124116
tt0186508,movie,Buena Vista Social Club,1999,105,"Documentary,Music",7.6,20993
tt0186566,movie,Space Cowboys,2000,130,"Action,Adventure,Thriller",6.5,90146
tt0186589,movie,Sugar & Spice,2001,81,"Comedy,Crime",5.8,16398
tt0186894,movie,Bounce,2000,106,"Drama,Romance",5.8,22684
tt0186975,movie,Down to You,2000,91,"Comedy,Drama,Romance",5.0,16487
tt0187078,movie,Gone in 60 Seconds,2000,118,"Action,Crime,Thriller",6.5,311020
tt0187393,movie,The Patriot,2000,165,"Action,Drama,War",7.2,313823
tt0187696,movie,Anatomy,2000,103,"Horror,Thriller",6.0,14652
tt0187738,movie,Blade II,2002,117,"Action,Horror,Sci-Fi",6.7,253229
tt0188030,movie,Butterfly,1999,96,"Drama,War",7.6,10649
tt0188453,movie,Birthday Girl,2001,93,"Comedy,Crime,Thriller",6.0,27194
tt0188640,movie,Godzilla 2000,1999,99,"Action,Adventure,Drama",6.0,10341
tt0188674,movie,Human Traffic,1999,99,"Comedy,Music",7.1,29572
tt0189192,movie,Just Visiting,2001,88,"Adventure,Comedy,Fantasy",5.7,21262
tt0189584,movie,The Big Kahuna,1999,90,"Comedy,Drama",6.5,15475
tt0189998,movie,Shadow of the Vampire,2000,92,"Drama,Horror",6.9,47984
tt0190138,movie,The Whole Nine Yards,2000,98,"Comedy,Crime",6.7,135780
tt0190332,movie,"Crouching Tiger, Hidden Dragon",2000,120,"Action,Adventure,Drama",7.9,295761
tt0190374,movie,Dungeons & Dragons,2000,107,"Action,Adventure,Fantasy",3.7,37950
tt0190419,movie,Ghulam,1998,162,"Action,Crime,Drama",7.2,12761
tt0190524,movie,Left Behind: The Movie,2000,96,"Action,Drama,Fantasy",4.4,11137
tt0190590,movie,"O Brother, Where Art Thou?",2000,107,"Adventure,Comedy,Crime",7.7,352727
tt0190641,movie,Pokémon: The First Movie - Mewtwo Strikes Back,1998,96,"Action,Adventure,Animation",6.4,50326
tt0190865,movie,Vertical Limit,2000,124,"Action,Adventure,Drama",6.0,70396
tt0191043,movie,The Color of Paradise,1999,90,"Drama,Family",8.1,19436
tt0191397,movie,The Replacements,2000,118,"Comedy,Sport",6.6,74644
tt0191754,movie,28 Days,2000,103,"Comedy,Drama",6.1,57927
tt0192071,movie,Get Over It,2001,87,"Comedy,Romance",5.7,20997
tt0192111,movie,Head Over Heels,2001,86,"Comedy,Mystery,Romance",5.5,16126
tt0192255,movie,The Little Vampire,2000,95,"Adventure,Comedy,Family",5.8,12538
tt0192614,movie,The Skulls,2000,106,"Action,Crime,Drama",5.6,35440
tt0192731,movie,Urban Legends: Final Cut,2000,97,"Horror,Mystery",4.4,20318
tt0193253,movie,Jin-Roh: The Wolf Brigade,1999,102,"Animation,Drama,Sci-Fi",7.3,21198
tt0193364,movie,The Order,2001,89,"Action,Adventure,Comedy",4.7,10186
tt0194314,movie,Romance,1999,84,"Drama,Romance",5.2,13381
tt0195231,movie,Satya,1998,170,"Action,Crime,Drama",8.2,18567
tt0195234,movie,Saving Grace,2000,93,"Comedy,Crime",6.9,20186
tt0195685,movie,Erin Brockovich,2000,131,"Biography,Drama",7.5,247618
tt0195714,movie,Final Destination,2000,98,"Horror,Thriller",6.7,337054
tt0195945,movie,Next Friday,2000,98,Comedy,6.2,47747
tt0196216,movie,Small Time Crooks,2000,94,"Comedy,Crime",6.7,42777
tt0196229,movie,Zoolander,2001,90,Comedy,6.5,318318
tt0196267,movie,Cruel Intentions 2,2000,87,Drama,4.4,17141
tt0196857,movie,Play It to the Bone,1999,124,"Comedy,Drama,Sport",5.5,12738
tt0198021,movie,Where the Heart Is,2000,120,"Comedy,Drama,Romance",6.7,38388
tt0198781,movie,"Monsters, Inc.",2001,92,"Adventure,Animation,Comedy",8.1,1079725
tt0199626,movie,In the Cut,2003,119,"Mystery,Thriller",5.4,27903
tt0199683,movie,Kikujiro,1999,122,"Comedy,Drama",7.7,23691
tt0199725,movie,Love & Basketball,2000,125,"Drama,Romance,Sport",7.2,26760
tt0199753,movie,Red Planet,2000,106,"Action,Sci-Fi,Thriller",5.7,62558
tt0200027,movie,Riding in Cars with Boys,2001,132,"Biography,Comedy,Drama",6.5,31893
tt0200071,movie,Rosetta,1999,95,Drama,7.4,17228
tt0200087,movie,Sarfarosh,1999,174,"Action,Crime,Drama",8.1,28818
tt0200465,movie,The Bank Job,2008,111,"Crime,Thriller",7.2,197494
tt0200469,movie,Bats,1999,91,"Horror,Sci-Fi,Thriller",4.1,12146
tt0200550,movie,Coyote Ugly,2000,100,"Comedy,Drama,Music",5.8,127922
tt0200654,movie,On Board,1998,102,"Crime,Drama",7.9,17327
tt0200849,movie,My Best Fiend,1999,95,"Biography,Documentary",7.8,13228
tt0201368,movie,The Broken Landlord,1985,101,"Comedy,Drama",8.6,17759
tt0202381,movie,Guest House Paradiso,1999,89,"Comedy,Thriller",6.2,11182
tt0202402,movie,Whatever It Takes,2000,94,"Comedy,Drama,Romance",5.5,13219
tt0202470,movie,Rock Star,2001,105,"Drama,Music",6.3,47182
tt0202677,movie,The Way of the Gun,2000,119,"Action,Crime,Drama",6.6,37310
tt0203009,movie,Moulin Rouge!,2001,127,"Drama,Musical,Romance",7.5,315362
tt0203019,movie,Men of Honor,2000,129,"Biography,Drama",7.2,130737
tt0203119,movie,Sexy Beast,2000,89,"Crime,Drama,Thriller",7.3,76188
tt0203166,movie,Together,2000,106,"Comedy,Drama,Romance",7.4,24282
tt0203230,movie,You Can Count on Me,2000,111,Drama,7.5,33514
tt0203632,movie,The Princess and the Warrior,2000,135,"Drama,Mystery,Romance",7.4,15252
tt0203755,movie,One Night at McCool's,2001,93,"Comedy,Crime",6.2,30694
tt0204137,movie,Animal Factory,2000,94,"Crime,Drama",6.6,16186
tt0204175,movie,Boys and Girls,2000,94,"Comedy,Drama,Romance",5.4,18443
tt0204313,movie,Exorcist: The Beginning,2004,114,"Horror,Mystery,Thriller",5.1,41447
tt0204626,movie,The Watcher,2000,97,"Crime,Drama,Mystery",5.3,29670
tt0204700,movie,Trouble Every Day,2001,101,"Drama,Horror,Thriller",5.9,11040
tt0204946,movie,Bring It On,2000,98,"Comedy,Romance,Sport",6.2,114858
tt0205000,movie,Deuce Bigalow: Male Gigolo,1999,88,"Comedy,Romance",5.7,85364
tt0205177,movie,Kevin & Perry Go Large,2000,82,"Comedy,Music",5.8,15399
tt0205271,movie,Dr. T & the Women,2000,122,"Comedy,Drama,Romance",4.7,19787
tt0205873,movie,The Dish,2000,101,"Comedy,Drama,History",7.2,17858
tt0206013,movie,My Neighbors the Yamadas,1999,104,"Animation,Comedy,Family",7.1,17805
tt0206275,movie,Save the Last Dance,2001,112,"Drama,Music,Romance",6.2,69184
tt0206314,movie,Joy Ride,2001,97,"Mystery,Thriller",6.6,82297
tt0206420,movie,Woman on Top,2000,92,"Comedy,Fantasy,Romance",5.3,11233
tt0206634,movie,Children of Men,2006,109,"Drama,Sci-Fi,Thriller",7.9,568102
tt0206917,movie,The Man Who Cried,2000,100,"Drama,Music,Romance",6.1,17168
tt0207201,movie,What Women Want,2000,127,"Comedy,Fantasy,Romance",6.5,239269
tt0208003,movie,Big Momma's House,2000,99,"Action,Comedy,Crime",5.3,96350
tt0208092,movie,Snatch,2000,102,"Comedy,Crime",8.2,978991
tt0208196,movie,Happy Accidents,2000,110,"Comedy,Romance",7.1,10616
tt0208874,movie,The Contender,2000,126,"Drama,Thriller",6.9,26116
tt0208988,movie,Get Carter,2000,102,"Action,Crime,Drama",5.2,39257
tt0208990,movie,The Son's Room,2001,99,Drama,7.3,21368
tt0209077,movie,Ken Park,2002,93,Drama,5.8,32159
tt0209144,movie,Memento,2000,113,"Mystery,Thriller",8.4,1440476
tt0209163,movie,The Mummy Returns,2001,130,"Action,Adventure,Fantasy",6.4,368986
tt0209463,movie,The Wind Will Carry Us,1999,118,Drama,7.4,14140
tt0209475,movie,The Wedding Planner,2001,103,"Comedy,Romance",5.4,93369
tt0209933,movie,Beau Travail,1999,92,"Drama,War",7.3,18436
tt0209958,movie,The Cell,2000,107,"Crime,Horror,Sci-Fi",6.4,115060
tt0210065,movie,Gangster No. 1,2000,103,"Crime,Drama,Thriller",6.7,15896
tt0210070,movie,Ginger Snaps,2000,108,"Drama,Fantasy,Horror",6.8,57909
tt0210075,movie,Girlfight,2000,110,"Drama,Sport",6.7,10725
tt0210234,movie,Pokémon the Movie 2000,1999,99,"Action,Adventure,Animation",6.1,26088
tt0210382,movie,The Weight of Water,2000,114,"Crime,Drama,Mystery",5.8,10504
tt0210616,movie,Center Stage,2000,115,"Drama,Music,Romance",6.7,22798
tt0210945,movie,Remember the Titans,2000,113,"Biography,Comedy,Drama",7.8,250896
tt0211181,movie,102 Dalmatians,2000,100,"Adventure,Comedy,Family",4.9,42026
tt0211443,movie,Jason X,2001,92,"Action,Horror,Sci-Fi",4.5,67077
tt0211465,movie,Knockaround Guys,2001,92,"Crime,Drama,Thriller",6.1,25825
tt0211915,movie,Amélie,2001,122,"Comedy,Romance",8.2,842323
tt0211933,movie,Awake,2007,84,"Crime,Drama,Mystery",6.5,88122
tt0211934,movie,Baadshah,1999,175,"Action,Comedy,Crime",6.9,22068
tt0211938,movie,Bait,2000,119,"Action,Comedy,Crime",5.7,12464
tt0211946,movie,Berlin Calling,2008,109,"Comedy,Drama,Music",7.2,16044
tt0212338,movie,Meet the Parents,2000,108,"Comedy,Romance",7.0,379853
tt0212346,movie,Miss Congeniality,2000,109,"Action,Comedy,Crime",6.4,249413
tt0212712,movie,2046,2004,129,"Drama,Romance,Sci-Fi",7.4,64657
tt0212720,movie,A.I. Artificial Intelligence,2001,146,"Adventure,Drama,Sci-Fi",7.2,340700
tt0212985,movie,Hannibal,2001,131,"Crime,Drama,Thriller",6.8,314604
tt0213149,movie,Pearl Harbor,2001,183,"Action,Drama,Romance",6.3,370716
tt0213203,movie,Rugrats in Paris,2000,78,"Adventure,Animation,Comedy",6.2,14601
tt0213790,movie,The Ladies Man,2000,84,Comedy,5.2,14487
tt0213847,movie,Malena,2000,108,"Drama,Romance,War",7.4,125395
tt0213890,movie,Mohabbatein,2000,216,"Drama,Musical,Romance",7.1,37549
tt0214388,movie,100 Girls,2000,94,"Comedy,Romance",5.8,23289
tt0214915,movie,Manichitrathazhu,1993,169,"Comedy,Horror,Mystery",8.7,14468
tt0215129,movie,Road Trip,2000,93,Comedy,6.5,189386
tt0215545,movie,Bamboozled,2000,135,"Comedy,Drama,Music",6.7,13102
tt0215750,movie,Enemy at the Gates,2001,131,"Action,Drama,War",7.5,294131
tt0216216,movie,The 6th Day,2000,123,"Action,Mystery,Sci-Fi",6.0,134288
tt0216625,movie,Code Unknown,2000,118,Drama,7.1,16472
tt0216651,movie,Vampire Hunter D: Bloodlust,2000,103,"Action,Animation,Drama",7.7,41808
tt0216787,movie,The Taste of Others,2000,112,"Comedy,Drama,Romance",7.2,11229
tt0216800,movie,With a Friend Like Harry...,2000,117,"Comedy,Drama,Mystery",7.1,11221
tt0216817,movie,Hum Saath-Saath Hain,1999,177,"Drama,Musical",6.4,11093
tt0216986,movie,Propaganda,1999,120,"Drama,History",7.1,10641
tt0217505,movie,Gangs of New York,2002,167,"Crime,Drama",7.5,507346
tt0217630,movie,Loser,2000,98,"Comedy,Romance",5.4,30905
tt0217756,movie,Ready to Rumble,2000,107,"Comedy,Sport",5.4,16220
tt0217869,movie,Unbreakable,2000,106,"Drama,Mystery,Sci-Fi",7.3,469059
tt0218553,movie,Ring 2,1999,95,"Horror,Mystery,Sci-Fi",5.8,16054
tt0218619,movie,Soul Survivors,2001,84,"Horror,Mystery,Thriller",4.0,10248
tt0218817,movie,Antitrust,2001,108,"Action,Crime,Drama",6.1,31517
tt0218839,movie,Best in Show,2000,90,Comedy,7.5,75860
tt0218922,movie,Original Sin,2001,116,"Crime,Drama,Mystery",6.0,63621
tt0218967,movie,The Family Man,2000,125,"Comedy,Drama,Fantasy",6.9,131266
tt0219653,movie,Dracula 2000,2000,99,"Action,Fantasy,Horror",4.9,38865
tt0219699,movie,The Gift,2000,111,"Drama,Fantasy,Horror",6.7,81688
tt0219822,movie,Human Nature,2001,96,"Comedy,Drama",6.4,19576
tt0219854,movie,The Kid,2000,104,"Comedy,Family,Fantasy",6.1,46475
tt0219952,movie,Lucky Numbers,2000,105,"Comedy,Crime",5.1,11327
tt0219965,movie,Bandits,2001,123,"Action,Comedy,Crime",6.5,74549
tt0220099,movie,The Tigger Movie,2000,77,"Adventure,Animation,Comedy",6.4,21846
tt0220506,movie,Halloween: Resurrection,2002,90,"Horror,Thriller",3.9,54142
tt0220580,movie,Intacto,2001,108,"Drama,Fantasy,Romance",6.7,14228
tt0220832,movie,Vaastav: The Reality,1999,145,"Action,Crime,Drama",8.0,16043
tt0221027,movie,Blow,2001,124,"Biography,Crime,Drama",7.5,287972
tt0221073,movie,Chopper,2000,94,"Biography,Crime,Drama",7.1,44696
tt0221218,movie,The Glass House,2001,106,"Crime,Drama,Mystery",5.8,43136
tt0222012,movie,Hey Ram,2000,186,"Crime,Drama,History",8.0,15219
tt0222812,movie,Beyond Re-Animator,2003,96,"Comedy,Horror,Sci-Fi",5.7,14024
tt0222851,movie,Brother,2000,114,"Crime,Drama,Thriller",7.1,25978
tt0223897,movie,Pay It Forward,2000,123,Drama,7.2,127910
tt0225071,movie,Angel Eyes,2001,102,"Drama,Romance",5.7,26931
tt0227005,movie,Made,2001,95,"Comedy,Crime,Drama",6.3,20453
tt0227445,movie,The Score,2001,124,"Crime,Drama,Thriller",6.8,144434
tt0227538,movie,Spy Kids,2001,88,"Action,Adventure,Comedy",5.6,136499
tt0227984,movie,Formula 51,2001,93,"Action,Comedy,Crime",6.3,52781
tt0228333,movie,Ghosts of Mars,2001,98,"Action,Horror,Sci-Fi",4.9,62061
tt0228750,movie,Proof of Life,2000,135,"Action,Drama,Thriller",6.3,61060
tt0228786,movie,The Crimson Rivers,2000,106,"Crime,Mystery,Thriller",6.9,70012
tt0229260,movie,Book of Shadows: Blair Witch 2,2000,90,"Adventure,Fantasy,Horror",4.1,42164
tt0230011,movie,Atlantis: The Lost Empire,2001,95,"Action,Adventure,Animation",6.9,148573
tt0230030,movie,Bedazzled,2000,93,"Comedy,Fantasy",6.1,119638
tt0230600,movie,The Others,2001,104,"Horror,Mystery,Thriller",7.6,428255
tt0230838,movie,Sweet November,2001,119,"Drama,Romance",6.7,99168
tt0231402,movie,Crocodile Dundee in Los Angeles,2001,95,"Adventure,Comedy,Crime",4.9,27581
tt0231775,movie,Down to Earth,2001,87,"Comedy,Fantasy",5.4,24554
tt0232500,movie,The Fast and the Furious,2001,106,"Action,Crime,Thriller",6.8,459637
tt0233142,movie,3000 Miles to Graceland,2001,125,"Action,Comedy,Crime",6.0,51243
tt0233422,movie,Chachi 420,1997,155,"Comedy,Drama,Family",7.4,14140
tt0233469,movie,Collateral Damage,2002,108,"Action,Drama,Thriller",5.5,81217
tt0234000,movie,Kaho Naa... Pyaar Hai,2000,172,"Action,Musical,Romance",6.9,18718
tt0234215,movie,The Matrix Reloaded,2003,138,"Action,Sci-Fi",7.2,672503
tt0234354,movie,Novocaine,2001,95,"Comedy,Crime,Drama",5.8,12452
tt0234829,movie,Summer Catch,2001,104,"Comedy,Drama,Romance",5.1,17348
tt0235060,movie,The Road Home,1999,89,"Drama,Romance",7.7,14532
tt0235198,movie,Audition,1999,115,"Drama,Horror,Mystery",7.1,99636
tt0235679,movie,Pokémon 3 the Movie: Spell of the Unown,2000,93,"Action,Adventure,Animation",5.9,16806
tt0235712,movie,Ring 0: Birthday,2000,99,"Horror,Mystery,Thriller",5.9,10767
tt0235737,movie,The Salton Sea,2002,103,"Crime,Drama,Mystery",7.0,33433
tt0236027,movie,Flickering Lights,2000,109,"Action,Comedy,Crime",7.5,27043
tt0236348,movie,Josie and the Pussycats,2001,98,"Comedy,Music",5.7,27030
tt0236493,movie,The Mexican,2001,123,"Adventure,Comedy,Drama",6.1,121617
tt0236640,movie,Prozac Nation,2001,95,"Biography,Drama,Romance",6.2,20338
tt0236784,movie,The Tailor of Panama,2001,109,"Drama,Thriller",6.1,32756
tt0237534,movie,Brotherhood of the Wolf,2001,142,"Action,Adventure,Drama",7.0,77107
tt0237539,movie,Bread and Tulips,2000,114,"Comedy,Romance",7.3,12541
tt0237572,movie,The Pledge,2001,124,"Crime,Drama,Mystery",6.7,77631
tt0237993,movie,101 Reykjavík,2000,88,"Comedy,Drama,Romance",6.7,10235
tt0238112,movie,Captain Corelli's Mandolin,2001,131,"Drama,Music,Romance",5.9,37461
tt0238380,movie,Equilibrium,2002,107,"Action,Drama,Sci-Fi",7.3,363149
tt0238546,movie,Queen of the Damned,2002,101,"Drama,Fantasy,Horror",5.3,64522
tt0238552,movie,Replicant,2001,100,"Action,Sci-Fi,Thriller",5.4,16637
tt0238883,movie,Brat 2,2000,122,"Action,Crime,Drama",7.6,20447
tt0238924,movie,The Dangerous Lives of Altar Boys,2002,104,"Comedy,Drama",6.9,14696
tt0238936,movie,Devdas,2002,185,"Drama,Musical,Romance",7.6,52447
tt0239395,movie,Cats & Dogs,2001,87,"Action,Adventure,Comedy",5.2,65860
tt0239894,movie,Paradise Lost 2: Revelations,2000,130,"Crime,Documentary",7.5,10363
tt0239948,movie,Saving Silverman,2001,90,"Comedy,Crime,Romance",5.9,46171
tt0239949,movie,Say It Isn't So,2001,95,"Comedy,Romance",5.0,14258
tt0240200,movie,Water,2005,117,Drama,7.7,15826
tt0240462,movie,Dr. Dolittle 2,2001,87,"Comedy,Family,Fantasy",4.8,48815
tt0240468,movie,Kung Pow: Enter the Fist,2002,81,"Action,Comedy",6.2,51015
tt0240510,movie,The Four Feathers,2002,132,"Adventure,Drama,Romance",6.5,36654
tt0240515,movie,Freddy Got Fingered,2001,87,Comedy,4.7,54323
tt0240772,movie,Ocean's Eleven,2001,116,"Crime,Thriller",7.7,676688
tt0240890,movie,Serendipity,2001,90,"Comedy,Romance",6.8,132143
tt0240900,movie,Slackers,2002,86,"Comedy,Romance",5.3,15800
tt0240913,movie,Under the Sand,2000,92,"Drama,Mystery",7.0,10752
tt0241025,movie,Vanity Fair,2004,141,Drama,6.2,24270
tt0241303,movie,Chocolat,2000,121,"Drama,Romance",7.2,210821
tt0241527,movie,Harry Potter and the Sorcerer's Stone,2001,152,"Adventure,Family,Fantasy",7.7,956018
tt0241760,movie,The New Guy,2002,88,Comedy,5.8,39884
tt0242193,movie,Bully,2001,108,"Biography,Crime,Drama",6.9,42196
tt0242423,movie,"Dude, Where's My Car?",2000,83,"Comedy,Mystery,Sci-Fi",5.5,153200
tt0242445,movie,Exit Wounds,2001,101,"Action,Crime,Thriller",5.6,37448
tt0242519,movie,Hera Pheri,2000,156,"Action,Comedy,Crime",8.2,81111
tt0242527,movie,The Hole,2001,102,"Drama,Mystery,Thriller",6.2,50053
tt0242587,movie,L.I.E.,2001,97,"Crime,Drama",7.1,11207
tt0242653,movie,The Matrix Revolutions,2003,129,"Action,Sci-Fi",6.7,576905
tt0242998,movie,Valentine,2001,96,"Horror,Mystery,Thriller",5.0,32000
tt0243017,movie,Waking Life,2001,99,"Animation,Drama,Fantasy",7.6,69662
tt0243133,movie,The Man Who Wasn't There,2001,116,"Crime,Drama",7.5,120739
tt0243155,movie,Bridget Jones's Diary,2001,97,"Comedy,Drama,Romance",6.8,287648
tt0243255,movie,Fat Girl,2001,86,Drama,6.4,14128
tt0243493,movie,The Closet,2001,84,Comedy,7.0,19119
tt0243585,movie,Stuart Little 2,2002,77,"Adventure,Comedy,Family",5.5,62077
tt0243609,movie,To End All Wars,2001,117,"Action,Drama,War",6.9,12333
tt0243655,movie,Wet Hot American Summer,2001,97,"Comedy,Romance",6.5,64195
tt0243736,movie,40 Days and 40 Nights,2002,96,"Comedy,Romance",5.6,78556
tt0243862,movie,Italian for Beginners,2000,112,"Comedy,Drama,Romance",7.0,14473
tt0244000,movie,American Outlaws,2001,94,"Action,Drama,Western",5.9,17312
tt0244244,movie,Swordfish,2001,99,"Action,Crime,Thriller",6.5,203831
tt0244316,movie,Yi Yi,2000,173,Drama,8.1,34462
tt0244870,movie,Uzumaki,2000,90,"Drama,Fantasy,Horror",6.1,10042
tt0244970,movie,Someone Like You,2001,97,"Comedy,Romance",6.1,27700
tt0245046,movie,Charlotte Gray,2001,121,"Drama,Romance,Thriller",6.4,12468
tt0245238,movie,Lost and Delirious,2001,103,"Drama,Romance",6.8,23464
tt0245429,movie,Spirited Away,2001,124,"Adventure,Animation,Family",8.6,973370
tt0245562,movie,Windtalkers,2002,134,"Action,Drama,War",6.1,77442
tt0245574,movie,Y tu mamá también,2001,106,Drama,7.7,142188
tt0245674,movie,Thir13en Ghosts,2001,91,"Fantasy,Horror",5.6,101678
tt0245686,movie,Joe Dirt,2001,91,"Adventure,Comedy,Drama",6.0,65769
tt0245712,movie,Amores Perros,2000,154,"Drama,Thriller",8.0,271557
tt0245803,movie,Bulletproof Monk,2003,104,"Action,Comedy,Fantasy",5.5,52853
tt0245844,movie,The Count of Monte Cristo,2002,131,"Action,Adventure,Drama",7.7,160653
tt0246460,movie,Die Another Day,2002,133,"Action,Adventure,Thriller",6.1,241372
tt0246464,movie,Big Trouble,2002,85,"Comedy,Crime,Thriller",6.4,23101
tt0246544,movie,The Musketeer,2001,104,"Action,Adventure,Romance",4.8,15466
tt0246578,movie,Donnie Darko,2001,113,"Drama,Mystery,Sci-Fi",8.0,913924
tt0246677,movie,Heaven,2002,97,"Crime,Drama,Romance",6.9,25961
tt0246692,movie,Old Men in New Cars,2002,95,"Action,Comedy,Crime",6.7,10189
tt0246894,movie,Rollerball,2002,98,"Action,Sci-Fi,Sport",3.2,29874
tt0246989,movie,Tomcats,2001,95,Comedy,5.3,20718
tt0247196,movie,Before Night Falls,2000,133,"Biography,Drama,Romance",7.1,27319
tt0247199,movie,The Believer,2001,98,Drama,7.1,43799
tt0247380,movie,The Gleaners & I,2000,82,Documentary,7.7,10241
tt0247425,movie,In the Bedroom,2001,131,"Crime,Drama",7.4,44484
tt0247586,movie,Nine Queens,2000,114,"Crime,Drama,Thriller",7.9,63089
tt0247613,movie,Peppermint Candy,1999,129,Drama,7.6,12655
tt0247638,movie,The Princess Diaries,2001,115,"Comedy,Family,Romance",6.4,183461
tt0247745,movie,Super Troopers,2001,100,"Comedy,Crime,Mystery",7.0,119176
tt0248126,movie,Kabhi Khushi Kabhie Gham...,2001,210,"Drama,Musical,Romance",7.5,63311
tt0248408,movie,Manitou's Shoe,2001,87,"Comedy,Western",6.7,23176
tt0248667,movie,Ali,2001,157,"Biography,Drama,Sport",6.7,110418
tt0248845,movie,Hedwig and the Angry Inch,2001,95,"Comedy,Drama,Music",7.7,38031
tt0249241,movie,Werckmeister Harmonies,2000,145,"Drama,Mystery",7.9,18171
tt0249371,movie,Asoka,2001,180,"Action,Biography,Drama",6.4,16295
tt0249380,movie,Baise-moi,2000,77,"Crime,Drama,Thriller",4.5,19601
tt0249462,movie,Billy Elliot,2000,110,"Drama,Music",7.7,152772
tt0249478,movie,Domestic Disturbance,2001,89,"Crime,Thriller",5.6,29664
tt0249516,movie,Foodfight!,2012,91,"Adventure,Animation,Comedy",1.3,12705
tt0250081,movie,Storytelling,2001,87,"Comedy,Drama,Romance",6.8,18933
tt0250223,movie,Asterix & Obelix: Mission Cleopatra,2002,107,"Adventure,Comedy,Family",6.7,63321
tt0250224,movie,Crazy/Beautiful,2001,99,"Drama,Romance",6.4,27738
tt0250258,movie,The Experiment,2001,120,"Drama,Thriller",7.7,98954
tt0250310,movie,Corky Romano,2001,86,"Comedy,Crime",4.8,14223
tt0250323,movie,The Deep End,2001,101,"Crime,Drama,Mystery",6.5,12508
tt0250468,movie,Killing Me Softly,2002,100,"Drama,Mystery,Romance",5.4,20877
tt0250494,movie,Legally Blonde,2001,96,"Comedy,Romance",6.5,287812
tt0250687,movie,Rat Race,2001,112,"Action,Adventure,Comedy",6.5,131012
tt0250720,movie,See Spot Run,2001,94,"Action,Comedy,Crime",5.4,10160
tt0250797,movie,Unfaithful,2002,124,"Drama,Romance,Thriller",6.7,107890
tt0251075,movie,Evolution,2001,101,"Comedy,Sci-Fi",6.1,142228
tt0251114,movie,Hart's War,2002,125,"Drama,War",6.4,57978
tt0251127,movie,How to Lose a Guy in 10 Days,2003,116,"Comedy,Romance",6.5,324972
tt0251160,movie,John Q,2002,116,"Crime,Drama,Thriller",7.1,154220
tt0251736,movie,House of 1000 Corpses,2003,89,Horror,6.0,100584
tt0252028,movie,Surviving Christmas,2004,91,"Comedy,Romance",5.5,30729
tt0252076,movie,Maid in Manhattan,2002,105,"Comedy,Drama,Romance",5.4,102724
tt0252299,movie,Buffalo Soldiers,2001,98,"Comedy,Crime,Drama",6.7,26391
tt0252444,movie,Rabbit-Proof Fence,2002,94,"Adventure,Biography,Drama",7.4,31715
tt0252480,movie,The Grey Zone,2001,108,"Drama,History,War",7.0,12149
tt0252487,movie,The Chaos Class,1975,85,Comedy,9.1,46399
tt0252488,movie,The Chaos Class Failed the Class,1975,95,Comedy,8.4,30902
tt0252489,movie,The Chaos Class Is on Vacation,1977,97,Comedy,8.6,20344
tt0252490,movie,The Chaos Class Is Waking Up,1976,94,Comedy,8.7,22488
tt0252501,movie,Hearts in Atlantis,2001,101,"Drama,Mystery",6.9,43558
tt0252503,movie,Heist,2001,109,"Action,Crime,Drama",6.5,41379
tt0252591,movie,King of the Doormen,1976,84,Comedy,8.3,14996
tt0252597,movie,"Feyzo, the Polite One",1978,83,"Comedy,Drama",8.6,18716
tt0252619,movie,From the Village to the City,1974,91,Comedy,8.3,12933
tt0252684,movie,Manic,2001,100,Drama,7.1,10982
tt0252695,movie,The Blue Bead,1974,76,"Comedy,Romance",7.8,10442
tt0252866,movie,American Pie 2,2001,108,Comedy,6.5,287719
tt0253474,movie,The Pianist,2002,150,"Biography,Drama,Music",8.5,1015689
tt0253556,movie,Reign of Fire,2002,101,"Action,Adventure,Fantasy",6.2,153215
tt0253614,movie,"Saban, Son of Saban",1977,90,"Comedy,History",8.7,20091
tt0253621,movie,Shakir the Clumsy,1977,81,Comedy,8.0,10208
tt0253754,movie,Star Trek: Nemesis,2002,116,"Action,Adventure,Sci-Fi",6.4,88134
tt0253779,movie,The Foster Brothers,1976,80,"Comedy,History",8.8,22622
tt0253798,movie,Out Cold,2001,89,"Comedy,Sport",6.3,19520
tt0253828,movie,Tosun Pasha,1976,90,"Comedy,History",8.9,26489
tt0253867,movie,The Sweetest Thing,2002,84,"Comedy,Romance",5.2,66390
tt0253991,movie,Zübük,1980,88,Comedy,8.5,12154
tt0253997,movie,The King of the Street Cleaners,1977,80,Comedy,8.5,23080
tt0254455,movie,Sex and Lucía,2001,128,"Drama,Romance",7.0,40676
tt0254481,movie,Koi... Mil Gaya,2003,171,"Action,Comedy,Drama",7.2,31570
tt0254686,movie,The Piano Teacher,2001,131,"Drama,Music,Romance",7.5,81638
tt0255067,movie,Common Wealth,2000,110,"Comedy,Crime,Mystery",7.2,13881
tt0255589,movie,The Isle,2000,90,"Drama,Thriller",6.9,15723
tt0255798,movie,The Animal,2001,84,"Comedy,Sci-Fi",4.9,67595
tt0255819,movie,Baby Boy,2001,130,"Crime,Drama,Romance",6.5,18654
tt0256009,movie,The Devil's Backbone,2001,106,"Drama,Horror,Thriller",7.3,75772
tt0256103,movie,Intimacy,2001,119,"Drama,Romance",6.0,14172
tt0256276,movie,Possession,2002,102,"Drama,Mystery,Romance",6.3,14033
tt0256380,movie,Shallow Hal,2001,114,"Comedy,Drama,Fantasy",6.0,154818
tt0256415,movie,Sweet Home Alabama,2002,108,"Comedy,Romance",6.2,135656
tt0256524,movie,The Curse of the Jade Scorpion,2001,103,"Comedy,Crime,Mystery",6.7,42991
tt0257044,movie,Road to Perdition,2002,117,"Crime,Drama,Thriller",7.6,301237
tt0257076,movie,S.W.A.T.,2003,117,"Action,Adventure,Crime",6.1,160318
tt0257106,movie,Scary Movie 2,2001,83,"Comedy,Horror",5.4,197676
tt0257360,movie,About Schmidt,2002,125,Drama,7.2,137126
tt0257516,movie,Cursed,2005,97,"Comedy,Horror,Mystery",5.1,37499
tt0257568,movie,Kangaroo Jack,2003,89,"Action,Adventure,Comedy",4.5,36026
tt0257756,movie,High Crimes,2002,115,"Crime,Drama,Mystery",6.4,51866
tt0258000,movie,Panic Room,2002,112,"Crime,Drama,Thriller",6.8,315349
tt0258038,movie,Pootie Tang,2001,81,"Action,Adventure,Comedy",5.3,15822
tt0258068,movie,The Quiet American,2002,101,"Drama,Romance,Thriller",7.0,31172
tt0258153,movie,S1m0ne,2002,117,"Comedy,Drama,Sci-Fi",6.1,64342
tt0258463,movie,The Bourne Identity,2002,119,"Action,Mystery,Thriller",7.8,615824
tt0258470,movie,Bubble Boy,2001,84,"Adventure,Comedy,Romance",5.7,36332
tt0258760,movie,Lammbock,2001,93,"Comedy,Crime",7.2,12415
tt0259288,movie,Dragonfly,2002,104,"Drama,Fantasy,Mystery",6.1,41686
tt0259324,movie,Ghost Rider,2007,110,"Action,Fantasy,Thriller",5.3,270384
tt0259393,movie,Lantana,2001,121,"Drama,Mystery,Romance",7.2,20873
tt0259446,movie,My Big Fat Greek Wedding,2002,95,"Comedy,Drama,Romance",6.6,151575
tt0259484,movie,Paid in Full,2002,97,"Action,Crime,Drama",7.0,16418
tt0259534,movie,Ramayana: The Legend of Prince Rama,1993,135,"Action,Adventure,Animation",9.1,17818
tt0259711,movie,Vanilla Sky,2001,136,"Fantasy,Mystery,Romance",6.9,309893
tt0260866,movie,Don't Say a Word,2001,113,"Drama,Mystery,Thriller",6.3,67329
tt0260991,movie,Joint Security Area,2000,110,"Action,Drama,Thriller",7.7,39076
tt0261289,movie,Serving Sara,2002,99,"Comedy,Romance",5.3,19715
tt0261392,movie,Jay and Silent Bob Strike Back,2001,104,Comedy,6.8,166776
tt0261983,movie,Session 9,2001,97,"Drama,Horror,Mystery",6.4,67472
tt0263208,movie,Abbas in Flower,1982,87,"Comedy,Drama,Romance",8.0,12005
tt0263438,movie,Everything's Gonna Be Great,1998,107,"Comedy,Drama",8.1,30529
tt0263488,movie,Jeepers Creepers,2001,90,"Horror,Mystery",6.3,157419
tt0263757,movie,Uptown Girls,2003,92,"Comedy,Drama,Romance",6.3,53799
tt0263975,movie,The Girl with the Red Scarf,1977,90,"Drama,Romance",8.5,18245
tt0264150,movie,View from the Top,2003,87,"Comedy,Romance",5.3,30311
tt0264323,movie,2001 Maniacs,2005,87,"Comedy,Horror",5.3,14201
tt0264395,movie,Basic,2003,98,"Crime,Drama,Mystery",6.4,69866
tt0264464,movie,Catch Me If You Can,2002,141,"Biography,Crime,Drama",8.1,1248172
tt0264472,movie,Changing Lanes,2002,98,"Drama,Thriller",6.5,77061
tt0264508,movie,Dagon,2001,98,"Fantasy,Horror,Mystery",6.2,23388
tt0264616,movie,Frailty,2001,100,"Crime,Drama,Thriller",7.2,100757
tt0264761,movie,Kissing Jessica Stein,2001,97,"Comedy,Drama,Romance",6.5,18053
tt0264796,movie,Life as a House,2001,125,Drama,7.4,47406
tt0264935,movie,Murder by Numbers,2002,115,"Crime,Mystery,Thriller",6.2,67043
tt0265029,movie,America's Sweethearts,2001,102,"Comedy,Romance",5.7,61740
tt0265086,movie,Black Hawk Down,2001,144,"Action,Drama,History",7.7,456297
tt0265087,movie,Black Knight,2001,95,"Adventure,Comedy,Fantasy",5.0,46297
tt0265208,movie,The Girl Next Door,2004,109,"Comedy,Drama,Romance",6.7,264632
tt0265298,movie,Big Fat Liar,2002,88,"Adventure,Comedy,Family",5.6,43034
tt0265343,movie,Monsoon Wedding,2001,114,"Comedy,Drama,Romance",7.3,26673
tt0265349,movie,The Mothman Prophecies,2002,119,"Drama,Horror,Mystery",6.4,90166
tt0265459,movie,One Hour Photo,2002,96,"Drama,Thriller",6.8,140346
tt0265591,movie,Pumpkin,2002,113,"Comedy,Drama,Romance",6.1,10070
tt0265632,movie,Recess: School's Out,2001,82,"Adventure,Animation,Comedy",6.5,12586
tt0265651,movie,Ripley's Game,2002,110,"Crime,Drama,Mystery",6.6,20682
tt0265662,movie,The Rookie,2002,128,"Drama,Family,Sport",6.9,39511
tt0265666,movie,The Royal Tenenbaums,2001,110,"Comedy,Drama",7.6,336293
tt0265808,movie,Stealing Harvard,2002,85,"Comedy,Crime",5.2,14229
tt0266308,movie,Battle Royale,2000,114,"Action,Drama,Thriller",7.5,207878
tt0266452,movie,Death to Smoochy,2002,109,"Comedy,Crime,Drama",6.3,44722
tt0266465,movie,A Man Apart,2003,109,"Action,Crime,Drama",6.0,51245
tt0266489,movie,Duplex,2003,89,Comedy,5.9,65746
tt0266543,movie,Finding Nemo,2003,100,"Adventure,Animation,Comedy",8.2,1213660
tt0266697,movie,Kill Bill: Vol. 1,2003,111,"Action,Crime,Thriller",8.2,1312949
tt0266915,movie,Rush Hour 2,2001,90,"Action,Comedy,Crime",6.7,261688
tt0266987,movie,Spy Game,2001,126,"Action,Crime,Thriller",7.1,177295
tt0267129,movie,Yamakasi,2001,90,"Action,Crime,Drama",6.2,14095
tt0267248,movie,Abandon,2002,99,"Drama,Mystery,Romance",4.8,10479
tt0267287,movie,Avalon,2001,107,"Action,Drama,Fantasy",6.4,14081
tt0267351,movie,My Dear Brother,1973,86,Drama,8.6,11288
tt0267626,movie,K-19: The Widowmaker,2002,138,"Drama,History,Thriller",6.7,72478
tt0267804,movie,The One,2001,87,"Action,Sci-Fi,Thriller",5.9,100082
tt0267891,movie,The Ringer,2005,94,"Comedy,Sport",5.8,40938
tt0267913,movie,Scooby-Doo,2002,86,"Adventure,Comedy,Family",5.4,141938
tt0268126,movie,Adaptation.,2002,115,"Comedy,Drama",7.6,213515
tt0268380,movie,Ice Age,2002,81,"Adventure,Animation,Comedy",7.5,567321
tt0268397,movie,Jimmy Neutron: Boy Genius,2001,82,"Action,Adventure,Animation",6.1,40729
tt0268690,movie,13 Conversations About One Thing,2001,104,Drama,7.0,10634
tt0268695,movie,The Time Machine,2002,96,"Action,Adventure,Sci-Fi",6.0,136269
tt0268978,movie,A Beautiful Mind,2001,135,"Biography,Drama,Mystery",8.2,1056814
tt0268995,movie,The Majestic,2001,152,"Drama,Romance",6.9,60969
tt0269095,movie,City by the Sea,2002,108,"Crime,Drama,Mystery",6.1,27745
tt0269347,movie,The Hunted,2003,94,"Action,Crime,Drama",6.1,55158
tt0269389,movie,Jalla! Jalla!,2000,88,"Comedy,Drama,Romance",6.8,15428
tt0269743,movie,Barking Dogs Never Bite,2000,110,"Comedy,Drama",6.9,12042
tt0270053,movie,Vizontele,2001,110,"Comedy,Drama,History",8.0,41362
tt0270288,movie,Confessions of a Dangerous Mind,2002,113,"Biography,Comedy,Crime",7.0,95861
tt0270707,movie,The Truth About Charlie,2002,104,"Mystery,Thriller",4.7,11515
tt0270846,movie,Superbabies: Baby Geniuses 2,2003,88,"Comedy,Family,Sci-Fi",1.5,32119
tt0270980,movie,My Boss's Daughter,2003,86,"Comedy,Romance",4.7,31739
tt0271027,movie,Kiss of the Dragon,2001,98,"Action,Crime,Thriller",6.6,69903
tt0271259,movie,Welcome to Collinwood,2002,86,"Comedy,Crime",6.3,16296
tt0271263,movie,Eight Crazy Nights,2002,76,"Animation,Comedy,Musical",5.3,28480
tt0271367,movie,Eight Legged Freaks,2002,99,"Action,Adventure,Comedy",5.5,61959
tt0271383,movie,A Dog's Will,2000,104,"Comedy,Drama,Fantasy",8.6,21735
tt0271668,movie,National Security,2003,88,"Action,Comedy,Crime",5.6,57824
tt0271946,movie,The Accidental Spy,2001,87,"Action,Comedy,Crime",5.8,20060
tt0272020,movie,The Last Castle,2001,131,"Action,Drama,Thriller",7.0,91524
tt0272152,movie,K-PAX,2001,120,"Drama,Mystery,Sci-Fi",7.4,203263
tt0272207,movie,Narc,2002,105,"Crime,Drama,Mystery",7.1,45478
tt0272338,movie,Punch-Drunk Love,2002,95,"Comedy,Drama,Romance",7.3,198283
tt0273435,movie,Ararat,2002,115,"Drama,War",6.3,15062
tt0273517,movie,Darkness,2002,88,Horror,5.4,21074
tt0273923,movie,Orange County,2002,82,"Comedy,Drama",6.2,54096
tt0273982,movie,Poolhall Junkies,2002,99,"Comedy,Drama,Sport",6.8,11574
tt0274117,movie,Read My Lips,2001,115,"Crime,Drama,Romance",7.3,16164
tt0274166,movie,Johnny English,2003,87,"Action,Adventure,Comedy",6.3,186024
tt0274309,movie,24 Hour Party People,2002,117,"Biography,Comedy,Drama",7.3,40566
tt0274497,movie,The Ignorant Fairies,2001,106,"Drama,Romance",7.3,10814
tt0274558,movie,The Hours,2002,114,"Drama,Romance",7.5,147484
tt0274711,movie,People I Know,2002,100,"Crime,Drama,Mystery",5.4,12300
tt0274812,movie,Secretary,2002,107,"Comedy,Drama,Romance",6.9,109066
tt0275022,movie,Crossroads,2002,93,"Comedy,Drama,Romance",4.0,47683
tt0275083,movie,The Warrior,2001,158,"Action,Drama,History",7.1,11500
tt0275230,movie,Blood: The Last Vampire,2000,48,"Action,Animation,Horror",6.6,14196
tt0275277,movie,Cowboy Bebop: The Movie,2001,115,"Action,Animation,Crime",7.8,57467
tt0275309,movie,Dogtown and Z-Boys,2001,91,"Documentary,Sport",7.6,13847
tt0275491,movie,Bad Education,2004,106,"Crime,Drama",7.4,66142
tt0275719,movie,Tape,2001,86,Drama,7.2,22283
tt0275773,movie,Versus,2000,119,"Action,Drama,Fantasy",6.3,14215
tt0275847,movie,Lilo & Stitch,2002,85,"Adventure,Animation,Comedy",7.4,245201
tt0275947,movie,Avenging Angelo,2002,97,"Action,Comedy,Crime",5.2,10767
tt0276751,movie,About a Boy,2002,101,"Comedy,Drama,Romance",7.1,199235
tt0276816,movie,Below,2002,105,"Action,Horror,Mystery",6.1,26553
tt0276830,movie,Renegade,2004,124,"Adventure,Drama,Fantasy",5.2,11505
tt0276919,movie,Dogville,2003,171,"Crime,Drama",8.0,167990
tt0277027,movie,I Am Sam,2001,132,Drama,7.6,162736
tt0277296,movie,The Scorpion King,2002,92,"Action,Adventure,Fantasy",5.5,152031
tt0277371,movie,Not Another Teen Movie,2001,89,"Comedy,Romance",5.8,127471
tt0277434,movie,We Were Soldiers,2002,138,"Action,Drama,History",7.2,160189
tt0277941,movie,Ned Kelly,2003,110,"Action,Adventure,Biography",6.4,29314
tt0278295,movie,All About the Benjamins,2002,95,"Action,Comedy,Crime",5.9,15463
tt0278435,movie,Enough,2002,115,"Crime,Drama,Thriller",5.8,51556
tt0278488,movie,How High,2001,93,"Comedy,Fantasy",6.2,65501
tt0278500,movie,The Importance of Being Earnest,2002,97,"Comedy,Drama,Romance",6.8,26009
tt0278504,movie,Insomnia,2002,118,"Drama,Mystery,Thriller",7.2,344514
tt0278731,movie,Spider,2002,98,"Drama,Mystery,Thriller",6.7,42101
tt0278736,movie,Stanley Kubrick: A Life in Pictures,2001,142,"Biography,Documentary",8.0,11253
tt0278823,movie,Hollywood Ending,2002,112,"Comedy,Romance",6.5,29166
tt0279064,movie,Elling,2001,89,"Comedy,Drama",7.4,16715
tt0279111,movie,Gods and Generals,2003,219,"Biography,Drama,History",6.2,18181
tt0279113,movie,The Good Girl,2002,93,"Drama,Romance",6.4,50052
tt0279331,movie,Dark Blue,2002,118,"Crime,Drama,Thriller",6.6,25740
tt0279493,movie,Undercover Brother,2002,86,"Action,Comedy",5.9,38129
tt0279778,movie,Divine Secrets of the Ya-Ya Sisterhood,2002,116,Drama,6.1,21894
tt0279781,movie,Sorority Boys,2002,93,Comedy,5.5,15653
tt0279889,movie,Joe Somebody,2001,98,"Comedy,Drama",5.6,11759
tt0280030,movie,Return to Never Land,2002,72,"Adventure,Animation,Family",5.8,24023
tt0280380,movie,Trapped,2002,106,"Action,Crime,Drama",6.1,27181
tt0280460,movie,The Banger Sisters,2002,98,"Comedy,Drama",5.7,16792
tt0280477,movie,Better Luck Tomorrow,2002,101,"Crime,Drama,Romance",7.0,11025
tt0280486,movie,Bad Company,2002,116,"Action,Comedy,Thriller",5.6,50845
tt0280491,movie,Bloody Sunday,2002,111,"Drama,History,War",7.6,26780
tt0280590,movie,Mr. Deeds,2002,96,"Comedy,Romance",5.8,164441
tt0280609,movie,Dog Soldiers,2002,105,"Action,Horror,Thriller",6.8,71279
tt0280653,movie,Amen.,2002,132,"Biography,Crime,Drama",7.2,15808
tt0280665,movie,Femme Fatale,2002,114,"Crime,Drama,Mystery",6.2,39550
tt0280707,movie,Gosford Park,2001,137,"Comedy,Drama,Mystery",7.2,102825
tt0280720,movie,The Guru,2002,94,"Comedy,Music,Romance",5.4,15767
tt0280760,movie,Igby Goes Down,2002,98,"Comedy,Drama",6.8,37474
tt0280778,movie,Iris,2001,91,"Biography,Drama,Romance",7.0,19911
tt0280969,movie,My Little Eye,2002,95,"Horror,Mystery,Thriller",5.4,13682
tt0281322,movie,Undisputed,2002,94,"Action,Crime,Drama",6.1,35748
tt0281358,movie,A Walk to Remember,2002,101,"Drama,Romance",7.3,231838
tt0281364,movie,Wasabi,2001,94,"Action,Comedy,Crime",6.6,45944
tt0281373,movie,Snow Dogs,2002,99,"Adventure,Comedy,Family",5.2,30097
tt0281686,movie,Bubba Ho-Tep,2002,92,"Comedy,Fantasy,Horror",6.9,54341
tt0281820,movie,The Good Thief,2002,109,"Action,Crime,Drama",6.4,11349
tt0282120,movie,The Wild Thornberrys Movie,2002,85,"Adventure,Animation,Comedy",5.7,15849
tt0282209,movie,Darkness Falls,2003,86,"Fantasy,Horror,Mystery",5.0,35507
tt0282599,movie,Il Mare,2000,105,"Drama,Fantasy,Romance",7.5,10166
tt0282687,movie,Life or Something Like It,2002,103,"Comedy,Romance",5.8,35547
tt0283003,movie,Spun,2002,101,"Comedy,Crime,Drama",6.7,42960
tt0283026,movie,Swimfan,2002,85,"Drama,Thriller",5.1,22237
tt0283084,movie,Tuck Everlasting,2002,90,"Drama,Family,Fantasy",6.6,25695
tt0283111,movie,Van Wilder,2002,92,"Comedy,Romance",6.4,120960
tt0283139,movie,White Oleander,2002,109,Drama,7.1,34828
tt0283426,movie,The Jungle Book 2,2003,72,"Adventure,Animation,Comedy",5.4,19722
tt0283509,movie,No Man's Land,2001,98,"Comedy,Drama,War",7.9,50693
tt0283530,movie,The Emperor's Club,2002,109,Drama,6.9,18473
tt0283632,movie,They,2002,89,"Horror,Mystery,Thriller",4.8,14716
tt0283832,movie,8 Women,2002,111,"Comedy,Crime,Musical",7.0,34920
tt0283900,movie,The Spanish Apartment,2002,122,"Comedy,Drama,Romance",7.3,44112
tt0284137,movie,Gadar: Ek Prem Katha,2001,170,"Action,Drama,Romance",7.3,16765
tt0284490,movie,Showtime,2002,95,"Action,Comedy,Crime",5.6,67276
tt0284837,movie,Ali G Indahouse,2002,87,Comedy,6.2,99831
tt0284978,movie,Cypher,2002,95,"Mystery,Sci-Fi,Thriller",6.7,33240
tt0285175,movie,Havoc,2005,85,"Crime,Drama",5.4,22065
tt0285462,movie,Boat Trip,2002,94,Comedy,4.9,33530
tt0285492,movie,Cube²: Hypercube,2002,94,"Horror,Mystery,Sci-Fi",5.5,71977
tt0285531,movie,Dreamcatcher,2003,134,"Drama,Horror,Sci-Fi",5.6,101423
tt0285728,movie,Dahmer,2002,101,"Biography,Crime,Drama",5.6,12503
tt0285742,movie,Monster's Ball,2001,111,"Drama,Romance",7.0,97369
tt0285823,movie,Once Upon a Time in Mexico,2003,102,"Action,Crime,Thriller",6.3,176824
tt0285861,movie,Owning Mahowny,2003,104,"Crime,Drama,Thriller",7.0,16165
tt0286106,movie,Signs,2002,106,"Drama,Mystery,Sci-Fi",6.8,415736
tt0286112,movie,Shaolin Soccer,2001,87,"Action,Comedy,Fantasy",7.3,97507
tt0286244,movie,The Triplets of Belleville,2003,80,"Adventure,Animation,Comedy",7.7,58391
tt0286261,movie,All or Nothing,2002,128,Drama,7.5,12286
tt0286306,movie,Deathwatch,2002,94,"Drama,Horror,Thriller",5.9,12955
tt0286499,movie,Bend It Like Beckham,2002,112,"Comedy,Drama,Romance",6.7,123488
tt0286716,movie,Hulk,2003,138,"Action,Sci-Fi",5.7,292553
tt0286751,movie,Pulse,2001,119,"Horror,Mystery,Sci-Fi",6.6,31617
tt0286788,movie,What a Girl Wants,2003,105,"Comedy,Drama,Family",5.8,70863
tt0287467,movie,Talk to Her,2002,112,"Drama,Mystery,Romance",7.9,120757
tt0287635,movie,Pokemon 4Ever: Celebi - Voice of the Forest,2001,75,"Action,Adventure,Animation",5.8,10470
tt0287717,movie,Spy Kids 2: Island of Lost Dreams,2002,100,"Action,Adventure,Comedy",5.3,77968
tt0287978,movie,Daredevil,2003,103,"Action,Crime,Drama",5.3,240506
tt0288045,movie,The Medallion,2003,88,"Action,Comedy,Fantasy",5.2,46357
tt0288439,movie,Bang Bang You're Dead,2002,93,"Crime,Drama,Thriller",7.7,13469
tt0288477,movie,Ghost Ship,2002,91,"Horror,Mystery,Thriller",5.6,117965
tt0289043,movie,28 Days Later,2002,113,"Drama,Horror,Sci-Fi",7.5,550527
tt0289408,movie,The Powerpuff Girls Movie,2002,73,"Action,Adventure,Animation",6.6,11679
tt0289635,movie,Young Adam,2003,98,"Crime,Drama",6.3,15360
tt0289765,movie,Red Dragon,2002,124,"Crime,Drama,Thriller",7.2,312491
tt0289848,movie,Analyze That,2002,96,"Comedy,Crime",5.9,93108
tt0289879,movie,The Butterfly Effect,2004,113,"Drama,Sci-Fi,Thriller",7.6,557022
tt0289992,movie,The Life of David Gale,2003,130,"Crime,Drama,Mystery",7.5,132770
tt0290002,movie,Meet the Fockers,2004,115,"Comedy,Romance",6.4,302189
tt0290095,movie,The Tuxedo,2002,98,"Action,Comedy,Sci-Fi",5.4,94014
tt0290212,movie,Full Frontal,2002,101,"Comedy,Romance",4.7,10302
tt0290329,movie,Visitor Q,2001,84,"Comedy,Drama,Horror",6.5,18244
tt0290334,movie,X2: X-Men United,2003,134,"Action,Sci-Fi,Thriller",7.4,612138
tt0290673,movie,Irreversible,2002,97,"Crime,Drama,Mystery",7.3,163919
tt0291172,movie,The Son,2002,103,"Drama,Mystery",7.5,10604
tt0291341,movie,Mean Machine,2001,99,"Comedy,Crime,Drama",6.4,42930
tt0291350,movie,Millennium Actress,2001,87,"Animation,Drama,Fantasy",7.8,37132
tt0291376,movie,Nayak: The Real Hero,2001,187,"Action,Drama,Thriller",7.8,19272
tt0291502,movie,Swept Away,2002,89,"Comedy,Romance",3.6,18857
tt0291579,movie,"He Loves Me, He Loves Me Not",2002,92,"Romance,Thriller",7.1,20168
tt0292490,movie,Dil Chahta Hai,2001,183,"Comedy,Drama,Romance",8.0,80089
tt0292506,movie,The Recruit,2003,115,"Action,Thriller",6.6,147686
tt0292542,movie,Son of the Bride,2001,123,"Comedy,Drama",7.8,17906
tt0292644,movie,The Rules of Attraction,2002,110,"Comedy,Drama,Romance",6.6,55670
tt0292963,movie,Before the Devil Knows You're Dead,2007,117,"Crime,Drama,Thriller",7.3,122960
tt0293007,movie,Carandiru,2003,145,"Crime,Drama",7.6,24890
tt0293416,movie,Metropolis,2001,108,"Adventure,Animation,Drama",7.2,24016
tt0293429,movie,Mortal Kombat,2021,110,"Action,Adventure,Fantasy",6.1,216636
tt0293508,movie,The Phantom of the Opera,2004,143,"Drama,Musical,Romance",7.2,138876
tt0293564,movie,Rush Hour 3,2007,91,"Action,Comedy,Crime",6.3,200569
tt0293662,movie,The Transporter,2002,92,"Action,Crime,Thriller",6.8,338936
tt0293715,movie,My Sassy Girl,2001,137,"Comedy,Drama,Romance",7.9,53123
tt0293815,movie,Friday After Next,2002,85,"Comedy,Drama",5.8,32879
tt0294357,movie,Beyond Borders,2003,127,"Adventure,Drama,Romance",6.4,28546
tt0294870,movie,Rent,2005,135,"Drama,Musical,Romance",6.9,58272
tt0295178,movie,Austin Powers in Goldmember,2002,94,"Action,Adventure,Comedy",6.3,235457
tt0295254,movie,Feardotcom,2002,101,"Crime,Horror,Thriller",3.4,23908
tt0295289,movie,A Guy Thing,2003,101,"Comedy,Romance",5.6,19778
tt0295297,movie,Harry Potter and the Chamber of Secrets,2002,161,"Adventure,Family,Fantasy",7.5,769383
tt0295427,movie,The Master of Disguise,2002,80,"Adventure,Comedy,Family",3.4,27853
tt0295700,movie,Wrong Turn,2003,84,"Horror,Thriller",6.1,146814
tt0295701,movie,xXx,2002,124,"Action,Adventure,Drama",5.9,194185
tt0295721,movie,Taxi 3,2003,84,"Action,Comedy,Crime",5.8,48995
tt0296042,movie,Ichi the Killer,2001,129,"Crime,Drama",6.9,64156
tt0296572,movie,The Chronicles of Riddick,2004,119,"Action,Adventure,Sci-Fi",6.6,252419
tt0296574,movie,Company,2002,142,"Action,Crime,Drama",7.9,17265
tt0297037,movie,Brown Sugar,2002,109,"Comedy,Drama,Music",6.5,11017
tt0297162,movie,Half Past Dead,2002,98,"Action,Crime,Thriller",4.6,17766
tt0297181,movie,I Spy,2002,97,"Action,Adventure,Comedy",5.4,55593
tt0297284,movie,Mindhunters,2004,106,"Crime,Horror,Thriller",6.3,68632
tt0297721,movie,All About Lily Chou-Chou,2001,146,"Crime,Drama,Music",7.5,14283
tt0297884,movie,Far from Heaven,2002,107,"Drama,Romance",7.3,51708
tt0298130,movie,The Ring,2002,115,"Horror,Mystery",7.1,403761
tt0298148,movie,Shrek 2,2004,93,"Adventure,Animation,Comedy",7.4,558328
tt0298203,movie,8 Mile,2002,110,"Drama,Music",7.2,352879
tt0298228,movie,Whale Rider,2002,101,"Drama,Family",7.5,44396
tt0298408,movie,Laurel Canyon,2002,103,Drama,6.4,18115
tt0298744,movie,Auto Focus,2002,105,"Biography,Crime,Drama",6.7,16061
tt0298814,movie,The Core,2003,135,"Action,Adventure,Sci-Fi",5.5,116369
tt0298845,movie,In America,2002,105,Drama,7.6,44387
tt0299108,movie,Rehnaa Hai Terre Dil Mein,2001,160,"Comedy,Drama,Musical",7.5,10167
tt0299117,movie,Roger Dodger,2002,106,"Comedy,Drama",6.8,18351
tt0299172,movie,Home on the Range,2004,76,"Adventure,Animation,Comedy",5.4,29827
tt0299458,movie,All the Real Girls,2003,108,"Drama,Romance",6.7,11303
tt0299658,movie,Chicago,2002,113,"Comedy,Crime,Musical",7.2,257337
tt0299930,movie,Gigli,2003,121,"Comedy,Crime,Romance",2.7,50951
tt0299977,movie,Hero,2002,94,"Action,Adventure,Drama",7.9,194649
tt0300051,movie,Jersey Girl,2004,102,"Comedy,Drama,Romance",6.2,74745
tt0300140,movie,Lilya 4-Ever,2002,109,"Crime,Drama",7.8,55850
tt0300214,movie,Morvern Callar,2002,97,Drama,6.8,12517
tt0300471,movie,Shanghai Knights,2003,114,"Action,Adventure,Comedy",6.2,117902
tt0300532,movie,Blue Crush,2002,104,"Drama,Romance,Sport",5.7,34576
tt0300556,movie,Timeline,2003,116,"Action,Adventure,Sci-Fi",5.7,69523
tt0301199,movie,Dirty Pretty Things,2002,97,"Crime,Drama,Thriller",7.2,45682
tt0301357,movie,Good Bye Lenin!,2003,121,"Comedy,Drama,Romance",7.7,160181
tt0301470,movie,Jeepers Creepers 2,2003,104,Horror,5.7,75756
tt0301634,movie,Frozen Stiff,2002,90,"Comedy,Drama",8.3,10987
tt0301727,movie,Winged Migration,2001,89,Documentary,7.9,12700
tt0301976,movie,The United States of Leland,2003,108,Drama,6.9,25341
tt0302640,movie,The Hot Chick,2002,104,"Comedy,Fantasy",5.6,110568
tt0302674,movie,Gerry,2002,103,"Adventure,Drama,Mystery",6.0,20744
tt0302886,movie,Old School,2003,88,Comedy,7.0,256950
tt0303361,movie,May,2002,93,"Drama,Horror",6.6,43433
tt0303714,movie,Barbershop,2002,102,"Comedy,Drama",6.4,35901
tt0303816,movie,Cabin Fever,2002,93,Horror,5.6,89094
tt0303933,movie,Drumline,2002,118,"Comedy,Drama,Music",6.0,37815
tt0304141,movie,Harry Potter and the Prisoner of Azkaban,2004,142,"Adventure,Family,Fantasy",7.9,770435
tt0304262,movie,The Happiness of the Katakuris,2001,113,"Comedy,Fantasy,Horror",6.9,10646
tt0304415,movie,Mona Lisa Smile,2003,117,Drama,6.6,99835
tt0304669,movie,The Santa Clause 2,2002,104,"Comedy,Family,Fantasy",5.8,69900
tt0304711,movie,The Order,2003,102,"Horror,Mystery,Thriller",5.1,19130
tt0305206,movie,American Splendor,2003,101,"Biography,Comedy,Drama",7.4,54848
tt0305224,movie,Anger Management,2003,106,Comedy,6.3,242850
tt0305357,movie,Charlie's Angels: Full Throttle,2003,106,"Action,Adventure,Comedy",5.0,138116
tt0305669,movie,Bringing Down the House,2003,105,Comedy,5.6,41283
tt0305711,movie,Just Married,2003,95,"Comedy,Romance",5.5,77918
tt0306047,movie,Scary Movie 3,2003,84,Comedy,5.6,175222
tt0306434,movie,Aankhen,2002,165,"Crime,Drama,Thriller",7.4,14847
tt0306685,movie,Cradle 2 the Grave,2003,101,"Action,Crime,Drama",5.8,47706
tt0306734,movie,The Divorce,2003,117,"Comedy,Drama,Romance",4.9,12605
tt0306841,movie,The Lizzie McGuire Movie,2003,94,"Adventure,Comedy,Family",5.6,43666
tt0307213,movie,Bad Guy,2001,100,"Drama,Romance",6.6,11222
tt0307453,movie,Shark Tale,2004,90,"Adventure,Animation,Comedy",6.0,214104
tt0307479,movie,Solaris,2002,99,"Drama,Mystery,Romance",6.2,89322
tt0307901,movie,25th Hour,2002,135,Drama,7.6,190769
tt0307987,movie,Bad Santa,2003,92,"Comedy,Crime,Drama",7.0,168012
tt0308055,movie,Bobby,2006,117,"Biography,Drama,History",7.0,43970
tt0308152,movie,Dead End,2003,85,"Adventure,Horror,Mystery",6.4,35863
tt0308208,movie,Ballistic: Ecks vs. Sever,2002,91,"Action,Crime,Mystery",3.7,21790
tt0308353,movie,Happily N'Ever After,2006,87,"Adventure,Animation,Comedy",4.5,11624
tt0308379,movie,Dark Water,2002,101,"Drama,Horror,Mystery",6.7,37636
tt0308383,movie,The Human Stain,2003,106,"Drama,Romance,Thriller",6.2,33832
tt0308506,movie,Like Mike,2002,99,"Comedy,Family,Fantasy",5.5,24600
tt0308514,movie,Lost in La Mancha,2002,89,Documentary,7.3,12297
tt0308644,movie,Finding Neverland,2004,106,"Biography,Drama,Family",7.6,217601
tt0308878,movie,The Shape of Things,2003,96,"Comedy,Drama,Romance",6.6,12193
tt0309377,movie,Blood Work,2002,110,"Action,Crime,Drama",6.4,50920
tt0309530,movie,Down with Love,2003,101,"Comedy,Romance",6.3,47249
tt0309593,movie,Final Destination 2,2003,90,"Horror,Thriller",6.2,219263
tt0309698,movie,Identity,2003,90,"Mystery,Thriller",7.3,294480
tt0309820,movie,Luther,2003,123,"Biography,Drama,History",6.6,16736
tt0309912,movie,Nicholas Nickleby,2002,132,"Adventure,Drama,Romance",7.1,15033
tt0309987,movie,The Dreamers,2003,115,"Drama,Romance",7.1,141492
tt0310203,movie,Ruby & Quentin,2003,85,"Comedy,Crime",7.1,32597
tt0310281,movie,A Mighty Wind,2003,91,"Comedy,Music",7.2,32203
tt0310357,movie,Willard,2003,100,"Drama,Horror,Thriller",6.1,20182
tt0310775,movie,Sympathy for Mr. Vengeance,2002,129,"Crime,Drama,Thriller",7.5,82155
tt0310793,movie,Bowling for Columbine,2002,120,"Crime,Documentary,Drama",7.9,152408
tt0310910,movie,Confidence,2003,97,"Crime,Thriller",6.6,36420
tt0311113,movie,Master and Commander: The Far Side of the World,2003,138,"Action,Adventure,Drama",7.5,257217
tt0311289,movie,Holes,2003,117,"Adventure,Comedy,Drama",7.0,110580
tt0311429,movie,The League of Extraordinary Gentlemen,2003,110,"Action,Adventure,Fantasy",5.8,192456
tt0311519,movie,The Man Without a Past,2002,97,"Comedy,Drama,Romance",7.6,28998
tt0311648,movie,Pieces of April,2003,80,"Comedy,Drama",7.0,23264
tt0312004,movie,Wallace & Gromit: The Curse of the Were-Rabbit,2005,85,"Adventure,Animation,Comedy",7.5,157888
tt0312528,movie,The Cat in the Hat,2003,82,"Adventure,Comedy,Family",4.2,94653
tt0312549,movie,Veronica Guerin,2003,98,"Biography,Crime,Drama",6.8,23072
tt0312843,movie,Suicide Club,2001,99,"Crime,Drama,Horror",6.5,24091
tt0312859,movie,Kannathil Muthamittal,2002,136,"Action,Drama,Musical",8.3,10815
tt0313196,movie,The Crime of Padre Amaro,2002,118,"Drama,Romance",6.7,15030
tt0313443,movie,Out of Time,2003,105,"Crime,Drama,Mystery",6.5,71759
tt0313542,movie,Runaway Jury,2003,127,"Crime,Drama,Thriller",7.1,121868
tt0313670,movie,Sweet Sixteen,2002,106,"Crime,Drama",7.4,15230
tt0313737,movie,Two Weeks Notice,2002,101,"Comedy,Romance",6.2,133574
tt0313792,movie,Anything Else,2003,108,"Comedy,Romance",6.3,34373
tt0313911,movie,Agent Cody Banks,2003,102,"Action,Adventure,Comedy",5.2,39481
tt0314063,movie,Immortal,2004,103,"Drama,Sci-Fi,Thriller",5.9,22440
tt0314067,movie,Philanthropy,2002,110,"Comedy,Drama",8.4,14737
tt0314331,movie,Love Actually,2003,135,"Comedy,Drama,Romance",7.5,581715
tt0314353,movie,Tears of the Sun,2003,121,"Action,Drama,Thriller",6.6,136631
tt0314412,movie,My Life Without Me,2003,106,"Drama,Romance",7.4,26658
tt0314498,movie,The Perfect Score,2004,93,"Comedy,Crime,Drama",5.7,27330
tt0314786,movie,The In-Laws,2003,98,"Action,Comedy,Thriller",5.8,18373
tt0315297,movie,Twisted,2004,97,"Crime,Drama,Mystery",5.3,25723
tt0315327,movie,Bruce Almighty,2003,101,"Comedy,Fantasy",6.8,472197
tt0315543,movie,Open Hearts,2002,113,"Drama,Romance",7.5,11706
tt0315642,movie,Wazir,2016,103,"Action,Crime,Drama",7.1,20883
tt0315733,movie,21 Grams,2003,124,"Crime,Drama,Thriller",7.6,252766
tt0315824,movie,The Big Bounce,2004,88,"Comedy,Crime",4.9,19329
tt0315983,movie,House of Sand and Fog,2003,126,"Crime,Drama",7.5,75996
tt0316356,movie,Open Range,2003,139,"Action,Drama,Romance",7.4,84866
tt0316396,movie,Peter Pan,2003,113,"Adventure,Family,Fantasy",6.8,85233
tt0316465,movie,Radio,2003,109,"Biography,Drama,Sport",6.9,48702
tt0316654,movie,Spider-Man 2,2004,127,"Action,Adventure,Sci-Fi",7.5,789362
tt0316732,movie,Taxi,2004,97,"Action,Comedy,Crime",4.6,48321
tt0317132,movie,Because of Winn-Dixie,2005,106,"Comedy,Drama,Family",6.4,13771
tt0317198,movie,Bridget Jones: The Edge of Reason,2004,108,"Comedy,Drama,Romance",6.0,133411
tt0317219,movie,Cars,2006,116,"Adventure,Animation,Comedy",7.3,540523
tt0317248,movie,City of God,2002,130,"Crime,Drama",8.6,874140
tt0317303,movie,Daddy Day Care,2003,92,"Comedy,Family",5.7,79686
tt0317648,movie,Hidalgo,2004,136,"Action,Adventure,Biography",6.7,88894
tt0317676,movie,House of the Dead,2003,90,"Action,Adventure,Horror",2.1,39984
tt0317705,movie,The Incredibles,2004,115,"Action,Adventure,Animation",8.0,906181
tt0317740,movie,The Italian Job,2003,111,"Action,Crime,Thriller",7.0,408420
tt0317910,movie,The Fog of War,2003,107,"Biography,Documentary,History",8.0,26269
tt0317919,movie,Mission: Impossible III,2006,126,"Action,Adventure,Thriller",6.9,426297
tt0318034,movie,Russian Ark,2002,99,"Drama,Fantasy,History",7.2,23059
tt0318081,movie,A Sound of Thunder,2005,110,"Action,Adventure,Horror",4.3,21789
tt0318155,movie,Looney Tunes: Back in Action,2003,91,"Adventure,Animation,Comedy",5.8,43288
tt0318283,movie,Alex & Emma,2003,96,"Comedy,Romance",5.5,14530
tt0318374,movie,The Cooler,2003,101,"Drama,Romance",6.9,37320
tt0318411,movie,The Magdalene Sisters,2002,114,Drama,7.7,30113
tt0318462,movie,The Motorcycle Diaries,2004,126,"Adventure,Biography,Drama",7.7,109346
tt0318627,movie,Resident Evil: Apocalypse,2004,94,"Action,Horror,Sci-Fi",6.1,222227
tt0318649,movie,Sahara,2005,124,"Action,Adventure,Comedy",6.1,109795
tt0318761,movie,Thumbsucker,2005,96,"Comedy,Drama",6.5,22559
tt0318974,movie,The Alamo,2004,137,"Drama,History,War",6.1,23708
tt0319020,movie,Awara Paagal Deewana,2002,158,"Action,Comedy,Crime",6.3,10134
tt0319061,movie,Big Fish,2003,125,"Adventure,Drama,Fantasy",7.9,478144
tt0319262,movie,The Day After Tomorrow,2004,124,"Action,Adventure,Sci-Fi",6.5,514141
tt0319343,movie,Elf,2003,97,"Adventure,Comedy,Family",7.1,347485
tt0319524,movie,How to Deal,2003,101,"Comedy,Drama,Romance",5.6,10174
tt0319736,movie,The Legend of Bhagat Singh,2002,155,"Biography,Drama,History",8.2,18371
tt0319769,movie,Mondays in the Sun,2002,113,"Comedy,Drama",7.5,16484
tt0320193,movie,Oasis,2002,133,"Drama,Romance",7.8,11724
tt0320244,movie,Party Monster,2003,98,"Biography,Crime,Drama",6.2,18315
tt0320661,movie,Kingdom of Heaven,2005,144,"Action,Adventure,Drama",7.3,356176
tt0320691,movie,Underworld,2003,121,"Action,Fantasy,Thriller",7.0,301612
tt0322259,movie,2 Fast 2 Furious,2003,107,"Action,Crime,Thriller",6.0,325854
tt0322330,movie,Freaky Friday,2003,97,"Comedy,Family,Fantasy",6.4,178352
tt0322420,movie,Life Is a Miracle,2004,155,"Comedy,Drama,Music",7.5,13912
tt0322589,movie,Honey,2003,94,"Drama,Music,Romance",5.4,49244
tt0322802,movie,Jackass: The Movie,2002,85,"Action,Comedy,Documentary",6.6,106650
tt0323013,movie,Lakshya,2004,186,"Action,Drama,Romance",7.8,28174
tt0323033,movie,Laws of Attraction,2004,90,"Comedy,Romance",5.9,26008
tt0323120,movie,Loving Annabelle,2006,77,"Drama,Romance",6.2,14333
tt0323939,movie,Shade,2003,101,"Crime,Thriller",6.3,13883
tt0323944,movie,Shattered Glass,2003,94,"Drama,History",7.1,40174
tt0323998,movie,Slim Susie,2003,97,"Comedy,Crime,Mystery",6.9,11022
tt0324127,movie,Suspect Zero,2004,99,"Crime,Horror,Mystery",5.8,24300
tt0324133,movie,Swimming Pool,2003,102,"Crime,Drama,Mystery",6.7,51591
tt0324197,movie,Time of the Wolf,2003,114,Drama,6.4,12357
tt0324216,movie,The Texas Chainsaw Massacre,2003,98,Horror,6.2,162805
tt0324554,movie,Wicker Park,2004,114,"Drama,Mystery,Romance",6.9,59995
tt0325055,movie,Sylvia,2003,100,"Biography,Drama,Romance",6.3,11633
tt0325258,movie,Dickie Roberts: Former Child Star,2003,98,Comedy,5.6,16418
tt0325537,movie,Head of State,2003,95,Comedy,5.5,21083
tt0325596,movie,The I Inside,2004,90,"Mystery,Sci-Fi,Thriller",6.0,11821
tt0325655,movie,The Eye,2002,99,"Horror,Mystery,Thriller",6.6,31112
tt0325703,movie,Lara Croft: Tomb Raider - The Cradle of Life,2003,117,"Action,Adventure,Fantasy",5.5,151204
tt0325710,movie,The Last Samurai,2003,154,"Action,Drama",7.8,505858
tt0325805,movie,Matchstick Men,2003,116,"Comedy,Crime,Drama",7.2,145904
tt0325980,movie,Pirates of the Caribbean: The Curse of the Black Pearl,2003,143,"Action,Adventure,Fantasy",8.1,1331506
tt0326769,movie,Biker Boyz,2003,110,"Action,Drama",4.7,14818
tt0326856,movie,Envy,2004,99,Comedy,4.8,33545
tt0326905,movie,The Great Raid,2005,132,"Action,Drama,War",6.6,25332
tt0326977,movie,I'm Not Scared,2003,108,"Crime,Drama,Mystery",7.4,18064
tt0327056,movie,Mystic River,2003,138,"Crime,Drama,Mystery",7.9,524176
tt0327084,movie,Over the Hedge,2006,83,"Adventure,Animation,Comedy",6.7,204163
tt0327137,movie,Secondhand Lions,2003,109,"Comedy,Drama,Family",7.5,66275
tt0327162,movie,The Stepford Wives,2004,93,"Comedy,Horror,Sci-Fi",5.4,72659
tt0327247,movie,The Whole Ten Yards,2004,98,"Comedy,Crime,Thriller",5.5,60780
tt0327437,movie,Around the World in 80 Days,2004,120,"Action,Adventure,Comedy",5.9,99808
tt0327554,movie,Catwoman,2004,104,"Action,Crime,Fantasy",3.5,132702
tt0327597,movie,Coraline,2009,100,"Animation,Drama,Family",7.8,302215
tt0327679,movie,Ella Enchanted,2004,96,"Comedy,Family,Fantasy",6.3,81137
tt0327785,movie,The Killer's Game,2024,104,"Action,Comedy,Thriller",5.8,21457
tt0327850,movie,The Rundown,2003,104,"Action,Adventure,Comedy",6.6,148522
tt0328099,movie,Malibu's Most Wanted,2003,86,"Comedy,Crime",5.3,22247
tt0328107,movie,Man on Fire,2004,146,"Action,Crime,Drama",7.7,422764
tt0328538,movie,Thirteen,2003,100,Drama,6.8,107200
tt0328589,movie,Under the Tuscan Sun,2003,113,"Comedy,Drama,Romance",6.8,65446
tt0328828,movie,American Wedding,2003,96,Comedy,6.3,229746
tt0328880,movie,Brother Bear,2003,85,"Adventure,Animation,Comedy",6.9,137134
tt0329028,movie,Dumb and Dumberer: When Harry Met Lloyd,2003,85,Comedy,3.5,44618
tt0329101,movie,Freddy vs. Jason,2003,97,Horror,5.8,136591
tt0329388,movie,Monsieur Ibrahim,2003,95,"Comedy,Drama",7.3,12000
tt0329575,movie,Seabiscuit,2003,140,"Drama,History,Sport",7.3,79158
tt0329691,movie,Torque,2004,84,"Action,Comedy,Crime",4.2,30582
tt0329717,movie,Hollywood Homicide,2003,116,"Action,Comedy,Crime",5.4,41562
tt0329774,movie,xXx: State of the Union,2005,101,"Action,Adventure,Crime",4.5,76845
tt0330099,movie,The Brown Bunny,2003,93,Drama,4.9,17117
tt0330229,movie,Dolls,2002,114,"Drama,Romance",7.5,17997
tt0330243,movie,Day of the Wacko,2002,93,"Comedy,Drama,Romance",8.1,13374
tt0330373,movie,Harry Potter and the Goblet of Fire,2005,157,"Adventure,Family,Fantasy",7.7,756982
tt0330793,movie,The Punisher,2004,124,"Action,Crime,Drama",6.4,181559
tt0331468,movie,Cold Creek Manor,2003,118,"Drama,Mystery,Thriller",5.1,26332
tt0331632,movie,Scooby-Doo 2: Monsters Unleashed,2004,93,"Adventure,Comedy,Family",5.4,73522
tt0331811,movie,11:14,2003,86,"Comedy,Crime,Drama",7.1,52659
tt0331933,movie,Man of the House,2005,100,"Comedy,Crime",5.5,26573
tt0331952,movie,The Clearing,2004,95,"Drama,Mystery,Thriller",5.8,14925
tt0331953,movie,Club Dread,2004,104,"Comedy,Horror,Mystery",5.7,32849
tt0332047,movie,Fever Pitch,2005,104,"Comedy,Drama,Romance",6.3,50057
tt0332136,movie,If Only,2004,92,"Comedy,Drama,Fantasy",7.0,35310
tt0332280,movie,The Notebook,2004,123,"Drama,Romance",7.8,693974
tt0332375,movie,Saved!,2004,92,"Comedy,Drama",6.7,51246
tt0332379,movie,School of Rock,2003,109,"Comedy,Music",7.2,359481
tt0332452,movie,Troy,2004,163,"Action,Adventure",7.3,619393
tt0332658,movie,Intermission,2003,105,"Comedy,Crime,Drama",6.8,17375
tt0333766,movie,Garden State,2004,102,"Comedy,Drama,Romance",7.4,228100
tt0333780,movie,"Legally Blonde 2: Red, White & Blonde",2003,95,Comedy,4.8,79605
tt0334405,movie,Spellbound,2002,97,"Comedy,Documentary,Thriller",7.6,12632
tt0335119,movie,Girl with a Pearl Earring,2003,100,"Biography,Drama,Romance",6.9,84555
tt0335121,movie,Godsend,2004,102,"Action,Drama,Fantasy",4.8,27275
tt0335245,movie,The Ladykillers,2004,104,"Comedy,Crime,Thriller",6.2,112748
tt0335266,movie,Lost in Translation,2003,102,"Comedy,Drama",7.7,531166
tt0335345,movie,The Passion of the Christ,2004,127,Drama,7.3,275198
tt0335438,movie,Starsky & Hutch,2004,101,"Comedy,Crime",6.1,162185
tt0335559,movie,Win a Date with Tad Hamilton!,2004,95,"Comedy,Romance",5.6,30778
tt0335563,movie,Wonderland,2003,104,"Crime,Drama,Mystery",6.5,24811
tt0337103,movie,Crimson Rivers 2: Angels of the Apocalypse,2004,100,"Action,Crime,Mystery",5.9,22760
tt0337563,movie,13 Going on 30,2004,98,"Comedy,Fantasy,Romance",6.3,249771
tt0337578,movie,Baghban,2003,181,"Drama,Romance",7.4,18981
tt0337579,movie,Barbershop 2: Back in Business,2004,106,"Comedy,Drama",5.7,17125
tt0337592,movie,Love Don't Cost a Thing,2003,100,"Comedy,Drama,Romance",5.3,10554
tt0337692,movie,On the Road,2012,124,"Adventure,Drama,Romance",6.0,44829
tt0337697,movie,The Prince and Me,2004,111,"Comedy,Family,Romance",5.9,43823
tt0337721,movie,The Snow Walker,2003,103,"Adventure,Drama",7.3,12130
tt0337741,movie,Something's Gotta Give,2003,128,"Comedy,Drama,Romance",6.8,139735
tt0337876,movie,Birth,2004,100,"Drama,Fantasy,Mystery",6.3,45008
tt0337909,movie,Calendar Girls,2003,108,"Comedy,Drama",6.9,28368
tt0337917,movie,Catch That Kid,2004,91,"Adventure,Comedy,Crime",5.2,11454
tt0337921,movie,Cellular,2004,94,"Action,Crime,Thriller",6.5,109499
tt0337978,movie,Live Free or Die Hard,2007,128,"Action,Thriller",7.1,436464
tt0338013,movie,Eternal Sunshine of the Spotless Mind,2004,108,"Drama,Romance,Sci-Fi",8.3,1186253
tt0338077,movie,Grind,2003,105,"Adventure,Comedy,Sport",6.0,14441
tt0338094,movie,The Haunted Mansion,2003,88,"Comedy,Family,Fantasy",5.2,60195
tt0338095,movie,High Tension,2003,91,Horror,6.7,83372
tt0338096,movie,Dirty Dancing: Havana Nights,2004,86,"Drama,Music,Romance",5.9,30987
tt0338097,movie,Head in the Clouds,2004,132,"Drama,Romance,War",6.5,16427
tt0338135,movie,The Barbarian Invasions,2003,99,"Comedy,Crime,Drama",7.5,30963
tt0338188,movie,The Missing,2003,137,"Adventure,Drama,Thriller",6.5,41714
tt0338216,movie,Lucky You,2007,124,"Drama,Romance,Sport",5.9,21656
tt0338309,movie,Evil,2003,113,Drama,7.7,44856
tt0338325,movie,Paparazzi,2004,84,"Action,Crime,Drama",5.7,16124
tt0338337,movie,Paycheck,2003,119,"Action,Mystery,Sci-Fi",6.3,118782
tt0338348,movie,The Polar Express,2004,100,"Adventure,Animation,Family",6.6,272166
tt0338427,movie,Shopgirl,2005,106,"Drama,Romance",6.3,25395
tt0338459,movie,Spy Kids 3: Game Over,2003,84,"Action,Adventure,Comedy",4.4,71663
tt0338466,movie,Stuck on You,2003,118,Comedy,5.8,56788
tt0338512,movie,Two Brothers,2004,109,"Adventure,Drama,Family",7.0,16639
tt0338526,movie,Van Helsing,2004,131,"Action,Adventure,Fantasy",6.1,308023
tt0338564,movie,Infernal Affairs,2002,101,"Crime,Drama,Mystery",8.0,138605
tt0338751,movie,The Aviator,2004,170,"Biography,Drama",7.5,410116
tt0338763,movie,Battle Royale II: Requiem,2003,133,"Action,Drama,Thriller",4.6,22366
tt0339034,movie,From Justin to Kelly,2003,81,"Comedy,Music,Musical",1.9,26190
tt0339135,movie,In Hell,2003,98,"Action,Drama,Thriller",6.1,22903
tt0339147,movie,Highwaymen,2004,80,"Action,Crime,Horror",5.7,10073
tt0339230,movie,Kopps,2003,90,"Action,Comedy",6.7,22844
tt0339291,movie,A Series of Unfortunate Events,2004,108,"Adventure,Comedy,Family",6.8,231913
tt0339412,movie,Mr. 3000,2004,104,"Comedy,Drama,Romance",5.6,15930
tt0339579,movie,Returner,2002,116,"Action,Adventure,Sci-Fi",6.4,11892
tt0339840,movie,Undead,2003,97,"Action,Comedy,Fantasy",5.3,13978
tt0340012,movie,Being Julia,2004,104,"Comedy,Drama,Romance",7.0,13409
tt0340163,movie,Hostage,2005,113,"Action,Crime,Drama",6.5,116512
tt0340377,movie,The Station Agent,2003,89,"Comedy,Drama",7.6,80433
tt0340855,movie,Monster,2003,109,"Biography,Crime,Drama",7.3,172330
tt0342172,movie,Capturing the Friedmans,2003,107,"Biography,Crime,Documentary",7.6,28847
tt0342258,movie,Unleashed,2005,103,"Action,Crime,Thriller",7.0,112285
tt0342272,movie,Dear Wendy,2005,105,"Comedy,Crime,Drama",6.5,10727
tt0342492,movie,The Green Butchers,2003,100,"Comedy,Drama",7.2,27719
tt0342735,movie,Manderlay,2005,133,Drama,7.2,26502
tt0343121,movie,Tupac: Resurrection,2003,112,"Biography,Documentary,Music",7.9,10030
tt0343135,movie,Along Came Polly,2004,90,"Comedy,Romance",6.0,150539
tt0343660,movie,50 First Dates,2004,99,"Comedy,Drama,Romance",6.8,416992
tt0343737,movie,The Good Shepherd,2006,167,"Drama,History,Thriller",6.7,112713
tt0343818,movie,"I, Robot",2004,115,"Action,Mystery,Sci-Fi",7.1,616672
tt0343996,movie,The Lost City,2005,144,"Drama,Romance",6.5,10193
tt0344510,movie,A Very Long Engagement,2004,133,"Drama,Mystery,Romance",7.6,78069
tt0344854,movie,Arthur and the Invisibles,2006,94,"Adventure,Animation,Comedy",6.0,44712
tt0345061,movie,Code 46,2003,93,"Drama,Romance,Sci-Fi",6.1,21816
tt0345549,movie,Last Life in the Universe,2003,112,"Comedy,Drama,Romance",7.4,11952
tt0345551,movie,Latter Days,2003,107,"Comedy,Drama,Romance",7.1,19513
tt0345950,movie,The SpongeBob SquarePants Movie,2004,87,"Adventure,Animation,Comedy",7.2,111882
tt0346094,movie,Distant,2002,110,"Comedy,Drama",7.5,24771
tt0346156,movie,Sky Captain and the World of Tomorrow,2004,106,"Action,Adventure,Mystery",6.1,90450
tt0346336,movie,The Best of Youth,2003,374,"Drama,Romance",8.4,28346
tt0346457,movie,Mangal Pandey,2005,150,"Biography,Drama,History",6.5,11106
tt0346491,movie,Alexander,2004,175,"Action,Biography,Drama",5.6,183970
tt0346631,movie,Blood and Bone,2009,93,"Action,Crime,Drama",6.7,38244
tt0346723,movie,Chalte Chalte,2003,167,"Drama,Romance",6.5,17808
tt0347048,movie,Head-On,2004,121,"Drama,Romance",7.8,61054
tt0347149,movie,Howl's Moving Castle,2004,119,"Adventure,Animation,Family",8.2,515635
tt0347246,movie,Ghost in the Shell 2: Innocence,2004,100,"Animation,Drama,Mystery",7.4,42812
tt0347304,movie,Kal Ho Naa Ho,2003,186,"Comedy,Drama,Musical",7.9,82043
tt0347332,movie,Khakee,2004,174,"Action,Crime,Drama",7.4,17543
tt0347473,movie,Main Hoon Na,2004,182,"Action,Comedy,Drama",7.1,45103
tt0347618,movie,The Cat Returns,2002,75,"Adventure,Animation,Comedy",7.1,72811
tt0348121,movie,Steamboy,2004,126,"Action,Adventure,Animation",6.8,19771
tt0348150,movie,Superman Returns,2006,154,"Action,Adventure,Sci-Fi",6.1,303777
tt0348333,movie,Waiting...,2005,94,Comedy,6.7,113245
tt0348568,movie,The Classic,2003,127,"Drama,Romance",7.7,10975
tt0348593,movie,The Door in the Floor,2004,111,"Comedy,Drama",6.6,16680
tt0348836,movie,Gothika,2003,98,"Horror,Mystery,Thriller",5.8,123697
tt0349047,movie,Dreamship Surprise: Period 1,2004,87,"Comedy,Sci-Fi",5.5,17049
tt0349205,movie,Cheaper by the Dozen,2003,98,"Comedy,Family",5.9,115751
tt0349467,movie,Freedomland,2006,113,"Crime,Drama,Mystery",5.2,17912
tt0349683,movie,King Arthur,2004,126,"Action,Adventure,Drama",6.3,183243
tt0349710,movie,Ladder 49,2004,115,"Action,Drama,Thriller",6.5,59959
tt0349825,movie,Miracle,2004,135,"Biography,Drama,History",7.5,63845
tt0349903,movie,Ocean's Twelve,2004,125,"Crime,Thriller",6.5,438703
tt0350028,movie,Raising Helen,2004,119,"Comedy,Drama,Romance",6.0,39525
tt0350258,movie,Ray,2004,152,"Biography,Drama,Music",7.7,166301
tt0350261,movie,An Unfinished Life,2005,108,"Drama,Family,Romance",7.0,36427
tt0351283,movie,Madagascar,2005,86,"Adventure,Animation,Comedy",7.0,482889
tt0351817,movie,The Twilight Samurai,2002,129,"Drama,Romance",8.0,27132
tt0351977,movie,Walking Tall,2004,86,"Action,Crime",6.2,113570
tt0352248,movie,Cinderella Man,2005,144,"Biography,Drama,Romance",8.0,209769
tt0352277,movie,De-Lovely,2004,125,"Biography,Drama,Music",6.6,12382
tt0352343,movie,Facing Windows,2003,102,"Drama,Romance",7.2,12206
tt0352520,movie,The Life and Death of Peter Sellers,2004,122,"Biography,Comedy,Drama",6.9,15899
tt0353324,movie,The Crow: Wicked Prayer,2005,99,"Action,Adventure,Comedy",3.0,10521
tt0353489,movie,Ginger Snaps II: Unleashed,2004,94,"Horror,Thriller",6.3,16728
tt0353969,movie,Memories of Murder,2003,131,"Crime,Drama,Mystery",8.1,269867
tt0354356,movie,Five Times Two,2004,90,"Drama,Romance",6.6,10830
tt0354668,movie,Save the Green Planet!,2003,117,"Comedy,Crime,Drama",7.1,11636
tt0354899,movie,The Science of Sleep,2006,105,"Comedy,Drama,Fantasy",7.2,72268
tt0355295,movie,The Brothers Grimm,2005,118,"Action,Adventure,Comedy",5.9,132341
tt0355702,movie,Lords of Dogtown,2005,107,"Biography,Drama,Sport",7.1,61520
tt0355954,movie,Riding the Bullet,2004,98,"Horror,Thriller",5.2,11565
tt0356150,movie,EuroTrip,2004,92,Comedy,6.6,245449
tt0356470,movie,A Cinderella Story,2004,95,"Comedy,Family,Romance",6.0,102715
tt0356614,movie,Foolproof,2003,94,"Action,Comedy,Crime",6.4,11965
tt0356618,movie,The Forgotten,2004,91,"Drama,Mystery,Sci-Fi",5.8,71332
tt0356634,movie,Garfield: The Movie,2004,80,"Adventure,Comedy,Family",5.1,101203
tt0356680,movie,The Family Stone,2005,103,"Comedy,Drama,Romance",6.3,90456
tt0356721,movie,I Heart Huckabees,2004,107,Comedy,6.5,67690
tt0356910,movie,Mr. & Mrs. Smith,2005,120,"Action,Comedy,Crime",6.5,596599
tt0357110,movie,The Ballad of Jack and Rose,2005,112,Drama,6.5,12705
tt0357111,movie,RRRrrrr!!!,2004,98,"Comedy,Crime,Mystery",5.9,16273
tt0357277,movie,Elektra,2005,97,"Action,Adventure,Crime",4.7,105540
tt0357413,movie,Anchorman: The Legend of Ron Burgundy,2004,94,Comedy,7.1,402680
tt0357507,movie,Boogeyman,2005,89,"Drama,Horror,Mystery",4.2,33929
tt0358082,movie,Robots,2005,91,"Adventure,Animation,Comedy",6.4,175800
tt0358135,movie,Shall We Dance?,2004,106,"Comedy,Drama,Music",6.2,52781
tt0358273,movie,Walk the Line,2005,136,"Biography,Drama,Music",7.8,281310
tt0358349,movie,Agent Cody Banks 2: Destination London,2004,100,"Action,Adventure,Comedy",4.6,17093
tt0358456,movie,Earthlings,2005,95,Documentary,8.6,20551
tt0359013,movie,Blade: Trinity,2004,113,"Action,Horror,Sci-Fi",5.8,201812
tt0359423,movie,A Home at the End of the World,2004,97,"Drama,Romance",6.6,14373
tt0359950,movie,The Secret Life of Walter Mitty,2013,114,"Adventure,Comedy,Drama",7.3,373720
tt0360009,movie,Spartan,2004,106,"Action,Crime,Drama",6.5,33214
tt0360139,movie,Chasing Liberty,2004,111,"Comedy,Romance",6.1,41239
tt0360201,movie,Wimbledon,2004,98,"Comedy,Romance,Sport",6.4,68071
tt0360486,movie,Constantine,2005,121,"Action,Fantasy,Horror",7.0,409788
tt0360556,movie,Fahrenheit 451,2018,100,"Drama,Sci-Fi,Thriller",5.0,26311
tt0360717,movie,King Kong,2005,187,"Action,Adventure,Romance",7.2,471854
tt0361089,movie,Valiant,2005,76,"Adventure,Animation,Comedy",5.5,25972
tt0361127,movie,The Woodsman,2004,87,Drama,7.1,36955
tt0361309,movie,We Don't Live Here Anymore,2004,101,"Drama,Romance",6.2,10530
tt0361411,movie,Bride & Prejudice,2004,122,"Comedy,Drama,Musical",6.2,22705
tt0361467,movie,Confessions of a Teenage Drama Queen,2004,89,"Comedy,Family,Music",4.8,33777
tt0361596,movie,Fahrenheit 9/11,2004,122,"Documentary,Drama,War",7.5,135175
tt0361620,movie,First Daughter,2004,106,"Comedy,Drama,Romance",5.2,31672
tt0361668,movie,Gozu,2003,129,"Crime,Drama,Horror",6.9,13401
tt0361696,movie,Raise Your Voice,2004,103,"Family,Music,Musical",5.8,29985
tt0361748,movie,Inglourious Basterds,2009,153,"Drama,War",8.4,1794875
tt0361841,movie,Little Black Book,2004,107,"Comedy,Drama,Romance",5.4,19959
tt0361862,movie,The Machinist,2004,101,"Drama,Thriller",7.6,443298
tt0361925,movie,Welcome to Mooseport,2004,110,"Comedy,Romance",5.3,14444
tt0362004,movie,Palindromes,2004,100,"Comedy,Drama",6.7,13478
tt0362120,movie,Scary Movie 4,2006,83,Comedy,5.1,142035
tt0362165,movie,Son of the Mask,2005,94,"Comedy,Family,Fantasy",2.3,62289
tt0362225,movie,Tell No One,2006,131,"Crime,Drama,Mystery",7.5,61528
tt0362227,movie,The Terminal,2004,128,"Comedy,Drama,Romance",7.4,537809
tt0362269,movie,Kinsey,2004,118,"Biography,Drama,Romance",7.0,52674
tt0362270,movie,The Life Aquatic with Steve Zissou,2004,119,"Action,Adventure,Comedy",7.2,221505
tt0362478,movie,The Box,2009,115,"Drama,Mystery,Thriller",5.6,98008
tt0362526,movie,Criminal,2004,87,"Comedy,Crime,Drama",6.4,11450
tt0362590,movie,Employee of the Month,2004,97,"Comedy,Drama",6.1,10887
tt0363163,movie,Downfall,2004,156,"Biography,Drama,History",8.2,401488
tt0363226,movie,The Blind Swordsman: Zatoichi,2003,116,"Action,Comedy,Crime",7.4,53368
tt0363282,movie,New York Minute,2004,91,"Adventure,Comedy,Crime",5.0,26594
tt0363473,movie,Beyond the Sea,2004,118,"Biography,Drama,Music",6.7,16085
tt0363547,movie,Dawn of the Dead,2004,101,"Action,Horror",7.2,289242
tt0363589,movie,Elephant,2003,81,"Crime,Drama,Thriller",7.1,104911
tt0363771,movie,"The Chronicles of Narnia: The Lion, the Witch and the Wardrobe",2005,143,"Adventure,Family,Fantasy",6.9,459454
tt0363780,movie,Lymelife,2008,95,"Comedy,Drama,Romance",6.8,14785
tt0363988,movie,Secret Window,2004,96,"Drama,Mystery,Thriller",6.5,222338
tt0364045,movie,Taking Lives,2004,103,"Crime,Mystery,Thriller",6.2,100538
tt0364343,movie,The Final Cut,2004,95,"Drama,Sci-Fi,Thriller",6.1,36020
tt0364385,movie,Ju-on: The Grudge,2002,92,Horror,6.7,52433
tt0364517,movie,Love Me If You Dare,2003,93,"Comedy,Drama,Romance",7.5,74442
tt0364569,movie,Oldboy,2003,120,"Action,Drama,Mystery",8.3,723407
tt0364725,movie,Dodgeball: A True Underdog Story,2004,92,"Comedy,Sport",6.7,287378
tt0364751,movie,Without a Paddle,2004,95,"Adventure,Comedy,Mystery",5.9,54467
tt0364955,movie,Art School Confidential,2006,102,"Comedy,Drama,Romance",6.3,18301
tt0364961,movie,The Assassination of Richard Nixon,2004,95,"Biography,Crime,Drama",6.9,26575
tt0364970,movie,Babylon A.D.,2008,90,"Action,Adventure,Sci-Fi",5.5,101051
tt0365125,movie,A Dirty Shame,2004,89,Comedy,5.1,14250
tt0365265,movie,Ginger Snaps Back: The Beginning,2004,94,"Drama,Horror,Thriller",5.8,12591
tt0365376,movie,A Tale of Two Sisters,2003,114,"Drama,Horror,Mystery",7.1,74617
tt0365485,movie,The Matador,2005,96,"Comedy,Crime,Thriller",6.7,47901
tt0365545,movie,Nappily Ever After,2018,98,"Comedy,Drama,Romance",6.4,10400
tt0365675,movie,The Red Baron,2008,106,"Action,Adventure,Biography",6.3,13726
tt0365686,movie,Revolver,2005,111,"Action,Crime,Drama",6.3,109183
tt0365737,movie,Syriana,2005,128,"Drama,Thriller",6.8,138782
tt0365748,movie,Shaun of the Dead,2004,99,"Comedy,Horror",7.8,641338
tt0365830,movie,Tenacious D in the Pick of Destiny,2006,94,"Adventure,Comedy,Music",6.8,119892
tt0365847,movie,The Myth,2005,122,"Action,Adventure,Comedy",6.1,17355
tt0365885,movie,The Upside of Anger,2005,118,"Comedy,Drama",6.8,24084
tt0365907,movie,A Walk Among the Tombstones,2014,114,"Action,Crime,Drama",6.5,132070
tt0365929,movie,Whiteout,2009,100,"Action,Crime,Mystery",5.5,42506
tt0365957,movie,You Got Served,2004,95,"Drama,Music",4.0,28403
tt0366174,movie,Anacondas: The Hunt for the Blood Orchid,2004,97,"Action,Adventure,Horror",4.8,37782
tt0366292,movie,One Missed Call,2003,112,"Horror,Mystery",6.2,20853
tt0366548,movie,Happy Feet,2006,108,"Adventure,Animation,Comedy",6.4,214570
tt0366551,movie,Harold & Kumar Go to White Castle,2004,88,"Adventure,Comedy",7.0,215579
tt0366627,movie,The Jacket,2005,103,"Drama,Fantasy,Mystery",7.1,125016
tt0366777,movie,Millions,2004,98,"Comedy,Crime,Drama",6.8,27254
tt0366780,movie,Mirrormask,2005,101,"Drama,Fantasy",6.7,24350
tt0366840,movie,Okkadu,2003,171,"Action,Drama,Romance",8.0,11656
tt0367027,movie,Shortbus,2006,101,"Comedy,Drama,Romance",6.3,37345
tt0367085,movie,Soul Plane,2004,86,Comedy,4.6,26410
tt0367089,movie,The Squid and the Whale,2005,81,"Comedy,Drama",7.3,94813
tt0367110,movie,Swades,2004,189,"Drama,Musical",8.2,106481
tt0367188,movie,Modigliani,2004,128,"Biography,Drama",7.2,13155
tt0367478,movie,Wake of Death,2004,91,"Action,Adventure,Drama",5.5,10788
tt0367479,movie,After the Sunset,2004,97,"Action,Comedy,Crime",6.3,53108
tt0367495,movie,Anbe Sivam,2003,160,"Adventure,Comedy,Drama",8.6,28378
tt0367594,movie,Charlie and the Chocolate Factory,2005,115,"Adventure,Comedy,Family",6.7,573444
tt0367631,movie,D.E.B.S.,2004,91,"Action,Comedy,Romance",5.5,20048
tt0367652,movie,Deuce Bigalow: European Gigolo,2005,83,Comedy,4.7,56415
tt0367859,movie,The Man Who Copied,2003,124,"Comedy,Crime,Drama",7.6,12774
tt0367882,movie,Indiana Jones and the Kingdom of the Crystal Skull,2008,122,"Action,Adventure",6.2,515294
tt0367913,movie,Ju-On: The Grudge 2,2003,92,"Drama,Horror,Mystery",6.3,12240
tt0367959,movie,Hannibal Rising,2007,121,"Adventure,Crime,Drama",6.1,121863
tt0368008,movie,The Manchurian Candidate,2004,129,"Drama,Mystery,Sci-Fi",6.6,123218
tt0368222,movie,Romance & Cigarettes,2005,105,"Comedy,Musical,Romance",6.1,13513
tt0368226,movie,The Room,2003,99,Drama,3.6,100197
tt0368447,movie,The Village,2004,108,"Drama,Mystery,Thriller",6.6,297532
tt0368578,movie,Are We There Yet?,2005,95,"Adventure,Comedy,Family",4.8,37215
tt0368658,movie,Stage Beauty,2004,106,Drama,7.1,11159
tt0368667,movie,Interstella 5555: The 5tory of the 5ecret 5tar 5ystem,2003,68,"Adventure,Animation,Music",7.8,17828
tt0368709,movie,Elizabethtown,2005,123,"Comedy,Drama,Romance",6.3,75393
tt0368794,movie,I'm Not There,2007,135,"Biography,Drama,Music",6.8,63567
tt0368891,movie,National Treasure,2004,131,"Action,Adventure,Mystery",6.9,378680
tt0368909,movie,Ong-Bak: The Thai Warrior,2003,105,"Action,Crime,Thriller",7.2,81756
tt0368933,movie,The Princess Diaries 2: Royal Engagement,2004,113,"Comedy,Family,Romance",5.9,97880
tt0368975,movie,Sleepover,2004,89,"Comedy,Family,Romance",5.3,19455
tt0369060,movie,Infernal Affairs II,2003,119,"Action,Crime,Drama",7.2,21301
tt0369226,movie,Alone in the Dark,2005,96,"Action,Horror,Sci-Fi",2.4,46204
tt0369339,movie,Collateral,2004,120,"Action,Crime,Drama",7.5,469774
tt0369436,movie,Four Christmases,2008,88,"Comedy,Drama,Romance",5.8,88803
tt0369441,movie,Fun with Dick and Jane,2005,90,"Comedy,Crime",6.2,163462
tt0369610,movie,Jurassic World,2015,124,"Action,Adventure,Sci-Fi",6.9,732120
tt0369672,movie,A Love Song for Bobby Long,2004,119,Drama,7.1,28232
tt0369702,movie,The Sea Inside,2004,126,"Biography,Drama",7.9,89088
tt0369735,movie,Monster-in-Law,2005,101,"Comedy,Romance",5.6,69394
tt0370032,movie,Ultraviolet,2006,88,"Action,Sci-Fi",4.4,86668
tt0370263,movie,Alien vs. Predator,2004,101,"Action,Adventure,Horror",5.7,233703
tt0370986,movie,Mysterious Skin,2004,105,Drama,7.6,85926
tt0371246,movie,Spanglish,2004,131,"Comedy,Drama,Romance",6.4,92986
tt0371257,movie,Stay,2005,99,"Drama,Mystery,Thriller",6.7,94421
tt0371552,movie,Asterix and the Vikings,2006,78,"Adventure,Animation,Comedy",6.0,13634
tt0371606,movie,Chicken Little,2005,81,"Adventure,Animation,Comedy",5.7,109800
tt0371724,movie,The Hitchhiker's Guide to the Galaxy,2005,109,"Adventure,Comedy,Sci-Fi",6.7,217669
tt0371735,movie,Hungama,2003,153,"Comedy,Drama,Romance",7.6,19187
tt0371746,movie,Iron Man,2008,126,"Action,Adventure,Sci-Fi",7.9,1230352
tt0372183,movie,The Bourne Supremacy,2004,108,"Action,Mystery,Thriller",7.7,514726
tt0372237,movie,Guess Who,2005,105,"Comedy,Romance",5.9,49300
tt0372334,movie,House of D,2004,97,"Comedy,Drama",6.8,10271
tt0372532,movie,The Wedding Date,2005,90,"Comedy,Romance",6.1,59618
tt0372588,movie,Team America: World Police,2004,98,"Action,Comedy",7.2,185470
tt0372784,movie,Batman Begins,2005,140,Crime,8.2,1722682
tt0372824,movie,The Chorus,2004,97,"Drama,Music",7.9,72284
tt0372873,movie,Dragon Wars: D-War,2007,107,"Action,Drama,Fantasy",3.5,25957
tt0373024,movie,Imaginary Heroes,2004,111,Drama,7.0,10418
tt0373051,movie,Journey to the Center of the Earth,2008,93,"Action,Adventure,Family",5.8,141662
tt0373074,movie,Kung Fu Hustle,2004,99,"Action,Comedy,Fantasy",7.7,164992
tt0373283,movie,Saints and Soldiers,2003,90,"Action,Drama,War",6.6,22094
tt0373450,movie,Where the Truth Lies,2005,107,"Crime,Mystery,Thriller",6.4,19675
tt0373469,movie,Kiss Kiss Bang Bang,2005,103,"Comedy,Crime,Mystery",7.4,250220
tt0373856,movie,Gangaajal,2003,157,"Action,Crime,Drama",7.8,19159
tt0373883,movie,Halloween,2007,109,Horror,6.1,139262
tt0373889,movie,Harry Potter and the Order of the Phoenix,2007,138,"Adventure,Family,Fantasy",7.5,703831
tt0373926,movie,The Interpreter,2005,128,"Crime,Mystery,Thriller",6.4,115697
tt0373981,movie,Control,2003,111,"Comedy,Crime,Drama",7.6,28462
tt0374102,movie,Open Water,2003,79,"Adventure,Drama,Horror",5.8,59281
tt0374271,movie,In Your Name,2003,132,"Action,Drama,Romance",7.2,22697
tt0374339,movie,Infernal Affairs III,2003,118,"Action,Crime,Drama",6.8,15841
tt0374345,movie,The Memory of a Killer,2003,123,"Action,Crime,Drama",7.2,11031
tt0374536,movie,Bewitched,2005,102,"Comedy,Fantasy,Romance",4.9,78673
tt0374546,movie,"Spring, Summer, Fall, Winter... and Spring",2003,103,"Drama,Romance",8.0,91082
tt0374563,movie,Captivity,2007,85,"Crime,Horror,Mystery",4.6,24375
tt0374569,movie,Che: Part Two,2008,135,"Biography,Drama,History",6.8,36497
tt0374887,movie,Munna Bhai M.B.B.S.,2003,156,"Comedy,Drama",8.2,98670
tt0374900,movie,Napoleon Dynamite,2004,96,Comedy,7.0,257369
tt0375063,movie,Sideways,2004,127,"Comedy,Drama,Romance",7.5,217543
tt0375154,movie,Tristan + Isolde,2006,125,"Action,Drama,Romance",6.8,56291
tt0375173,movie,Alfie,2004,103,"Comedy,Drama,Romance",6.2,56689
tt0375210,movie,White Noise,2005,101,"Drama,Horror,Mystery",5.5,53150
tt0375568,movie,Astro Boy,2009,94,"Action,Adventure,Animation",6.3,43160
tt0375611,movie,Black,2005,122,Drama,8.1,37599
tt0375679,movie,Crash,2004,112,"Crime,Drama,Thriller",7.7,462868
tt0375735,movie,Enduring Love,2004,100,"Drama,Mystery,Romance",6.3,11374
tt0375912,movie,Layer Cake,2004,105,"Crime,Drama,Thriller",7.2,208490
tt0375920,movie,The Libertine,2004,114,"Biography,Drama,History",6.2,38878
tt0376105,movie,Racing Stripes,2005,102,"Adventure,Comedy,Drama",5.2,19306
tt0376108,movie,Rebound,2005,86,"Comedy,Family,Sport",5.2,14184
tt0376127,movie,Anniyan,2005,181,"Action,Crime,Drama",8.4,26583
tt0376136,movie,The Rum Diary,2011,119,"Comedy,Drama,Romance",6.1,110256
tt0376479,movie,American Pastoral,2016,108,"Crime,Drama,Mystery",6.1,19556
tt0376541,movie,Closer,2004,104,"Drama,Romance",7.1,251543
tt0376968,movie,The Return,2003,110,Drama,7.9,49681
tt0376994,movie,X-Men: The Last Stand,2006,104,"Action,Adventure,Sci-Fi",6.6,573678
tt0377062,movie,Flight of the Phoenix,2004,113,"Action,Adventure,Drama",6.1,59127
tt0377084,movie,Ladies in Lavender,2004,104,"Drama,Music,Romance",7.0,13730
tt0377091,movie,Mean Creek,2004,90,"Crime,Drama",7.1,34808
tt0377092,movie,Mean Girls,2004,97,Comedy,7.1,488005
tt0377107,movie,Proof,2005,100,"Drama,Mystery",6.6,47860
tt0377109,movie,The Ring Two,2005,110,"Horror,Mystery",5.4,106111
tt0377309,movie,Survival Island,2005,95,"Drama,Thriller",4.9,11498
tt0377471,movie,Be Cool,2005,119,"Comedy,Crime,Music",5.6,75191
tt0377713,movie,Cube Zero,2004,97,"Drama,Mystery,Sci-Fi",5.6,43545
tt0377749,movie,Dead Birds,2004,91,"Horror,Thriller,Western",5.6,11907
tt0377752,movie,Dear Frankie,2004,105,"Drama,Romance",7.6,23117
tt0377818,movie,The Dukes of Hazzard,2005,104,"Action,Adventure,Comedy",5.2,85104
tt0377981,movie,Gnomeo & Juliet,2011,84,"Adventure,Animation,Comedy",5.9,64166
tt0378072,movie,Hum Tum,2004,143,"Comedy,Drama,Romance",7.0,16234
tt0378109,movie,Into the Blue,2005,110,"Action,Adventure,Crime",5.9,84784
tt0378194,movie,Kill Bill: Vol. 2,2004,137,"Action,Crime,Thriller",8.0,873276
tt0378284,movie,Machuca,2004,121,"Biography,Drama,History",7.7,13234
tt0378793,movie,Speak,2004,89,Drama,7.2,32554
tt0378897,movie,A Touch of Spice,2003,108,Drama,7.5,15598
tt0378947,movie,Melinda and Melinda,2004,99,"Comedy,Drama,Romance",6.4,34159
tt0379217,movie,Coffee and Cigarettes,2003,95,"Comedy,Drama,Music",7.0,71028
tt0379225,movie,The Corporation,2003,145,"Documentary,History",8.0,22323
tt0379306,movie,A Good Woman,2004,93,"Comedy,Drama,Romance",6.4,13580
tt0379370,movie,Maqbool,2003,132,"Crime,Drama,Thriller",8.0,15923
tt0379557,movie,Touching the Void,2003,106,"Adventure,Documentary,Drama",7.9,39834
tt0379725,movie,Capote,2005,114,"Biography,Crime,Drama",7.3,149693
tt0379786,movie,Serenity,2005,119,"Action,Adventure,Sci-Fi",7.8,316209
tt0379865,movie,Leatherheads,2008,114,"Comedy,Drama,Romance",6.0,34548
tt0379889,movie,The Merchant of Venice,2004,131,"Drama,Romance",7.0,40127
tt0379976,movie,Savage Grace,2007,97,Drama,5.7,12719
tt0380066,movie,The Woods,2006,91,"Horror,Mystery",5.6,13493
tt0380268,movie,Cocaine Cowboys,2006,118,"Crime,Documentary,History",7.7,14714
tt0380389,movie,Goal! The Dream Begins,2005,118,"Drama,Romance,Sport",6.7,68938
tt0380510,movie,The Lovely Bones,2009,135,"Drama,Fantasy,Thriller",6.6,192282
tt0380599,movie,Oliver Twist,2005,130,"Crime,Drama",6.8,35727
tt0380623,movie,The Perfect Man,2005,100,"Comedy,Family,Romance",5.5,33270
tt0381061,movie,Casino Royale,2006,144,"Action,Adventure,Thriller",8.0,748668
tt0381348,movie,The Place Promised in Our Early Days,2004,90,"Animation,Drama,Romance",6.8,16239
tt0381505,movie,Pretty Persuasion,2005,104,"Comedy,Drama",6.4,11105
tt0381681,movie,Before Sunset,2004,80,"Drama,Romance",8.1,316851
tt0381707,movie,White Chicks,2004,109,"Comedy,Crime",5.9,195985
tt0381849,movie,3:10 to Yuma,2007,122,"Action,Crime,Drama",7.6,351925
tt0381940,movie,Cargo,2009,112,"Drama,Mystery,Sci-Fi",6.1,20601
tt0381966,movie,Creep,2004,85,"Horror,Mystery,Thriller",5.6,34249
tt0381971,movie,Curious George,2006,87,"Adventure,Animation,Comedy",6.5,19581
tt0382077,movie,Hide and Seek,2005,101,"Horror,Mystery",6.0,92937
tt0382189,movie,My Summer of Love,2004,86,"Drama,Romance",6.7,22963
tt0382330,movie,As It Is in Heaven,2004,133,"Comedy,Drama,Music",7.5,19312
tt0382625,movie,The Da Vinci Code,2006,149,"Mystery,Thriller",6.7,487367
tt0382628,movie,Dark Water,2005,105,"Drama,Horror,Mystery",5.6,67928
tt0382932,movie,Ratatouille,2007,111,"Adventure,Animation,Comedy",8.1,951289
tt0382992,movie,Stealth,2005,121,"Action,Adventure,Sci-Fi",5.1,58617
tt0383010,movie,The Three Stooges,2012,92,"Comedy,Family",5.2,34795
tt0383028,movie,"Synecdoche, New York",2008,124,Drama,7.5,105215
tt0383060,movie,Zoom,2006,83,"Action,Adventure,Comedy",4.4,23591
tt0383216,movie,The Pink Panther,2006,93,"Adventure,Comedy,Crime",5.7,99530
tt0383222,movie,BloodRayne,2005,95,"Action,Fantasy,Horror",3.0,38694
tt0383534,movie,Noel,2004,96,Drama,6.1,11786
tt0383574,movie,Pirates of the Caribbean: Dead Man's Chest,2006,151,"Action,Adventure,Fantasy",7.4,829553
tt0383694,movie,Vera Drake,2004,125,"Crime,Drama",7.6,28794
tt0383846,movie,"When I Grow Up, I'll Be a Kangaroo",2004,92,Comedy,8.4,12524
tt0384116,movie,G.O.R.A.,2004,127,"Adventure,Comedy,Sci-Fi",8.0,71921
tt0384286,movie,Cry Wolf,2005,90,"Drama,Horror,Mystery",5.8,29901
tt0384369,movie,Before the Fall,2004,110,"Drama,Sport,Thriller",7.4,19691
tt0384504,movie,Saving Face,2004,91,"Comedy,Drama,Romance",7.4,15389
tt0384537,movie,Silent Hill,2006,125,"Horror,Mystery",6.5,261659
tt0384642,movie,Kicking & Screaming,2005,95,"Comedy,Family,Romance",5.6,43846
tt0384680,movie,The Weather Man,2005,102,"Comedy,Drama",6.5,86361
tt0384793,movie,Accepted,2006,93,Comedy,6.4,148815
tt0384806,movie,The Amityville Horror,2005,90,Horror,5.9,122891
tt0384814,movie,Ask the Dust,2006,117,"Drama,Romance",5.7,10471
tt0384819,movie,Azumi,2003,128,"Action,Adventure,Drama",6.7,15530
tt0385002,movie,Green Street Hooligans,2005,109,"Crime,Drama,Sport",7.4,171858
tt0385004,movie,House of Flying Daggers,2004,119,"Action,Adventure,Drama",7.5,119971
tt0385267,movie,In Good Company,2004,109,"Comedy,Drama,Romance",6.4,58042
tt0385307,movie,Miss Congeniality 2: Armed and Fabulous,2005,115,"Action,Comedy,Crime",5.2,85332
tt0385700,movie,Final Fantasy VII: Advent Children,2005,101,"Action,Adventure,Animation",7.1,59794
tt0385705,movie,The Football Factory,2004,91,"Crime,Drama,Sport",6.7,34901
tt0385726,movie,Glory Road,2006,118,"Biography,Drama,Sport",7.2,51433
tt0385752,movie,The Golden Compass,2007,113,"Adventure,Family,Fantasy",6.1,204105
tt0385880,movie,Monster House,2006,91,"Animation,Comedy,Family",6.7,156442
tt0385887,movie,Motherless Brooklyn,2019,144,"Crime,Drama,Mystery",6.8,66332
tt0386005,movie,New Police Story,2004,123,"Action,Crime,Thriller",6.9,31033
tt0386032,movie,Sicko,2007,123,"Documentary,Drama",8.0,78157
tt0386064,movie,Tae Guk Gi: The Brotherhood of War,2004,140,"Action,Drama,War",8.0,42409
tt0386117,movie,Where the Wild Things Are,2009,101,"Adventure,Drama,Family",6.7,112237
tt0386140,movie,The Legend of Zorro,2005,129,"Action,Adventure,Drama",6.0,115060
tt0386342,movie,Brothers,2004,117,"Drama,War",7.5,12434
tt0386588,movie,Hitch,2005,118,"Comedy,Romance",6.6,350135
tt0386741,movie,Renaissance,2006,105,"Action,Animation,Sci-Fi",6.6,16771
tt0386820,movie,Terkel in Trouble,2004,77,"Animation,Comedy,Musical",7.1,13269
tt0387131,movie,The Constant Gardener,2005,129,"Drama,Mystery,Romance",7.3,156111
tt0387412,movie,Metallica: Some Kind of Monster,2004,84,"Documentary,Music",7.5,21119
tt0387514,movie,Prime,2005,105,"Comedy,Drama,Romance",6.2,43546
tt0387564,movie,Saw,2004,103,"Horror,Mystery,Thriller",7.6,512717
tt0387575,movie,Seed of Chucky,2004,87,"Comedy,Horror,Thriller",4.9,53387
tt0387808,movie,Idiocracy,2006,84,"Adventure,Comedy,Sci-Fi",6.5,217998
tt0387877,movie,The Black Dahlia,2006,121,"Crime,Drama,Mystery",5.6,80038
tt0387898,movie,Caché,2005,117,"Drama,Mystery,Thriller",7.3,90538
tt0388125,movie,In Her Shoes,2005,130,"Comedy,Drama,Romance",6.5,69110
tt0388139,movie,It's All Gone Pete Tong,2004,90,"Biography,Comedy,Drama",7.2,21319
tt0388182,movie,King of California,2007,93,"Comedy,Drama",6.6,24235
tt0388419,movie,Christmas with the Kranks,2004,99,"Comedy,Family",5.6,65538
tt0388473,movie,Tokyo Godfathers,2003,92,"Adventure,Animation,Comedy",7.8,55340
tt0388482,movie,Transporter 2,2005,87,"Action,Thriller",6.3,226475
tt0388500,movie,Beauty Shop,2005,105,Comedy,5.7,20533
tt0388789,movie,Born Into Brothels: Calcutta's Red Light Kids,2004,85,"Biography,Documentary,News",7.2,18896
tt0388795,movie,Brokeback Mountain,2005,134,"Drama,Romance",7.7,418891
tt0388980,movie,The Greatest Game Ever Played,2005,120,"Biography,Drama,Sport",7.4,36179
tt0389328,movie,Rise: Blood Hunter,2007,97,"Action,Crime,Horror",4.9,12995
tt0389557,movie,Black Book,2006,145,"Drama,Thriller,War",7.7,84084
tt0389722,movie,30 Days of Night,2007,113,"Horror,Thriller",6.6,201959
tt0389790,movie,Bee Movie,2007,91,"Adventure,Animation,Comedy",6.1,198524
tt0389860,movie,Click,2006,107,"Comedy,Drama,Fantasy",6.4,389275
tt0389957,movie,Edison,2005,99,"Action,Crime,Drama",5.3,16990
tt0390022,movie,Friday Night Lights,2004,118,"Action,Drama,Sport",7.2,70942
tt0390221,movie,Maria Full of Grace,2004,101,"Crime,Drama",7.4,37656
tt0390384,movie,Primer,2004,77,"Drama,Sci-Fi,Thriller",6.7,122214
tt0390521,movie,Super Size Me,2004,100,Documentary,7.2,115296
tt0390614,movie,Waqt: The Race Against Time,2005,153,"Comedy,Drama,Family",6.8,14482
tt0390808,movie,36th Precinct,2004,111,"Action,Crime,Drama",7.1,19504
tt0391198,movie,The Grudge,2004,91,"Horror,Mystery,Thriller",5.9,158648
tt0391304,movie,A Lot Like Love,2005,107,"Comedy,Drama,Romance",6.6,73670
tt0392878,movie,The Onion Movie,2008,86,Comedy,6.2,17301
tt0393109,movie,Brick,2005,110,"Crime,Drama,Mystery",7.1,114269
tt0393162,movie,Coach Carter,2005,136,"Biography,Drama,Sport",7.4,193634
tt0393597,movie,Earth,2007,90,Documentary,7.9,14968
tt0393635,movie,Reeker,2005,90,"Horror,Mystery,Thriller",5.1,11389
tt0393685,movie,Santa's Slay,2005,78,"Comedy,Fantasy,Horror",5.4,12470
tt0393735,movie,The Shaggy Dog,2006,98,"Comedy,Family,Fantasy",4.4,21026
tt0395119,movie,Captain Alatriste: The Spanish Musketeer,2006,145,"Adventure,Drama,History",6.1,14801
tt0395125,movie,The Ferpect Crime,2004,105,"Comedy,Crime,Thriller",7.0,13678
tt0395169,movie,Hotel Rwanda,2004,121,"Biography,Drama,History",8.1,392924
tt0395251,movie,The Producers,2005,134,"Comedy,Crime,Musical",6.4,47060
tt0395495,movie,Catch and Release,2006,124,"Comedy,Drama,Romance",5.9,30502
tt0395584,movie,The Devil's Rejects,2005,107,"Crime,Drama,Horror",6.7,111401
tt0395585,movie,House of 9,2005,90,"Drama,Horror,Mystery",5.3,11480
tt0395699,movie,The Pacifier,2005,95,"Action,Comedy,Drama",5.6,107299
tt0395972,movie,North Country,2005,126,Drama,7.3,47711
tt0396171,movie,Perfume: The Story of a Murderer,2006,147,"Crime,Drama,Fantasy",7.5,279771
tt0396184,movie,Pusher II,2004,100,"Action,Crime,Drama",7.3,29744
tt0396269,movie,Wedding Crashers,2005,119,"Comedy,Romance",7.0,399638
tt0396555,movie,Meet the Robinsons,2007,95,"Adventure,Animation,Comedy",6.8,122430
tt0396592,movie,Fat Albert,2004,93,"Comedy,Family,Fantasy",4.4,13649
tt0396652,movie,Ice Princess,2005,98,"Comedy,Drama,Family",6.1,31366
tt0396707,movie,The Secret of Moonacre,2008,103,"Adventure,Family,Fantasy",6.1,12112
tt0396752,movie,Nanny McPhee,2005,97,"Comedy,Family,Fantasy",6.6,92071
tt0397044,movie,Blood and Chocolate,2007,98,"Drama,Fantasy,Horror",5.3,18853
tt0397065,movie,House of Wax,2005,113,"Horror,Thriller",5.5,146311
tt0397078,movie,Just My Luck,2006,103,"Comedy,Fantasy,Romance",5.5,66334
tt0397101,movie,The Skeleton Key,2005,104,"Drama,Horror,Mystery",6.5,132221
tt0397313,movie,Eight Below,2006,120,"Adventure,Drama,Family",7.3,71879
tt0397535,movie,Memoirs of a Geisha,2005,145,"Drama,Romance",7.3,173401
tt0397619,movie,Samaritan Girl,2004,97,Drama,7.0,14497
tt0397892,movie,Bolt,2008,96,"Adventure,Animation,Comedy",6.8,249267
tt0398017,movie,Derailed,2005,108,"Crime,Drama,Thriller",6.6,79113
tt0398027,movie,Down in the Valley,2005,114,"Drama,Romance,Thriller",6.3,19528
tt0398165,movie,The Longest Yard,2005,113,"Comedy,Crime,Sport",6.4,212161
tt0398286,movie,Tangled,2010,100,"Adventure,Animation,Comedy",7.7,548247
tt0398375,movie,Rumor Has It...,2005,97,"Comedy,Drama,Romance",5.5,65849
tt0398712,movie,Assault on Precinct 13,2005,109,"Action,Crime,Drama",6.3,84612
tt0398808,movie,Bridge to Terabithia,2007,96,"Drama,Family,Fantasy",7.2,192518
tt0398883,movie,The Consequences of Love,2004,100,"Crime,Drama,Romance",7.4,20758
tt0398913,movie,DOA: Dead or Alive,2006,87,"Action,Adventure,Mystery",4.8,47984
tt0399095,movie,Trade,2007,120,"Crime,Drama,Thriller",7.3,18957
tt0399102,movie,Godzilla: Final Wars,2004,125,"Action,Adventure,Fantasy",6.3,10814
tt0399146,movie,A History of Violence,2005,96,"Action,Crime,Drama",7.4,274934
tt0399201,movie,The Island,2005,136,"Action,Sci-Fi,Thriller",6.8,342947
tt0399295,movie,Lord of War,2005,122,"Crime,Drama",7.6,360480
tt0399327,movie,The Man,2005,83,"Action,Comedy,Crime",5.6,27728
tt0399854,movie,Vizontele Tuuba,2003,111,"Comedy,Drama,History",6.5,17475
tt0399877,movie,What the #$*! Do We (K)now!?,2004,109,"Comedy,Documentary,Drama",5.2,14128
tt0400234,movie,Black Friday,2004,143,"Action,Crime,Drama",8.4,26098
tt0400426,movie,Far Cry,2008,95,"Action,Adventure,Sci-Fi",3.2,15735
tt0400497,movie,Herbie: Fully Loaded,2005,101,"Adventure,Comedy,Family",5.0,54562
tt0400525,movie,The Ice Harvest,2005,92,"Comedy,Crime,Drama",6.2,25977
tt0400717,movie,Open Season,2006,86,"Adventure,Animation,Comedy",6.1,114833
tt0401085,movie,C.R.A.Z.Y.,2005,129,"Comedy,Drama",7.8,35218
tt0401233,movie,Appleseed,2004,101,"Action,Adventure,Animation",6.9,19023
tt0401383,movie,The Diving Bell and the Butterfly,2007,112,"Biography,Drama",8.0,112968
tt0401445,movie,A Good Year,2006,117,"Comedy,Drama,Romance",6.9,107464
tt0401711,movie,"Paris, Je T'aime",2006,120,"Comedy,Drama,Romance",7.2,76508
tt0401729,movie,John Carter,2012,132,"Action,Adventure,Sci-Fi",6.6,299886
tt0401792,movie,Sin City,2005,124,"Crime,Thriller",8.0,821702
tt0401815,movie,Tamara,2005,98,"Drama,Fantasy,Horror",5.1,11862
tt0401855,movie,Underworld: Evolution,2006,106,"Action,Fantasy,Thriller",6.7,218376
tt0401997,movie,Breach,2007,110,"Biography,Crime,Drama",7.0,63963
tt0402014,movie,Ab Tak Chhappan,2004,129,"Crime,Drama",7.8,10078
tt0402022,movie,Æon Flux,2005,93,"Action,Adventure,Sci-Fi",5.4,137385
tt0402057,movie,Beowulf & Grendel,2005,104,"Action,Adventure,Drama",5.8,19307
tt0402158,movie,Empire of the Wolves,2005,128,"Action,Crime,Drama",5.8,12610
tt0402399,movie,The New World,2005,135,"Biography,Drama,History",6.7,93894
tt0402850,movie,The Big White,2005,100,"Comedy,Crime,Drama",6.3,16028
tt0402894,movie,Casanova,2005,112,"Adventure,Comedy,Drama",6.5,58338
tt0402901,movie,The Cave,2005,97,"Adventure,Horror,Sci-Fi",5.2,44039
tt0402910,movie,Chaos,2005,106,"Action,Crime,Drama",6.4,60678
tt0403217,movie,Last Days,2005,97,"Drama,Music",5.7,24908
tt0403358,movie,Night Watch,2004,114,"Action,Fantasy,Horror",6.4,57152
tt0403508,movie,The Sisterhood of the Traveling Pants,2005,119,"Comedy,Drama,Romance",6.5,67381
tt0403702,movie,Youth in Revolt,2009,90,"Comedy,Drama,Romance",6.4,78202
tt0404030,movie,Everything Is Illuminated,2005,106,"Comedy,Drama",7.4,61486
tt0404032,movie,The Exorcism of Emily Rose,2005,119,"Drama,Horror,Thriller",6.7,149756
tt0404203,movie,Little Children,2006,137,"Drama,Romance",7.5,122139
tt0404254,movie,My Sassy Girl,2008,92,"Comedy,Drama,Romance",6.2,20990
tt0404390,movie,Running Scared,2006,122,"Action,Crime,Drama",7.3,107104
tt0404802,movie,The Notorious Bettie Page,2005,91,"Biography,Drama",6.5,12201
tt0404978,movie,Gambit,2012,89,"Comedy,Crime",5.7,26911
tt0405094,movie,The Lives of Others,2006,137,"Drama,Mystery,Thriller",8.4,444493
tt0405159,movie,Million Dollar Baby,2004,132,"Drama,Sport",8.1,768465
tt0405296,movie,A Scanner Darkly,2006,100,"Animation,Comedy,Crime",7.0,122155
tt0405325,movie,Sky High,2005,100,"Action,Comedy,Family",6.3,101483
tt0405336,movie,Southland Tales,2006,145,"Comedy,Drama,Mystery",5.3,42313
tt0405422,movie,The 40-Year-Old Virgin,2005,116,"Comedy,Romance",7.1,503841
tt0405469,movie,The Wild,2006,82,"Adventure,Animation,Comedy",5.2,29753
tt0405508,movie,Rang De Basanti,2006,167,"Comedy,Crime,Drama",8.1,126834
tt0405676,movie,All the King's Men,2006,128,"Drama,Thriller",6.1,26680
tt0405743,movie,Barefoot,2005,118,"Comedy,Drama,Romance",7.1,11636
tt0405821,movie,Casshern,2004,142,"Action,Drama,Fantasy",6.0,14108
tt0406375,movie,Zathura: A Space Adventure,2005,101,"Action,Adventure,Comedy",6.3,126844
tt0406650,movie,The Chumscrubber,2005,108,"Comedy,Drama",6.8,19627
tt0406759,movie,The Eye,2008,98,"Horror,Mystery",5.4,59116
tt0406816,movie,The Guardian,2006,139,"Adventure,Drama",6.9,103541
tt0407265,movie,Transamerica,2005,103,"Adventure,Comedy,Drama",7.3,43337
tt0407304,movie,War of the Worlds,2005,117,"Action,Adventure,Sci-Fi",6.6,509601
tt0407621,movie,Calvaire,2004,88,"Drama,Horror,Thriller",6.1,15421
tt0407887,movie,The Departed,2006,151,"Crime,Drama,Thriller",8.5,1561234
tt0408017,movie,Everything About Mustafa,2004,119,"Drama,Thriller",7.5,10167
tt0408236,movie,Sweeney Todd: The Demon Barber of Fleet Street,2007,116,"Drama,Horror,Musical",7.3,407471
tt0408306,movie,Munich,2005,164,"Drama,History,Thriller",7.5,254357
tt0408345,movie,Firewall,2006,105,"Crime,Thriller",5.8,61421
tt0408524,movie,Bad News Bears,2005,113,"Comedy,Sport",5.8,24501
tt0408664,movie,Nobody Knows,2004,141,Drama,8.0,35685
tt0408777,movie,The Edukators,2004,127,"Drama,Romance",7.4,33105
tt0408790,movie,Flightplan,2005,98,"Drama,Mystery,Thriller",6.3,185872
tt0408839,movie,The Heartbreak Kid,2007,116,"Comedy,Romance",5.9,101856
tt0408985,movie,Last Holiday,2006,112,"Comedy,Drama,Romance",6.6,42977
tt0409011,movie,Lovewrecked,2005,87,"Adventure,Comedy,Romance",4.9,16379
tt0409182,movie,Poseidon,2006,98,"Action,Adventure,Thriller",5.7,116754
tt0409184,movie,Russian Dolls,2005,125,"Comedy,Drama,Romance",6.9,21965
tt0409345,movie,Surveillance,2008,97,"Crime,Drama,Mystery",6.3,19068
tt0409379,movie,In Secret,2013,107,"Crime,Drama,Thriller",6.1,11003
tt0409459,movie,Watchmen,2009,162,"Action,Drama,Mystery",7.6,612892
tt0409847,movie,Cowboys & Aliens,2011,119,"Action,Drama,Sci-Fi",6.0,242590
tt0409904,movie,Day Watch,2006,132,"Action,Fantasy,Horror",6.4,36440
tt0410097,movie,Hustle & Flow,2005,116,"Crime,Drama,Music",7.3,45663
tt0410297,movie,The Lake House,2006,99,"Drama,Fantasy,Romance",6.8,165778
tt0410369,movie,Where's Firuze?,2004,128,"Comedy,Music",7.4,13556
tt0410377,movie,Nim's Island,2008,96,"Adventure,Family,Fantasy",6.0,38325
tt0410730,movie,Taxidermia,2006,94,"Comedy,Horror",6.8,19659
tt0410764,movie,Tideland,2005,120,"Drama,Fantasy,Horror",6.3,36016
tt0411061,movie,88 Minutes,2007,108,"Crime,Drama,Mystery",5.9,80494
tt0411195,movie,Breakfast on Pluto,2005,128,"Comedy,Drama",7.2,26437
tt0411267,movie,The Dark,2005,93,"Drama,Fantasy,Horror",5.3,11903
tt0411270,movie,The Beat That My Heart Skipped,2005,108,"Crime,Drama,Music",7.2,21659
tt0411272,movie,Mesrine: Public Enemy No. 1,2008,133,"Action,Biography,Crime",7.4,32491
tt0411475,movie,Hell Ride,2008,84,"Action,Drama,Thriller",5.0,16902
tt0411477,movie,Hellboy II: The Golden Army,2008,120,"Action,Adventure,Fantasy",7.0,299287
tt0411705,movie,9 Songs,2004,71,"Drama,Music,Romance",4.7,25582
tt0411951,movie,Tekken,2010,92,"Action,Crime,Drama",4.8,29822
tt0412019,movie,Broken Flowers,2005,106,"Comedy,Drama,Mystery",7.1,110459
tt0412080,movie,The World's Fastest Indian,2005,127,"Biography,Drama,Sport",7.7,64256
tt0412536,movie,Brideshead Revisited,2008,133,"Drama,Romance",6.6,14329
tt0412798,movie,Half Light,2006,110,"Drama,Horror,Mystery",6.0,15345
tt0412922,movie,Little Manhattan,2005,90,"Comedy,Family,Romance",7.4,26013
tt0413015,movie,Mrs. Henderson Presents,2005,103,"Comedy,Drama,Music",7.0,17117
tt0413099,movie,Evan Almighty,2007,96,"Comedy,Family,Fantasy",5.5,163481
tt0413267,movie,Shrek the Third,2007,93,"Adventure,Animation,Comedy",6.1,362178
tt0413300,movie,Spider-Man 3,2007,139,"Action,Adventure,Sci-Fi",6.3,703800
tt0413895,movie,Charlotte's Web,2006,97,"Adventure,Comedy,Family",6.3,50171
tt0414055,movie,Elizabeth: The Golden Age,2007,114,"Biography,Drama,History",6.8,78263
tt0414387,movie,Pride & Prejudice,2005,129,"Drama,Romance",7.8,379080
tt0414852,movie,District B13,2004,84,"Action,Crime,Sci-Fi",7.1,77753
tt0414853,movie,Barnyard,2006,90,"Adventure,Animation,Comedy",5.7,38825
tt0414951,movie,The Quiet,2005,96,"Crime,Drama,Thriller",6.1,18386
tt0414982,movie,Final Destination 3,2006,93,"Horror,Thriller",5.9,185774
tt0414993,movie,The Fountain,2006,97,"Drama,Mystery,Romance",7.1,258684
tt0415306,movie,Talladega Nights: The Ballad of Ricky Bobby,2006,108,"Comedy,Sport",6.6,215019
tt0415965,movie,Martian Child,2007,106,"Comedy,Drama,Family",6.7,21484
tt0415978,movie,Me and You and Everyone We Know,2005,85,"Comedy,Drama",7.2,38686
tt0416044,movie,Mongol: The Rise of Genghis Khan,2007,126,"Action,Biography,Drama",7.2,51567
tt0416185,movie,Resurrecting the Champ,2007,112,"Drama,Sport",6.7,21809
tt0416212,movie,The Secret Life of Bees,2008,114,Drama,7.2,29827
tt0416236,movie,The Spiderwick Chronicles,2008,96,"Action,Adventure,Drama",6.5,109324
tt0416315,movie,Wolf Creek,2005,99,"Horror,Thriller",6.2,84792
tt0416320,movie,Match Point,2005,124,"Drama,Romance,Thriller",7.6,239489
tt0416449,movie,300,2006,117,"Action,Drama",7.6,915258
tt0416496,movie,Bandidas,2006,93,"Action,Comedy,Crime",5.7,39118
tt0416508,movie,Becoming Jane,2007,120,"Biography,Drama,Romance",7.0,68388
tt0416960,movie,The Lizard,2004,115,"Comedy,Drama",8.4,24556
tt0417001,movie,Must Love Dogs,2005,98,"Comedy,Romance",6.0,34332
tt0417056,movie,Pledge This!,2006,91,Comedy,1.7,18217
tt0417148,movie,Snakes on a Plane,2006,105,"Action,Adventure,Crime",5.5,149977
tt0417217,movie,Two for the Money,2005,122,"Crime,Drama,Sport",6.2,55111
tt0417397,movie,9th Company,2005,139,"Action,Drama,History",7.0,22567
tt0417433,movie,Annapolis,2006,108,"Drama,Romance,Sport",5.8,22658
tt0417658,movie,Factotum,2005,94,"Comedy,Drama,Romance",6.6,15666
tt0417741,movie,Harry Potter and the Half-Blood Prince,2009,153,"Adventure,Family,Fantasy",7.6,663796
tt0417791,movie,Rory O'Shea Was Here,2004,104,"Comedy,Drama",7.7,16706
tt0418110,movie,Romanzo Criminale,2005,152,"Crime,Drama",7.2,10213
tt0418279,movie,Transformers,2007,144,"Action,Adventure,Sci-Fi",7.1,721375
tt0418362,movie,Mujhse Shaadi Karogi,2004,163,"Comedy,Romance",6.7,18976
tt0418455,movie,Adam's Apples,2005,94,"Comedy,Crime,Drama",7.7,59468
tt0418460,movie,Aitraaz,2004,160,"Drama,Romance,Thriller",6.6,11733
tt0418647,movie,Dreamer,2005,106,"Drama,Family,Sport",6.9,14805
tt0418689,movie,Flags of Our Fathers,2006,135,"Action,Adventure,Drama",7.1,134629
tt0418763,movie,Jarhead,2005,125,"Biography,Drama,War",7.0,225647
tt0418773,movie,Junebug,2005,106,"Comedy,Drama",6.9,24016
tt0418819,movie,Land of the Dead,2005,93,"Horror,Sci-Fi,Thriller",6.2,105176
tt0418832,movie,Lie with Me,2005,93,"Drama,Romance",5.2,18528
tt0419058,movie,Phir Hera Pheri,2006,153,"Comedy,Crime",7.4,32370
tt0419198,movie,The Tiger and the Snow,2005,110,"Comedy,Drama,Romance",7.0,14847
tt0419294,movie,The Three Burials of Melquiades Estrada,2005,121,"Adventure,Crime,Drama",7.3,43354
tt0419677,movie,Dead Man's Shoes,2004,90,"Crime,Drama,Thriller",7.5,63425
tt0419706,movie,Doom,2005,102,"Action,Horror,Sci-Fi",5.2,124429
tt0419749,movie,Find Me Guilty,2006,125,"Biography,Comedy,Crime",7.0,38115
tt0419843,movie,In the Land of Women,2007,97,"Comedy,Drama,Romance",6.4,33599
tt0419887,movie,The Kite Runner,2007,128,Drama,7.5,85367
tt0419946,movie,The Marine,2006,92,"Action,Comedy,Drama",4.8,37513
tt0419984,movie,Mr. Woodcock,2007,87,"Comedy,Romance,Sport",5.2,38027
tt0420087,movie,A Prairie Home Companion,2006,105,"Comedy,Drama,Music",6.7,24574
tt0420206,movie,Summer Storm,2004,98,"Comedy,Drama,Romance",7.2,15027
tt0420223,movie,Stranger Than Fiction,2006,113,"Comedy,Drama,Fantasy",7.5,245925
tt0420238,movie,The Tale of Despereaux,2008,93,"Adventure,Animation,Comedy",6.1,41532
tt0420251,movie,Three... Extremes,2004,125,Horror,6.9,22012
tt0420293,movie,The Stanford Prison Experiment,2015,122,"Biography,Drama,History",6.8,48187
tt0420294,movie,The Texas Chainsaw Massacre: The Beginning,2006,91,Horror,5.8,82222
tt0420332,movie,Veer Zaara,2004,192,"Drama,Family,Musical",7.8,66926
tt0420509,movie,The Aura,2005,134,"Crime,Drama,Thriller",7.1,15775
tt0420609,movie,Infamous,2006,110,"Biography,Crime,Drama",7.0,18927
tt0420901,movie,Shooting Dogs,2005,115,"Drama,History,War",7.6,12425
tt0420982,movie,Blind Man's Bluff,2005,111,"Comedy,Crime,Thriller",7.2,10714
tt0421051,movie,Daniel the Wizard,2004,81,"Comedy,Crime,Fantasy",1.2,15178
tt0421054,movie,Domino,2005,127,"Action,Biography,Crime",5.9,71586
tt0421073,movie,Street Kings,2008,109,"Action,Crime,Thriller",6.8,128609
tt0421082,movie,Control,2007,122,"Biography,Drama,Music",7.6,71760
tt0421206,movie,Gridiron Gang,2006,125,"Biography,Crime,Drama",6.9,83052
tt0421238,movie,The Proposition,2005,104,"Crime,Drama,Western",7.3,58128
tt0421239,movie,Red Eye,2005,85,Thriller,6.4,166585
tt0421715,movie,The Curious Case of Benjamin Button,2008,166,"Drama,Fantasy,Romance",7.8,748668
tt0421729,movie,Big Momma's House 2,2006,99,"Comedy,Crime",4.8,49544
tt0421994,movie,Imagine Me & You,2005,90,"Comedy,Drama,Romance",6.8,39821
tt0422091,movie,Dhoom,2004,129,"Action,Adventure,Crime",6.7,24842
tt0422093,movie,Diary of a Mad Black Woman,2005,116,"Comedy,Drama,Romance",5.8,17074
tt0422272,movie,Fragile,2005,101,"Horror,Mystery,Thriller",6.0,18442
tt0422295,movie,Fur: An Imaginary Portrait of Diane Arbus,2006,122,"Biography,Drama,Romance",6.3,16755
tt0422320,movie,Ghilli,2004,160,"Action,Drama,Romance",8.2,19171
tt0422401,movie,Hatchet,2006,93,"Comedy,Horror,Thriller",5.7,36396
tt0422720,movie,Marie Antoinette,2006,123,"Biography,Drama,History",6.5,132689
tt0422774,movie,Are We Done Yet?,2007,92,"Comedy,Family",4.4,24096
tt0423169,movie,Sherrybaby,2006,96,Drama,6.6,12383
tt0423294,movie,Surf's Up,2007,85,"Adventure,Animation,Comedy",6.7,103051
tt0423409,movie,Tristram Shandy,2005,94,Comedy,6.7,13663
tt0423866,movie,3-Iron,2004,88,"Crime,Drama,Romance",7.9,61493
tt0423977,movie,Charlie Bartlett,2007,97,"Comedy,Drama,Romance",6.9,68300
tt0424095,movie,Flushed Away,2006,85,"Action,Adventure,Animation",6.6,150182
tt0424136,movie,Hard Candy,2005,104,"Drama,Thriller",7.0,174600
tt0424205,movie,Joyeux Noel,2005,116,"Drama,History,Music",7.6,34387
tt0424227,movie,Turtles Can Fly,2004,98,"Drama,War",8.0,22752
tt0424345,movie,Clerks II,2006,97,Comedy,7.3,144682
tt0424774,movie,The Adventures of Sharkboy and Lavagirl 3-D,2005,93,"Action,Adventure,Comedy",3.8,46736
tt0424823,movie,Balls of Fury,2007,90,"Comedy,Crime,Sport",5.4,46980
tt0424880,movie,Candy,2006,108,"Drama,Romance",7.2,49919
tt0424908,movie,Copying Beethoven,2006,104,"Biography,Drama,Music",6.7,14479
tt0424993,movie,Employee of the Month,2006,103,"Comedy,Romance",5.6,53155
tt0425061,movie,Get Smart,2008,110,"Action,Adventure,Comedy",6.5,238738
tt0425079,movie,Lovelorn,2005,142,Drama,7.7,11138
tt0425112,movie,Hot Fuzz,2007,121,"Action,Comedy,Mystery",7.8,569286
tt0425123,movie,Just Like Heaven,2005,95,"Comedy,Drama,Fantasy",6.7,127161
tt0425210,movie,Lucky Number Slevin,2006,110,"Crime,Drama,Thriller",7.7,339621
tt0425326,movie,Outsourced,2006,103,"Comedy,Drama,Romance",7.0,12621
tt0425333,movie,Pardon,2005,99,"Comedy,Drama",8.1,24641
tt0425379,movie,Pusher III,2005,108,"Crime,Drama,Thriller",7.3,21141
tt0425413,movie,Run Fatboy Run,2007,100,"Comedy,Romance,Sport",6.5,71780
tt0425430,movie,The Messengers,2007,90,"Drama,Horror,Mystery",5.4,42833
tt0425601,movie,Trailer Park Boys: The Movie,2006,95,"Comedy,Crime",7.1,14200
tt0425637,movie,Red Cliff,2008,148,"Action,Adventure,Drama",7.3,50501
tt0426459,movie,Feast,2005,95,"Action,Comedy,Horror",6.2,36191
tt0426578,movie,Sophie Scholl: The Final Days,2005,120,"Biography,Crime,Drama",7.6,29890
tt0426592,movie,Superhero Movie,2008,75,"Action,Comedy,Sci-Fi",4.8,84931
tt0426883,movie,Alpha Dog,2006,122,"Biography,Crime,Drama",6.9,111870
tt0426931,movie,August Rush,2007,114,"Drama,Music",7.4,114915
tt0427152,movie,Dinner for Schmucks,2010,114,Comedy,5.9,116809
tt0427229,movie,Failure to Launch,2006,97,"Comedy,Romance",5.7,95368
tt0427309,movie,The Great Debaters,2007,126,"Biography,Drama,Romance",7.5,66595
tt0427312,movie,Grizzly Man,2005,103,"Biography,Documentary",7.7,67916
tt0427327,movie,Hairspray,2007,117,"Comedy,Drama,Musical",6.7,146090
tt0427340,movie,Masters of the Universe,2026,140,"Action,Adventure,Fantasy",6.9,41486
tt0427392,movie,The Invasion,2007,99,"Sci-Fi,Thriller",5.9,88277
tt0427470,movie,The Lookout,2007,99,"Crime,Drama,Thriller",6.9,62241
tt0427582,movie,The Method,2005,115,"Drama,Thriller",7.1,12934
tt0427944,movie,Thank You for Smoking,2005,92,"Comedy,Drama",7.5,236116
tt0427954,movie,The Protector,2005,83,"Action,Crime,Drama",7.0,40392
tt0427969,movie,Hollywoodland,2006,126,"Biography,Crime,Drama",6.5,37159
tt0428251,movie,Venom,2005,87,Horror,4.7,11715
tt0428446,movie,The Darwin Awards,2006,94,"Adventure,Comedy,Romance",5.9,10793
tt0428803,movie,March of the Penguins,2005,80,"Documentary,Family",7.5,62390
tt0428870,movie,A Moment to Remember,2004,117,"Drama,Romance",8.1,27401
tt0429078,movie,Seven Swords,2005,153,"Action,Adventure,Fantasy",6.1,10235
tt0429493,movie,The A-Team,2010,117,"Action,Adventure,Crime",6.7,277715
tt0429573,movie,An American Haunting,2005,83,"Drama,Horror,Mystery",5.0,27938
tt0429589,movie,The Ant Bully,2006,88,"Adventure,Animation,Comedy",5.8,44471
tt0429591,movie,Aquamarine,2006,110,"Comedy,Family,Fantasy",5.5,47718
tt0429715,movie,The Business,2005,97,"Crime,Drama,Thriller",6.6,16215
tt0430105,movie,Four Brothers,2005,109,"Action,Crime,Drama",6.8,169892
tt0430304,movie,Little Man,2006,98,"Comedy,Crime",4.6,66363
tt0430308,movie,Get Rich or Die Tryin',2005,117,"Biography,Crime,Drama",5.6,54529
tt0430357,movie,Miami Vice,2006,132,"Action,Crime,Drama",6.1,131777
tt0430576,movie,The Secret Life of Words,2005,115,"Drama,Romance",7.4,13700
tt0430634,movie,Stick It,2006,103,"Comedy,Drama,Sport",6.4,31511
tt0430651,movie,Survive Style 5+,2004,120,"Comedy,Fantasy,Horror",7.4,10497
tt0430770,movie,The Women,2008,114,"Comedy,Drama",5.1,24426
tt0430779,movie,Everyone's Hero,2006,87,"Adventure,Animation,Comedy",5.7,10529
tt0430912,movie,Basic Instinct 2,2006,114,"Drama,Mystery,Thriller",4.4,43854
tt0430922,movie,Role Models,2008,99,Comedy,6.8,252531
tt0431021,movie,The Possession,2012,92,"Horror,Mystery,Thriller",5.9,66038
tt0431197,movie,The Kingdom,2007,110,"Action,Drama,Thriller",7.0,137736
tt0431308,movie,P.S. I Love You,2007,126,"Comedy,Drama,Romance",7.0,226127
tt0432021,movie,Resident Evil: Extinction,2007,94,"Action,Horror,Sci-Fi",6.2,216652
tt0432047,movie,Sarkar,2005,124,"Crime,Drama",7.6,18848
tt0432283,movie,Fantastic Mr. Fox,2009,87,"Adventure,Animation,Comedy",7.9,307096
tt0432291,movie,The Fog,2005,100,"Horror,Mystery",3.7,41599
tt0432348,movie,Saw II,2005,93,"Horror,Mystery",6.6,298119
tt0432402,movie,Factory Girl,2006,90,"Biography,Drama",6.4,23021
tt0432637,movie,Krrish,2006,154,"Action,Sci-Fi",6.5,28535
tt0433035,movie,Real Steel,2011,127,"Action,Drama,Sci-Fi",7.1,381958
tt0433362,movie,Daybreakers,2009,98,"Action,Horror,Sci-Fi",6.4,141275
tt0433383,movie,"Good Night, and Good Luck.",2005,93,"Biography,Drama,History",7.4,105422
tt0433386,movie,The Grudge 2,2006,102,"Horror,Thriller",5.1,53734
tt0433387,movie,Harsh Times,2005,116,"Action,Crime,Drama",6.8,70929
tt0433400,movie,Just Friends,2005,96,"Comedy,Romance",6.2,135835
tt0433412,movie,Material Girls,2006,98,"Comedy,Family,Romance",4.0,23236
tt0433416,movie,The Namesake,2006,122,Drama,7.5,23018
tt0433442,movie,The Return,2005,85,"Horror,Mystery,Thriller",4.7,12841
tt0434008,movie,Election,2005,101,"Crime,Drama,Thriller",7.1,12433
tt0434124,movie,Kinky Boots,2005,107,"Comedy,Drama,Music",7.1,22873
tt0434139,movie,The Last Kiss,2006,104,"Comedy,Drama,Romance",6.4,42827
tt0434409,movie,V for Vendetta,2005,132,"Action,Drama,Sci-Fi",8.1,1249473
tt0435528,movie,Whisper,2007,94,"Crime,Drama,Horror",5.7,10565
tt0435623,movie,Conversations with Other Women,2005,84,"Comedy,Drama,Romance",6.9,13564
tt0435625,movie,The Descent,2005,99,"Adventure,Horror,Thriller",7.2,274168
tt0435651,movie,The Giver,2014,97,"Drama,Romance,Sci-Fi",6.4,131061
tt0435653,movie,The Gravedancers,2006,95,Horror,5.4,10597
tt0435670,movie,The Invisible,2007,102,"Crime,Drama,Fantasy",6.1,37325
tt0435679,movie,Keith,2008,95,"Drama,Romance",7.3,38429
tt0435680,movie,Kidulthood,2006,89,"Crime,Drama,Romance",6.7,20356
tt0435705,movie,Next,2007,96,"Action,Sci-Fi,Thriller",6.2,175457
tt0435761,movie,Toy Story 3,2010,103,"Adventure,Animation,Comedy",8.3,978378
tt0436078,movie,The Aristocrats,2005,89,"Comedy,Documentary",6.4,17347
tt0436231,movie,The Devil and Daniel Johnston,2005,110,"Biography,Documentary,Music",7.9,10993
tt0436331,movie,Friends with Money,2006,88,"Comedy,Drama,Romance",5.8,33552
tt0436339,movie,G-Force,2009,88,"Action,Adventure,Animation",5.1,53649
tt0436613,movie,Murderball,2005,88,"Documentary,Sport",7.7,10794
tt0436697,movie,The Queen,2006,103,"Biography,Drama",7.3,119855
tt0436971,movie,Why We Fight,2005,98,"Documentary,History,War",8.0,10503
tt0437086,movie,Alita: Battle Angel,2019,122,"Action,Adventure,Sci-Fi",7.3,324910
tt0437179,movie,See No Evil,2006,84,"Action,Horror,Thriller",5.1,30901
tt0437232,movie,Catch a Fire,2006,101,"Biography,Drama,History",6.7,11115
tt0437238,movie,Hulchul,2004,149,"Action,Comedy,Drama",7.1,11019
tt0437405,movie,Paper Man,2009,110,"Comedy,Drama",6.5,21088
tt0437407,movie,Parineeta,2005,130,"Drama,Musical,Romance",7.2,10112
tt0437777,movie,Something New,2006,99,"Comedy,Drama,Romance",6.6,15816
tt0437800,movie,Akeelah and the Bee,2006,112,"Drama,Family",7.4,22869
tt0437857,movie,Behind the Mask: The Rise of Leslie Vernon,2006,92,"Comedy,Horror,Thriller",6.7,27217
tt0437863,movie,The Benchwarmers,2006,85,"Comedy,Sport",5.6,58712
tt0437954,movie,Virgin Territory,2007,97,"Adventure,Comedy,Romance",4.7,10196
tt0438097,movie,Ice Age: The Meltdown,2006,91,"Adventure,Animation,Comedy",6.8,319535
tt0438315,movie,Peaceful Warrior,2006,120,"Drama,Romance,Sport",7.2,31647
tt0438488,movie,Terminator Salvation,2009,115,"Action,Adventure,Sci-Fi",6.5,393725
tt0438859,movie,Goodbye Bafana,2007,118,"Biography,Drama,History",7.1,12503
tt0439289,movie,Running with Scissors,2006,116,"Comedy,Drama",6.1,23780
tt0439572,movie,The Flash,2023,144,"Action,Adventure,Fantasy",6.6,249146
tt0439630,movie,Initial D,2005,107,"Action,Comedy,Drama",6.4,10661
tt0439662,movie,Fanaa,2006,168,"Action,Drama,Romance",7.1,37174
tt0439815,movie,Slither,2006,96,"Comedy,Horror,Sci-Fi",6.5,95461
tt0440803,movie,Shutter,2004,97,"Horror,Mystery,Thriller",7.0,54077
tt0440963,movie,The Bourne Ultimatum,2007,115,"Action,Mystery,Thriller",8.0,685524
tt0441048,movie,Dhoom 2,2006,152,"Action,Adventure,Crime",6.6,33120
tt0441773,movie,Kung Fu Panda,2008,92,"Action,Adventure,Animation",7.6,583728
tt0441774,movie,Lonely Hearts,2006,108,"Biography,Crime,Drama",6.4,23258
tt0441796,movie,Stay Alive,2006,85,"Fantasy,Horror,Mystery",5.1,35810
tt0441881,movie,Danger Close,2019,118,"Action,Drama,War",6.8,16730
tt0441909,movie,Volver,2006,121,"Comedy,Drama",7.6,113122
tt0442933,movie,Beowulf,2007,115,"Action,Adventure,Animation",6.3,180170
tt0443272,movie,Lincoln,2012,150,"Biography,Drama,History",7.3,285635
tt0443274,movie,Vantage Point,2008,90,"Action,Drama,Thriller",6.6,158182
tt0443295,movie,"Yours, Mine & Ours",2005,88,"Comedy,Family,Romance",5.5,32627
tt0443453,movie,Borat,2006,84,Comedy,7.4,479625
tt0443456,movie,Breaking and Entering,2006,120,"Crime,Drama,Romance",6.5,23804
tt0443465,movie,Before We Go,2014,95,"Comedy,Drama,Romance",6.8,69134
tt0443473,movie,The Condemned,2007,113,"Action,Crime,Thriller",6.0,56071
tt0443489,movie,Dreamgirls,2006,130,"Drama,Musical",6.6,81063
tt0443496,movie,Edmond,2005,82,"Drama,Thriller",6.2,13143
tt0443536,movie,Hoodwinked,2005,80,"Adventure,Animation,Comedy",6.5,72396
tt0443543,movie,The Illusionist,2006,110,"Drama,Fantasy,Mystery",7.5,405343
tt0443559,movie,Killshot,2008,95,"Action,Crime,Drama",6.0,22960
tt0443632,movie,The Sentinel,2006,108,"Action,Crime,Thriller",6.1,58420
tt0443649,movie,"10,000 BC",2008,109,"Action,Adventure,Drama",5.2,139699
tt0443680,movie,The Assassination of Jesse James by the Coward Robert Ford,2007,160,"Biography,Crime,Drama",7.5,204980
tt0443701,movie,The X Files: I Want to Believe,2008,104,"Adventure,Crime,Drama",5.9,96743
tt0443706,movie,Zodiac,2007,157,"Crime,Drama,Mystery",7.7,677877
tt0444182,movie,Days of Glory,2006,120,"Drama,War",7.0,15635
tt0444653,movie,Keeping Mum,2005,99,"Comedy,Crime",6.8,38059
tt0444682,movie,The Reaping,2007,99,"Horror,Thriller",5.6,46176
tt0445336,movie,"You, the Living",2007,95,"Comedy,Drama,Music",7.4,17018
tt0445620,movie,Paradise Now,2005,91,"Crime,Drama,Thriller",7.4,24912
tt0445922,movie,Across the Universe,2007,133,"Drama,Fantasy,History",7.3,117885
tt0445934,movie,Blades of Glory,2007,93,"Comedy,Sport",6.3,186712
tt0445935,movie,Bordertown,2007,112,"Crime,Mystery,Thriller",6.0,12000
tt0445939,movie,The Burrowers,2008,96,"Drama,Horror,Mystery",5.7,10291
tt0445946,movie,The Contract,2006,96,"Action,Crime,Drama",5.6,27467
tt0445990,movie,Invincible,2006,105,"Biography,Drama,Sport",7.0,79586
tt0446013,movie,Pathfinder,2007,99,"Action,Adventure,Drama",5.4,47752
tt0446029,movie,Scott Pilgrim vs. the World,2010,112,"Action,Comedy,Fantasy",7.5,498093
tt0446046,movie,Take the Lead,2006,118,"Drama,Music",6.6,27540
tt0446059,movie,Fearless,2006,104,"Action,Biography,Drama",7.5,81525
tt0446687,movie,Driving Lessons,2006,98,"Comedy,Drama",6.6,11226
tt0446755,movie,The Painted Veil,2006,125,"Drama,Romance",7.4,100244
tt0448011,movie,Knowing,2009,121,"Mystery,Sci-Fi,Thriller",6.2,262787
tt0448075,movie,The Night Listener,2006,91,"Crime,Drama,Horror",5.9,16561
tt0448115,movie,Shazam!,2019,132,"Action,Adventure,Comedy",7.0,415102
tt0448124,movie,Snow Cake,2006,112,"Drama,Romance",7.4,13873
tt0448134,movie,Sunshine,2007,107,"Sci-Fi,Thriller",7.2,288546
tt0448157,movie,Hancock,2008,92,"Action,Comedy,Drama",6.4,540666
tt0448694,movie,Puss in Boots,2011,90,"Action,Adventure,Animation",6.6,212523
tt0449010,movie,Eragon,2006,104,"Action,Adventure,Family",5.1,134923
tt0449059,movie,Little Miss Sunshine,2006,101,"Comedy,Drama",7.8,561126
tt0449061,movie,London,2005,92,"Drama,Romance",6.3,25785
tt0449086,movie,Dominion: Prequel to the Exorcist,2005,117,"Drama,Horror,Thriller",5.1,15015
tt0449088,movie,Pirates of the Caribbean: At World's End,2007,169,"Action,Adventure,Fantasy",7.2,747031
tt0449089,movie,RV,2006,99,"Adventure,Comedy,Family",5.6,67511
tt0449467,movie,Babel,2006,143,Drama,7.4,329727
tt0449487,movie,Passengers,2008,93,"Mystery,Romance,Thriller",5.8,41442
tt0449851,movie,The Valet,2006,85,"Comedy,Drama",6.6,11528
tt0449951,movie,Ghajini,2005,175,"Action,Drama,Mystery",7.6,17008
tt0449994,movie,Jodhaa Akbar,2008,213,"Action,Drama,History",7.5,36690
tt0449999,movie,Kabhi Alvida Naa Kehna,2006,193,"Drama,Romance",6.1,25007
tt0450188,movie,La Vie En Rose,2007,140,"Biography,Drama,Music",7.5,94245
tt0450232,movie,16 Blocks,2006,102,"Action,Drama,Thriller",6.6,138842
tt0450259,movie,Blood Diamond,2006,143,"Adventure,Drama,Thriller",8.0,627420
tt0450278,movie,Hostel,2005,94,Horror,5.9,204991
tt0450314,movie,Punisher: War Zone,2008,103,"Action,Crime,Drama",5.9,71384
tt0450336,movie,Blood Creek,2009,90,Horror,5.3,13895
tt0450340,movie,Unknown,2006,85,"Crime,Drama,Mystery",6.4,32456
tt0450345,movie,The Wicker Man,2006,102,"Horror,Mystery,Thriller",3.8,75019
tt0450385,movie,1408,2007,104,"Fantasy,Horror,Mystery",6.8,315392
tt0450405,movie,Cirque du Freak: The Vampire's Assistant,2009,109,"Action,Adventure,Fantasy",5.8,49671
tt0451079,movie,Horton Hears a Who!,2008,86,"Adventure,Animation,Comedy",6.8,159150
tt0451094,movie,Sympathy for Lady Vengeance,2005,115,"Crime,Drama,Thriller",7.5,93750
tt0451279,movie,Wonder Woman,2017,141,"Action,Adventure,Fantasy",7.3,737364
tt0451833,movie,No Entry,2005,158,"Comedy,Drama,Musical",6.6,14139
tt0451850,movie,Paheli,2005,140,"Comedy,Drama,Fantasy",6.4,15242
tt0452039,movie,Mind Game,2004,103,"Adventure,Animation,Comedy",7.7,12132
tt0452592,movie,Borderland,2007,105,"Crime,Horror,Thriller",5.6,11380
tt0452594,movie,The Break-Up,2006,106,"Comedy,Drama,Romance",5.8,146794
tt0452598,movie,Cheaper by the Dozen 2,2005,94,"Adventure,Comedy,Family",5.6,67242
tt0452608,movie,Death Race,2008,105,"Action,Sci-Fi,Thriller",6.4,228814
tt0452623,movie,Gone Baby Gone,2007,114,"Crime,Drama,Mystery",7.6,312099
tt0452624,movie,The Good German,2006,105,"Drama,Mystery,Romance",6.0,27028
tt0452625,movie,Good Luck Chuck,2007,96,"Comedy,Romance",5.6,99387
tt0452637,movie,Lady in the Water,2006,110,"Drama,Fantasy,Mystery",5.5,108160
tt0452643,movie,Love and Other Disasters,2006,90,"Comedy,Drama,Romance",6.1,15130
tt0452681,movie,The Santa Clause 3: The Escape Clause,2006,92,"Adventure,Comedy,Family",4.9,46776
tt0452694,movie,The Time Traveler's Wife,2009,107,"Drama,Fantasy,Romance",7.1,166363
tt0452702,movie,Vacancy,2007,85,"Horror,Thriller",6.2,113446
tt0453383,movie,Next Door,2005,75,"Mystery,Thriller",6.4,11312
tt0453451,movie,Mr. Bean's Holiday,2007,90,"Comedy,Family",6.4,142456
tt0453467,movie,Deja Vu,2006,126,"Action,Crime,Sci-Fi",7.1,346498
tt0453548,movie,Snow Angels,2007,107,"Crime,Drama,Romance",6.7,13438
tt0453556,movie,TMNT,2007,87,"Action,Adventure,Animation",6.2,72467
tt0453562,movie,42,2013,128,"Biography,Drama,Sport",7.5,109112
tt0453671,movie,Garam Masala,2005,146,"Comedy,Romance",6.8,19392
tt0453729,movie,Iqbal,2005,132,"Drama,Sport",8.1,18442
tt0454082,movie,Black Christmas,2006,90,Horror,4.7,33182
tt0454084,movie,Blind Dating,2006,95,"Comedy,Romance",6.0,12985
tt0454776,movie,Amazing Grace,2006,118,"Biography,Drama,History",7.4,26565
tt0454824,movie,Flyboys,2006,140,"Action,Drama,History",6.5,46471
tt0454841,movie,The Hills Have Eyes,2006,107,"Horror,Thriller",6.4,196400
tt0454848,movie,Inside Man,2006,129,"Crime,Drama,Mystery",7.6,426113
tt0454864,movie,The Last Winter,2006,101,"Horror,Mystery,Thriller",5.5,10729
tt0454876,movie,Life of Pi,2012,127,"Adventure,Drama,Fantasy",7.9,702149
tt0454919,movie,Pulse,2006,90,"Horror,Sci-Fi,Thriller",4.7,32331
tt0454921,movie,The Pursuit of Happyness,2006,117,"Biography,Drama",8.0,624770
tt0454945,movie,She's the Man,2006,105,"Comedy,Romance,Sport",6.4,194284
tt0454970,movie,Turistas,2006,93,"Horror,Mystery,Thriller",5.4,42466
tt0454987,movie,Let's Go to Prison,2006,84,"Comedy,Crime",5.9,27413
tt0455323,movie,Being Flynn,2012,102,Drama,6.4,18267
tt0455326,movie,Aqua Teen Hunger Force Colon Movie Film for Theaters,2007,86,"Action,Adventure,Animation",6.7,14891
tt0455362,movie,The Breed,2006,91,"Action,Comedy,Horror",5.1,15334
tt0455407,movie,The Crazies,2010,101,Horror,6.5,138234
tt0455499,movie,Garfield: A Tail of Two Kitties,2006,82,"Adventure,Comedy,Family",5.0,51155
tt0455538,movie,How to Lose Friends & Alienate People,2008,110,"Biography,Comedy,Drama",6.4,72164
tt0455590,movie,The Last King of Scotland,2006,123,"Biography,Drama,History",7.6,206314
tt0455612,movie,Madea's Family Reunion,2006,107,"Comedy,Drama,Romance",5.4,12735
tt0455760,movie,Dead Silence,2007,89,"Horror,Mystery,Thriller",6.2,108973
tt0455782,movie,The Hunting Party,2007,101,"Adventure,Comedy,Drama",6.7,26858
tt0455805,movie,Then She Found Me,2007,100,"Comedy,Drama,Romance",5.9,10714
tt0455824,movie,Australia,2008,165,"Adventure,Drama,Romance",6.6,133931
tt0455857,movie,When a Stranger Calls,2006,87,"Horror,Thriller",5.1,51997
tt0455944,movie,The Equalizer,2014,132,"Action,Crime,Thriller",7.3,468349
tt0455957,movie,Goya's Ghosts,2006,113,"Biography,Drama,History",6.9,33271
tt0455960,movie,The Hitcher,2007,84,"Crime,Thriller",5.6,47698
tt0455967,movie,John Tucker Must Die,2006,89,"Comedy,Romance",5.8,93241
tt0456020,movie,Waist Deep,2006,97,"Action,Crime,Drama",5.8,10905
tt0456144,movie,Lage Raho Munna Bhai,2006,144,"Comedy,Drama,Romance",8.0,53594
tt0456149,movie,The Death of Mr. Lazarescu,2005,153,"Comedy,Drama",7.8,17024
tt0456396,movie,The Child,2005,95,"Crime,Drama,Romance",7.4,20152
tt0456470,movie,The Bow,2005,90,"Drama,Romance",7.1,12232
tt0456554,movie,Grandma's Boy,2006,94,Comedy,6.9,93408
tt0456912,movie,A Bittersweet Life,2005,119,"Action,Crime,Drama",7.5,47509
tt0457275,movie,Altered,2006,88,"Horror,Sci-Fi,Thriller",5.6,11366
tt0457297,movie,The Butterfly Effect 2,2006,92,"Drama,Sci-Fi,Thriller",4.5,38784
tt0457400,movie,Land of the Lost,2009,102,"Action,Adventure,Comedy",5.4,80270
tt0457419,movie,Mr. Magorium's Wonder Emporium,2007,93,"Comedy,Family,Fantasy",6.2,49386
tt0457430,movie,Pan's Labyrinth,2006,118,"Drama,Fantasy,War",8.2,748707
tt0457433,movie,Perfect Stranger,2007,109,"Crime,Mystery,Thriller",5.7,54173
tt0457495,movie,Stormbreaker,2006,93,"Action,Adventure,Family",5.1,26536
tt0457510,movie,Nacho Libre,2006,92,"Comedy,Family,Sport",5.9,102821
tt0457513,movie,Scoop,2006,96,"Comedy,Crime,Fantasy",6.6,90788
tt0457572,movie,Fido,2006,93,"Comedy,Drama,Horror",6.7,31133
tt0457655,movie,After the Wedding,2006,120,Drama,7.6,39316
tt0457939,movie,The Holiday,2006,136,"Comedy,Romance",7.0,368652
tt0458339,movie,Captain America: The First Avenger,2011,124,"Action,Adventure,Sci-Fi",6.9,971935
tt0458352,movie,The Devil Wears Prada,2006,109,"Comedy,Drama",7.0,559266
tt0458364,movie,The Ex,2006,89,"Comedy,Romance",5.5,18775
tt0458367,movie,Right at Your Door,2006,96,"Drama,Sci-Fi,Thriller",6.0,14885
tt0458413,movie,A Long Way Down,2014,96,"Comedy,Drama",6.3,35696
tt0458481,movie,Sin City: A Dame to Kill For,2014,102,"Action,Adventure,Crime",6.5,179168
tt0458525,movie,X-Men Origins: Wolverine,2009,107,"Action,Sci-Fi",6.5,569453
tt0460740,movie,Cashback,2006,102,"Comedy,Drama,Romance",7.1,95005
tt0460745,movie,Chaos Theory,2007,87,"Comedy,Drama,Romance",6.6,35171
tt0460780,movie,In the Name of the King: A Dungeon Siege Tale,2007,127,"Action,Adventure,Fantasy",3.8,50602
tt0460791,movie,The Fall,2006,117,"Adventure,Drama,Fantasy",7.8,129788
tt0460792,movie,Fast Food Nation,2006,116,"Comedy,Drama",6.3,26151
tt0460810,movie,The Great Buck Howard,2008,90,"Adventure,Comedy,Drama",6.4,15227
tt0460829,movie,Inland Empire,2006,180,"Drama,Fantasy,Mystery",6.8,69347
tt0460890,movie,The Only Living Boy in New York,2017,89,Drama,6.4,19900
tt0460989,movie,The Wind That Shakes the Barley,2006,127,"Drama,War",7.5,59288
tt0461703,movie,Skinwalkers,2006,110,"Action,Fantasy,Horror",4.5,14269
tt0461770,movie,Enchanted,2007,107,"Adventure,Animation,Comedy",7.1,225722
tt0461936,movie,Don,2006,171,"Action,Crime,Thriller",7.2,44753
tt0462200,movie,Black Snake Moan,2006,116,"Drama,Music",6.9,69066
tt0462229,movie,Code Name: The Cleaner,2007,84,"Action,Comedy,Crime",4.6,12579
tt0462244,movie,Daddy Day Camp,2007,93,"Comedy,Family",3.3,18930
tt0462322,movie,Grindhouse,2007,191,"Horror,Thriller",7.5,197203
tt0462335,movie,High-Rise,2015,119,"Drama,Sci-Fi",5.5,47698
tt0462338,movie,The Hoax,2006,116,"Biography,Comedy,Drama",6.6,17743
tt0462395,movie,Larry the Cable Guy: Health Inspector,2006,89,"Comedy,Romance",3.5,12662
tt0462396,movie,The Last Legion,2007,101,"Action,Adventure,History",5.4,38375
tt0462465,movie,Outlander,2008,115,"Action,Adventure,Sci-Fi",6.2,81749
tt0462499,movie,Rambo,2008,92,"Action,Thriller",7.0,257222
tt0462504,movie,Rescue Dawn,2006,125,"Adventure,Biography,War",7.2,116876
tt0462519,movie,School for Scoundrels,2006,100,Comedy,5.9,31853
tt0462538,movie,The Simpsons Movie,2007,87,"Adventure,Animation,Comedy",7.3,364118
tt0462590,movie,Step Up,2006,104,"Crime,Drama,Music",6.5,134729
tt0463034,movie,"You, Me and Dupree",2006,110,"Comedy,Romance",5.6,86952
tt0463854,movie,28 Weeks Later,2007,100,"Horror,Sci-Fi",6.8,365349
tt0463872,movie,Asterix at the Olympic Games,2008,116,"Adventure,Comedy,Family",5.2,35165
tt0463985,movie,The Fast and the Furious: Tokyo Drift,2006,104,"Action,Crime,Thriller",6.1,333878
tt0463998,movie,Freedom Writers,2007,123,"Biography,Crime,Drama",7.6,93002
tt0464041,movie,The Lazarus Project,2008,100,"Drama,Mystery,Thriller",6.0,20385
tt0464049,movie,The History Boys,2006,109,"Comedy,Drama,Romance",6.8,22388
tt0464141,movie,The Orphanage,2007,105,"Drama,Horror,Mystery",7.4,170956
tt0464154,movie,Piranha 3D,2010,88,"Comedy,Horror",5.5,102461
tt0464160,movie,Chup Chup Ke,2006,164,"Comedy,Drama,Romance",7.1,15915
tt0464196,movie,Severance,2006,96,"Comedy,Horror",6.4,43406
tt0464913,movie,"OSS 117: Cairo, Nest of Spies",2006,99,"Action,Adventure,Comedy",7.0,25413
tt0465142,movie,American Dreamz,2006,107,"Comedy,Music",5.5,25637
tt0465203,movie,Them,2006,77,"Horror,Thriller",6.3,33944
tt0465234,movie,National Treasure: Book of Secrets,2007,124,"Action,Adventure,Mystery",6.5,267988
tt0465430,movie,The Cottage,2008,92,"Comedy,Crime,Horror",6.1,13811
tt0465436,movie,December Boys,2007,105,"Drama,Romance",6.5,12702
tt0465494,movie,Hitman,2007,89,"Action,Crime,Thriller",6.2,187008
tt0465502,movie,Igor,2008,87,"Animation,Comedy,Family",5.9,25151
tt0465538,movie,Michael Clayton,2007,119,"Crime,Drama,Mystery",7.2,184379
tt0465551,movie,Notes on a Scandal,2006,92,"Crime,Drama,Romance",7.4,89507
tt0465580,movie,Push,2009,111,"Action,Sci-Fi,Thriller",6.1,119754
tt0465602,movie,Shoot 'Em Up,2007,86,"Action,Comedy,Thriller",6.6,159407
tt0465624,movie,My Super Ex-Girlfriend,2006,96,"Comedy,Romance,Sci-Fi",5.2,69620
tt0465670,movie,Wilderness,2006,93,"Action,Horror",6.1,10935
tt0466342,movie,Date Movie,2006,83,"Comedy,Romance",2.8,64499
tt0466460,movie,Khosla Ka Ghosla!,2006,135,"Comedy,Crime,Drama",8.2,27286
tt0466816,movie,Hallam Foe,2007,95,"Drama,Mystery,Romance",6.9,13639
tt0466839,movie,I Could Never Be Your Woman,2007,97,"Comedy,Drama,Romance",5.9,20958
tt0466856,movie,ATL,2006,105,"Comedy,Crime,Drama",6.2,13029
tt0466893,movie,Margaret,2011,150,"Drama,Mystery",6.5,19668
tt0466909,movie,The Omen,2006,110,"Drama,Fantasy,Horror",5.5,66290
tt0467110,movie,Underdog,2007,84,"Action,Adventure,Comedy",4.8,23386
tt0467197,movie,Max Payne,2008,100,"Action,Crime,Drama",5.3,134367
tt0467200,movie,The Other Boleyn Girl,2008,115,"Biography,Drama,History",6.7,127052
tt0467406,movie,Juno,2007,96,"Comedy,Drama",7.4,573251
tt0468094,movie,The Road to Guantanamo,2006,95,"Drama,War",7.4,11703
tt0468489,movie,Half Nelson,2006,106,Drama,7.1,96147
tt0468492,movie,The Host,2006,120,"Drama,Horror,Sci-Fi",7.1,143582
tt0468526,movie,Old Joy,2006,76,Drama,6.8,10029
tt0468565,movie,Tsotsi,2005,94,"Crime,Drama",7.2,32401
tt0468569,movie,The Dark Knight,2008,152,"Crime,Thriller",9.1,3184025
tt0469021,movie,Alan Partridge,2013,90,"Action,Comedy,Crime",6.9,34214
tt0469263,movie,The Astronaut Farmer,2006,104,"Adventure,Drama,Sci-Fi",6.3,23867
tt0469494,movie,There Will Be Blood,2007,158,Drama,8.2,712158
tt0469623,movie,Things We Lost in the Fire,2007,118,Drama,7.1,30706
tt0469641,movie,World Trade Center,2006,129,"Drama,History,Thriller",6.0,92135
tt0469754,movie,The Boss of It All,2006,99,Comedy,6.6,13453
tt0469903,movie,The Express,2008,130,"Biography,Drama,Sport",7.2,23651
tt0470055,movie,Open Water 2: Adrift,2006,94,"Adventure,Drama,Horror",5.2,21303
tt0470705,movie,Bug,2006,102,"Drama,Horror,Thriller",6.1,40718
tt0470752,movie,Ex Machina,2014,108,"Drama,Sci-Fi,Thriller",7.7,641559
tt0470765,movie,For Your Consideration,2006,86,Comedy,6.3,17555
tt0470883,movie,Magic Carpet Ride,2005,106,"Comedy,Crime",7.4,37664
tt0471030,movie,Red Road,2006,113,"Drama,Mystery,Thriller",6.8,14324
tt0471041,movie,The Tournament,2009,95,"Action,Thriller",6.0,37189
tt0471042,movie,Tower Heist,2011,104,"Action,Comedy,Crime",6.2,157918
tt0471571,movie,Athadu,2005,172,"Action,Crime,Drama",8.2,16408
tt0472033,movie,9,2009,79,"Action,Adventure,Animation",7.0,157700
tt0472043,movie,Apocalypto,2006,139,"Action,Adventure,Drama",7.9,360764
tt0472062,movie,Charlie Wilson's War,2007,102,"Biography,Comedy,Drama",7.0,130893
tt0472071,movie,Death Defying Acts,2007,97,"Drama,History,Romance",5.8,10813
tt0472160,movie,Penelope,2006,104,"Comedy,Fantasy,Romance",6.7,69465
tt0472181,movie,The Smurfs,2011,103,"Adventure,Animation,Comedy",5.4,105022
tt0472198,movie,Notorious,2009,122,"Biography,Crime,Drama",6.7,48095
tt0472399,movie,The Mechanic,2011,93,"Action,Crime,Thriller",6.5,183395
tt0472458,movie,Dumplings,2004,91,"Drama,Horror",6.7,11242
tt0473075,movie,Prince of Persia: The Sands of Time,2010,116,"Action,Adventure,Fantasy",6.5,318337
tt0473188,movie,Bobby Z,2007,97,"Action,Crime,Thriller",5.8,16033
tt0473308,movie,Waitress,2007,108,"Comedy,Drama,Romance",7.0,51315
tt0473356,movie,The Flock,2007,96,"Crime,Drama,Mystery",5.7,12834
tt0473360,movie,Goal II: Living the Dream,2007,115,"Drama,Sport",5.8,35484
tt0473367,movie,Jaane Tu... Ya Jaane Na,2008,155,"Comedy,Drama,Romance",7.4,29563
tt0473444,movie,Curse of the Golden Flower,2006,114,"Action,Drama,Romance",7.0,47604
tt0473488,movie,A Guide to Recognizing Your Saints,2006,100,"Crime,Drama",6.9,28589
tt0473705,movie,State of Play,2009,127,"Crime,Drama,Mystery",7.1,166729
tt0473753,movie,Angel-A,2005,91,"Comedy,Drama,Fantasy",7.1,37454
tt0475169,movie,13 Tzameti,2005,93,"Crime,Drama,Thriller",7.3,18650
tt0475276,movie,United 93,2006,111,"Action,Drama,History",7.6,115727
tt0475290,movie,"Hail, Caesar!",2016,106,"Comedy,Drama,Mystery",6.3,150408
tt0475394,movie,Smokin' Aces,2006,109,"Action,Comedy,Crime",6.6,157958
tt0475723,movie,Shinobi: Heart Under Blade,2005,107,"Action,Drama,Fantasy",6.8,13224
tt0475937,movie,The Abandoned,2006,99,"Horror,Mystery,Thriller",5.5,13754
tt0475944,movie,The Covenant,2006,97,"Adventure,Fantasy,Horror",5.2,55123
tt0476735,movie,My Father and My Son,2005,112,Drama,8.2,101319
tt0476884,movie,Taxi No. 9 2 11: Nau Do Gyarah,2006,116,"Comedy,Drama,Thriller",7.3,11425
tt0476958,movie,Amusement,2008,85,"Crime,Horror,Mystery",4.9,12896
tt0476964,movie,The Brave One,2007,122,"Crime,Drama,Thriller",6.7,67603
tt0477051,movie,Norbit,2007,102,"Comedy,Romance",4.3,89302
tt0477071,movie,Premonition,2007,96,"Drama,Fantasy,Mystery",5.9,86030
tt0477078,movie,Rocket Science,2007,101,"Comedy,Drama",6.5,14054
tt0477080,movie,Unstoppable,2010,98,"Action,Thriller",6.8,219690
tt0477095,movie,Starter for 10,2006,92,"Comedy,Drama,Romance",6.7,27061
tt0477139,movie,Wristcutters: A Love Story,2006,88,"Comedy,Drama,Fantasy",7.2,59862
tt0477302,movie,Extremely Loud & Incredibly Close,2011,129,"Adventure,Drama,Mystery",6.9,108013
tt0477347,movie,Night at the Museum,2006,108,"Adventure,Comedy,Family",6.5,412112
tt0477348,movie,No Country for Old Men,2007,122,"Crime,Drama,Thriller",8.2,1198064
tt0478024,movie,Kill Zone,2005,93,"Action,Crime,Thriller",6.9,13970
tt0478087,movie,21,2008,123,"Crime,Drama,Thriller",6.8,281724
tt0478134,movie,In the Valley of Elah,2007,121,"Crime,Drama,Mystery",7.1,77546
tt0478209,movie,Metal: A Headbanger's Journey,2005,96,"Documentary,Music",8.0,12899
tt0478304,movie,The Tree of Life,2011,139,"Drama,Fantasy",6.8,192745
tt0478311,movie,Knocked Up,2007,129,"Comedy,Romance",6.9,400699
tt0478813,movie,The Trap,2007,106,"Crime,Drama,Thriller",7.9,10960
tt0478970,movie,Ant-Man,2015,117,"Action,Comedy,Sci-Fi",7.2,783725
tt0479143,movie,Rocky Balboa,2006,102,"Drama,Sport",7.1,243923
tt0479500,movie,Nancy Drew,2007,99,"Comedy,Crime,Family",5.9,22507
tt0479528,movie,Rogue,2007,99,"Action,Drama,Horror",6.2,36356
tt0479537,movie,Seraphim Falls,2006,115,"Action,Drama,Thriller",6.6,36811
tt0479647,movie,Bon Cop Bad Cop,2006,117,"Action,Comedy,Crime",6.7,13665
tt0479651,movie,Dasavatharam,2008,188,"Action,Adventure,Drama",7.3,11610
tt0479751,movie,Sivaji,2007,188,"Action,Crime,Drama",7.6,24009
tt0479884,movie,Crank,2006,88,"Action,Crime,Thriller",6.9,278227
tt0479952,movie,Madagascar: Escape 2 Africa,2008,89,"Adventure,Animation,Comedy",6.7,272572
tt0479968,movie,One Missed Call,2008,87,"Horror,Mystery",4.1,35407
tt0479997,movie,Season of the Witch,2011,95,"Action,Adventure,Fantasy",5.4,103002
tt0480025,movie,This Is England,2006,101,"Crime,Drama",7.7,135527
tt0480239,movie,Atlas Shrugged: Part I,2011,97,"Drama,Mystery,Sci-Fi",5.6,14818
tt0480242,movie,Dan in Real Life,2007,98,"Comedy,Drama,Romance",6.8,111246
tt0480249,movie,I Am Legend,2007,101,"Drama,Horror,Sci-Fi",7.2,881097
tt0480255,movie,The Losers,2010,97,"Action,Adventure,Comedy",6.2,111812
tt0480269,movie,Interview,2007,84,Drama,6.8,14236
tt0480271,movie,Van Wilder: The Rise of Taj,2006,97,"Comedy,Romance",4.8,24764
tt0480669,movie,Timecrimes,2007,92,"Horror,Mystery,Sci-Fi",7.1,75899
tt0480687,movie,Hall Pass,2011,105,"Comedy,Romance",5.9,136790
tt0481141,movie,No Reservations,2007,104,"Comedy,Drama,Romance",6.4,84430
tt0481369,movie,The Number 23,2007,98,"Crime,Mystery,Thriller",6.4,221795
tt0481499,movie,The Croods,2013,98,"Adventure,Animation,Comedy",7.1,252865
tt0481536,movie,Harold & Kumar Escape from Guantanamo Bay,2008,102,"Adventure,Comedy",6.5,146340
tt0481797,movie,Youth Without Youth,2007,124,"Drama,Fantasy,Mystery",6.1,14772
tt0482088,movie,Priceless,2006,106,"Comedy,Romance",7.0,34349
tt0482463,movie,Bella,2006,91,"Drama,Romance",7.0,11284
tt0482527,movie,It's a Boy Girl Thing,2006,95,"Comedy,Fantasy,Romance",6.2,44630
tt0482546,movie,Miss Potter,2006,88,"Biography,Drama,Romance",7.0,33985
tt0482571,movie,The Prestige,2006,130,"Drama,Mystery,Sci-Fi",8.5,1597089
tt0482572,movie,Pride and Glory,2008,130,"Crime,Drama,Thriller",6.6,65690
tt0482599,movie,Shutter,2008,85,"Horror,Mystery,Thriller",5.2,40061
tt0482603,movie,Space Chimps,2008,81,"Adventure,Animation,Comedy",4.5,13422
tt0482606,movie,The Strangers,2008,86,"Horror,Mystery,Thriller",6.1,157923
tt0482629,movie,The Ultimate Gift,2006,114,"Drama,Family,Romance",7.3,23314
tt0483607,movie,Doomsday,2008,105,"Action,Sci-Fi,Thriller",5.9,82483
tt0483726,movie,Man of the Year,2006,115,"Comedy,Drama,Romance",6.2,36916
tt0484562,movie,The Seeker: The Dark Is Rising,2007,99,"Adventure,Drama,Family",4.8,16245
tt0484740,movie,Love in the Time of Cholera,2007,139,"Drama,Romance",6.4,24886
tt0484877,movie,Wedding Daze,2006,91,"Comedy,Romance",5.6,19354
tt0485241,movie,"Don't Worry, I'm Fine",2006,92,Drama,7.3,11778
tt0485323,movie,Fullmetal Alchemist the Movie: Conqueror of Shamballa,2005,105,"Action,Adventure,Animation",7.3,12962
tt0485510,movie,Killing the Shadows,2006,135,"Comedy,Drama,History",7.5,14403
tt0485601,movie,The Secret of Kells,2009,75,"Adventure,Animation,Family",7.5,40998
tt0485851,movie,The Air I Breathe,2007,95,"Crime,Drama,Thriller",6.7,35537
tt0485947,movie,Mr. Nobody,2009,141,"Drama,Fantasy,Romance",7.7,258208
tt0485976,movie,Rob-B-Hood,2006,136,"Action,Adventure,Comedy",6.6,17114
tt0485985,movie,Red Tails,2012,125,"Action,Drama,History",5.9,38691
tt0486051,movie,Wind Chill,2007,91,"Adventure,Drama,Horror",5.8,28980
tt0486358,movie,Jesus Camp,2006,87,Documentary,7.4,29521
tt0486551,movie,Beerfest,2006,110,"Comedy,Sport",6.2,73771
tt0486576,movie,Fantastic Four: Rise of the Silver Surfer,2007,92,"Action,Adventure,Fantasy",5.6,300136
tt0486578,movie,First Sunday,2008,96,"Comedy,Crime,Drama",4.7,12591
tt0486583,movie,Fred Claus,2007,116,"Comedy,Family,Fantasy",5.7,51156
tt0486640,movie,Postal,2007,100,"Action,Comedy,Crime",4.5,25863
tt0486655,movie,Stardust,2007,127,"Adventure,Fantasy,Romance",7.6,299388
tt0486674,movie,What Just Happened,2008,104,"Comedy,Drama",5.6,29315
tt0486822,movie,Disturbia,2007,105,"Crime,Drama,Mystery",6.8,275130
tt0486946,movie,Wild Hogs,2007,100,"Action,Adventure,Comedy",5.9,128165
tt0488085,movie,Big Nothing,2006,86,"Comedy,Crime,Thriller",6.7,33128
tt0488120,movie,Fracture,2007,113,"Crime,Drama,Thriller",7.2,236952
tt0488414,movie,Omkara,2006,155,"Action,Crime,Drama",8.0,24012
tt0488478,movie,12,2007,159,"Crime,Drama,Thriller",7.5,15986
tt0488604,movie,The Oxford Murders,2008,108,"Crime,Mystery,Thriller",6.0,32041
tt0488658,movie,Unaccompanied Minors,2006,90,"Adventure,Comedy,Family",5.4,13131
tt0488798,movie,Welcome,2007,150,"Comedy,Crime,Drama",7.2,29866
tt0488988,movie,Chapter 27,2007,84,"Biography,Crime,Drama",5.6,12066
tt0489037,movie,Who Killed the Electric Car?,2006,92,Documentary,7.6,12937
tt0489049,movie,Fanboys,2009,90,"Adventure,Comedy,Crime",6.5,63266
tt0489099,movie,Jumper,2008,88,"Action,Adventure,Sci-Fi",6.1,338517
tt0489235,movie,My Name Is Bruce,2007,84,"Comedy,Fantasy,Horror",6.1,26254
tt0489237,movie,The Nanny Diaries,2007,105,"Comedy,Drama,Romance",6.2,67844
tt0489270,movie,Saw III,2006,108,"Horror,Mystery,Thriller",6.2,229005
tt0489281,movie,Stop-Loss,2008,112,"Drama,War",6.4,21577
tt0489282,movie,Strange Wilderness,2008,87,"Adventure,Comedy",5.2,23820
tt0489327,movie,Venus,2006,95,"Comedy,Drama,Romance",7.0,13858
tt0489664,movie,Shattered,2007,95,"Crime,Drama,Thriller",6.6,35139
tt0490076,movie,All the Boys Love Mandy Lane,2006,90,"Horror,Mystery,Thriller",5.5,36129
tt0490084,movie,Because I Said So,2007,102,"Comedy,Romance",5.6,42294
tt0490086,movie,Big Stan,2007,105,"Action,Comedy",6.2,52781
tt0490181,movie,Mutant Chronicles,2008,100,"Action,Adventure,Mystery",5.2,27783
tt0490204,movie,Reign Over Me,2007,124,Drama,7.4,104815
tt0490215,movie,Silence,2016,161,"Drama,History",7.2,134848
tt0491152,movie,Something Borrowed,2011,112,"Comedy,Drama,Romance",5.8,67650
tt0491175,movie,Suburbicon,2017,105,"Comedy,Crime,Drama",5.8,50035
tt0491203,movie,Tulip Fever,2017,105,"Drama,History,Romance",6.2,24643
tt0491747,movie,Away from Her,2006,110,Drama,7.5,23825
tt0492044,movie,The Haunting in Connecticut,2009,92,"Drama,Horror,Mystery",5.9,68140
tt0492389,movie,Furry Vengeance,2010,92,"Comedy,Family",3.9,19250
tt0492486,movie,Shrooms,2007,84,"Comedy,Horror,Mystery",4.6,18563
tt0492619,movie,The Foot Fist Way,2006,85,Comedy,6.2,14378
tt0492956,movie,The Game Plan,2007,110,"Comedy,Family,Sport",6.2,104168
tt0493264,movie,Valley of the Wolves: Iraq,2006,122,"Action,Drama,War",5.7,19523
tt0493405,movie,CHIPS,2017,100,"Action,Comedy,Crime",6.0,54211
tt0493430,movie,Jackass Number Two,2006,92,"Action,Comedy,Documentary",7.0,83663
tt0493459,movie,This Film Is Not Yet Rated,2006,98,Documentary,7.4,28900
tt0493464,movie,Wanted,2008,110,"Action,Crime,Thriller",6.7,429448
tt0493949,movie,Ramona and Beezus,2010,103,"Comedy,Drama,Family",6.5,21222
tt0494222,movie,Eagle vs Shark,2007,88,"Comedy,Romance",6.7,27670
tt0494238,movie,Inkheart,2008,106,"Adventure,Family,Fantasy",6.1,85665
tt0494271,movie,The Unknown Woman,2006,118,"Drama,Mystery,Thriller",7.4,16851
tt0494290,movie,Vivah,2006,160,"Drama,Family,Musical",6.7,12205
tt0494652,movie,"Welcome Home, Roscoe Jenkins",2008,114,"Comedy,Romance",5.6,16866
tt0494834,movie,Silk,2007,107,"Drama,Romance",5.8,12073
tt0495034,movie,Golmaal: Fun Unlimited,2006,150,"Action,Comedy,Drama",7.5,21724
tt0495596,movie,Tales from Earthsea,2006,115,"Adventure,Animation,Fantasy",6.3,48721
tt0496436,movie,White Noise 2: The Light,2007,99,"Drama,Fantasy,Horror",5.7,14264
tt0496806,movie,Ocean's Thirteen,2007,122,"Crime,Thriller",6.9,388183
tt0497116,movie,An Inconvenient Truth,2006,96,Documentary,7.4,87013
tt0497137,movie,"I'm a Cyborg, But That's OK",2006,107,"Comedy,Drama,Romance",6.9,27435
tt0497323,movie,Anamorph,2007,103,"Crime,Horror,Thriller",5.5,10088
tt0497465,movie,Vicky Cristina Barcelona,2008,96,"Comedy,Drama,Romance",7.1,281274
tt0497915,movie,Gunda,1998,129,"Action,Comedy,Crime",7.3,11263
tt0497972,movie,Sex and Death 101,2007,117,"Comedy,Drama,Fantasy",5.9,11948
tt0497986,movie,Time,2006,97,"Drama,Mystery,Romance",7.1,13336
tt0498097,movie,Climates,2006,98,Drama,7.1,15233
tt0498353,movie,Hostel: Part II,2007,94,Horror,5.5,102369
tt0498380,movie,Letters from Iwo Jima,2006,141,"Action,Adventure,Drama",7.8,177439
tt0498381,movie,Rings,2017,102,"Drama,Horror,Mystery",4.5,46003
tt0498399,movie,We Own the Night,2007,117,"Crime,Drama,Thriller",6.8,96736
tt0499097,movie,Without Remorse,2021,109,"Action,Drama,Thriller",5.8,71550
tt0499262,movie,Takva: A Man's Fear of God,2006,96,Drama,7.4,14833
tt0499375,movie,Guru,2007,166,Drama,7.7,26342
tt0499448,movie,The Chronicles of Narnia: Prince Caspian,2008,150,"Action,Adventure,Family",6.5,240155
tt0499487,movie,Goal! III,2009,96,"Drama,Romance,Sport",3.2,13726
tt0499549,movie,Avatar,2009,162,"Action,Adventure,Fantasy",7.9,1504153
tt0499554,movie,Reno 911!: Miami,2007,84,"Comedy,Crime",5.9,28750
tt0499556,movie,War,2007,103,"Action,Thriller",6.2,101617
tt0499603,movie,10 Items or Less,2006,82,"Comedy,Drama",6.5,17185
tt0756683,movie,The Man from Earth,2007,87,"Drama,Fantasy,Mystery",7.8,219362
tt0757361,movie,Margot at the Wedding,2007,91,"Comedy,Drama",6.0,23530
tt0758730,movie,Aliens vs. Predator: Requiem,2007,94,"Action,Horror,Sci-Fi",4.6,147392
tt0758742,movie,Death Note,2006,126,"Crime,Drama,Fantasy",7.5,33422
tt0758746,movie,Friday the 13th,2009,97,"Horror,Mystery,Thriller",5.5,127136
tt0758752,movie,Love & Other Drugs,2010,112,"Comedy,Drama,Romance",6.7,253218
tt0758758,movie,Into the Wild,2007,148,"Adventure,Biography,Drama",8.0,696846
tt0758766,movie,Music and Lyrics,2007,104,"Comedy,Music,Romance",6.5,111711
tt0758771,movie,Outlaw,2007,103,"Action,Crime,Drama",5.7,13090
tt0758774,movie,Body of Lies,2008,128,"Action,Drama,Thriller",7.0,251090
tt0758786,movie,Stuck,2007,85,"Comedy,Crime,Drama",6.4,10828
tt0758794,movie,We Are Marshall,2006,131,"Drama,Sport",7.1,67979
tt0760311,movie,He Was a Quiet Man,2007,100,"Drama,Romance,Thriller",6.7,23864
tt0760329,movie,The Water Horse,2007,112,"Adventure,Family,Fantasy",6.4,44859
tt0762073,movie,Thirst,2009,134,"Drama,Fantasy,Horror",7.1,55339
tt0762107,movie,I Now Pronounce You Chuck & Larry,2007,115,"Comedy,Romance",5.9,161462
tt0762114,movie,License to Wed,2007,91,"Comedy,Romance",5.3,42581
tt0762121,movie,The Nativity Story,2006,101,"Adventure,Drama,Family",6.8,12242
tt0762125,movie,Planet 51,2009,91,"Adventure,Animation,Comedy",6.0,62211
tt0762138,movie,Syrup,2013,90,"Comedy,Drama,Romance",5.6,12804
tt0763831,movie,A Thousand Words,2012,91,"Comedy,Drama,Fantasy",5.9,47703
tt0763840,movie,Home of the Brave,2006,106,"Action,Drama,War",5.6,11640
tt0765010,movie,Brothers,2009,105,"Drama,Thriller,War",7.1,173999
tt0765120,movie,My Blueberry Nights,2007,95,"Drama,Romance",6.6,58870
tt0765128,movie,Oceans,2008,84,Documentary,7.7,10223
tt0765429,movie,American Gangster,2007,157,"Biography,Crime,Drama",7.8,489182
tt0765432,movie,The Baader Meinhof Complex,2008,150,"Action,Biography,Crime",7.3,41762
tt0765443,movie,Eastern Promises,2007,100,"Crime,Drama,Thriller",7.6,278335
tt0765446,movie,Escape from Planet Earth,2013,89,"Adventure,Animation,Comedy",5.8,28106
tt0765447,movie,Evening,2007,117,"Drama,Romance",6.4,14443
tt0765476,movie,Meet Dave,2008,90,"Adventure,Comedy,Family",5.1,46344
tt0765833,movie,Happy Days,1978,95,"Comedy,Drama",8.7,13055
tt0768212,movie,The Last Mimzy,2007,90,"Action,Adventure,Drama",6.2,22920
tt0770703,movie,What's Your Number?,2011,106,"Comedy,Romance",6.1,92142
tt0770752,movie,Fool's Gold,2008,112,"Action,Adventure,Comedy",5.7,90270
tt0770772,movie,I Think I Love My Wife,2007,90,"Comedy,Drama,Romance",5.5,17971
tt0770802,movie,Samsara,2011,102,"Documentary,Music",8.4,40039
tt0770828,movie,Man of Steel,2013,143,"Action,Adventure,Sci-Fi",7.1,869948
tt0772193,movie,Primeval,2007,93,"Action,Adventure,Crime",4.8,15974
tt0775440,movie,Cell,2016,98,"Action,Adventure,Horror",4.5,33153
tt0775489,movie,The Illusionist,2010,80,"Animation,Drama",7.4,37737
tt0775529,movie,The Savages,2007,114,"Comedy,Drama",7.1,39860
tt0775539,movie,Stomp the Yard,2007,115,"Drama,Music,Romance",5.5,24278
tt0775552,movie,Aliens in the Attic,2009,86,"Adventure,Comedy,Family",5.5,26229
tt0779982,movie,Black Sheep,2006,87,"Comedy,Horror,Sci-Fi",5.8,43649
tt0780504,movie,Drive,2011,100,"Action,Drama",7.8,766816
tt0780511,movie,Everybody's Fine,2009,99,"Adventure,Drama",7.1,67747
tt0780516,movie,Flawless,2007,108,"Crime,Drama,Thriller",6.7,28487
tt0780521,movie,The Princess and the Frog,2009,97,"Adventure,Animation,Comedy",7.2,188166
tt0780534,movie,My Mom's New Boyfriend,2008,119,"Comedy,Crime,Romance",5.3,12980
tt0780536,movie,In Bruges,2008,107,"Comedy,Crime,Drama",7.9,495143
tt0780548,movie,Kid Cannabis,2014,110,"Biography,Comedy,Crime",6.4,11052
tt0780567,movie,Imagine That,2009,107,"Comedy,Drama,Family",5.6,16624
tt0780571,movie,Mr. Brooks,2007,120,"Crime,Drama,Mystery",7.2,163925
tt0780583,movie,Flight of the Living Dead,2007,89,"Horror,Sci-Fi",5.1,10027
tt0780607,movie,The Signal,2007,103,"Horror,Sci-Fi,Thriller",6.0,22580
tt0780608,movie,Smiley Face,2007,85,Comedy,5.9,21061
tt0780622,movie,Teeth,2007,94,"Comedy,Fantasy,Horror",5.4,49689
tt0780653,movie,The Wolfman,2010,103,"Drama,Fantasy,Horror",5.9,117909
tt0783233,movie,Atonement,2007,123,"Drama,Mystery,Romance",7.8,330704
tt0783238,movie,The Dead Girl,2006,85,"Crime,Drama,Mystery",6.5,17170
tt0783532,movie,Gangster's Paradise: Jerusalema,2008,119,"Action,Crime,Drama",7.3,11104
tt0783598,movie,Until Death,2007,101,"Crime,Drama,Thriller",5.7,10686
tt0783640,movie,The Last Full Measure,2019,116,"Drama,War",6.8,15458
tt0784972,movie,The Brothers Solomon,2007,93,Comedy,5.3,11873
tt0785006,movie,Hotel for Dogs,2009,100,"Comedy,Family",5.5,26588
tt0785007,movie,Over Her Dead Body,2008,95,"Comedy,Fantasy,Romance",5.3,26335
tt0785035,movie,Ong Bak 2,2008,98,Action,6.2,33215
tt0785077,movie,Who's Your Caddy?,2007,93,"Comedy,Sport",2.3,15831
tt0787470,movie,Balls Out: Gary the Tennis Coach,2009,92,"Comedy,Sport",5.4,10653
tt0787474,movie,The Boxtrolls,2014,96,"Adventure,Animation,Comedy",6.8,65241
tt0787475,movie,Hot Rod,2007,88,"Comedy,Sport",6.7,99669
tt0787523,movie,Towelhead,2007,124,Drama,6.9,12340
tt0787524,movie,The Man Who Knew Infinity,2015,108,"Biography,Drama",7.2,67112
tt0790604,movie,Deck the Halls,2006,93,"Comedy,Family",5.1,39159
tt0790623,movie,Meet Bill,2007,93,"Comedy,Drama",6.2,21865
tt0790628,movie,The Incredible Burt Wonderstone,2013,100,Comedy,5.9,78427
tt0790636,movie,Dallas Buyers Club,2013,117,"Biography,Drama",7.9,550020
tt0790686,movie,Mirrors,2008,110,"Horror,Mystery",6.1,119649
tt0790712,movie,The Messenger,2009,113,"Drama,Romance,War",7.1,38607
tt0790724,movie,Jack Reacher,2012,130,"Action,Thriller",7.0,392964
tt0790736,movie,R.I.P.D.,2013,96,"Action,Adventure,Comedy",5.6,151907
tt0790770,movie,Miles Ahead,2015,100,"Biography,Drama,Music",6.4,11050
tt0790804,movie,The Comebacks,2007,84,"Comedy,Sport",4.3,12374
tt0791304,movie,Georgia Rule,2007,113,"Comedy,Drama",5.9,29300
tt0792965,movie,Hunting and Gathering,2007,97,"Drama,Romance",6.7,12993
tt0795351,movie,Case 39,2009,109,"Horror,Mystery,Thriller",6.2,99711
tt0795368,movie,Death at a Funeral,2007,90,Comedy,7.3,128386
tt0795421,movie,Mamma Mia!,2008,108,"Comedy,Musical,Romance",6.5,308057
tt0795434,movie,Namastey London,2007,128,"Comedy,Drama,Romance",7.1,24270
tt0795441,movie,Winter in Wartime,2008,103,"Drama,History,War",7.0,14148
tt0795461,movie,Scary Movie 5,2013,86,"Comedy,Horror",3.6,86043
tt0795493,movie,Cassandra's Dream,2007,108,"Crime,Drama,Romance",6.6,55475
tt0796212,movie,Exiled,2006,110,"Action,Crime,Drama",7.2,10372
tt0796302,movie,The Babysitters,2007,88,Drama,5.6,13954
tt0796366,movie,Star Trek,2009,127,"Action,Adventure,Sci-Fi",7.9,639312
tt0796368,movie,Talk to Me,2007,118,"Biography,Drama,History",7.3,10588
tt0796375,movie,You Kill Me,2007,93,"Comedy,Crime,Romance",6.4,19451
tt0798817,movie,13,2010,91,"Crime,Drama,Thriller",6.0,46025
tt0799934,movie,Be Kind Rewind,2008,102,Comedy,6.4,96612
tt0799949,movie,Epic Movie,2007,86,"Adventure,Comedy,Fantasy",2.5,113964
tt0799954,movie,The Bridge,2006,94,"Documentary,Drama",7.2,12846
tt0800003,movie,Delta Farce,2007,90,"Action,Adventure,Comedy",3.7,11810
tt0800027,movie,Feast of Love,2007,97,"Drama,Romance",6.5,17669
tt0800039,movie,Forgetting Sarah Marshall,2008,111,"Comedy,Drama,Romance",7.1,320687
tt0800069,movie,The Hills Have Eyes 2,2007,89,"Horror,Thriller",5.1,71513
tt0800080,movie,The Incredible Hulk,2008,112,"Action,Sci-Fi",6.6,567250
tt0800240,movie,Deception,2008,107,"Crime,Drama,Mystery",6.0,42255
tt0800241,movie,Transsiberian,2008,111,"Crime,Drama,Mystery",6.6,56668
tt0800308,movie,Appaloosa,2008,115,"Crime,Drama,Romance",6.7,68155
tt0800320,movie,Clash of the Titans,2010,106,"Action,Adventure,Fantasy",5.8,305795
tt0800325,movie,The Dirt,2019,107,"Biography,Comedy,Drama",7.0,60960
tt0800369,movie,Thor,2011,115,"Action,Fantasy",7.0,970073
tt0800956,movie,Life in a Metro,2007,132,"Comedy,Drama,Musical",7.4,15205
tt0802948,movie,An American Crime,2007,98,"Biography,Crime,Drama",7.2,39945
tt0803057,movie,The Promotion,2008,86,Comedy,5.6,20716
tt0803061,movie,Red Dog,2011,92,"Biography,Comedy,Drama",7.3,21076
tt0803096,movie,Warcraft,2016,123,"Action,Adventure,Fantasy",6.7,296443
tt0804452,movie,Bratz,2007,110,"Comedy,Family,Music",3.2,21056
tt0804461,movie,Death Sentence,2007,105,"Action,Crime,Thriller",6.7,78024
tt0804463,movie,Devil's Knot,2013,114,"Biography,Crime,Drama",6.1,25701
tt0804492,movie,The Hottie & the Nottie,2008,91,"Comedy,Romance",2.0,38491
tt0804497,movie,It's Kind of a Funny Story,2010,101,"Comedy,Drama,Romance",7.1,152059
tt0804505,movie,Married Life,2007,91,"Biography,Crime,Drama",6.2,10182
tt0804507,movie,Mother of Tears,2007,102,"Drama,Horror,Thriller",5.0,11934
tt0804516,movie,P2,2007,98,"Crime,Horror,Thriller",5.9,39246
tt0804522,movie,Rendition,2007,122,"Drama,Thriller",6.8,59943
tt0804540,movie,Taxi 4,2007,91,"Action,Comedy,Crime",5.6,33222
tt0805184,movie,Bhagam Bhag,2006,157,"Comedy,Drama,Mystery",6.8,17768
tt0805526,movie,Facing the Giants,2006,111,"Drama,Sport",6.5,19284
tt0805564,movie,Lars and the Real Girl,2007,106,"Comedy,Drama,Romance",7.3,168689
tt0805570,movie,The Midnight Meat Train,2008,100,"Horror,Mystery,Thriller",6.0,75732
tt0805647,movie,The Witches,2020,106,"Adventure,Family,Fantasy",5.4,52051
tt0806027,movie,Blood: The Last Vampire,2009,91,"Action,Adventure,Fantasy",5.3,15600
tt0806088,movie,Heyy Babyy,2007,144,"Comedy,Drama",6.1,17857
tt0806147,movie,Extreme Movie,2008,86,Comedy,3.7,12011
tt0806165,movie,The Ramen Girl,2008,102,"Comedy,Drama,Romance",6.3,12103
tt0806203,movie,Carriers,2009,84,"Adventure,Drama,Horror",5.9,53308
tt0807758,movie,Partner,2007,155,"Comedy,Drama,Romance",5.9,15117
tt0808151,movie,Angels & Demons,2009,138,"Mystery,Thriller",6.7,326684
tt0808185,movie,The Bothersome Man,2006,95,"Comedy,Drama,Fantasy",7.2,19112
tt0808240,movie,Turks in Space,2006,110,"Action,Comedy,Sci-Fi",1.6,17024
tt0808244,movie,Easy Virtue,2008,97,"Comedy,Romance",6.6,23412
tt0808276,movie,Cold Prey,2006,97,"Horror,Thriller",6.2,21181
tt0808279,movie,Funny Games,2007,111,"Crime,Drama,Thriller",6.5,110603
tt0808331,movie,Joshua,2007,106,"Drama,Horror,Thriller",5.8,13944
tt0808339,movie,The Heir Apparent: Largo Winch,2008,108,"Action,Thriller",6.4,15640
tt0808357,movie,"Lust, Caution",2007,157,"Drama,History,Romance",7.5,47991
tt0808399,movie,"New York, I Love You",2008,103,"Comedy,Drama,Romance",6.2,50108
tt0808417,movie,Persepolis,2007,96,"Animation,Biography,Drama",8.0,106455
tt0808506,movie,The Girl Who Leapt Through Time,2006,98,"Adventure,Animation,Comedy",7.6,76206
tt0808510,movie,Tooth Fairy,2010,101,"Comedy,Family,Fantasy",5.1,53545
tt0809504,movie,The Accidental Husband,2008,90,"Comedy,Romance",5.6,26866
tt0810784,movie,Bright Star,2009,119,"Biography,Drama,Romance",6.9,29907
tt0810819,movie,The Danish Girl,2015,119,"Biography,Drama",7.1,206726
tt0810823,movie,The Deaths of Ian Stone,2007,87,"Horror,Thriller",5.5,13547
tt0810827,movie,Death Note: The Last Name,2006,141,"Adventure,Crime,Drama",7.1,18542
tt0810913,movie,Jack and Jill,2011,91,"Comedy,Family",3.3,96416
tt0810922,movie,Take Me Home Tonight,2011,97,"Comedy,Drama,Romance",6.3,57790
tt0810988,movie,The Nines,2007,100,"Drama,Fantasy,Mystery",6.2,35365
tt0811066,movie,Shootout at Lokhandwala,2007,122,"Action,Crime,Drama",7.1,11662
tt0811080,movie,Speed Racer,2008,135,"Action,Adventure,Comedy",6.1,84393
tt0811106,movie,The Ten,2007,96,"Comedy,Romance",4.9,17446
tt0811138,movie,The Love Guru,2008,87,"Comedy,Romance,Sport",3.8,57026
tt0812243,movie,Ex Drummer,2007,100,"Comedy,Crime,Drama",6.9,11590
tt0813547,movie,The Counterfeiters,2007,99,"Crime,Drama,History",7.5,48656
tt0814022,movie,Bangkok Dangerous,2008,99,"Action,Crime,Thriller",5.3,59707
tt0814075,movie,Deliver Us from Evil,2006,101,"Crime,Documentary",7.9,11334
tt0814255,movie,Percy Jackson & the Olympians: The Lightning Thief,2010,118,"Adventure,Family,Fantasy",5.9,216352
tt0814314,movie,Seven Pounds,2008,123,"Drama,Mystery,Thriller",7.6,326500
tt0814335,movie,The Stepfather,2009,101,"Mystery,Thriller",5.6,42525
tt0814685,movie,Frontier(s),2007,108,Horror,6.2,30994
tt0815178,movie,The Life Before Her Eyes,2007,90,"Drama,Fantasy,Mystery",6.2,15350
tt0815236,movie,She's Out of My League,2010,104,"Comedy,Romance",6.4,153539
tt0815241,movie,Religulous,2008,101,"Comedy,Documentary,War",7.6,60767
tt0815244,movie,Sydney White,2007,108,"Comedy,Drama,Romance",6.2,54928
tt0815245,movie,The Uninvited,2009,87,"Drama,Fantasy,Horror",6.3,89495
tt0816258,movie,Pokiri,2006,164,"Action,Crime,Thriller",8.0,17030
tt0816436,movie,Black Water,2007,90,"Adventure,Drama,Horror",5.8,17361
tt0816442,movie,The Book Thief,2013,131,"Drama,War",7.5,147940
tt0816462,movie,Conan the Barbarian,2011,113,"Action,Adventure,Fantasy",5.2,106121
tt0816556,movie,Lake Mungo,2008,87,"Drama,Horror,Mystery",6.2,38434
tt0816692,movie,Interstellar,2014,169,"Adventure,Drama,Sci-Fi",8.7,2551678
tt0816711,movie,World War Z,2013,116,"Action,Adventure,Horror",7.0,787164
tt0817177,movie,Flipped,2010,90,"Comedy,Drama,Romance",7.6,108866
tt0817225,movie,Secret Sunshine,2007,142,Drama,7.5,10809
tt0817230,movie,Valentine's Day,2010,125,"Comedy,Romance",5.8,131220
tt0817538,movie,Drillbit Taylor,2008,110,"Action,Comedy,Crime",5.7,64541
tt0819714,movie,The Edge of Love,2008,110,"Biography,Drama,Romance",6.1,20007
tt0821640,movie,Ghosts of Girlfriends Past,2009,100,"Comedy,Fantasy,Romance",5.8,100135
tt0821642,movie,The Soloist,2009,117,"Biography,Drama,Music",6.7,56848
tt0822832,movie,Marley & Me,2008,115,"Drama,Family",7.0,176086
tt0822847,movie,Priest,2011,87,"Action,Fantasy,Horror",5.7,130147
tt0822854,movie,Shooter,2007,124,"Action,Drama,Thriller",7.2,377082
tt0824747,movie,Changeling,2008,141,"Biography,Crime,Drama",7.7,275580
tt0824758,movie,The Last Station,2009,112,"Biography,Drama,Romance",6.9,19845
tt0825232,movie,The Bucket List,2007,97,"Adventure,Comedy,Drama",7.3,273396
tt0825236,movie,Caramel,2007,95,"Comedy,Drama,Romance",7.1,15326
tt0826631,movie,Exam,2006,120,"Comedy,Drama",6.7,12661
tt0827503,movie,The Magician,2006,122,"Comedy,Drama",7.4,36671
tt0827517,movie,Reprise,2006,105,Drama,7.3,18189
tt0829150,movie,Dracula Untold,2014,92,"Action,Drama,Fantasy",6.2,223449
tt0829297,movie,Ten Inch Hero,2007,102,"Comedy,Drama,Romance",7.3,14521
tt0829459,movie,A Mighty Heart,2007,108,"Biography,Drama,History",6.6,28755
tt0829482,movie,Superbad,2007,113,Comedy,7.6,697512
tt0830515,movie,Quantum of Solace,2008,106,"Action,Adventure,Mystery",6.5,499812
tt0830558,movie,The Girl Next Door,2007,91,"Crime,Drama,Horror",6.4,32248
tt0830570,movie,I Can't Think Straight,2008,82,"Drama,Romance",6.4,10230
tt0831387,movie,Godzilla,2014,123,"Action,Adventure,Sci-Fi",6.4,465966
tt0831884,movie,Reservation Road,2007,102,"Crime,Drama,Thriller",6.6,26019
tt0831887,movie,The Spirit,2008,103,"Action,Crime,Fantasy",4.8,64362
tt0831888,movie,Tekkonkinkreet,2006,111,"Action,Adventure,Animation",7.5,15674
tt0832266,movie,"Definitely, Maybe",2008,112,"Comedy,Drama,Romance",7.1,182070
tt0833553,movie,Ta Ra Rum Pum,2007,153,"Comedy,Drama,Family",5.9,10023
tt0834001,movie,Underworld: Rise of the Lycans,2009,92,"Action,Fantasy,Thriller",6.5,175512
tt0837106,movie,Arn: The Knight Templar,2007,139,"Action,Drama,Romance",6.6,24263
tt0837562,movie,Hotel Transylvania,2012,91,"Animation,Comedy,Family",7.1,315965
tt0837563,movie,Pet Sematary,2019,100,"Horror,Mystery,Thriller",5.7,105813
tt0838221,movie,The Darjeeling Limited,2007,91,"Adventure,Comedy,Drama",7.2,236187
tt0838232,movie,The Pink Panther 2,2009,92,"Action,Adventure,Comedy",5.6,51978
tt0838247,movie,After.Life,2009,104,"Drama,Mystery,Thriller",5.9,43097
tt0838283,movie,Step Brothers,2008,98,Comedy,6.9,342600
tt0839980,movie,Semi-Pro,2008,91,"Comedy,Sport",5.8,89597
tt0839995,movie,Superman II: The Richard Donner Cut,2006,115,"Action,Adventure,Romance",7.5,21693
tt0840322,movie,Forever Strong,2008,112,"Drama,Sport",7.1,11570
tt0840361,movie,The Town,2010,125,"Crime,Drama,Thriller",7.5,449402
tt0841044,movie,Two Days in Paris,2007,96,"Comedy,Drama,Romance",6.7,32692
tt0841046,movie,Walk Hard: The Dewey Cox Story,2007,96,"Comedy,Music",6.9,81955
tt0842926,movie,The Kids Are All Right,2010,106,"Comedy,Drama,Romance",7.0,137580
tt0842929,movie,Paranoid Park,2007,85,"Crime,Drama,Mystery",6.6,33027
tt0843326,movie,Bommarillu,2006,170,"Comedy,Drama,Romance",8.2,10944
tt0844286,movie,The Brothers Bloom,2008,114,"Action,Adventure,Comedy",6.7,54179
tt0844457,movie,North Face,2008,126,"Adventure,Biography,Drama",7.4,17141
tt0844471,movie,Cloudy with a Chance of Meatballs,2009,90,"Adventure,Animation,Comedy",6.9,286988
tt0844479,movie,The Collector,2009,90,"Horror,Thriller",6.3,79956
tt0844671,movie,College,2008,94,Comedy,4.6,12882
tt0844708,movie,The Last House on the Left,2009,113,"Horror,Thriller",6.5,108614
tt0844993,movie,Hoodwinked Too! Hood vs. Evil,2011,86,"Adventure,Animation,Comedy",4.7,14955
tt0845046,movie,Son of Rambow,2007,96,"Action,Adventure,Comedy",7.0,33747
tt0845439,movie,Fireworks Wednesday,2006,102,"Drama,Mystery,Romance",7.6,14824
tt0845448,movie,Dhamaal,2007,136,"Action,Adventure,Comedy",7.6,22798
tt0847880,movie,Cargo 200,2007,89,"Crime,Drama,Thriller",7.1,13933
tt0848228,movie,The Avengers,2012,143,"Action,Sci-Fi",8.0,1563976
tt0848537,movie,Epic,2013,102,"Action,Adventure,Animation",6.6,114738
tt0848557,movie,Diary of the Dead,2007,95,"Fantasy,Horror,Sci-Fi",5.5,51197
tt0850253,movie,Battle in Seattle,2007,98,"Action,Drama,History",6.6,15561
tt0851577,movie,The Island,2006,112,"Comedy,Drama",7.8,13335
tt0851578,movie,Paprika,2006,90,"Animation,Drama,Fantasy",7.7,113983
tt0852713,movie,The House Bunny,2008,97,Comedy,5.6,96458
tt0854678,movie,Taxi to the Dark Side,2007,106,"Crime,Documentary,History",7.4,17747
tt0856288,movie,Inside,2007,82,Horror,6.7,48686
tt0857190,movie,The Sweeney,2012,112,"Action,Crime,Drama",6.1,21181
tt0857191,movie,The Visitor,2007,104,Drama,7.6,46360
tt0857265,movie,Sleuth,2007,88,"Crime,Drama,Mystery",6.3,33954
tt0857376,movie,Gabriel,2007,114,"Action,Drama,Fantasy",5.5,14613
tt0858479,movie,Smart People,2008,95,"Comedy,Drama,Romance",6.1,23703
tt0858486,movie,Battle for Terra,2007,85,"Action,Adventure,Animation",6.5,12572
tt0859163,movie,The Mummy: Tomb of the Dragon Emperor,2008,112,"Action,Adventure,Fantasy",5.2,180983
tt0859635,movie,Super Troopers 2,2018,99,"Comedy,Crime,Mystery",6.0,30197
tt0860906,movie,Evangelion: 2.0 You Can (Not) Advance,2009,108,"Action,Animation,Drama",7.9,28974
tt0860907,movie,Evangelion: 3.0 You Can (Not) Redo,2012,96,"Action,Animation,Drama",6.9,22080
tt0861689,movie,Blindness,2008,121,"Drama,Mystery,Thriller",6.5,77272
tt0861739,movie,Elite Squad,2007,115,"Action,Crime,Drama",8.0,120028
tt0862467,movie,Valhalla Rising,2009,93,"Adventure,Drama,Fantasy",6.0,66745
tt0862846,movie,Sunshine Cleaning,2008,91,"Comedy,Drama",6.8,76241
tt0862856,movie,Trick 'r Treat,2007,82,"Comedy,Horror",6.7,114688
tt0864761,movie,The Duchess,2008,110,"Biography,Drama,History",6.9,91148
tt0864835,movie,Mr. Peabody & Sherman,2014,92,"Adventure,Animation,Comedy",6.8,84620
tt0865554,movie,The Informers,2008,98,"Crime,Drama,Thriller",4.9,18099
tt0865556,movie,The Forbidden Kingdom,2008,104,"Action,Adventure,Fantasy",6.5,113722
tt0865559,movie,My Life in Ruins,2009,95,"Comedy,Romance",6.0,21564
tt0866437,movie,The Jane Austen Book Club,2007,106,"Comedy,Drama,Romance",6.7,29964
tt0866439,movie,Made of Honor,2008,101,"Comedy,Romance",5.9,80933
tt0869977,movie,Water Lilies,2007,85,"Drama,Romance",6.7,15390
tt0869994,movie,Paris,2008,130,"Comedy,Drama,Romance",6.8,13234
tt0870090,movie,City of Men,2007,106,"Crime,Drama",7.2,16954
tt0870111,movie,Frost/Nixon,2008,122,"Biography,Drama,History",7.6,116104
tt0870154,movie,Jungle Cruise,2021,127,"Action,Adventure,Comedy",6.5,228224
tt0870984,movie,Antichrist,2009,108,"Drama,Horror,Thriller",6.5,145390
tt0871426,movie,Baby Mama,2008,99,"Comedy,Romance",6.0,49733
tt0871510,movie,Chak De! India,2007,153,"Drama,Family,Sport",8.1,92196
tt0872230,movie,My Soul to Take,2010,107,"Horror,Mystery,Thriller",4.8,22640
tt0873886,movie,Red State,2011,88,"Action,Horror,Thriller",6.1,70154
tt0875034,movie,Nine,2009,118,"Drama,Musical,Romance",5.8,46598
tt0875113,movie,99 Francs,2007,100,"Comedy,Drama",7.1,21785
tt0875595,movie,Destiny,2006,103,Drama,7.7,20696
tt0876563,movie,Ponyo,2008,101,"Adventure,Animation,Comedy",7.6,186854
tt0878695,movie,Murder Party,2007,79,"Comedy,Horror",5.8,13006
tt0878804,movie,The Blind Side,2009,129,"Biography,Drama,Sport",7.6,388782
tt0878835,movie,Please Give,2010,87,"Comedy,Drama",6.6,11998
tt0879843,movie,Katyn,2007,121,"Drama,History,War",7.0,18317
tt0879870,movie,Eat Pray Love,2010,133,"Biography,Comedy,Drama",5.9,114357
tt0880502,movie,The Edge of Heaven,2007,116,Drama,7.7,35574
tt0880578,movie,Untraceable,2008,101,"Crime,Mystery,Thriller",6.2,54839
tt0881320,movie,Sanctum,2011,108,"Action,Adventure,Drama",5.9,58751
tt0881891,movie,All About Steve,2009,99,"Comedy,Romance",4.8,46326
tt0882977,movie,Snitch,2013,112,"Action,Drama,Thriller",6.4,96079
tt0884224,movie,"War, Inc.",2008,107,"Action,Comedy,Thriller",5.5,23088
tt0884328,movie,The Mist,2007,126,"Horror,Sci-Fi,Thriller",7.1,376540
tt0884732,movie,The Wedding Ringer,2015,101,"Comedy,Romance",6.6,85169
tt0886539,movie,Luck by Chance,2009,156,Drama,7.1,11869
tt0887261,movie,Hellraiser,2022,121,"Horror,Mystery,Thriller",5.9,55911
tt0887883,movie,Burn After Reading,2008,96,"Comedy,Crime,Drama",7.0,377689
tt0887912,movie,The Hurt Locker,2008,131,"Drama,Thriller,War",7.5,497579
tt0889573,movie,The Switch,2010,101,"Comedy,Drama,Romance",6.1,117866
tt0889583,movie,Brüno,2009,81,Comedy,5.9,158954
tt0889588,movie,The Children of Huang Shi,2008,125,"Drama,War",7.0,10247
tt0890870,movie,Saw IV,2007,93,"Horror,Mystery,Thriller",5.9,177447
tt0891527,movie,Lions for Lambs,2007,92,"Crime,Drama,Mystery",6.2,56859
tt0891592,movie,Street Fighter: The Legend of Chun-Li,2009,96,"Action,Crime,Fantasy",3.7,26349
tt0892255,movie,Che: Part One,2008,134,"Biography,Drama,History",7.1,49867
tt0892318,movie,Letters to Juliet,2010,105,"Adventure,Comedy,Drama",6.5,114648
tt0892767,movie,Horsemen,2009,90,"Crime,Mystery,Thriller",5.5,25804
tt0892769,movie,How to Train Your Dragon,2010,98,"Action,Adventure,Animation",8.1,899137
tt0892782,movie,Monsters vs. Aliens,2009,94,"Action,Adventure,Animation",6.4,189476
tt0892791,movie,Shrek Forever After,2010,93,"Adventure,Animation,Comedy",6.3,247207
tt0892899,movie,Outpost,2008,90,"Action,Horror,Sci-Fi",5.8,18627
tt0893382,movie,Shine a Light,2008,122,"Biography,Documentary,Music",7.1,12716
tt0893402,movie,Franklyn,2008,98,"Drama,Fantasy,Sci-Fi",6.0,18631
tt0893412,movie,From Prada to Nada,2011,107,"Action,Comedy,Drama",5.6,16328
tt0896534,movie,Deadgirl,2008,101,Horror,5.5,20901
tt0896798,movie,Cleaner,2007,88,"Crime,Thriller",6.1,49084
tt0896872,movie,The Whistleblower,2010,112,"Biography,Crime,Drama",7.1,37278
tt0897361,movie,I Know Who Killed Me,2007,105,"Horror,Mystery,Thriller",3.6,29734
tt0898367,movie,The Road,2009,111,"Drama,Thriller",7.2,271936
tt0899043,movie,The Amateur,2025,122,"Action,Thriller",6.5,99063
tt0899106,movie,Love Happens,2009,109,"Drama,Romance",5.7,36032
tt0899128,movie,100 Feet,2008,96,"Horror,Mystery,Thriller",5.4,13730
tt0900387,movie,Suite Française,2014,107,"Drama,History,Romance",7.0,30678
tt0901476,movie,Bride Wars,2009,89,"Comedy,Romance",5.5,124322
tt0901487,movie,"The Good, the Bad, the Weird",2008,130,"Action,Adventure,Comedy",7.2,39867
tt0901507,movie,Rise of the Footsoldier,2007,119,"Action,Biography,Crime",6.7,22931
tt0902290,movie,I Sell the Dead,2008,85,"Comedy,Horror",6.0,11572
tt0902955,movie,At the Bar,2007,92,"Crime,Drama,Thriller",7.0,17211
tt0903624,movie,The Hobbit: An Unexpected Journey,2012,169,"Adventure,Fantasy",7.8,930766
tt0903657,movie,Love & Mercy,2014,121,"Biography,Drama,Music",7.4,45751
tt0905372,movie,The Thing,2011,103,"Horror,Mystery,Sci-Fi",6.3,154987
tt0906108,movie,Why Did I Get Married?,2007,113,"Comedy,Drama,Romance",6.0,14928
tt0906665,movie,Sukiyaki Western Django,2007,121,"Action,Western",6.1,16341
tt0906734,movie,The Broken,2008,93,"Drama,Horror,Thriller",5.4,11686
tt0907657,movie,Once,2006,86,"Drama,Music,Musical",7.8,125278
tt0910554,movie,Frequently Asked Questions About Time Travel,2009,83,"Comedy,Sci-Fi",6.9,38846
tt0910905,movie,In the Electric Mist,2009,117,"Crime,Drama,Mystery",6.1,21054
tt0910936,movie,Pineapple Express,2008,111,"Action,Comedy,Crime",6.9,373869
tt0910970,movie,WALL·E,2008,98,"Adventure,Animation,Family",8.4,1327893
tt0913354,movie,Armored,2009,88,"Action,Crime,Mystery",5.7,32777
tt0913425,movie,Broken Embraces,2009,127,"Drama,Romance,Thriller",7.2,44298
tt0913445,movie,YPF,2007,87,"Comedy,Drama,Romance",6.2,19901
tt0913968,movie,The Warlords,2007,126,"Action,Adventure,Drama",7.0,28779
tt0914797,movie,Bottle Shock,2008,110,"Comedy,Drama",6.8,19272
tt0914798,movie,The Boy in the Striped Pajamas,2008,94,"Drama,War",7.7,275772
tt0914863,movie,Unthinkable,2010,97,"Crime,Drama,Thriller",7.0,100732
tt0918927,movie,Doubt,2008,104,"Drama,Mystery",7.5,147941
tt0918940,movie,The Legend of Tarzan,2016,110,"Action,Adventure,Drama",6.2,198506
tt0920458,movie,Flame & Citron,2008,130,"Action,Drama,History",7.2,20941
tt0923752,movie,The King of Kong: A Fistful of Quarters,2007,79,"Biography,Documentary,Sport",8.0,38638
tt0923811,movie,Evangelion: 1.0 You Are (Not) Alone,2007,98,"Action,Animation,Drama",7.5,31860
tt0924129,movie,Crossing Over,2009,113,"Crime,Drama",6.7,25526
tt0926063,movie,Dance of the Dead,2008,87,"Action,Comedy,Horror",5.8,12341
tt0926084,movie,Harry Potter and the Deathly Hallows: Part 1,2010,146,"Adventure,Family,Fantasy",7.7,667711
tt0926129,movie,Prom Night,2008,88,Horror,4.0,40052
tt0926380,movie,The Boys Are Back,2009,104,Drama,6.8,10660
tt0926759,movie,The First Day of the Rest of Your Life,2008,114,Drama,7.5,10471
tt0926762,movie,Loft,2008,118,"Crime,Drama,Mystery",7.2,26077
tt0929425,movie,Gomorrah,2008,137,"Crime,Drama",7.0,53300
tt0929632,movie,Precious,2009,110,Drama,7.3,121406
tt0930083,movie,Noroi,2005,115,"Horror,Mystery,Thriller",6.8,19658
tt0935075,movie,Rabbit Hole,2010,91,Drama,6.9,52887
tt0936501,movie,Taken,2008,90,"Action,Crime,Thriller",7.7,674242
tt0937237,movie,Redacted,2007,90,"Crime,Thriller,War",6.1,11711
tt0937375,movie,This Christmas,2007,117,"Comedy,Drama,Romance",6.4,11370
tt0938283,movie,The Last Airbender,2010,103,"Action,Adventure,Family",3.9,181688
tt0938305,movie,Freaky Deaky,2012,90,"Comedy,Crime,Thriller",5.6,24102
tt0938330,movie,Silent Hill: Revelation,2012,95,"Drama,Horror,Mystery",4.9,71976
tt0938341,movie,Tokyo Sonata,2008,120,Drama,7.6,13927
tt0940656,movie,Arthur 3: The War of the Two Worlds,2010,101,"Adventure,Animation,Family",5.5,11693
tt0940657,movie,Arthur and the Revenge of Maltazard,2009,107,"Adventure,Animation,Family",5.3,12561
tt0940709,movie,CJ7,2008,88,"Adventure,Comedy,Drama",6.4,18922
tt0942384,movie,Shelter,2007,97,"Drama,Romance,Sport",7.6,25821
tt0942385,movie,Tropic Thunder,2008,107,"Action,Comedy,War",7.1,492415
tt0944834,movie,Dragon Hunters,2008,80,"Action,Adventure,Animation",6.5,14059
tt0944835,movie,Salt,2010,100,"Action,Thriller",6.5,343563
tt0945513,movie,Source Code,2011,93,"Action,Drama,Mystery",7.5,584483
tt0947798,movie,Black Swan,2010,108,"Drama,Thriller",8.0,891992
tt0947802,movie,Lakeview Terrace,2008,110,"Crime,Drama,Thriller",6.2,59633
tt0947810,movie,Green Zone,2010,115,"Action,Drama,Thriller",6.8,148051
tt0948470,movie,The Amazing Spider-Man,2012,136,"Action,Sci-Fi",6.9,769798
tt0949731,movie,The Happening,2008,91,"Adventure,Drama,Sci-Fi",5.0,227247
tt0951216,movie,Mad Money,2008,104,"Comedy,Crime,Thriller",5.9,24391
tt0951335,movie,The New Daughter,2009,108,"Crime,Horror,Thriller",5.3,17177
tt0952640,movie,Alvin and the Chipmunks,2007,92,"Adventure,Animation,Comedy",5.3,106122
tt0952682,movie,Shotgun Stories,2007,92,"Drama,Thriller",7.1,12004
tt0953318,movie,Ben X,2007,93,"Drama,Thriller",7.3,19785
tt0954947,movie,The Killer Inside Me,2010,109,"Crime,Drama,Mystery",6.1,37080
tt0955308,movie,Robin Hood,2010,140,"Action,Adventure,Drama",6.6,296936
tt0956038,movie,Nights in Rodanthe,2008,97,"Drama,Romance",6.0,27584
tt0959329,movie,Nine Dead,2009,86,"Crime,Drama,Horror",5.4,15027
tt0959337,movie,Revolutionary Road,2008,119,"Drama,Romance",7.3,237092
tt0960144,movie,You Don't Mess with the Zohan,2008,113,"Action,Comedy",5.6,228384
tt0960731,movie,Bedtime Stories,2008,99,"Adventure,Comedy,Family",6.0,106631
tt0960790,movie,Rabbit Without Ears,2007,116,"Comedy,Romance",6.5,19413
tt0960890,movie,Zombie Strippers!,2008,94,"Comedy,Horror,Sci-Fi",4.1,19669
tt0961097,movie,A Monster in Paris,2011,90,"Adventure,Animation,Comedy",6.7,24354
tt0961108,movie,Fireflies in the Garden,2008,99,Drama,6.4,14166
tt0961722,movie,Cabin Fever 2: Spring Fever,2009,86,Horror,4.3,16384
tt0961728,movie,The Escapist,2008,102,"Crime,Drama,Thriller",6.7,17893
tt0962726,movie,High School Musical 3: Senior Year,2008,112,"Comedy,Drama,Family",5.1,72883
tt0962736,movie,The Young Victoria,2009,105,"Biography,Drama,History",7.2,69326
tt0963178,movie,The International,2009,118,"Action,Crime,Drama",6.5,104348
tt0963194,movie,Repo! The Genetic Opera,2008,98,"Horror,Musical,Sci-Fi",6.4,28557
tt0963743,movie,"Angus, Thongs and Perfect Snogging",2008,100,"Comedy,Drama,Romance",6.3,31944
tt0963794,movie,The Ruins,2008,90,"Adventure,Horror,Thriller",5.9,91361
tt0963966,movie,The Sorcerer's Apprentice,2010,109,"Action,Adventure,Family",6.1,177131
tt0964185,movie,Tetro,2009,127,Drama,6.8,14289
tt0964516,movie,Fashion,2008,167,"Drama,Romance",6.9,13759
tt0964517,movie,The Fighter,2010,116,"Action,Biography,Drama",7.8,409120
tt0964539,movie,Pathology,2008,95,"Crime,Horror,Thriller",5.9,34717
tt0964587,movie,St. Trinian's,2007,97,"Comedy,Family",5.8,25016
tt0968264,movie,The Conspirator,2010,122,"Crime,Drama,History",6.9,31151
tt0970179,movie,Hugo,2011,126,"Adventure,Drama,Family",7.5,350127
tt0970411,movie,City of Ember,2008,90,"Adventure,Drama,Family",6.4,73174
tt0970416,movie,The Day the Earth Stood Still,2008,104,"Adventure,Drama,Sci-Fi",5.5,187850
tt0970452,movie,Solomon Kane,2009,104,"Action,Adventure,Fantasy",6.1,80704
tt0970468,movie,Miss Pettigrew Lives for a Day,2008,92,"Comedy,Romance",7.0,30746
tt0970866,movie,Little Fockers,2010,98,"Comedy,Romance",5.5,126677
tt0971209,movie,A Perfect Getaway,2009,98,"Drama,Mystery,Thriller",6.5,82081
tt0972883,movie,Red,2008,93,"Drama,Thriller",6.9,13909
tt0974014,movie,Creation,2009,108,"Biography,Drama,Romance",6.6,15652
tt0974015,movie,Justice League,2017,120,Sci-Fi,6.0,506331
tt0974554,movie,Elegy,2008,112,"Drama,Romance",6.7,23893
tt0974613,movie,The Other Man,2008,88,"Drama,Mystery,Thriller",5.4,13162
tt0974661,movie,17 Again,2009,102,"Comedy,Drama,Fantasy",6.4,232848
tt0975645,movie,Hitchcock,2012,98,"Biography,Drama,Romance",6.8,83563
tt0976051,movie,The Reader,2008,124,"Drama,Mystery,Romance",7.6,274468
tt0976060,movie,Tokyo!,2008,112,"Comedy,Drama,Fantasy",7.0,12705
tt0976222,movie,Bandslam,2009,111,"Comedy,Drama,Family",6.3,15652
tt0976238,movie,Old Dogs,2009,88,"Comedy,Family",5.3,40913
tt0977855,movie,Fair Game,2010,108,"Biography,Drama,Thriller",6.8,52865
tt0978759,movie,Frozen River,2008,97,"Crime,Drama",7.1,27245
tt0978762,movie,Mary and Max,2009,92,"Animation,Comedy,Drama",8.1,202199
tt0978764,movie,Sucker Punch,2011,110,"Action,Adventure,Fantasy",6.1,262035
tt0979434,movie,Lottery Ticket,2010,99,Comedy,5.1,12092
tt0980970,movie,The Chronicles of Narnia: The Voyage of the Dawn Treader,2010,113,"Adventure,Family,Fantasy",6.3,178194
tt0981072,movie,The Lucky Ones,2008,115,"Adventure,Comedy,Drama",6.8,14979
tt0981227,movie,Nick and Norah's Infinite Playlist,2008,90,"Comedy,Drama,Music",6.6,97479
tt0983193,movie,The Adventures of Tintin,2011,107,"Action,Adventure,Animation",7.3,256025
tt0983213,movie,5 Centimeters per Second,2007,63,"Animation,Drama,Family",7.4,71440
tt0983946,movie,Fantasy Island,2020,109,"Fantasy,Horror,Mystery",4.9,64063
tt0985694,movie,Machete,2010,105,"Action,Crime,Thriller",6.6,209849
tt0985699,movie,Valkyrie,2008,121,"Drama,History,Thriller",7.1,275609
tt0986233,movie,Hunger,2008,96,"Biography,Crime,Drama",7.5,76691
tt0986263,movie,Surrogates,2009,89,"Action,Sci-Fi,Thriller",6.3,185216
tt0986264,movie,Like Stars on Earth,2007,162,"Drama,Family",8.3,233715
tt0988045,movie,Sherlock Holmes,2009,128,"Action,Adventure,Mystery",7.5,708109
tt0988047,movie,Traitor,2008,114,"Action,Crime,Drama",6.9,60985
tt0988108,movie,The Class,2007,99,Drama,7.9,16704
tt0988595,movie,27 Dresses,2008,111,"Comedy,Romance",6.1,191878
tt0988849,movie,Donkey Punch,2008,99,"Crime,Drama,Horror",5.2,12031
tt0989757,movie,Dear John,2010,108,"Drama,Romance,War",6.3,164220
tt0990407,movie,The Green Hornet,2011,119,"Action,Comedy,Crime",5.8,169176
tt0991346,movie,Bhoothnath,2008,150,"Comedy,Drama,Family",6.5,13267
tt0992911,movie,Flash Point,2007,88,"Action,Crime,Thriller",6.7,14605
tt0993840,movie,Army of the Dead,2021,148,"Action,Adventure,Crime",5.8,201569
tt0993842,movie,Hanna,2011,111,"Action,Adventure,Drama",6.7,215227
tt0993846,movie,The Wolf of Wall Street,2013,180,"Biography,Comedy,Crime",8.2,1800135
tt0995031,movie,Bhool Bhulaiyaa,2007,159,"Comedy,Horror,Mystery",7.5,38972
tt0995039,movie,Ghost Town,2008,102,"Comedy,Drama,Fantasy",6.7,81813
tt0995740,movie,No Smoking,2007,128,"Drama,Horror,Mystery",7.3,11459
tt0995829,movie,XXY,2007,86,"Drama,Romance",7.0,15525
tt0995868,movie,Pele: Birth of a Legend,2016,107,"Biography,Drama,Sport",7.1,23546
tt0996605,movie,Love Songs,2007,91,"Drama,Musical,Romance",7.0,10573
tt0997047,movie,College Road Trip,2008,83,"Adventure,Comedy,Drama",4.4,17263
tt0997152,movie,The Experiment,2010,96,"Drama,Thriller",6.4,59920
tt0997246,movie,The Song of Sparrows,2008,96,"Drama,Family",7.9,12067
tt0999913,movie,Straw Dogs,2011,110,"Action,Drama,Thriller",5.9,37901
tt10003008,movie,The Rental,2020,88,"Drama,Horror,Mystery",5.7,43661
tt1000774,movie,Sex and the City,2008,145,"Comedy,Drama,Romance",5.7,133621
tt1001508,movie,He's Just Not That Into You,2009,129,"Comedy,Drama,Romance",6.4,195980
tt1001520,movie,The Last Voyage of the Demeter,2023,118,"Fantasy,Horror,Thriller",6.1,70676
tt1001526,movie,Megamind,2010,95,"Action,Adventure,Animation",7.3,327415
tt10016180,movie,The Little Things,2021,128,"Crime,Drama,Mystery",6.3,143347
tt10023022,movie,Clean,2021,94,"Action,Crime,Drama",5.6,13360
tt10023024,movie,Love Aaj Kal,2020,142,"Drama,Romance",4.7,10962
tt10023286,movie,The Humans,2021,108,Drama,6.1,11923
tt10028196,movie,Laal Singh Chaddha,2022,159,"Comedy,Drama,Romance",5.6,181369
tt10037014,movie,Fear of Rain,2021,109,"Drama,Horror,Mystery",6.0,11512
tt10039344,movie,Countdown,2019,90,"Horror,Thriller",5.4,53614
tt10059518,movie,Unhinged,2020,90,"Action,Thriller",6.0,87296
tt10060094,movie,The Knight Before Christmas,2019,92,"Adventure,Comedy,Drama",5.6,22564
tt10062556,movie,Bhuj: The Pride of India,2021,113,"Action,Drama,History",4.2,26505
tt10065694,movie,Antebellum,2020,105,"Drama,Horror,Mystery",5.8,31939
tt1007028,movie,Zack and Miri Make a Porno,2008,101,"Comedy,Romance",6.5,186929
tt1007029,movie,The Iron Lady,2011,105,"Biography,Drama",6.4,117097
tt10078772,movie,Flight Risk,2025,91,"Action,Crime,Drama",5.2,45182
tt10083340,movie,Gangubai Kathiawadi,2022,152,"Biography,Crime,Drama",7.8,67487
tt10083640,movie,Bhoot Police,2021,129,"Adventure,Comedy,Drama",6.5,28433
tt10095582,movie,The Tragedy of Macbeth,2021,105,"Drama,Fantasy,Mystery",7.1,44656
tt10098288,movie,Roohi,2021,134,"Comedy,Drama,Horror",4.3,11589
tt10098448,movie,Jesus Revolution,2023,120,"Biography,Drama,History",7.1,16721
tt1010048,movie,Slumdog Millionaire,2008,120,"Crime,Drama,Romance",8.0,911922
tt1010271,movie,The Poughkeepsie Tapes,2007,81,"Crime,Horror,Mystery",5.9,32135
tt10121392,movie,Thunder Force,2021,106,"Action,Adventure,Comedy",4.6,48654
tt10127684,movie,Rogue City,2020,116,"Action,Crime,Drama",6.1,10873
tt1012804,movie,Redbelt,2008,99,"Drama,Sport",6.7,21980
tt10128846,movie,Megalopolis,2024,138,"Drama,Fantasy,Sci-Fi",4.7,42491
tt10131024,movie,Shut In,2022,89,"Drama,Thriller",5.7,11897
tt1013743,movie,Knight and Day,2010,109,"Action,Adventure,Comedy",6.3,225347
tt1013752,movie,Fast & Furious,2009,107,"Action,Thriller",6.5,336998
tt1013753,movie,Milk,2008,128,"Biography,Drama,History",7.5,186392
tt1013860,movie,Dylan Dog: Dead of Night,2010,107,"Action,Comedy,Crime",5.1,16137
tt1014672,movie,Bheja Fry,2007,95,"Comedy,Drama",7.6,12745
tt1014759,movie,Alice in Wonderland,2010,108,"Adventure,Family,Fantasy",6.4,469325
tt1014762,movie,Home,2009,118,"Documentary,Family",8.5,23302
tt1014763,movie,Child 44,2015,137,"Crime,Drama,History",6.4,79947
tt1014775,movie,Beverly Hills Chihuahua,2008,91,"Adventure,Comedy,Drama",4.0,27598
tt10151854,movie,Shazam! Fury of the Gods,2023,130,"Action,Adventure,Comedy",5.9,146326
tt10152736,movie,Thalaivi,2021,153,"Biography,Drama",5.9,31649
tt10155932,movie,Cinderella,2021,112,"Comedy,Family,Fantasy",4.4,50564
tt1016075,movie,Fame,2009,107,"Drama,Musical,Romance",5.0,17372
tt10160976,movie,The Nun II,2023,110,"Horror,Mystery,Thriller",5.6,82480
tt1016150,movie,All Quiet on the Western Front,2022,148,"Drama,History,War",7.8,339352
tt10161886,movie,The Prom,2020,130,"Comedy,Drama,Musical",5.9,30664
tt1016268,movie,Enron: The Smartest Guys in the Room,2005,110,"Biography,Documentary,History",7.5,21275
tt1016301,movie,Fermat's Room,2007,89,"Mystery,Thriller",6.6,23985
tt10168670,movie,Bones and All,2022,131,"Drama,Horror,Romance",6.8,74431
tt10172266,movie,"Red, White & Royal Blue",2023,118,"Comedy,Romance",7.0,66210
tt1017451,movie,The Runaways,2010,106,"Biography,Drama,Music",6.5,52696
tt1017456,movie,Race,2008,149,"Action,Crime,Drama",6.7,17325
tt1017460,movie,Splice,2009,104,"Horror,Sci-Fi",5.8,106785
tt10183816,movie,Dangerous Lies,2020,96,"Crime,Mystery,Thriller",5.4,20156
tt10187208,movie,A Boy Called Christmas,2021,106,"Adventure,Drama,Family",6.7,31352
tt1018765,movie,Our Brand Is Crisis,2015,107,"Comedy,Drama",6.1,24129
tt1018785,movie,The Sisterhood of the Traveling Pants 2,2008,119,"Comedy,Drama,Romance",6.2,32012
tt1018818,movie,Assassination of a High School President,2008,93,"Comedy,Crime,Mystery",6.2,16770
tt10189514,movie,Soorarai Pottru,2020,153,Drama,8.6,132249
tt10192406,movie,Causeway,2022,94,Drama,6.6,27194
tt1019452,movie,A Serious Man,2009,106,"Comedy,Drama",7.0,158925
tt10199586,movie,Atlantics,2019,106,"Drama,Fantasy,Mystery",6.7,11229
tt10199590,movie,Les Misérables,2019,104,"Crime,Drama,Thriller",7.6,30618
tt10199640,movie,Beanpole,2019,130,"Drama,War",7.2,13200
tt10199914,movie,The Boys in the Band,2020,121,Drama,6.8,19574
tt1020055,movie,Night Train,2009,91,"Crime,Horror,Mystery",5.7,10239
tt1020072,movie,Selma,2014,128,"Biography,Drama,History",7.5,99373
tt1020530,movie,Eden Lake,2008,91,"Horror,Thriller",6.7,111047
tt1020543,movie,Infestation,2009,91,"Action,Adventure,Comedy",5.8,10268
tt1020558,movie,Centurion,2010,97,"Action,Drama,History",6.3,89807
tt1020773,movie,Certified Copy,2010,106,"Drama,Romance",7.2,29102
tt10208198,movie,"The Gangster, the Cop, the Devil",2019,109,"Action,Crime,Thriller",7.0,34148
tt1020885,movie,Vampire Killers,2009,86,"Action,Comedy,Fantasy",5.1,21768
tt10214826,movie,Agent Sai Srinivasa Athreya,2019,148,"Comedy,Crime,Mystery",8.3,22229
tt10223460,movie,Marry Me,2022,112,"Comedy,Drama,Music",6.1,48427
tt1022603,movie,500 Days of Summer,2009,95,"Comedy,Drama,Romance",7.6,621853
tt10228134,movie,Jolt,2021,91,"Action,Comedy,Crime",5.6,39490
tt10229558,movie,The Dark and the Wicked,2020,95,Horror,6.1,29745
tt10230426,movie,Mrs. Serial Killer,2020,106,"Crime,Drama,Thriller",4.0,19179
tt10230994,movie,Beckett,2021,110,"Action,Crime,Drama",5.7,30880
tt1023111,movie,Never Back Down,2008,113,"Action,Drama,Sport",6.6,111753
tt1023114,movie,The Way Back,2010,133,"Adventure,Drama,History",7.3,127847
tt1023481,movie,Step Up 2: The Streets,2008,98,"Drama,Music,Romance",6.2,91241
tt1023490,movie,Il Divo,2008,110,"Biography,Drama",7.2,20562
tt1023500,movie,Doghouse,2009,89,"Comedy,Horror,Sci-Fi",6.0,23636
tt10236164,movie,The Girl with the Needle,2024,123,"Crime,Drama,History",7.5,20465
tt10242388,movie,Last Seen Alive,2022,95,"Action,Crime,Drama",5.7,36342
tt1024255,movie,Wild Child,2008,98,Comedy,6.1,68890
tt10243672,movie,Joy,2024,115,"Biography,Drama,History",7.1,11914
tt10243992,movie,I'm Your Woman,2020,120,"Crime,Drama",6.2,10653
tt10245072,movie,Salem's Lot,2024,114,"Horror,Thriller",5.6,41856
tt1024648,movie,Argo,2012,120,"Biography,Drama,History",7.7,668987
tt1024715,movie,Choke,2008,92,"Comedy,Drama",6.4,34879
tt1024943,movie,Om Shanti Om,2007,162,"Action,Comedy,Drama",6.8,56690
tt1025100,movie,Gemini Man,2019,117,"Action,Sci-Fi,Thriller",5.7,131711
tt10262648,movie,Compartment Number 6,2021,107,"Drama,Romance",7.2,18598
tt10263320,movie,Enes Batur: Gerçek Kahraman,2019,99,Comedy,1.4,10313
tt10265034,movie,Land,2021,89,"Adventure,Drama",6.7,17652
tt10268488,movie,The Greatest Beer Run Ever,2022,126,"Adventure,Comedy,Drama",6.8,37484
tt10272386,movie,The Father,2020,97,"Drama,Mystery",8.2,246688
tt10275534,movie,To Catch a Killer,2023,119,"Action,Crime,Drama",6.6,57351
tt10276470,movie,Work It,2020,93,"Comedy,Music",6.1,18079
tt10276482,movie,Love Again,2023,104,"Comedy,Drama,Romance",5.9,19160
tt1027718,movie,Wall Street: Money Never Sleeps,2010,133,Drama,6.2,110087
tt1027862,movie,Swing Vote,2008,120,"Comedy,Drama",6.1,20225
tt10279472,movie,The Black Demon,2023,100,"Action,Drama,Horror",3.7,11372
tt10280276,movie,Coolie No. 1,2020,134,"Action,Comedy,Romance",4.2,74768
tt10280296,movie,Sardar Udham,2021,164,"Crime,Drama,History",8.3,50908
tt1028528,movie,Death Proof,2007,127,"Drama,Thriller",7.0,335070
tt1028532,movie,Hachi: A Dog's Tale,2009,93,"Biography,Drama,Family",8.1,344566
tt1028576,movie,Secretariat,2010,123,"Biography,Drama,Family",7.2,32847
tt10287954,movie,Rose Island,2020,117,"Adventure,Biography,Comedy",7.0,27823
tt10288566,movie,Another Round,2020,117,"Comedy,Drama",7.7,228040
tt1029120,movie,Henry Poole Is Here,2008,99,"Comedy,Drama",6.4,13376
tt1029231,movie,Krrish 3,2013,152,"Action,Adventure,Sci-Fi",5.4,28889
tt1029234,movie,Martyrs,2008,99,Horror,7.0,121190
tt1029235,movie,Max Manus: Man of War,2008,118,"Action,Biography,Crime",7.3,31586
tt10293406,movie,The Power of the Dog,2021,126,"Drama,Western",6.8,242323
tt1029360,movie,Poltergeist,2015,93,"Fantasy,Horror,Thriller",4.9,64699
tt10295212,movie,Shershaah,2021,135,"Action,Biography,Drama",8.3,136862
tt10298810,movie,Lightyear,2022,105,"Action,Adventure,Animation",6.1,137147
tt10298840,movie,Strange World,2022,102,"Action,Adventure,Animation",5.7,50915
tt10300570,movie,Kadaisi Vivasayi,2021,122,Drama,8.7,10714
tt10303324,movie,Survive the Night,2020,90,"Action,Drama,Thriller",4.0,12430
tt10303430,movie,Sightless,2020,89,"Drama,Mystery,Thriller",5.5,11223
tt10304142,movie,Amsterdam,2022,134,"Comedy,Drama,History",6.2,107888
tt10307440,movie,The Decline,2020,83,"Action,Thriller",6.0,10686
tt10308928,movie,Force of Nature,2020,91,"Action,Adventure,Crime",4.6,14492
tt10309902,movie,Chehre,2021,139,"Drama,Mystery,Thriller",6.2,28990
tt10309906,movie,Shubh Mangal Zyada Saavdhan,2020,117,"Comedy,Crime,Romance",5.8,11269
tt10310140,movie,Fatman,2020,100,"Action,Adventure,Comedy",5.9,35581
tt1031280,movie,Splinter,2008,82,"Crime,Horror,Sci-Fi",6.1,44497
tt10314450,movie,Becky,2020,93,"Action,Crime,Drama",6.1,31527
tt1031969,movie,The Rocker,2008,102,"Comedy,Music",6.2,41334
tt10322274,movie,Schumacher,2021,112,"Biography,Documentary,Sport",7.4,27688
tt10323676,movie,The Contractor,2022,103,"Action,Drama,Thriller",5.8,35642
tt10324144,movie,Article 15,2019,130,"Crime,Drama,Mystery",8.1,41614
tt10327252,movie,The Forever Purge,2021,103,"Action,Crime,Drama",5.4,49001
tt1032751,movie,The Warrior's Way,2010,100,"Action,Drama,Fantasy",6.3,28005
tt1032755,movie,RocknRolla,2008,114,"Action,Crime,Thriller",7.2,275797
tt1032815,movie,"I Love You, Beth Cooper",2009,102,"Adventure,Comedy,Family",5.4,39509
tt1032819,movie,Powder Blue,2009,106,"Action,Crime,Drama",6.2,15764
tt1032821,movie,Tyson,2008,90,"Biography,Documentary,Sport",7.4,13215
tt1032825,movie,The Other Woman,2009,102,Drama,6.3,20385
tt1032846,movie,"4 Months, 3 Weeks and 2 Days",2007,113,Drama,7.9,66164
tt1032856,movie,The Band's Visit,2007,87,"Comedy,Drama,Music",7.5,14682
tt10329614,movie,Censor,2021,84,"Horror,Mystery,Thriller",5.9,23234
tt10332588,movie,Finding 'Ohana,2021,123,"Action,Adventure,Comedy",6.1,12772
tt10333426,movie,Bliss,2021,103,"Drama,Romance,Sci-Fi",5.4,21887
tt10333912,movie,Gulabo Sitabo,2020,124,"Comedy,Drama",6.3,14139
tt1033483,movie,Kandisha,2008,91,"Crime,Fantasy,Horror",5.0,10215
tt1033575,movie,The Descendants,2011,115,"Comedy,Drama",7.3,260222
tt1033643,movie,What Happens in Vegas,2008,99,"Comedy,Romance",6.1,197141
tt1034032,movie,Gamer,2009,95,"Action,Sci-Fi,Thriller",5.7,144197
tt10340562,movie,Etharkkum Thunindhavan,2022,151,"Action,Crime,Drama",6.4,14177
tt10341034,movie,Black Box,2021,129,"Drama,Mystery,Thriller",7.2,19916
tt10342730,movie,Spiral,2021,93,"Crime,Drama,Horror",5.2,77854
tt10343028,movie,Armageddon Time,2022,114,Drama,6.4,18074
tt1034303,movie,Defiance,2008,137,"Action,Drama,History",7.1,161338
tt1034314,movie,Iron Sky,2012,93,"Action,Adventure,Comedy",5.9,99063
tt1034331,movie,Righteous Kill,2008,101,"Crime,Mystery,Thriller",6.0,96155
tt1034385,movie,Cold Skin,2017,108,"Action,Fantasy,Horror",6.0,20220
tt1034389,movie,The Eagle,2011,114,"Action,Adventure,Drama",6.2,77746
tt1034415,movie,Suspiria,2018,152,"Drama,Fantasy,Horror",6.7,105623
tt10344522,movie,Four Good Days,2020,100,Drama,6.6,16051
tt10350626,movie,Gunjan Saxena: The Kargil Girl,2020,112,"Action,Biography,Drama",5.6,36309
tt10350922,movie,Laxmii,2020,141,"Action,Comedy,Horror",2.6,59863
tt1035736,movie,Coco Before Chanel,2009,105,"Biography,Drama",6.6,43815
tt10362466,movie,After We Collided,2020,105,"Drama,Romance",5.1,44609
tt10365998,movie,Infinity Pool,2023,117,"Crime,Horror,Mystery",6.0,74273
tt10366206,movie,John Wick: Chapter 4,2023,169,"Action,Crime,Thriller",7.6,414281
tt10366460,movie,CODA,2021,111,"Comedy,Drama,Music",8.0,228411
tt10370710,movie,The Worst Person in the World,2021,128,"Comedy,Drama,Romance",7.7,129531
tt1037218,movie,Flashbacks of a Fool,2008,113,Drama,6.8,13373
tt10374610,movie,The Long Walk,2025,108,"Horror,Thriller",6.7,126242
tt10375470,movie,Supernova,2020,95,"Drama,Romance",6.9,16156
tt10375624,movie,Voicemails for Isabelle,2026,118,"Comedy,Drama,Romance",7.4,28280
tt1037705,movie,The Book of Eli,2010,118,"Action,Adventure,Drama",6.8,362123
tt1038043,movie,Mammoth,2009,125,"Drama,Romance",6.8,10748
tt10384744,movie,Heroic Losers,2019,116,"Adventure,Comedy,Crime",7.2,15307
tt1038686,movie,Legion,2010,100,"Action,Fantasy,Horror",5.3,120424
tt1038919,movie,The Bounty Hunter,2010,110,"Action,Comedy,Romance",5.6,140820
tt1038988,movie,REC,2007,78,"Horror,Mystery,Thriller",7.4,218027
tt10393870,movie,Jayeshbhai Jordaar,2022,121,"Comedy,Drama",6.1,44535
tt1039960,movie,Estomago: A Gastronomic Story,2007,113,"Comedy,Crime,Drama",7.8,10171
tt10399608,movie,Piggy,2022,99,"Drama,Horror,Thriller",6.2,16207
tt10403420,movie,Terrifier 2,2022,138,Horror,6.0,83223
tt10404944,movie,The Stronghold,2020,105,"Action,Crime,Drama",6.9,15737
tt1041829,movie,The Proposal,2009,108,"Comedy,Drama,Romance",6.8,399497
tt10418662,movie,Awake,2021,96,"Action,Adventure,Drama",4.9,29102
tt1042877,movie,Cadillac Records,2008,109,"Biography,Drama,Music",7.0,24599
tt10431500,movie,Miracle in Cell No. 7,2019,132,Drama,8.2,63334
tt1043726,movie,The Legend of Hercules,2014,99,"Action,Adventure,Fantasy",4.3,57785
tt1043842,movie,Appleseed: Ex Machina,2007,105,"Action,Adventure,Animation",7.0,10095
tt10449276,movie,Get Away,2024,86,"Comedy,Horror",5.3,11096
tt10451852,movie,Nine Days,2020,124,"Drama,Fantasy",6.8,13715
tt10451914,movie,Outside the Wire,2021,114,"Action,Adventure,Fantasy",5.4,48964
tt1045655,movie,The Haunting of Molly Hartley,2008,85,"Drama,Horror,Thriller",3.9,10475
tt1045658,movie,Silver Linings Playbook,2012,122,"Comedy,Drama,Romance",7.7,774815
tt1045670,movie,Happy-Go-Lucky,2008,118,"Comedy,Drama,Romance",7.0,42713
tt10456740,movie,Lost Bullet,2020,92,"Action,Crime,Thriller",6.4,16854
tt10457128,movie,Summer of 85,2020,101,"Drama,Romance",6.9,16368
tt1045772,movie,I Love You Phillip Morris,2009,98,"Biography,Comedy,Crime",6.6,103769
tt1045778,movie,Year One,2009,97,Comedy,5.0,109048
tt1046163,movie,My Best Friend's Girl,2008,101,"Comedy,Romance",5.8,48158
tt1046173,movie,G.I. Joe: The Rise of Cobra,2009,118,"Action,Adventure,Sci-Fi",5.7,221975
tt1046947,movie,Last Chance Harvey,2008,93,"Drama,Romance",6.6,23353
tt1046997,movie,Miracle at St. Anna,2008,160,"Action,Drama,War",6.1,19727
tt1047540,movie,Parental Guidance,2012,105,"Comedy,Family",6.0,27628
tt10481868,movie,Black Christmas,2019,92,"Horror,Mystery,Thriller",3.5,21671
tt10483386,movie,Mumbai Saga,2021,135,"Action,Crime,History",5.7,10199
tt1049402,movie,Howl,2010,84,"Biography,Drama,Romance",6.6,13695
tt1049413,movie,Up,2009,96,"Adventure,Animation,Comedy",8.3,1242510
tt1050160,movie,The Machine Girl,2008,96,"Action,Comedy,Horror",5.9,11248
tt10505918,movie,L2: Empuraan,2025,179,"Action,Crime,Thriller",6.1,14225
tt10514222,movie,Ma Rainey's Black Bottom,2020,94,"Drama,Music",6.9,78381
tt10515086,movie,The Blue Elephant 2,2019,130,"Crime,Drama,Horror",8.0,12047
tt10515526,movie,Lootcase,2020,132,"Comedy,Crime",7.5,19680
tt10515988,movie,Paranormal Activity: Next of Kin,2021,98,"Horror,Mystery,Thriller",5.3,20491
tt1051904,movie,Goosebumps,2015,103,"Adventure,Animation,Comedy",6.3,102847
tt1051906,movie,The Invisible Man,2020,124,"Drama,Horror,Mystery",7.1,287123
tt1051907,movie,For Love and Honor,2007,140,"Crime,Drama",7.8,26059
tt10521092,movie,The Forgotten Battle,2020,124,"Action,Adventure,War",7.1,41771
tt10521144,movie,Nightbooks,2021,103,"Family,Fantasy,Horror",5.8,11643
tt10530176,movie,The Call,2020,112,"Crime,Horror,Mystery",7.1,53696
tt1053424,movie,Repo Men,2010,111,"Action,Sci-Fi,Thriller",6.3,114307
tt10534500,movie,#Home,2021,158,"Drama,Family",8.7,19869
tt1053810,movie,The Big Year,2011,100,Comedy,6.2,51101
tt1053859,movie,The Grudge 3,2009,90,"Horror,Mystery,Thriller",4.6,20849
tt10539608,movie,The Midnight Sky,2020,118,"Adventure,Drama,Sci-Fi",5.7,94948
tt10545296,movie,The Hunger Games: The Ballad of Songbirds & Snakes,2023,157,"Action,Adventure,Drama",6.6,185632
tt10545484,movie,Evaru,2019,118,"Mystery,Thriller",8.1,10029
tt1054580,movie,Desert Flower,2009,120,"Biography,Drama",7.3,15509
tt1054588,movie,Flash of Genius,2008,119,"Biography,Drama",7.0,18362
tt1054606,movie,The Imaginarium of Doctor Parnassus,2009,123,"Adventure,Comedy,Fantasy",6.7,157870
tt10548174,movie,28 Years Later,2025,115,"Horror,Sci-Fi,Thriller",6.6,219956
tt1055292,movie,Life as We Know It,2010,114,"Comedy,Drama,Romance",6.5,145427
tt1055369,movie,Transformers: Revenge of the Fallen,2009,149,"Action,Adventure,Sci-Fi",6.0,455734
tt10554232,movie,Dara of Jasenovac,2020,130,"Drama,War",8.0,82407
tt10556022,movie,Unpregnant,2020,103,"Comedy,Drama",6.5,11262
tt1057500,movie,Invictus,2009,134,"Biography,Drama,History",7.3,174718
tt10579952,movie,Master,2021,179,"Action,Crime,Drama",7.4,91153
tt1058017,movie,The Invention of Lying,2009,100,"Comedy,Fantasy,Romance",6.4,157602
tt1059786,movie,Eagle Eye,2008,118,"Action,Mystery,Thriller",6.6,202213
tt10598156,movie,Dhaakad,2022,135,"Action,Thriller",3.8,12289
tt1059836,movie,Transit,2012,88,"Action,Crime,Thriller",5.8,12168
tt1059925,movie,According to Greta,2009,92,"Drama,Romance",6.1,10728
tt10600398,movie,We Can Be Heroes,2020,100,"Action,Animation,Comedy",4.7,19739
tt1060277,movie,Cloverfield,2008,85,"Action,Horror,Sci-Fi",7.0,445506
tt10612922,movie,One Night in Miami...,2020,114,Drama,7.1,36046
tt10618286,movie,Mank,2020,131,"Biography,Drama",6.8,105248
tt10620868,movie,#Alive,2020,98,"Action,Drama,Horror",6.3,55458
tt10627584,movie,The Life Ahead,2020,94,Drama,6.8,16499
tt10627720,movie,Ne Zha,2019,110,"Action,Adventure,Animation",7.3,23413
tt10633456,movie,Minari,2020,115,Drama,7.4,126551
tt1063669,movie,The Wave,2008,107,"Drama,Thriller",7.6,122173
tt10638522,movie,Talk to Me,2022,95,"Horror,Thriller",7.1,219118
tt10640346,movie,Babylon,2022,189,"Comedy,Drama",7.1,207831
tt10644708,movie,Dhokha,2022,122,"Crime,Drama,Thriller",6.2,12710
tt10648342,movie,Thor: Love and Thunder,2022,118,"Action,Adventure,Comedy",6.1,464244
tt10648714,movie,Chernobyl: Abyss,2021,136,"Drama,History",5.2,11782
tt1064932,movie,Welcome to the Sticks,2008,106,"Comedy,Romance",7.1,47771
tt1065073,movie,Boyhood,2014,165,Drama,7.9,382484
tt10655524,movie,It Ends with Us,2024,130,"Drama,Romance",6.3,103300
tt10661848,movie,Jagame Thandhiram,2021,158,"Action,Crime,Drama",5.8,13134
tt10665338,movie,Halloween Kills,2021,105,"Action,Drama,Horror",5.5,108646
tt10665342,movie,Halloween Ends,2022,111,"Horror,Mystery,Romance",5.0,83312
tt1067106,movie,A Christmas Carol,2009,96,"Adventure,Animation,Comedy",6.8,141536
tt1067583,movie,Water for Elephants,2011,120,"Drama,Romance",6.9,124204
tt10676012,movie,To All the Boys: Always and Forever,2021,116,"Comedy,Drama,Romance",6.3,40133
tt10676048,movie,The Marvels,2023,105,"Action,Adventure,Sci-Fi",5.4,165608
tt10676052,movie,The Fantastic Four: First Steps,2025,115,"Action,Adventure,Sci-Fi",6.8,270733
tt1067733,movie,"Patrik, Age 1.5",2008,103,"Comedy,Drama,Romance",6.9,10769
tt1067765,movie,Adult World,2013,97,"Comedy,Drama",6.1,19255
tt1067774,movie,Monte Carlo,2011,109,"Adventure,Comedy,Family",5.8,52553
tt10682266,movie,Hubie Halloween,2020,103,"Comedy,Horror,Mystery",5.3,68725
tt1068242,movie,Footloose,2011,113,"Comedy,Drama,Music",5.9,55696
tt1068641,movie,The Burning Plain,2008,107,"Crime,Drama,Mystery",6.7,22213
tt1068646,movie,The Class,2008,128,Drama,7.5,37554
tt1068649,movie,I've Loved You So Long,2008,117,Drama,7.6,21097
tt1068678,movie,Veronika Decides to Die,2009,103,"Drama,Romance",6.3,13590
tt1068680,movie,Yes Man,2008,104,"Comedy,Romance",6.8,405961
tt10687116,movie,Entergalactic,2022,93,"Animation,Comedy,Music",7.4,20991
tt10687506,movie,The Electrical Life of Louis Wain,2021,111,"Biography,Drama,History",6.8,23936
tt10691162,movie,Aftermath,2021,114,"Drama,Horror,Mystery",5.3,19972
tt1069238,movie,Departures,2008,130,Drama,8.0,57613
tt10696784,movie,The Harder They Fall,2021,139,"Action,Drama,Western",6.6,77985
tt10696896,movie,Stillwater,2021,139,"Crime,Drama,Mystery",6.6,64363
tt10698174,movie,Wolf,2021,99,"Drama,Mystery,Thriller",5.1,13153
tt10698680,movie,K.G.F: Chapter 2,2022,166,"Action,Crime,Drama",8.2,170463
tt10699086,movie,Bachchhan Paandey,2022,147,"Action,Comedy,Crime",5.0,37346
tt10701074,movie,Ponniyin Selvan: Part I,2022,167,"Action,Drama",7.5,38633
tt10706602,movie,Collective,2019,109,"Crime,Documentary",8.1,14287
tt1070874,movie,The Trial of the Chicago 7,2020,129,"Drama,History,Thriller",7.7,205969
tt10709484,movie,Don,2022,165,"Comedy,Romance",6.8,12983
tt10714856,movie,Feel the Beat,2020,109,"Comedy,Drama,Family",6.3,15381
tt10717738,movie,Anjaam Pathiraa,2020,144,"Crime,Mystery,Thriller",7.9,12518
tt1071804,movie,Ink,2009,107,"Action,Drama,Fantasy",6.8,22950
tt1071875,movie,Ghost Rider: Spirit of Vengeance,2011,96,"Action,Adventure,Fantasy",4.4,134761
tt10720352,movie,Arthur the King,2024,107,"Adventure,Drama,Sport",7.0,39735
tt1072748,movie,Winchester,2018,99,"Biography,Horror,Mystery",5.5,39452
tt1073105,movie,The Descent: Part 2,2009,94,"Adventure,Horror,Thriller",5.7,56120
tt10731256,movie,Don't Worry Darling,2022,123,"Drama,Mystery,Thriller",6.3,177752
tt10731768,movie,Sweet Girl,2021,110,"Action,Drama,Thriller",5.6,38351
tt1073241,movie,Nothing But the Truth,2008,108,"Crime,Drama,Mystery",7.1,41821
tt10733228,movie,Gehraiyaan,2022,148,"Drama,Romance",5.6,45221
tt1073498,movie,Meet the Spartans,2008,87,"Comedy,Fantasy",2.8,113316
tt10736580,movie,Spell,2020,91,"Horror,Thriller",5.5,10901
tt10739666,movie,Satyameva Jayate 2,2021,138,"Action,Crime,Drama",3.3,16464
tt10741542,movie,Sherni,2021,131,"Action,Adventure,Drama",6.8,12341
tt1074638,movie,Skyfall,2012,143,"Action,Adventure,Thriller",7.8,775586
tt1075110,movie,The Misfortunates,2009,108,"Comedy,Drama",7.3,12036
tt10752004,movie,Love Hard,2021,104,"Comedy,Romance",6.3,68900
tt1075417,movie,Race to Witch Mountain,2009,98,"Action,Adventure,Family",5.7,66486
tt1075419,movie,Shinjuku Incident,2009,119,"Action,Crime,Drama",6.9,14547
tt1075747,movie,Jonah Hex,2010,81,"Action,Drama,Fantasy",4.7,64948
tt10763820,movie,Night Teeth,2021,107,"Action,Crime,Drama",5.7,24668
tt10767052,movie,Next Goal Wins,2023,104,"Comedy,Drama,Sport",6.5,31515
tt1077248,movie,Johnny Gaddaar,2007,135,"Crime,Drama,Thriller",7.8,14205
tt1077258,movie,Planet Terror,2007,105,"Action,Comedy,Horror",7.0,233805
tt10773090,movie,Sarileru Neekevvaru,2020,169,"Action,Comedy,Drama",5.8,10104
tt1077368,movie,Dark Shadows,2012,113,"Comedy,Fantasy,Horror",6.2,294951
tt1078188,movie,Boy A,2007,106,Drama,7.5,40124
tt1078588,movie,My Sister's Keeper,2009,109,"Drama,Family",7.3,103066
tt10786774,movie,Sam Bahadur,2023,150,"Biography,Drama,War",7.7,21906
tt1078912,movie,Night at the Museum: Battle of the Smithsonian,2009,105,"Adventure,Comedy,Family",6.0,230151
tt1078940,movie,Couples Retreat,2009,113,Comedy,5.6,121645
tt10793644,movie,The Vigil,2019,89,"Horror,Mystery,Thriller",5.8,11383
tt1080016,movie,Ice Age: Dawn of the Dinosaurs,2009,94,"Adventure,Animation,Comedy",6.9,287127
tt10806040,movie,Valimai,2022,178,"Action,Crime,Drama",6.0,21510
tt10808832,movie,Let Them All Talk,2020,113,"Comedy,Drama",6.1,14531
tt10811166,movie,The Kashmir Files,2022,170,Drama,8.5,579252
tt1082601,movie,Fighting,2009,105,"Action,Crime,Drama",5.6,35347
tt1082807,movie,The Belko Experiment,2016,89,"Action,Horror,Thriller",6.2,67340
tt1082853,movie,Management,2008,94,"Comedy,Drama,Romance",5.8,19113
tt1082868,movie,Quarantine,2008,89,"Horror,Sci-Fi,Thriller",6.0,83834
tt1082886,movie,The Wackness,2008,99,"Comedy,Drama,Romance",6.9,31790
tt1083452,movie,Eddie the Eagle,2015,106,"Adventure,Biography,Comedy",7.3,107978
tt1083456,movie,Fired Up!,2009,90,"Comedy,Sport",6.1,47770
tt10838180,movie,The Matrix Resurrections,2021,148,"Action,Sci-Fi",5.6,304325
tt1084950,movie,Rachel Getting Married,2008,113,"Drama,Romance",6.6,54018
tt1084972,movie,Wanted,2009,147,"Action,Crime,Thriller",6.6,29657
tt1085492,movie,The Prince,2014,93,"Action,Thriller",4.6,19696
tt10855768,movie,Missing,2023,111,"Drama,Mystery,Thriller",7.1,72332
tt1085779,movie,The Hole,2009,92,"Fantasy,Thriller",5.7,25284
tt1086064,movie,Bill & Ted Face the Music,2020,91,"Adventure,Comedy,Music",5.9,56918
tt1086772,movie,Blended,2014,117,"Comedy,Romance",6.5,158907
tt10869778,movie,Maidaan,2024,181,"Biography,Drama,History",7.9,23555
tt10872600,movie,Spider-Man: No Way Home,2021,148,"Action,Adventure,Fantasy",8.1,1030305
tt1087461,movie,Megan Is Missing,2011,85,"Crime,Drama,Horror",4.6,21273
tt1087578,movie,Still Walking,2008,115,Drama,7.9,21126
tt10883506,movie,A Sun,2019,156,"Crime,Drama",7.6,11590
tt10885444,movie,Khaali Peeli,2020,119,"Comedy,Romance",2.6,10238
tt10886166,movie,365 Days,2020,114,"Drama,Romance",3.3,109151
tt10888594,movie,Radhe,2021,109,"Action,Thriller",1.8,181759
tt10888708,movie,The Sleepover,2020,100,"Action,Adventure,Comedy",5.7,13490
tt10895556,movie,Rashmi Rocket,2021,129,"Drama,Sport",7.1,12814
tt10895576,movie,Mimi,2021,132,"Comedy,Drama",7.8,46369
tt1091191,movie,Lone Survivor,2013,121,"Action,Adventure,Biography",7.5,324864
tt1091229,movie,CC2C,2009,154,"Action,Comedy,Drama",4.4,10606
tt10915286,movie,Tell Me Who I Am,2019,86,"Documentary,Drama,Mystery",7.6,20088
tt1091617,movie,Expelled: No Intelligence Allowed,2008,90,Documentary,3.8,12321
tt1091722,movie,Adventureland,2009,107,"Comedy,Drama,Romance",6.8,174924
tt10919240,movie,Malik,2021,162,"Action,Biography,Crime",8.0,15258
tt10919380,movie,Freaky,2020,102,"Comedy,Horror,Thriller",6.3,82229
tt1092005,movie,Golmaal Returns,2008,135,"Comedy,Crime,Mystery",5.3,10609
tt1092011,movie,Sacred Demijohn,2007,105,"Comedy,Fantasy,Horror",5.2,11123
tt1092026,movie,Paul,2011,104,"Adventure,Comedy,Sci-Fi",6.9,283378
tt1092633,movie,"The Goods: Live Hard, Sell Hard",2009,89,Comedy,5.7,23407
tt1092634,movie,Shanghai,2010,105,"Crime,Drama,Mystery",6.3,10837
tt10930586,movie,Shikara,2020,118,"Drama,History,Romance",3.4,15555
tt1093357,movie,The Darkest Hour,2011,89,"Action,Adventure,Horror",4.9,66342
tt1093370,movie,Jab We Met,2007,138,"Comedy,Drama,Romance",7.9,65732
tt1093824,movie,Encounters at the End of the World,2007,99,Documentary,7.7,20429
tt1093908,movie,Confessions of a Shopaholic,2009,104,"Comedy,Romance",5.9,89291
tt10944760,movie,Titane,2021,108,"Drama,Horror,Sci-Fi",6.4,66863
tt10948718,movie,The Heist of the Century,2020,114,"Action,Biography,Comedy",7.1,12417
tt1095174,movie,New in Town,2009,97,"Comedy,Romance",5.7,26517
tt1095217,movie,Bad Lieutenant: Port of Call New Orleans,2009,122,"Crime,Drama,Mystery",6.6,84870
tt10954600,movie,Ant-Man and the Wasp: Quantumania,2023,124,"Action,Adventure,Comedy",6.0,272021
tt10954652,movie,Old,2021,108,"Drama,Mystery,Thriller",5.8,184451
tt10954718,movie,Dog Man,2025,89,"Action,Adventure,Animation",6.3,14253
tt10954984,movie,Nope,2022,130,"Horror,Mystery,Sci-Fi",6.8,319070
tt10962368,movie,Things Heard & Seen,2021,121,"Drama,Horror,Mystery",5.3,41112
tt10964430,movie,Thappad,2020,142,Drama,7.0,27877
tt10964468,movie,Shakuntala Devi,2020,127,"Biography,Drama",6.2,10107
tt1097013,movie,Next Day Air,2009,84,"Action,Comedy,Crime",5.7,11474
tt1097643,movie,Fifty Dead Men Walking,2008,117,"Crime,Drama,Thriller",6.8,11951
tt1098327,movie,Dragonball: Evolution,2009,85,"Action,Adventure,Fantasy",2.5,85076
tt10986222,movie,C'mon C'mon,2021,109,Drama,7.3,43019
tt1099212,movie,Twilight,2008,122,"Drama,Fantasy,Romance",5.4,529042
tt10993566,movie,Miami Bici,2020,98,"Comedy,Crime",6.1,12691
tt10999120,movie,Spirited,2022,127,"Comedy,Family,Fantasy",6.6,59825
tt1100089,movie,Foxcatcher,2014,134,"Biography,Drama,History",7.0,155413
tt11003218,movie,Pig,2021,92,"Drama,Mystery",6.9,105629
tt11012066,movie,Home Sweet Home Alone,2021,93,"Comedy,Crime,Family",3.6,23432
tt11024272,movie,The Babysitter: Killer Queen,2020,101,"Comedy,Horror",5.8,60506
tt11027830,movie,Haseen Dillruba,2021,135,"Crime,Drama,Mystery",6.9,35242
tt1103153,movie,Killers,2010,100,"Action,Comedy,Romance",5.5,99938
tt11032374,movie,Demon Slayer: Kimetsu no Yaiba - The Movie: Mugen Train,2020,117,"Action,Adventure,Animation",8.2,101725
tt1103275,movie,Two Lovers,2008,110,"Drama,Romance",7.0,45996
tt1103982,movie,The Girlfriend Experience,2009,77,Drama,5.5,17838
tt1104001,movie,Tron: Legacy,2010,125,"Action,Adventure,Sci-Fi",6.8,388095
tt1104083,movie,Little Ashes,2008,112,"Biography,Drama,History",6.3,10057
tt11040844,movie,The Machine,2023,112,"Action,Comedy",5.7,18176
tt11044858,movie,Nocturne,2020,90,"Drama,Horror,Music",5.7,16152
tt11045422,movie,Toofaan,2021,163,"Drama,Sport",6.1,53280
tt1104733,movie,Hamlet 2,2008,92,"Comedy,Music",6.4,17890
tt1104806,movie,One Week,2008,94,"Adventure,Drama",7.0,12317
tt11057302,movie,Madame Web,2024,116,"Action,Thriller",4.1,116163
tt11057644,movie,The Christmas Chronicles: Part Two,2020,112,"Adventure,Comedy,Family",6.0,41120
tt1106860,movie,Ca$h,2010,108,"Crime,Thriller",5.9,10514
tt1107319,movie,Dirty Girl,2010,90,"Comedy,Drama",6.4,11922
tt1107365,movie,Open Season 2,2008,76,"Adventure,Animation,Comedy",5.5,29410
tt1107860,movie,The Maiden Heist,2009,90,"Comedy,Crime",6.0,18715
tt11080108,movie,The Map of Tiny Perfect Things,2021,98,"Comedy,Fantasy,Romance",6.8,33750
tt11083552,movie,Wrath of Man,2021,119,"Action,Crime,Thriller",7.1,240096
tt1109624,movie,Paddington,2014,95,"Adventure,Comedy,Family",7.3,157307
tt11097384,movie,Spaceman,2024,107,"Adventure,Drama,Romance",5.7,47966
tt11100856,movie,"Love, Guaranteed",2020,90,"Comedy,Romance",5.6,20482
tt11107074,movie,My Hero Academia: Heroes Rising,2019,104,"Action,Adventure,Animation",7.8,13006
tt11112808,movie,Cirkus,2022,139,"Comedy,Drama",4.2,24958
tt1111422,movie,The Taking of Pelham 123,2009,106,"Action,Crime,Thriller",6.4,217975
tt11116912,movie,Troll,2022,101,"Action,Adventure,Drama",5.8,59316
tt1111833,movie,Super High Me,2007,89,"Comedy,Documentary",6.0,13235
tt1111890,movie,Diary of a Nymphomaniac,2008,101,"Drama,Romance",5.6,12259
tt1111948,movie,Soul Men,2008,100,"Comedy,Drama,Music",6.4,12370
tt11121664,movie,Blue Bayou,2021,117,"Crime,Drama",7.1,11833
tt11125620,movie,The Addams Family 2,2021,93,"Adventure,Animation,Comedy",5.4,18444
tt11127680,movie,Boiling Point,2021,92,"Drama,Thriller",7.5,56919
tt11127690,movie,The Paramedic,2020,94,"Crime,Drama,Thriller",5.7,16397
tt1112782,movie,The Code,2009,104,"Action,Crime,Thriller",6.0,37005
tt11128440,movie,Clerks III,2022,100,"Comedy,Drama",6.2,22170
tt1113829,movie,George Harrison: Living in the Material World,2011,208,"Biography,Documentary,Music",8.1,13507
tt11138512,movie,The Northman,2022,137,"Action,Adventure,Drama",7.0,301862
tt11140488,movie,The Wolf of Snow Hollow,2020,85,"Comedy,Horror,Mystery",6.2,29646
tt11142762,movie,Pagglait,2021,114,"Comedy,Drama",6.9,12062
tt11145118,movie,Creed III,2023,116,"Action,Drama,Sport",6.7,108773
tt1114677,movie,Hannah Montana: The Movie,2009,102,"Comedy,Drama,Family",4.8,49356
tt1114740,movie,Paul Blart: Mall Cop,2009,91,"Action,Comedy,Crime",5.3,125689
tt11152168,movie,IF,2024,104,"Animation,Comedy,Drama",6.4,67740
tt11160650,movie,On the Count of Three,2021,86,"Comedy,Crime,Drama",7.0,10467
tt11161474,movie,Pieces of a Woman,2020,126,Drama,7.0,60379
tt1116184,movie,Jackass 3D,2010,94,"Action,Comedy,Documentary",7.0,71018
tt1117385,movie,Felon,2008,104,"Action,Drama,Thriller",7.4,88101
tt1119191,movie,The Killing Room,2009,93,"Mystery,Thriller",5.6,15425
tt11196036,movie,The Card Counter,2021,111,"Crime,Drama,Thriller",6.2,47320
tt1119646,movie,The Hangover,2009,100,Comedy,7.7,934950
tt11198810,movie,She Said,2022,129,"Crime,Drama,History",7.3,49663
tt11199410,movie,The Princess Switch: Switched Again,2020,96,"Comedy,Drama,Family",5.5,15272
tt11204094,movie,The Duke,2020,95,"Biography,Comedy,Crime",6.9,16285
tt1120985,movie,Blue Valentine,2010,112,"Drama,Romance",7.3,226741
tt11210390,movie,Asterix & Obelix: The Middle Kingdom,2023,112,"Adventure,Comedy,Family",5.1,13733
tt1121096,movie,Seventh Son,2014,102,"Action,Adventure,Fantasy",5.5,84931
tt11213372,movie,Stuck Apart,2021,96,"Comedy,Drama",6.0,11933
tt11214558,movie,The Smashing Machine,2025,123,"Action,Biography,Drama",6.3,74914
tt11214590,movie,House of Gucci,2021,158,"Biography,Crime,Drama",6.6,175690
tt1121794,movie,Sword of the Stranger,2007,103,"Action,Adventure,Animation",7.7,19953
tt1121931,movie,Crank: High Voltage,2009,96,"Action,Thriller",6.1,167659
tt1121948,movie,The Killer,2024,126,"Action,Crime,Drama",5.7,18373
tt1121977,movie,Mother and Child,2009,125,"Drama,Romance",7.2,13346
tt11225626,movie,Am I OK?,2022,86,"Comedy,Drama,Romance",6.1,15192
tt1123373,movie,Detective Dee: Mystery of the Phantom Flame,2010,119,"Action,Adventure,Drama",6.6,12450
tt11233960,movie,The Unforgivable,2021,112,"Crime,Drama,Mystery",7.2,128745
tt11235772,movie,The Voyeurs,2021,116,"Drama,Mystery,Romance",6.1,50258
tt11240348,movie,The Exorcism,2024,95,"Horror,Thriller",4.2,13693
tt1124035,movie,The Ides of March,2011,101,"Drama,Thriller",7.1,239913
tt1124037,movie,Free State of Jones,2016,139,"Action,Biography,Drama",6.9,68440
tt1124039,movie,Echelon Conspiracy,2009,105,"Action,Crime,Thriller",5.7,20392
tt11240506,movie,Nobody Sleeps in the Woods Tonight,2020,102,"Comedy,Fantasy,Horror",4.9,16265
tt1124052,movie,City of Life and Death,2009,133,"Drama,History,War",7.7,12517
tt11242218,movie,Books of Blood,2020,107,"Drama,Horror,Mystery",5.6,11879
tt11245972,movie,Scream,2022,114,"Horror,Mystery,Thriller",6.3,189150
tt11252248,movie,Dog,2022,101,"Comedy,Drama",6.5,52612
tt11252440,movie,Psycho Goreman,2020,95,"Comedy,Horror,Sci-Fi",6.3,17110
tt11253090,movie,Annaatthe,2021,163,"Action,Comedy,Drama",4.0,11492
tt1125849,movie,The Wrestler,2008,109,"Drama,Sport",7.9,331695
tt11260832,movie,Bellbottom,2021,123,"Action,Thriller",6.1,24332
tt1126590,movie,Big Eyes,2014,106,"Biography,Crime,Drama",6.9,104895
tt1126591,movie,Burlesque,2010,119,"Drama,Music,Musical",6.4,99696
tt1126596,movie,Adulthood,2008,99,"Crime,Drama",6.6,13542
tt1126618,movie,Morning Glory,2010,107,"Comedy,Drama,Romance",6.5,87690
tt11271038,movie,Licorice Pizza,2021,133,"Comedy,Drama,Romance",7.1,161847
tt1127180,movie,Drag Me to Hell,2009,99,Horror,6.6,231823
tt11274492,movie,The Out-Laws,2023,95,"Action,Comedy,Crime",5.4,41968
tt1127715,movie,Sin Nombre,2009,96,"Adventure,Crime,Drama",7.5,35082
tt11278476,movie,Rescued by Ruby,2022,90,"Biography,Drama,Family",7.2,13953
tt1127877,movie,Cold Souls,2009,101,"Comedy,Drama,Fantasy",6.4,10633
tt1127896,movie,Taking Woodstock,2009,120,"Biography,Comedy,Drama",6.7,30930
tt1128075,movie,Love Exposure,2008,237,"Action,Comedy,Drama",8.0,18152
tt11281220,movie,Intoxicated by Love,2024,118,"Drama,History,Romance",6.8,15500
tt11284280,movie,Cadaver,2020,86,"Drama,Horror,Thriller",5.2,13614
tt11285280,movie,Together Together,2021,90,"Comedy,Drama",6.4,10050
tt11286314,movie,Don't Look Up,2021,138,"Comedy,Drama,Sci-Fi",7.1,674797
tt11291274,movie,The Unbearable Weight of Massive Talent,2022,107,"Action,Comedy,Crime",7.0,180072
tt1129423,movie,Fireproof,2008,122,"Drama,Romance",6.5,25620
tt1129442,movie,Transporter 3,2008,104,"Action,Thriller",6.1,186030
tt1129445,movie,Amelia,2009,111,"Adventure,Biography,Drama",5.8,14296
tt1130080,movie,The Informant!,2009,108,"Biography,Comedy,Crime",6.5,70025
tt11301886,movie,Rebel Ridge,2024,131,"Action,Crime,Drama",6.8,103652
tt11301946,movie,Beast,2022,155,"Action,Comedy,Crime",5.2,39447
tt11304740,movie,Wish,2023,95,"Adventure,Animation,Comedy",5.5,50770
tt11307814,movie,Red Dot,2021,86,"Drama,Horror,Thriller",5.5,16001
tt1130884,movie,Shutter Island,2010,138,"Drama,Mystery,Thriller",8.2,1658959
tt1130988,movie,JCVD,2008,97,"Comedy,Crime,Drama",7.0,41457
tt11314148,movie,Shiddat,2021,146,Romance,7.6,27115
tt11315808,movie,Joker: Folie à Deux,2024,138,"Drama,Musical,Thriller",5.2,185082
tt11317142,movie,Shiva Baby,2020,77,"Comedy,Drama",7.1,42605
tt1131724,movie,2:22,2017,98,"Drama,Mystery,Romance",5.7,27816
tt1131729,movie,Pirate Radio,2009,117,"Comedy,Drama,Music",7.3,120775
tt1131734,movie,Jennifer's Body,2009,102,"Comedy,Horror",5.6,174798
tt1132285,movie,The Factory,2012,104,"Crime,Mystery,Thriller",5.8,12306
tt11322920,movie,Ayyappanum Koshiyum,2020,177,"Action,Drama,Thriller",8.0,12520
tt1132449,movie,Lay the Favorite,2012,94,"Comedy,Drama,Romance",4.9,12568
tt1132620,movie,The Girl with the Dragon Tattoo,2009,152,"Crime,Drama,Mystery",7.8,231061
tt1132626,movie,Saw V,2008,92,"Horror,Thriller",5.8,148925
tt11327514,movie,Uncle Frank,2020,95,"Comedy,Drama",7.3,24896
tt1133985,movie,Green Lantern,2011,114,"Action,Adventure,Sci-Fi",5.5,309511
tt1133991,movie,What Doesn't Kill You,2008,100,"Crime,Drama,Thriller",6.5,14451
tt1134629,movie,The Private Lives of Pippa Lee,2009,98,"Comedy,Drama,Romance",6.3,14752
tt1134854,movie,Survival of the Dead,2009,90,"Comedy,Drama,Horror",4.8,23557
tt1135084,movie,Takers,2010,107,"Action,Crime,Drama",6.2,68586
tt1135092,movie,The Limits of Control,2009,116,"Crime,Drama,Mystery",6.2,21979
tt1135487,movie,Duplicity,2009,125,"Comedy,Crime,Romance",6.1,53912
tt1135503,movie,Julie & Julia,2009,123,"Biography,Drama,Romance",7.0,136747
tt1135525,movie,The Slammin' Salmon,2009,99,Comedy,6.4,16706
tt11358390,movie,Renfield,2023,93,"Action,Comedy,Fantasy",6.4,120513
tt1135985,movie,Sex Drive,2008,109,"Comedy,Romance",6.5,96271
tt11364772,movie,Kabzaa,2023,134,"Action,Crime,Thriller",4.6,15664
tt11365186,movie,Redeeming Love,2022,134,"Drama,Romance,Western",6.8,20671
tt1136608,movie,District 9,2009,112,"Action,Sci-Fi,Thriller",7.9,754395
tt1136617,movie,The Killer,2023,118,"Action,Adventure,Crime",6.7,224922
tt1137450,movie,Death Wish,2018,107,"Action,Crime,Drama",6.3,83667
tt11374902,movie,Doctor,2021,148,"Action,Comedy,Crime",7.4,21897
tt11375428,movie,Hridayam,2022,172,"Drama,Musical,Romance",8.0,21161
tt11378946,movie,Michael,2026,127,"Biography,Drama,History",7.5,143305
tt11382384,movie,The Dissident,2020,119,"Crime,Documentary,Thriller",7.8,31031
tt11385128,movie,V,2020,140,"Action,Crime,Thriller",6.8,10055
tt11388406,movie,Horse Girl,2020,103,"Drama,Mystery,Thriller",6.0,21963
tt11388580,movie,Miss Americana,2020,85,"Biography,Documentary,Music",7.4,26668
tt11389748,movie,Mass,2021,111,Drama,7.5,19808
tt11389872,movie,Kingdom of the Planet of the Apes,2024,145,"Action,Adventure,Drama",6.8,170091
tt11390036,movie,A Fall from Grace,2020,120,"Crime,Drama,Mystery",5.9,18843
tt1139328,movie,The Ghost Writer,2010,128,"Crime,Drama,Mystery",7.2,177089
tt11394298,movie,The Mole Agent,2020,84,Documentary,7.5,10302
tt11394332,movie,Spree,2020,93,"Comedy,Crime,Horror",5.9,22096
tt1139592,movie,Jeepers Creepers III,2017,100,Horror,3.9,27038
tt11396310,movie,Viduthalai: Part 1,2023,150,"Action,Crime,Drama",8.1,12060
tt1139668,movie,The Unborn,2009,88,"Horror,Mystery,Thriller",4.7,54882
tt1139797,movie,Let the Right One In,2008,114,"Drama,Fantasy,Horror",7.8,240648
tt11416594,movie,Karakomik Filmler: Deli,2020,60,"Comedy,Drama",6.5,10232
tt1142433,movie,Post Grad,2009,88,"Comedy,Family,Romance",5.3,15686
tt11426232,movie,Totally Killer,2023,106,"Comedy,Horror,Mystery",6.5,69578
tt11426572,movie,Wedding Season,2022,98,"Comedy,Romance",6.4,12450
tt1142800,movie,Madea Goes to Jail,2009,103,"Comedy,Crime,Drama",4.7,13844
tt1142977,movie,Frankenweenie,2012,87,"Animation,Comedy,Drama",6.9,126807
tt1142988,movie,The Ugly Truth,2009,96,"Comedy,Romance",6.4,242315
tt1144884,movie,The Final Destination,2009,82,"Horror,Thriller",5.1,142197
tt11456054,movie,Run Hide Fight,2020,109,"Action,Crime,Drama",6.3,30259
tt11460992,movie,Runway 34,2022,145,"Drama,Thriller",7.0,31694
tt1146325,movie,Singh Is King,2008,135,"Action,Comedy,Crime",5.8,18041
tt11464826,movie,The Social Dilemma,2020,94,"Documentary,Drama",7.6,94623
tt11466222,movie,Jackass Forever,2022,96,"Comedy,Documentary",6.8,55469
tt1148204,movie,Orphan,2009,123,"Horror,Mystery,Thriller",7.0,278679
tt11490170,movie,HIT,2020,125,"Crime,Drama,Mystery",7.6,10836
tt1149361,movie,Micmacs,2009,105,"Action,Comedy,Crime",7.1,32153
tt1149362,movie,The White Ribbon,2009,144,"Drama,Mystery,Thriller",7.8,81776
tt11497716,movie,The Legend,2022,161,"Action,Drama,Romance",4.5,29533
tt1151309,movie,Bigger Stronger Faster*,2008,105,"Documentary,Sport",7.5,14080
tt1151359,movie,Leaves of Grass,2009,105,"Comedy,Crime,Drama",6.4,28749
tt11514780,movie,Choose or Die,2022,84,"Drama,Horror,Thriller",4.8,29172
tt1151922,movie,Miss March,2009,90,"Comedy,Romance",5.0,23068
tt1152398,movie,Beastly,2011,86,"Drama,Fantasy,Romance",5.5,82100
tt11525644,movie,No Sudden Move,2021,115,"Crime,Drama,Mystery",6.4,45377
tt1152758,movie,Dear Zachary: A Letter to a Son About His Father,2008,95,"Biography,Crime,Documentary",8.5,45938
tt1152836,movie,Public Enemies,2009,140,"Biography,Crime,Drama",6.9,335634
tt1152850,movie,Wendy and Lucy,2008,80,Drama,7.1,21202
tt11531182,movie,A.R.M,2024,150,"Action,Adventure,Comedy",7.0,10189
tt11535228,movie,Emergency Declaration,2021,141,"Action,Drama,Thriller",6.8,12360
tt1153706,movie,Dance Flick,2009,83,"Action,Comedy,Music",3.7,13457
tt11539996,movie,Relay,2024,112,"Action,Drama,Thriller",7.0,38795
tt11540284,movie,8-Bit Christmas,2021,97,"Comedy,Family",6.7,25447
tt11540726,movie,Resurrection,2022,103,"Crime,Drama,Horror",5.9,13923
tt11541872,movie,Big Bug,2022,111,"Comedy,Sci-Fi",5.5,11511
tt1155056,movie,"I Love You, Man",2009,105,"Comedy,Romance",7.0,226162
tt1155076,movie,The Karate Kid,2010,140,"Action,Drama,Family",6.3,228084
tt11555492,movie,Farha,2021,92,Drama,8.0,91044
tt1155592,movie,Man on Wire,2008,94,"Biography,Crime,Documentary",7.7,61155
tt11563598,movie,A Complete Unknown,2024,141,"Biography,Drama,Music",7.3,119546
tt1156398,movie,Zombieland,2009,88,"Action,Comedy,Horror",7.5,670060
tt11564570,movie,Glass Onion,2022,139,"Comedy,Crime,Drama",7.1,527515
tt1156466,movie,Undisputed III: Redemption,2010,96,"Action,Crime,Drama",7.3,47956
tt1157605,movie,Anvil: The Story of Anvil,2008,80,"Biography,Documentary,Drama",7.9,17378
tt11576124,movie,Rogue,2020,105,"Action,Horror,Thriller",4.2,10750
tt11580854,movie,Sarpatta Parambarai,2021,173,"Action,Drama,Sport",8.5,28759
tt11581174,movie,Karnan,2021,158,"Action,Drama",8.0,25213
tt1160368,movie,12 Rounds,2009,108,"Action,Crime,Thriller",5.6,31902
tt1160419,movie,Dune: Part One,2021,155,"Action,Adventure,Drama",8.0,1069674
tt11604676,movie,Nayattu,2021,124,"Crime,Thriller",8.0,10462
tt1160996,movie,The Colony,2013,95,"Action,Horror,Sci-Fi",5.3,49497
tt1161418,movie,Gentlemen Broncos,2009,90,"Comedy,Fantasy,Sci-Fi",6.2,14507
tt11617052,movie,Undine,2020,91,"Drama,Fantasy,Mystery",6.6,10620
tt1161864,movie,The Rite,2011,114,"Drama,Horror,Mystery",6.0,107117
tt11628854,movie,Silent Night,2021,92,"Comedy,Drama,Horror",5.8,25532
tt11649338,movie,Black Friday,2021,84,"Comedy,Horror",4.7,10003
tt1164999,movie,Biutiful,2010,148,"Drama,Romance",7.4,98170
tt11650226,movie,Vengeance Is Mine,2021,79,"Action,Thriller",5.0,10364
tt11651796,movie,AK vs AK,2020,108,"Comedy,Crime,Drama",6.9,15901
tt11655202,movie,Riders of Justice,2020,116,"Action,Comedy,Drama",7.5,76469
tt11655566,movie,Lilo & Stitch,2025,108,"Action,Adventure,Comedy",6.7,96319
tt11656172,movie,Hard Kill,2020,98,"Action,Thriller",3.1,19812
tt11656220,movie,Midnight in the Switchgrass,2021,99,"Crime,Mystery,Thriller",4.6,12849
tt11657662,movie,The Witcher: Nightmare of the Wolf,2021,83,"Action,Adventure,Animation",7.2,55324
tt1166100,movie,Ghajini,2008,186,"Action,Mystery,Thriller",7.4,72401
tt11663228,movie,Jailer,2023,168,"Action,Comedy,Crime",7.2,46270
tt11671006,movie,The Man from Toronto,2022,110,"Action,Adventure,Comedy",5.9,67269
tt11674730,movie,The Last Stop in Yuma County,2023,90,"Crime,Drama,Thriller",6.9,25403
tt1167638,movie,22 Bullets,2010,117,"Action,Crime,Drama",6.6,38089
tt1167660,movie,OSS 117: Lost in Rio,2009,101,"Action,Adventure,Comedy",6.8,17982
tt1167675,movie,Saint,2010,88,"Comedy,Fantasy,Horror",5.6,10262
tt11681250,movie,Godmothered,2020,110,"Comedy,Drama,Family",6.1,15025
tt11686490,movie,The Deep House,2021,85,"Drama,Horror,Mystery",5.3,19803
tt11687002,movie,The Outrun,2024,118,"Biography,Drama",6.9,22698
tt11687104,movie,"Alice, Darling",2022,89,"Drama,Mystery,Romance",5.6,14915
tt11700260,movie,Official Competition,2021,115,"Comedy,Drama",7.0,17834
tt11703050,movie,The House,2022,97,"Animation,Comedy,Drama",6.8,26091
tt11703244,movie,The Blackening,2022,97,"Comedy,Horror,Mystery",6.0,27374
tt1170358,movie,The Hobbit: The Desolation of Smaug,2013,161,"Adventure,Fantasy",7.8,756192
tt11703710,movie,Downton Abbey: A New Era,2022,124,"Drama,Romance",7.4,38971
tt1171222,movie,Baggage Claim,2013,96,"Comedy,Romance",5.1,10108
tt1171701,movie,The Breath,2009,128,"Action,Drama,Thriller",8.0,37017
tt11720440,movie,Carry on Jatta 3,2023,136,"Comedy,Drama,Romance",5.9,11822
tt1172049,movie,Demolition,2015,101,"Comedy,Drama",7.0,135387
tt1172233,movie,Whip It,2009,111,"Drama,Sport",6.9,72483
tt1172570,movie,Bronson,2008,92,"Action,Crime,Drama",7.0,150408
tt1172571,movie,The Children,2008,84,"Horror,Mystery,Thriller",5.9,19718
tt11729298,movie,American Underdog,2021,112,"Biography,Drama,Romance",7.1,28459
tt1172991,movie,The Company Men,2010,104,Drama,6.7,51136
tt1172994,movie,The House of the Devil,2009,95,"Horror,Mystery",6.3,55813
tt11732164,movie,Pathu Thala,2023,151,"Action,Crime,Drama",6.7,10342
tt1173687,movie,The Bang Bang Club,2010,106,"Biography,Drama,History",6.9,12005
tt1173745,movie,Revanche,2008,121,"Crime,Drama,Romance",7.5,17263
tt11742798,movie,Afterlife of the Party,2021,109,"Comedy,Drama,Fantasy",5.8,11791
tt1174730,movie,City Island,2009,104,"Comedy,Drama",7.3,33479
tt1174732,movie,An Education,2009,100,Drama,7.2,141269
tt1174954,movie,Resident Evil: Degeneration,2008,98,"Action,Animation,Horror",6.4,35232
tt11750282,movie,Don't Listen,2020,97,"Drama,Horror,Mystery",6.1,19380
tt1175491,movie,W.,2008,129,"Biography,Comedy,Drama",6.3,51586
tt1175506,movie,Me and Orson Welles,2008,114,"Comedy,Drama",6.7,12353
tt11755740,movie,Texas Chainsaw Massacre,2022,81,"Crime,Drama,Horror",4.7,70769
tt1175709,movie,All Good Things,2010,101,"Crime,Drama,Mystery",6.2,64011
tt11762114,movie,Mean Girls,2024,112,"Comedy,Musical",5.5,41544
tt11762434,movie,Cosmic Sin,2021,88,"Action,Sci-Fi",2.5,16095
tt1176251,movie,Gigantic,2008,98,"Comedy,Drama,Romance",6.0,10159
tt1176740,movie,Away We Go,2009,98,"Comedy,Drama,Romance",7.0,56719
tt11772746,movie,Thiruchitrambalam,2022,131,"Comedy,Drama,Musical",7.9,19001
tt11773378,movie,Akhanda,2021,167,"Action,Drama,Fantasy",6.7,20382
tt11777738,movie,A Hero,2021,127,Drama,7.5,33312
tt11783766,movie,Ram Setu,2022,140,"Action,Adventure,Thriller",5.3,19167
tt1178663,movie,Whatever Works,2009,93,"Comedy,Romance",7.1,79375
tt1178665,movie,A Walk in the Woods,2015,104,"Adventure,Biography,Comedy",6.4,32403
tt1179025,movie,The Extraordinary Adventures of Adèle Blanc-Sec,2010,107,"Action,Adventure,Comedy",6.3,24590
tt1179031,movie,Cold in July,2014,109,"Crime,Thriller",6.7,39750
tt1179034,movie,From Paris with Love,2010,92,"Action,Crime,Thriller",6.4,127614
tt1179056,movie,A Nightmare on Elm Street,2010,95,"Crime,Drama,Horror",5.2,115334
tt1179069,movie,6 Souls,2010,112,"Horror,Mystery,Thriller",6.0,39230
tt11790780,movie,The Alpinist,2021,92,"Biography,Documentary,Sport",7.9,17143
tt1179258,movie,Chéri,2009,86,"Comedy,Drama,Romance",6.1,12146
tt1179794,movie,Timer,2009,99,"Comedy,Drama,Romance",6.4,14928
tt1179891,movie,My Bloody Valentine,2009,101,"Horror,Mystery,Thriller",5.5,65389
tt1179904,movie,Paranormal Activity,2007,86,"Horror,Mystery",6.3,272930
tt1179933,movie,10 Cloverfield Lane,2016,103,"Drama,Horror,Sci-Fi",7.2,386154
tt11804152,movie,Till Death,2021,91,"Horror,Thriller",5.9,31456
tt1180583,movie,Vaaranam Aayiram,2008,169,"Action,Drama,Musical",8.2,15906
tt11809034,movie,Rurouni Kenshin: Final Chapter Part I - The Final,2021,138,"Action,Adventure,Drama",7.2,12286
tt11813216,movie,The Banshees of Inisherin,2022,114,"Comedy,Drama",7.6,297347
tt1181614,movie,Wuthering Heights,2011,129,"Drama,Romance",6.0,12618
tt1181791,movie,Black Death,2010,102,"Action,Drama,History",6.4,54751
tt1181795,movie,Bunraku,2010,124,"Action,Drama,Thriller",6.1,21083
tt11820950,movie,The Portable Door,2023,116,"Adventure,Comedy,Fantasy",6.2,12789
tt11821912,movie,Devara Part 1,2024,176,"Action,Adventure,Drama",6.0,23693
tt1182345,movie,Moon,2009,97,"Drama,Mystery,Sci-Fi",7.8,396613
tt1182350,movie,You Will Meet a Tall Dark Stranger,2010,98,"Comedy,Drama,Romance",6.3,48883
tt11827628,movie,Memory,2022,114,"Action,Crime,Thriller",5.8,42357
tt1182921,movie,Ninja,2009,86,"Action,Thriller",5.5,14845
tt1182937,movie,Rab Ne Bana Di Jodi,2008,167,"Comedy,Drama,Music",7.2,59880
tt1182972,movie,Bachna Ae Haseeno,2008,152,"Comedy,Drama,Romance",6.2,13646
tt1183251,movie,Beyond a Reasonable Doubt,2009,106,"Crime,Drama,Mystery",5.8,14608
tt1183252,movie,Chocolate,2008,110,"Action,Drama",6.9,19773
tt1183276,movie,The Horde,2009,90,"Action,Horror",5.9,17177
tt11833648,movie,The Book of Sun,2020,120,Comedy,7.9,12868
tt1183374,movie,Pet,2016,94,"Crime,Horror,Thriller",5.7,20488
tt1183665,movie,Cracks,2009,104,"Drama,Mystery,Thriller",6.6,22224
tt1183732,movie,Tokyo Gore Police,2008,110,"Action,Adventure,Comedy",5.9,14004
tt1183919,movie,Marley,2012,144,"Biography,Documentary,Music",7.9,14990
tt1183923,movie,Welcome to the Rileys,2010,110,Drama,6.9,26030
tt11847410,movie,The Fallout,2021,96,Drama,7.0,43403
tt11851548,movie,Orphan: First Kill,2022,99,"Crime,Drama,Horror",5.9,54403
tt1185266,movie,Stan Helsing,2009,90,"Comedy,Fantasy,Horror",3.6,15974
tt1185412,movie,Veer,2010,169,"Action,Adventure,Drama",4.6,10200
tt1185416,movie,When in Rome,2010,91,"Comedy,Romance",5.5,67214
tt1185420,movie,Dostana,2008,145,"Comedy,Drama,Romance",6.4,17371
tt1185431,movie,My One and Only,2009,108,"Adventure,Biography,Comedy",6.5,10012
tt1185616,movie,Waltz with Bashir,2008,90,"Animation,Biography,Documentary",8.0,62762
tt1185834,movie,Star Wars: The Clone Wars,2008,98,"Action,Adventure,Animation",6.0,83259
tt1185836,movie,Adam,2009,99,"Comedy,Drama,Romance",7.1,36858
tt11858890,movie,The Creator,2023,133,"Action,Adventure,Drama",6.7,199807
tt1186367,movie,Ninja Assassin,2009,99,"Action,Thriller",6.3,80010
tt1186370,movie,Spread,2009,97,"Comedy,Drama,Romance",5.8,43441
tt11866324,movie,Prey,2022,100,"Action,Adventure,Horror",7.1,274683
tt1186830,movie,Agora,2009,127,"Adventure,Biography,Drama",7.1,76637
tt1187043,movie,3 Idiots,2009,170,"Comedy,Drama",8.4,484846
tt1187064,movie,Triangle,2009,99,"Fantasy,Mystery,Sci-Fi",6.9,149918
tt11873440,movie,Heropanti 2,2022,145,"Action,Comedy,Crime",2.2,28243
tt1188113,movie,Peacock,2010,90,"Drama,Mystery,Thriller",6.2,13348
tt1188729,movie,Pandorum,2009,108,"Action,Horror,Mystery",6.7,168449
tt1188982,movie,Jai Ho,2014,135,"Action,Drama",5.1,22788
tt1188990,movie,Cold Prey 2,2008,90,"Horror,Thriller",6.1,10752
tt1188996,movie,My Name Is Khan,2010,165,"Drama,Romance",7.9,123543
tt1189073,movie,The Skin I Live In,2011,120,"Drama,Mystery,Thriller",7.6,181015
tt11893274,movie,Downfall: The Case Against Boeing,2022,89,Documentary,7.4,14777
tt1189340,movie,The Lincoln Lawyer,2011,118,"Crime,Drama,Mystery",7.3,271113
tt11897478,movie,The Stranger,2022,117,"Crime,Drama,Thriller",6.6,30822
tt1190080,movie,2012,2009,158,"Action,Adventure,Sci-Fi",5.9,423507
tt1190536,movie,Black Dynamite,2009,84,"Action,Comedy",7.4,54564
tt1190539,movie,The Chaser,2008,125,"Action,Crime,Drama",7.8,81347
tt11905462,movie,Athlete A,2020,103,"Crime,Documentary,Sport",7.6,13513
tt11905962,movie,Sputnik,2020,113,"Drama,Horror,Mystery",6.4,30337
tt1190617,movie,An American Carol,2008,83,"Comedy,Fantasy",4.0,10489
tt11908172,movie,The Kill Room,2023,98,"Comedy,Thriller",5.5,10096
tt11909878,movie,Hocus Pocus 2,2022,103,"Comedy,Family,Fantasy",6.0,59487
tt1191111,movie,Enter the Void,2009,161,"Drama,Fantasy",7.2,94971
tt1192628,movie,Rango,2011,107,"Action,Adventure,Animation",7.3,321235
tt1193138,movie,Up in the Air,2009,109,"Comedy,Drama,Romance",7.4,361468
tt11934846,movie,Badhaai Do,2022,147,"Comedy,Drama,Romance",7.0,23115
tt1193516,movie,Recep Ivedik,2008,90,Comedy,5.0,31578
tt1193631,movie,Step Up 3D,2010,107,"Drama,Music,Romance",6.2,62559
tt1194173,movie,The Bourne Legacy,2012,135,"Action,Adventure,Thriller",6.6,329007
tt1194238,movie,Polytechnique,2009,77,"Crime,Drama,History",7.2,21385
tt1194263,movie,Get Low,2009,103,"Drama,Mystery",7.0,24842
tt1194417,movie,Casino Jack,2010,108,"Biography,Comedy,Crime",6.2,18271
tt1194616,movie,LOL (Laughing Out Loud),2008,103,"Comedy,Romance",6.3,10328
tt11947158,movie,Ek Villain Returns,2022,129,"Action,Crime,Drama",4.4,17170
tt11951276,movie,The Other Zoey,2023,91,"Comedy,Drama,Romance",5.9,14313
tt1195478,movie,The Five-Year Engagement,2012,124,"Comedy,Drama,Romance",6.2,105369
tt11958344,movie,A Whisker Away,2020,104,"Adventure,Animation,Drama",6.7,18312
tt1196141,movie,Diary of a Wimpy Kid,2010,94,"Comedy,Drama,Family",6.3,67421
tt1196204,movie,Cemetery Junction,2010,95,"Comedy,Drama",6.8,24706
tt1196948,movie,Charlie Countryman,2013,103,"Comedy,Drama,Romance",6.3,30844
tt1196956,movie,One Chance,2013,103,"Biography,Comedy,Drama",6.8,14027
tt11976134,movie,Singham Again,2024,144,"Action,Crime,Drama",4.3,76328
tt1197624,movie,Law Abiding Citizen,2009,109,"Action,Crime,Drama",7.4,346466
tt1197628,movie,Observe and Report,2009,86,"Action,Comedy,Crime",5.8,67537
tt11976532,movie,Vengeance,2022,107,"Comedy,Music,Mystery",6.8,41914
tt1198101,movie,Kites,2010,123,"Action,Drama,Romance",6.0,14442
tt1198138,movie,Obsessed,2009,108,"Drama,Romance,Thriller",5.1,36200
tt1198156,movie,You're Not You,2014,102,Drama,7.3,28580
tt11989890,movie,David Attenborough: A Life on Our Planet,2020,83,"Biography,Documentary",8.9,36235
tt11991748,movie,Rurouni Kenshin: Final Chapter Part II - The Beginning,2021,137,"Action,Adventure,Drama",7.4,12667
tt11992424,movie,Saptha Sagaradaache Ello - Side A,2023,142,"Drama,Romance",8.2,10083
tt11992694,movie,Corsage,2022,114,"Biography,Drama,History",6.5,11619
tt11998558,movie,Varisu,2023,169,"Action,Comedy,Drama",5.9,41404
tt12001534,movie,The Thursday Murder Club,2025,118,"Comedy,Crime,Mystery",6.5,89631
tt1200263,movie,The Color Purple,2023,141,"Drama,Musical",6.8,20604
tt12003946,movie,Violent Night,2022,112,"Action,Comedy,Thriller",6.7,121690
tt12004038,movie,Watcher,2022,96,"Drama,Horror,Mystery",6.3,61922
tt1201167,movie,Funny People,2009,146,"Comedy,Drama",6.3,127489
tt12015102,movie,Vikrant Rona,2022,148,"Action,Drama,Mystery",6.9,29609
tt1201607,movie,Harry Potter and the Deathly Hallows: Part 2,2011,130,"Adventure,Family,Fantasy",8.1,1051260
tt12037194,movie,Furiosa: A Mad Max Saga,2024,148,"Action,Adventure,Sci-Fi",7.5,322839
tt12042730,movie,Project Hail Mary,2026,156,"Adventure,Comedy,Drama",8.2,391422
tt1204340,movie,Tyrannosaur,2011,92,Drama,7.5,35495
tt1204342,movie,The Muppets,2011,103,"Adventure,Comedy,Family",7.1,101194
tt1204975,movie,Last Vegas,2013,105,Comedy,6.6,140512
tt1204977,movie,Ouija,2014,89,"Horror,Mystery,Thriller",4.5,62123
tt1205489,movie,Gran Torino,2008,116,Drama,8.1,864723
tt1205535,movie,The Rebound,2009,95,"Comedy,Romance",6.3,52544
tt1205537,movie,Jack Ryan: Shadow Recruit,2014,105,"Action,Drama,Thriller",6.2,143620
tt1205558,movie,Hick,2011,99,"Comedy,Drama",5.5,21729
tt1206543,movie,Out of the Furnace,2013,116,"Crime,Drama,Thriller",6.7,132764
tt1206885,movie,Rambo: Last Blood,2019,89,"Action,Crime,Thriller",6.1,120225
tt1210042,movie,Brooklyn's Finest,2009,132,"Crime,Drama,Thriller",6.7,68925
tt1210166,movie,Moneyball,2011,133,"Biography,Drama,Sport",7.6,511696
tt1210819,movie,The Lone Ranger,2013,150,"Action,Adventure,Drama",6.4,253588
tt12108622,movie,Infinitum: Subject Unknown,2021,86,"Mystery,Sci-Fi",4.0,10076
tt1211837,movie,Doctor Strange,2016,115,"Action,Adventure,Fantasy",7.5,884181
tt1211956,movie,Escape Plan,2013,115,"Action,Thriller",6.7,271236
tt1212419,movie,Hereafter,2010,129,"Drama,Fantasy,Romance",6.5,98534
tt1212428,movie,The Lost City of Z,2016,141,"Adventure,Biography,Drama",6.6,106172
tt1212436,movie,The Back-up Plan,2010,104,"Comedy,Romance",5.3,54956
tt1212450,movie,Lawless,2012,116,"Biography,Crime,Drama",7.2,263182
tt1212974,movie,Bitch Slap,2009,109,"Action,Comedy,Crime",4.5,14520
tt1213012,movie,Alpha and Omega,2010,90,"Adventure,Animation,Comedy",5.1,16165
tt1213641,movie,First Man,2018,141,"Biography,Drama,History",7.3,217717
tt1213644,movie,Disaster Movie,2008,87,"Comedy,Sci-Fi",1.9,98112
tt1213648,movie,London Boulevard,2010,103,"Crime,Drama",6.2,52040
tt1213663,movie,The World's End,2013,109,"Action,Comedy,Sci-Fi",6.9,313622
tt12137964,movie,Anything for Jackson,2020,97,"Horror,Mystery",6.3,13465
tt12141112,movie,Metal Lords,2022,97,"Comedy,Music",6.7,37126
tt1214962,movie,Seeking Justice,2011,105,"Action,Drama,Mystery",6.1,49431
tt1216475,movie,Cars 2,2011,106,"Adventure,Animation,Comedy",6.2,259109
tt1216487,movie,The Girl Who Played with Fire,2009,129,"Action,Crime,Drama",7.1,102201
tt1216491,movie,Kill the Messenger,2014,112,"Biography,Crime,Drama",6.9,50320
tt1216492,movie,Leap Year,2010,100,"Comedy,Romance",6.5,116933
tt1216496,movie,Mother,2009,129,"Crime,Drama,Mystery",7.7,80895
tt1216520,movie,Womb,2010,111,"Drama,Romance,Sci-Fi",6.3,16283
tt1217070,movie,Triage,2009,99,"Drama,Mystery,War",6.5,10962
tt1217209,movie,Brave,2012,93,"Action,Adventure,Animation",7.1,481445
tt1217213,movie,Secret of the Wings,2012,75,"Animation,Family,Fantasy",7.0,16475
tt1217613,movie,Battle Los Angeles,2011,116,"Action,Adventure,Sci-Fi",5.7,190936
tt1217637,movie,Anything for Her,2008,96,"Crime,Drama,Thriller",7.1,10342
tt1219289,movie,Limitless,2011,105,"Sci-Fi,Thriller",7.4,650479
tt1219342,movie,Legend of the Guardians: The Owls of Ga'Hoole,2010,97,"Action,Adventure,Animation",6.9,92221
tt12193804,movie,Whitney Houston: I Wanna Dance with Somebody,2022,144,"Biography,Drama,Music",6.6,27212
tt1219827,movie,Ghost in the Shell,2017,107,"Action,Crime,Drama",6.3,240126
tt1220198,movie,The Fourth Kind,2009,98,"Horror,Mystery,Sci-Fi",5.9,86470
tt1220214,movie,Heartless,2009,114,"Drama,Fantasy,Horror",5.9,10557
tt1220634,movie,Resident Evil: Afterlife,2010,96,"Action,Horror,Sci-Fi",5.8,188523
tt1220719,movie,Ip Man,2008,106,"Action,Biography,Drama",8.0,244097
tt1220888,movie,Henry's Crime,2010,108,"Comedy,Crime,Drama",5.9,22385
tt12226632,movie,Big George Foreman,2023,129,"Biography,Drama,Sport",6.7,12836
tt1222817,movie,Zookeeper,2011,102,"Comedy,Family,Fantasy",5.2,70045
tt1225822,movie,Extract,2009,92,"Comedy,Crime,Romance",6.1,52939
tt12261776,movie,65,2023,93,"Action,Adventure,Sci-Fi",5.4,107362
tt12262116,movie,Thirteen Lives,2022,147,"Biography,Drama,Thriller",7.8,79855
tt1226229,movie,Get Him to the Greek,2010,109,"Comedy,Music",6.3,190693
tt1226236,movie,I Am Love,2009,120,"Drama,Romance",7.0,25706
tt1226240,movie,A Late Quartet,2012,105,"Drama,Music",7.1,15965
tt1226271,movie,The Damned United,2009,98,"Biography,Drama,Sport",7.5,48551
tt1226273,movie,Edge of Darkness,2010,117,"Action,Adventure,Drama",6.6,103732
tt12263384,movie,Extraction II,2023,122,"Action,Crime,Thriller",7.0,174349
tt1226681,movie,Pontypool,2008,93,"Horror,Sci-Fi",6.5,38624
tt1226753,movie,The Debt,2010,113,"Drama,Thriller",6.8,74213
tt1226774,movie,In the Loop,2009,106,Comedy,7.4,64347
tt1226837,movie,Beautiful Boy,2018,120,"Biography,Drama",7.4,130201
tt1228705,movie,Iron Man 2,2010,124,"Action,Sci-Fi",6.9,942385
tt1228953,movie,Big Fan,2009,88,"Comedy,Crime,Drama",6.6,10235
tt1228987,movie,Let Me In,2010,116,"Drama,Fantasy,Horror",7.1,133522
tt1229238,movie,Mission: Impossible - Ghost Protocol,2011,132,"Action,Adventure,Thriller",7.4,566747
tt1229340,movie,Anchorman 2: The Legend Continues,2013,119,Comedy,6.3,202572
tt1229360,movie,It Might Get Loud,2008,98,"Documentary,Music",7.6,13998
tt1229822,movie,Jane Eyre,2011,120,"Drama,Mystery,Romance",7.3,97982
tt1229827,movie,Jonas Brothers: The 3D Concert Experience,2009,76,"Biography,Documentary,Music",1.7,17598
tt12298506,movie,Black Box,2020,100,"Horror,Mystery,Sci-Fi",6.2,19410
tt12299608,movie,Mickey 17,2025,137,"Adventure,Comedy,Fantasy",6.7,252801
tt12300742,movie,Bugonia,2025,118,"Comedy,Crime,Sci-Fi",7.4,205050
tt1230165,movie,Rock On!!,2008,145,"Drama,Music",7.7,23535
tt1230385,movie,The Yellow Sea,2010,136,"Action,Crime,Drama",7.3,25037
tt1230414,movie,It's Complicated,2009,120,"Comedy,Drama,Romance",6.6,103583
tt1230448,movie,Billu,2009,137,"Comedy,Drama",6.5,15096
tt12311620,movie,Breaking,2022,103,"Crime,Drama,Thriller",6.3,10685
tt1231277,movie,S. Darko,2009,103,"Drama,Mystery,Sci-Fi",3.6,15030
tt1231287,movie,Labor Pains,2009,89,"Comedy,Romance",4.9,12694
tt1231580,movie,Alvin and the Chipmunks: The Squeakquel,2009,88,"Adventure,Animation,Comedy",4.6,61455
tt1231583,movie,Due Date,2010,95,"Comedy,Drama",6.5,372757
tt1231586,movie,A Good Old Fashioned Orgy,2011,95,"Comedy,Romance",6.1,24629
tt1231587,movie,Hot Tub Time Machine,2010,99,"Comedy,Sci-Fi",6.4,199166
tt1232200,movie,That's My Boy,2012,116,"Comedy,Drama",5.6,122407
tt1232207,movie,Capitalism: A Love Story,2009,127,"Crime,Documentary,History",7.4,44306
tt1232776,movie,Fish Tank,2009,123,Drama,7.3,68502
tt1232783,movie,Sorority Row,2009,101,"Horror,Mystery",5.2,34254
tt1232829,movie,21 Jump Street,2012,109,"Action,Comedy,Crime",7.2,649315
tt1233219,movie,"My Son, My Son, What Have Ye Done",2009,91,"Drama,Thriller",6.1,11637
tt1233227,movie,Saw VI,2009,90,"Horror,Mystery,Thriller",6.1,136298
tt1233301,movie,Ironclad,2011,121,"Action,Drama,History",6.1,45428
tt1233381,movie,Three Monkeys,2008,109,Drama,7.3,24197
tt12335692,movie,Last Man Down,2021,87,"Action,Sci-Fi",3.5,14555
tt1234541,movie,The Butterfly Effect 3: Revelations,2009,90,"Crime,Sci-Fi,Thriller",5.6,21754
tt1234548,movie,The Men Who Stare at Goats,2009,94,"Comedy,War",6.2,142048
tt1234654,movie,Greenberg,2010,107,"Comedy,Drama,Romance",6.1,40362
tt1234719,movie,Red Dawn,2012,93,"Action,Adventure,Drama",5.3,84066
tt1234721,movie,RoboCop,2014,117,"Action,Crime,Sci-Fi",6.1,249571
tt12349832,movie,Cuckoo,2024,102,"Horror,Mystery,Thriller",5.7,35248
tt1235124,movie,Dorian Gray,2009,112,"Drama,Fantasy,Mystery",6.2,71304
tt1235166,movie,A Prophet,2009,155,"Crime,Drama",7.8,107805
tt1235189,movie,Wild Target,2010,98,"Action,Comedy,Crime",6.7,42724
tt1235448,movie,The Thaw,2009,94,"Horror,Sci-Fi",5.2,14202
tt1235522,movie,Broken City,2013,109,"Action,Crime,Drama",6.1,86082
tt1235796,movie,Ondine,2009,111,"Drama,Mystery,Romance",6.8,23611
tt1235830,movie,Chico & Rita,2009,94,"Animation,Crime,Drama",7.2,10088
tt1235841,movie,Sidewalls,2011,95,"Comedy,Drama",7.5,17447
tt12361178,movie,Drishyam 2,2021,152,"Crime,Drama,Mystery",8.4,45430
tt12361974,movie,Zack Snyder's Justice League,2021,242,"Adventure,Fantasy,Sci-Fi",7.9,475340
tt12374656,movie,Emily,2022,130,"Biography,Drama,History",6.8,10375
tt1237838,movie,Mystery Team,2009,97,"Comedy,Crime,Mystery",6.6,10136
tt1238291,movie,Five Minutes of Heaven,2009,89,"Drama,Thriller",6.5,13603
tt12383460,movie,Hypnotic,2021,88,"Horror,Mystery,Thriller",5.3,22498
tt12393526,movie,Bulbbul,2020,94,"Drama,Horror,Mystery",6.6,16730
tt1240982,movie,Your Highness,2011,102,"Action,Adventure,Comedy",5.5,107987
tt1241195,movie,Aamir,2008,99,"Crime,Drama,Thriller",7.6,11944
tt12412888,movie,Sonic the Hedgehog 2,2022,122,"Action,Adventure,Comedy",6.5,117629
tt1241317,movie,Death Note,2017,101,"Crime,Drama,Fantasy",4.5,96491
tt12415546,movie,Attack on Titan: Chronicle,2020,122,"Action,Adventure,Animation",8.3,12982
tt12422308,movie,Sarkaru Vaari Paata,2022,162,"Action,Drama",5.6,11909
tt1242422,movie,Cell 211,2009,113,"Action,Crime,Drama",7.6,74087
tt1242432,movie,I Spit on Your Grave,2010,108,"Horror,Thriller",6.2,103581
tt1242447,movie,Nativity!,2009,105,"Comedy,Family",6.5,14990
tt1242460,movie,We Need to Talk About Kevin,2011,112,"Drama,Mystery,Thriller",7.4,182200
tt1242545,movie,Looking for Eric,2009,116,"Comedy,Drama,Fantasy",7.1,18684
tt1243957,movie,The Tourist,2010,103,"Action,Romance,Thriller",6.0,269217
tt1243974,movie,Aloha,2015,105,"Comedy,Drama,Romance",5.4,78191
tt1244659,movie,Extraordinary Measures,2010,106,Drama,6.4,18652
tt1244668,movie,Soul Kitchen,2009,96,"Comedy,Drama",7.2,42782
tt1244754,movie,Conviction,2010,107,"Biography,Crime,Drama",7.2,48287
tt1245112,movie,[Rec]²,2009,85,"Horror,Thriller",6.5,84897
tt1245492,movie,This Is the End,2013,107,"Comedy,Fantasy,Sci-Fi",6.6,456830
tt1245526,movie,RED,2010,111,"Action,Comedy,Crime",7.0,339524
tt12472554,movie,Mahaan,2022,163,"Action,Drama,Thriller",7.7,19481
tt12474056,movie,New Order,2020,86,"Crime,Drama,Sci-Fi",6.5,11188
tt1247640,movie,District 13: Ultimatum,2009,101,"Action,Crime,Thriller",6.5,47969
tt1247662,movie,The Good Guy,2009,90,"Comedy,Romance",5.7,10065
tt1247690,movie,Serena,2014,109,"Drama,History,Romance",5.5,32125
tt1247692,movie,Shrink,2009,104,"Comedy,Drama",6.6,19675
tt12477480,movie,Decision to Leave,2022,139,"Crime,Drama,Mystery",7.3,70130
tt1250777,movie,Kick-Ass,2010,117,"Action,Comedy,Crime",7.6,622080
tt1251757,movie,Middle Men,2009,105,"Comedy,Crime,Drama",6.8,39015
tt12519030,movie,Hatching,2022,91,"Drama,Fantasy,Horror",6.2,18098
tt1252596,movie,Ajab Prem Ki Ghazab Kahani,2009,150,"Action,Comedy,Musical",6.5,19100
tt12530246,movie,Emancipation,2022,132,"Action,Thriller",6.3,31598
tt12531856,movie,The American,2023,110,"Biography,Drama",7.1,11287
tt12536294,movie,Spencer,2021,117,"Biography,Drama",6.5,82208
tt1253863,movie,300: Rise of an Empire,2014,102,"Action,Adventure,Drama",6.2,329598
tt1253864,movie,Immortals,2011,110,"Action,Drama,Fantasy",6.0,183792
tt12547822,movie,Run Rabbit Run,2023,100,"Drama,Horror,Mystery",5.0,13723
tt1255919,movie,Holmes & Watson,2018,90,"Comedy,Crime,Mystery",4.0,42417
tt1255951,movie,De Dana Dan,2009,162,"Comedy,Crime",6.1,12934
tt1255953,movie,Incendies,2010,131,"Drama,Mystery,War",8.3,253688
tt12567088,movie,Raat Akeli Hai,2020,149,"Crime,Drama,Mystery",7.2,22828
tt12573454,movie,Sharper,2023,116,"Crime,Drama,Thriller",6.7,39287
tt12573480,movie,Hold Your Breath,2024,94,"Drama,Horror,Mystery",5.3,10107
tt1258197,movie,Exam,2009,101,"Crime,Mystery,Thriller",6.7,135266
tt12583926,movie,Anniversary,2025,111,Thriller,6.7,13950
tt12584954,movie,Twisters,2024,122,"Action,Adventure,Thriller",6.5,197444
tt1258972,movie,The Man with the Iron Fists,2012,95,Action,5.4,65729
tt1259014,movie,Mesrine: Killer Instinct,2008,113,"Action,Biography,Crime",7.5,36713
tt12592252,movie,Songbird,2020,84,"Drama,Sci-Fi,Thriller",4.8,12842
tt12593682,movie,Bullet Train,2022,127,"Action,Comedy,Thriller",7.3,540282
tt1259521,movie,The Cabin in the Woods,2011,95,"Horror,Mystery,Thriller",7.0,492191
tt1259528,movie,Den of Thieves,2018,140,"Action,Crime,Drama",7.0,154176
tt1259571,movie,The Twilight Saga: New Moon,2009,130,"Adventure,Drama,Fantasy",4.8,323656
tt1260502,movie,Ghost in the Shell 2.0,2008,83,"Action,Animation,Crime",7.8,16154
tt12610390,movie,The Union,2024,107,"Action,Comedy,Thriller",5.5,58686
tt1261047,movie,Gulaal,2009,140,"Crime,Drama,Thriller",8.0,17352
tt12616480,movie,Slingshot,2024,108,"Mystery,Sci-Fi,Thriller",5.7,12385
tt12618926,movie,Parallel Mothers,2021,123,Drama,7.1,40540
tt1261945,movie,Sex and the City 2,2010,146,"Comedy,Drama,Romance",4.6,88790
tt1262416,movie,Scream 4,2011,111,"Horror,Mystery",6.3,192285
tt1262426,movie,Wicked,2024,160,"Fantasy,Musical,Romance",7.3,251550
tt1262981,movie,World's Greatest Dad,2009,99,"Comedy,Drama",6.8,42358
tt1263670,movie,Crazy Heart,2009,112,"Drama,Music,Romance",7.2,99387
tt1263750,movie,Room in Rome,2010,107,"Drama,Romance",6.0,28267
tt1264904,movie,Little Nicholas,2009,91,"Comedy,Family",7.1,14957
tt1265990,movie,The Roommate,2011,91,"Drama,Horror,Thriller",4.8,44256
tt1266029,movie,Nowhere Boy,2009,98,"Biography,Drama,Music",7.1,40966
tt12672536,movie,The Three Musketeers - Part I: D'Artagnan,2023,121,"Action,Adventure,History",6.7,27104
tt12672620,movie,The Three Musketeers: Milady,2023,115,"Action,Adventure,Drama",6.4,12780
tt1267297,movie,Hercules,2014,98,"Action,Adventure,Fantasy",6.0,172775
tt12676326,movie,Malcolm & Marie,2021,106,"Drama,Romance",6.6,43797
tt12680684,movie,The Hand of God,2021,130,Drama,7.3,54662
tt12683756,movie,The Chalk Line,2022,106,"Horror,Mystery,Thriller",6.2,12601
tt1268799,movie,A Very Harold & Kumar Christmas,2011,90,"Adventure,Comedy",6.2,75418
tt1268987,movie,Operation: Endgame,2010,87,"Action,Comedy",4.9,11275
tt1270262,movie,The Devil's Double,2011,109,"Biography,Drama,Thriller",7.0,65474
tt1270761,movie,Don't Be Afraid of the Dark,2010,99,"Fantasy,Horror,Thriller",5.5,52359
tt1270797,movie,Venom,2018,112,"Action,Adventure,Sci-Fi",6.6,609631
tt1270798,movie,X-Men: First Class,2011,131,"Action,Sci-Fi",7.7,766139
tt1270835,movie,Hatchet II,2010,85,"Action,Comedy,Horror",5.5,16551
tt1270842,movie,Norwegian Wood,2010,133,"Drama,Romance",6.3,13034
tt12708658,movie,"Paris, 13th District",2021,105,"Comedy,Drama,Romance",7.0,11852
tt12718300,movie,"Confess, Fletch",2022,98,"Comedy,Crime,Mystery",6.4,27316
tt1272878,movie,2 Guns,2013,109,"Action,Comedy,Crime",6.7,238078
tt12731980,movie,Old Henry,2021,99,"Action,Drama,Western",7.3,45618
tt1273221,movie,London Fields,2018,118,"Crime,Mystery,Thriller",3.9,13046
tt1273235,movie,A Serbian Film,2010,104,"Horror,Mystery,Thriller",4.9,80788
tt12735488,movie,Kalki 2898 AD,2024,180,"Action,Adventure,Sci-Fi",7.0,76675
tt1273678,movie,The Spy Next Door,2010,94,"Action,Comedy,Family",5.5,49836
tt12740760,movie,Phone Bhoot,2022,136,"Comedy,Horror",5.2,11352
tt1274295,movie,Kaminey,2009,130,"Action,Crime,Drama",7.4,19044
tt1274586,movie,Dying of the Light,2014,94,"Action,Drama,Thriller",4.5,12191
tt12747748,movie,Leave the World Behind,2023,138,"Drama,Mystery,Thriller",6.4,243811
tt12749596,movie,Host,2020,57,"Horror,Mystery",6.5,51274
tt12758060,movie,Tetris,2023,118,"Biography,Drama,History",7.4,108546
tt1275863,movie,Love Aaj Kal,2009,128,"Comedy,Drama,Romance",6.8,18419
tt1276104,movie,Looper,2012,119,"Action,Drama,Sci-Fi",7.4,629807
tt1276419,movie,A Royal Affair,2012,137,"Biography,Drama,History",7.5,54215
tt1277737,movie,The Stoning of Soraya M.,2008,114,Drama,7.9,23233
tt1277936,movie,Cropsey,2009,84,"Crime,Documentary,Horror",6.3,10084
tt1277953,movie,Madagascar 3: Europe's Most Wanted,2012,93,"Adventure,Animation,Comedy",6.8,218914
tt1278340,movie,Dead Snow,2009,91,"Comedy,Fantasy,Horror",6.3,73175
tt12783454,movie,The Kissing Booth 3,2021,112,"Comedy,Romance",4.8,27340
tt1278449,movie,Sound of Noise,2010,102,"Comedy,Crime,Music",7.1,10196
tt12788488,movie,Deadstream,2022,87,"Comedy,Fantasy,Horror",6.4,24405
tt12789558,movie,Belfast,2021,98,"Biography,Drama",7.2,137333
tt12792418,movie,Night in Paradise,2020,131,"Action,Crime,Drama",6.8,10937
tt1279935,movie,Date Night,2010,88,"Comedy,Crime,Romance",6.3,180172
tt12800524,movie,Encounter,2021,108,"Drama,Sci-Fi,Thriller",5.9,11691
tt12801262,movie,Luca,2021,95,"Adventure,Animation,Comedy",7.4,224874
tt1280558,movie,A Wednesday,2008,104,"Action,Crime,Drama",8.1,86224
tt12808182,movie,The Last Mercenary,2021,110,"Action,Adventure,Comedy",5.3,10518
tt12810074,movie,Nightbitch,2024,99,"Comedy,Drama,Fantasy",5.5,25090
tt12818328,movie,Hundreds of Beavers,2022,108,"Action,Adventure,Comedy",7.6,17270
tt1282139,movie,Cars of the Revolution,2008,120,"Drama,History",7.9,13441
tt1282140,movie,Easy A,2010,92,"Comedy,Drama,Romance",7.0,445029
tt12823454,movie,Your Place or Mine,2023,109,"Comedy,Romance",5.7,44864
tt12834962,movie,Raksha Bandhan,2022,108,"Comedy,Drama,Family",5.5,31753
tt12838766,movie,Space Sweepers,2021,136,"Action,Adventure,Drama",6.5,31300
tt12844910,movie,Pathaan,2023,146,"Action,Adventure,Thriller",5.8,166579
tt1284575,movie,Bad Teacher,2011,92,"Comedy,Romance",5.7,223622
tt1285009,movie,The Strangers: Prey at Night,2018,85,Horror,5.3,40532
tt1285016,movie,The Social Network,2010,120,"Biography,Drama",7.8,822763
tt1285241,movie,Don 2,2011,148,"Action,Crime,Thriller",7.1,62185
tt1285309,movie,The Joneses,2009,96,"Comedy,Drama",6.4,42999
tt1286126,movie,A.R.O.G,2008,127,"Comedy,Sci-Fi",7.4,49232
tt12861850,movie,Chandigarh Kare Aashiqui,2021,117,"Crime,Drama",6.7,16014
tt1286537,movie,"Food, Inc.",2008,94,"Documentary,News",7.8,52889
tt12873562,movie,The Invitation,2022,105,"Horror,Thriller",5.3,40771
tt1287468,movie,Cats & Dogs: The Revenge of Kitty Galore,2010,82,"Action,Comedy,Family",4.4,17354
tt12877640,movie,A Classic Horror Story,2021,95,"Drama,Horror,Mystery",5.7,25046
tt1287878,movie,Poetry,2010,139,Drama,7.8,14917
tt12879624,movie,"Josee, the Tiger and the Fish",2020,99,"Animation,Drama,Romance",7.7,12528
tt1288403,movie,Universal Soldier: Regeneration,2009,97,"Action,Adventure,Sci-Fi",5.3,27410
tt1288558,movie,Evil Dead,2013,91,"Horror,Thriller",6.5,213795
tt12888462,movie,My Octopus Teacher,2020,85,"Documentary,Drama",8.1,71858
tt12889404,movie,Cyrano,2021,123,"Drama,Musical,Romance",6.4,16358
tt1289401,movie,Ghostbusters,2016,117,"Action,Comedy,Fantasy",6.8,259330
tt1289403,movie,The Guernsey Literary and Potato Peel Pie Society,2018,124,"Drama,Romance,War",7.3,58136
tt1289406,movie,Harry Brown,2009,103,"Action,Crime,Drama",7.2,94881
tt12908110,movie,Mr. Harrigan's Phone,2022,104,"Drama,Horror,Mystery",6.0,44646
tt12908150,movie,The Life of Chuck,2024,111,"Drama,Fantasy,Sci-Fi",7.3,74604
tt1291150,movie,Teenage Mutant Ninja Turtles,2014,101,"Action,Adventure,Comedy",5.8,230826
tt1291465,movie,Raajneeti,2010,163,"Drama,Thriller",7.1,20234
tt1291566,movie,The Vanishing of Sidney Hall,2017,119,"Drama,Mystery,Romance",6.8,13458
tt1291570,movie,Solace,2015,101,"Crime,Drama,Mystery",6.4,74382
tt12915716,movie,Adipurush,2023,179,"Action,Drama",2.6,137638
tt1291580,movie,Behind the Candelabra,2013,118,"Biography,Drama,Music",7.0,47423
tt1291584,movie,Warrior,2011,140,"Action,Drama,Sport",8.1,530374
tt1291652,movie,Easy Money,2010,124,"Action,Crime,Drama",6.7,20808
tt12921446,movie,The Exorcist: Believer,2023,111,Horror,4.8,50835
tt1292566,movie,How to Be Single,2016,110,"Comedy,Drama,Romance",6.1,99604
tt1292703,movie,Oye Lucky! Lucky Oye!,2008,125,"Comedy,Crime,Drama",7.7,19582
tt12930350,movie,My Spy: The Eternal City,2024,112,"Action,Comedy",5.7,12759
tt1293847,movie,xXx: Return of Xander Cage,2017,107,"Action,Adventure,Thriller",5.2,102031
tt1294213,movie,Solitary Man,2009,90,"Comedy,Drama,Romance",6.3,17814
tt1294226,movie,The Last Song,2010,107,"Drama,Music,Romance",6.0,96506
tt1294688,movie,Last Night,2010,93,"Drama,Romance",6.5,52753
tt1294970,movie,The Angriest Man in Brooklyn,2014,83,"Comedy,Drama",5.7,25511
tt12964320,movie,Role Play,2024,100,"Action,Comedy,Romance",5.5,20801
tt1296898,movie,Waiting for Forever,2010,95,"Comedy,Drama,Romance",5.9,20392
tt1297919,movie,Blitz,2011,97,"Action,Adventure,Crime",6.2,96602
tt1298554,movie,Eva,2011,94,"Drama,Fantasy,Romance",6.6,10721
tt1298644,movie,The Hustle,2019,93,"Comedy,Crime",5.5,72856
tt1298649,movie,The Watch,2012,102,"Comedy,Sci-Fi",5.7,138136
tt1298650,movie,Pirates of the Caribbean: On Stranger Tides,2011,136,"Action,Adventure,Fantasy",6.6,609524
tt12987894,movie,American Murder: The Family Next Door,2020,83,"Crime,Documentary",7.2,37961
tt12996154,movie,365 Days: This Day,2022,111,"Drama,Romance",2.7,28574
tt13007592,movie,The Noel Diary,2022,99,"Comedy,Drama,Romance",6.2,22342
tt1300851,movie,The Boondock Saints II: All Saints Day,2009,118,"Action,Crime,Thriller",6.2,68985
tt1300854,movie,Iron Man 3,2013,130,"Action,Adventure,Sci-Fi",7.1,970332
tt1302006,movie,The Irishman,2019,209,"Biography,Crime,Drama",7.8,474870
tt1302011,movie,Kung Fu Panda 2,2011,90,"Action,Adventure,Animation",7.3,359590
tt1302067,movie,Yogi Bear,2010,80,"Adventure,Animation,Comedy",4.6,24814
tt13022984,movie,Khuda Haafiz: Chapter 2 - Agni Pariksha,2022,144,"Action,Crime,Drama",7.4,15428
tt13024674,movie,Army of Thieves,2021,127,"Action,Comedy,Crime",6.4,98346
tt13028258,movie,A Thursday,2022,128,"Drama,Thriller",7.6,27329
tt13029044,movie,Mother/Android,2021,110,"Drama,Sci-Fi,Thriller",5.0,22956
tt1303828,movie,Defendor,2009,101,"Comedy,Crime,Drama",6.7,38246
tt13045890,movie,Paper Lives,2021,96,Drama,6.6,15125
tt13055780,movie,A California Christmas,2020,106,"Comedy,Drama,Romance",5.9,12487
tt1305591,movie,Mars Needs Moms,2011,88,"Adventure,Animation,Family",5.4,25490
tt13056008,movie,No One Gets Out Alive,2021,87,"Drama,Horror,Mystery",5.4,25029
tt13056052,movie,Broker,2022,129,"Comedy,Crime,Drama",7.1,20826
tt1305797,movie,Enthiran,2010,174,"Action,Sci-Fi,Thriller",7.2,33734
tt1305806,movie,The Secret in Their Eyes,2009,129,"Drama,Mystery,Romance",8.2,243294
tt13061914,movie,Locked Down,2021,118,"Comedy,Crime,Romance",5.3,14195
tt13066182,movie,The Good Boss,2021,116,"Comedy,Drama",7.1,16725
tt1306980,movie,50/50,2011,100,"Comedy,Drama,Romance",7.6,355001
tt13069986,movie,After We Fell,2021,98,"Drama,Romance",4.8,25123
tt13070038,movie,After Ever Happy,2022,95,"Drama,Romance",4.8,15593
tt13070602,movie,A Castle for Christmas,2021,98,"Adventure,Comedy,Drama",5.6,17306
tt1307068,movie,Seeking a Friend for the End of the World,2012,101,"Adventure,Comedy,Drama",6.7,123430
tt1308728,movie,The Happytime Murders,2018,91,"Action,Comedy,Crime",5.5,32278
tt1308729,movie,Bullet to the Head,2012,92,"Action,Crime,Thriller",5.7,54446
tt13087796,movie,I'm Your Man,2021,108,"Comedy,Drama,Romance",7.1,15398
tt1309000,movie,Dream.net,2009,90,"Comedy,Romance,Sport",1.3,10115
tt13097336,movie,The Lady of Heaven,2021,141,"Action,Drama,History",5.7,15111
tt13097932,movie,One Life,2023,109,"Biography,Drama,History",7.5,40744
tt13109952,movie,The Trip,2021,113,"Action,Comedy,Horror",6.9,31578
tt1311060,movie,A.C.O.D.,2013,88,Comedy,5.7,14247
tt1311067,movie,Halloween II,2009,105,Horror,4.8,64299
tt1311071,movie,Kill Your Darlings,2013,104,"Biography,Drama,Romance",6.4,43486
tt1312221,movie,Frankenstein,2025,149,"Drama,Fantasy,Horror",7.4,323604
tt13130760,movie,Hit: The First Case,2022,132,"Crime,Drama,Mystery",6.8,18586
tt1313092,movie,Animal Kingdom,2010,113,"Crime,Drama,Thriller",7.2,63606
tt13130948,movie,Shehzada,2023,142,"Action,Comedy,Drama",4.5,32217
tt1313104,movie,The Cove,2009,92,"Biography,Crime,Documentary",8.4,52687
tt13131232,movie,Mission Majnu,2023,129,"Action,Drama,History",6.9,45621
tt13131350,movie,Vikram Vedha,2022,160,"Action,Crime,Drama",7.1,27468
tt1313139,movie,The Oranges,2011,90,"Comedy,Drama,Romance",5.8,14233
tt13139228,movie,My Policeman,2022,113,"Drama,Romance",6.6,25893
tt1314228,movie,Did You Hear About the Morgans?,2009,103,"Comedy,Drama,Romance",4.9,45059
tt13143964,movie,Borat Subsequent Moviefilm,2020,95,Comedy,6.6,165616
tt1314652,movie,The Housemaid,2010,107,"Drama,Thriller",6.3,14983
tt1314655,movie,Devil,2010,80,"Horror,Mystery,Thriller",6.3,166555
tt1315981,movie,A Single Man,2009,99,"Drama,Romance,Thriller",7.5,122406
tt1316037,movie,Birdemic: Shock and Terror,2010,105,"Horror,Thriller",1.7,27150
tt1316536,movie,The Loved Ones,2009,84,"Crime,Horror",6.6,47668
tt1316540,movie,The Turin Horse,2011,155,Drama,7.7,21529
tt1316622,movie,Wrecked,2010,91,"Adventure,Drama,Mystery",5.3,17445
tt1318514,movie,Rise of the Planet of the Apes,2011,105,"Action,Drama,Sci-Fi",7.6,607106
tt1318517,movie,The Man Who Killed Don Quixote,2018,132,"Adventure,Comedy,Drama",6.3,23936
tt13186306,movie,War of the Worlds,2025,91,"Action,Adventure,Sci-Fi",2.5,34019
tt13186482,movie,Mufasa: The Lion King,2024,118,"Adventure,Animation,Drama",6.6,83324
tt13186604,movie,Uglies,2024,100,"Action,Adventure,Drama",4.7,37503
tt1319704,movie,Chatroom,2010,97,"Drama,Horror,Thriller",5.4,10003
tt1319718,movie,Little Big Soldier,2010,96,"Action,Adventure,Comedy",6.8,16694
tt1320082,movie,The Concert,2009,119,"Comedy,Drama,Music",7.5,19189
tt1320239,movie,Burke and Hare,2010,91,"Comedy,Crime,History",6.1,22154
tt1320244,movie,The Last Exorcism,2010,87,"Horror,Mystery,Thriller",5.7,54488
tt1320253,movie,The Expendables,2010,103,"Action,Adventure,Thriller",6.4,381141
tt1320261,movie,Gulliver's Travels,2010,85,"Adventure,Comedy,Family",4.9,78191
tt1320291,movie,The Reef,2010,94,"Adventure,Horror,Thriller",5.8,22583
tt13204490,movie,Petite Maman,2021,73,"Drama,Fantasy",7.3,20994
tt13206926,movie,Joji,2021,113,"Crime,Drama",7.7,12925
tt13207508,movie,Swan Song,2021,116,"Drama,Romance,Sci-Fi",6.8,19948
tt1321509,movie,Death at a Funeral,2010,92,"Comedy,Drama",5.7,57237
tt1321510,movie,In the Heights,2021,143,"Drama,Musical,Romance",7.2,56005
tt1321511,movie,Oldboy,2013,104,"Action,Drama,Mystery",5.8,85310
tt1321860,movie,The Beaver,2011,91,Drama,6.6,52303
tt1321870,movie,Gangster Squad,2013,113,"Action,Crime,Drama",6.7,229359
tt1322269,movie,August: Osage County,2013,121,"Comedy,Drama",7.2,99927
tt1322312,movie,Going the Distance,2010,102,"Comedy,Romance",6.3,61557
tt13223398,movie,Beast,2022,93,"Action,Adventure,Drama",5.6,48830
tt1322385,movie,Submarino,2010,105,Drama,7.5,12523
tt1322930,movie,Alone,2008,113,"Drama,Romance",6.8,25962
tt13229894,movie,God's Crooked Lines,2022,154,"Drama,Mystery,Thriller",7.1,29706
tt1323045,movie,Frozen,2010,93,"Adventure,Thriller",6.1,87716
tt13231544,movie,About Dry Grasses,2023,197,Drama,7.7,19750
tt13234058,movie,My Son,2021,95,"Crime,Drama,Mystery",6.0,18548
tt13235822,movie,Umma,2022,83,"Drama,Horror,Mystery",4.7,11709
tt1323594,movie,Despicable Me,2010,95,"Adventure,Animation,Comedy",7.6,635605
tt13236566,movie,Operation Christmas Drop,2020,95,"Comedy,Family,Romance",5.9,14048
tt13238346,movie,Past Lives,2023,105,"Drama,Romance",7.8,174903
tt1324059,movie,Wake Up Sid,2009,138,"Comedy,Drama,Romance",7.6,37516
tt13249596,movie,Father of the Bride,2022,117,"Comedy,Drama,Romance",5.9,15060
tt1324999,movie,The Twilight Saga: Breaking Dawn - Part 1,2011,117,"Adventure,Drama,Fantasy",5.0,274442
tt1325004,movie,The Twilight Saga: Eclipse,2010,124,"Action,Adventure,Drama",5.1,283027
tt13266998,movie,Bull,2021,88,"Crime,Fantasy,Thriller",6.5,10992
tt13269536,movie,Girl in the Basement,2021,88,"Crime,Thriller",6.3,19188
tt1326972,movie,Red Cliff II,2009,142,"Action,Adventure,Drama",7.5,26562
tt1327035,movie,Dev.D,2009,144,"Comedy,Drama,Romance",7.9,34446
tt13270424,movie,Brian and Charles,2022,90,"Comedy,Drama,Sci-Fi",6.7,10382
tt1327194,movie,The Lucky One,2012,101,"Drama,Mystery,Romance",6.4,118678
tt13274016,movie,Reptile,2023,134,"Crime,Drama,Mystery",6.8,110548
tt13276352,movie,Toscana,2022,90,"Drama,Romance",5.7,11822
tt1327773,movie,The Butler,2013,132,"Biography,Drama",7.2,124055
tt1328634,movie,New York,2009,153,"Crime,Drama,Thriller",6.8,13110
tt13287846,movie,Napoleon,2023,158,"Action,Adventure,Biography",6.3,187816
tt1329457,movie,Gainsbourg: A Heroic Life,2010,135,"Biography,Drama,Music",6.9,10657
tt13299890,movie,The Great Indian Kitchen,2021,100,Comedy,8.1,11244
tt13309170,movie,Influencer,2022,92,"Horror,Mystery,Thriller",6.2,22359
tt1331307,movie,Dread,2009,98,"Drama,Horror,Thriller",5.6,13668
tt13314558,movie,Day Shift,2022,113,"Action,Comedy,Fantasy",6.1,99647
tt13320622,movie,The Lost City,2022,112,"Action,Adventure,Comedy",6.1,177749
tt13320662,movie,Slumberland,2022,117,"Adventure,Comedy,Drama",6.7,36176
tt1332134,movie,King of Devil's Island,2010,116,Drama,7.4,20766
tt13322120,movie,American Sicario,2021,101,"Action,Crime,Drama",4.2,11027
tt13327038,movie,Do Revenge,2022,118,"Comedy,Drama,Romance",6.3,57451
tt1333125,movie,Movie 43,2013,94,Comedy,4.4,120860
tt13334578,movie,Ganapath,2023,133,"Action,Drama,Sci-Fi",2.6,10789
tt1333667,movie,When You're Strange,2009,97,"Documentary,Music",7.6,10718
tt1334102,movie,The Resident,2011,91,"Crime,Drama,Horror",5.3,30683
tt1334260,movie,Never Let Me Go,2010,103,"Drama,Romance",7.1,160569
tt1334512,movie,Arthur,2011,110,"Comedy,Romance",5.7,53936
tt1334553,movie,The Perfect Host,2010,93,"Comedy,Crime,Thriller",6.7,30925
tt13345606,movie,Evil Dead Rise,2023,96,Horror,6.5,170079
tt13349716,movie,Shyam Singha Roy,2021,155,"Drama,Fantasy,Romance",7.6,17060
tt13352968,movie,"Good Luck to You, Leo Grande",2022,97,"Comedy,Drama",7.2,44704
tt13357520,movie,Heads of State,2025,116,"Action,Adventure,Comedy",6.4,70066
tt1335975,movie,47 Ronin,2013,128,"Action,Drama,Fantasy",6.2,180106
tt1336006,movie,The Revenant,2009,117,"Comedy,Fantasy,Horror",6.3,11773
tt13364468,movie,Love Hostel,2022,100,"Crime,Romance,Thriller",5.6,11617
tt1336608,movie,Rock of Ages,2012,123,"Comedy,Drama,Musical",5.9,84764
tt1336617,movie,Cyrus,2010,91,"Comedy,Drama,Romance",6.3,37551
tt1337057,movie,Rampage,2009,85,"Action,Crime,Thriller",6.2,21356
tt13375076,movie,The Pope's Exorcist,2023,103,"Horror,Thriller",6.1,102826
tt13391710,movie,Jana Gana Mana,2022,162,"Drama,Thriller",8.3,22081
tt13397574,movie,Mothers' Instinct,2024,94,"Drama,Thriller",6.3,24929
tt1340094,movie,The Crow,2024,111,"Action,Crime,Fantasy",4.7,42025
tt1340107,movie,In a Better World,2010,118,"Drama,Romance",7.6,43152
tt1340138,movie,Terminator Genisys,2015,126,"Action,Adventure,Sci-Fi",6.3,308339
tt13403046,movie,Fresh,2022,114,"Comedy,Horror,Romance",6.7,93718
tt13405778,movie,Insidious: The Red Door,2023,107,"Horror,Mystery,Thriller",5.5,64393
tt13405810,movie,Quiz Lady,2023,99,Comedy,6.7,25412
tt13406136,movie,The Princess,2022,94,"Action,Drama,Fantasy",5.7,17230
tt1340800,movie,Tinker Tailor Soldier Spy,2011,127,"Drama,Mystery,Thriller",7.0,227083
tt1341167,movie,Four Lions,2010,97,"Comedy,Crime,Drama",7.3,91456
tt1341188,movie,How Do You Know,2010,121,"Comedy,Drama,Romance",5.4,57736
tt1341338,movie,"Good Luck, Have Fun, Don't Die",2025,134,"Action,Adventure,Comedy",7.0,59074
tt1341710,movie,The Shrine,2010,85,Horror,5.5,14842
tt13421498,movie,The Lost King,2022,108,"Biography,Drama",6.7,10706
tt13423846,movie,321 Action,2020,100,Drama,1.0,10328
tt13429362,movie,In the Earth,2021,107,"Drama,Horror,Mystery",5.1,12911
tt13429870,movie,Robot Dreams,2023,103,"Animation,Comedy,Drama",7.6,25233
tt13430858,movie,What's Love Got to Do with It?,2022,108,"Comedy,Drama,Romance",6.3,12573
tt1343092,movie,The Great Gatsby,2013,143,"Drama,Romance",7.2,645104
tt1343097,movie,The Girl Who Kicked the Hornet's Nest,2009,147,"Crime,Drama,Mystery",7.3,77754
tt13433802,movie,A Quiet Place: Day One,2024,99,"Drama,Horror,Sci-Fi",6.3,178928
tt1343703,movie,Fortress of War,2010,138,"Action,Drama,War",7.4,11248
tt1343727,movie,Dredd,2012,95,"Action,Crime,Sci-Fi",7.1,313198
tt13446168,movie,The Medium,2021,130,"Drama,Horror,Mystery",6.5,18614
tt13449624,movie,Jug Jugg Jeeyo,2022,148,"Comedy,Drama,Family",6.1,43487
tt13451410,movie,Dhadak 2,2025,142,"Drama,Mystery,Romance",6.8,20534
tt13452446,movie,Damsel,2024,110,"Action,Adventure,Fantasy",6.1,120540
tt13453006,movie,Red Rocket,2021,130,"Comedy,Drama,Romance",7.1,43473
tt13456318,movie,Persuasion,2022,108,"Comedy,Drama,Romance",5.8,40660
tt1345777,movie,Ishqiya,2010,118,"Comedy,Drama,Romance",7.3,11440
tt1345836,movie,The Dark Knight Rises,2012,164,"Crime,Thriller",8.4,2003606
tt13468976,movie,Aaraattu,2022,167,"Action,Comedy",3.7,10604
tt1347521,movie,I Saw the Sun,2009,114,Drama,6.6,11813
tt13491110,movie,Antim: The Final Truth,2021,138,"Action,Crime,Drama",6.0,43421
tt13491678,movie,72 Hoorain,2019,80,"Crime,Drama,Thriller",6.9,16481
tt1349451,movie,Butter,2011,90,"Comedy,Drama",6.2,23242
tt13507778,movie,No Man of God,2021,100,"Biography,Crime,Drama",6.4,10466
tt13510660,movie,Dhamaka,2021,103,"Action,Crime,Drama",6.7,44050
tt1351685,movie,Jack the Giant Slayer,2013,114,"Action,Adventure,Fantasy",6.3,155847
tt13521006,movie,Beau Is Afraid,2023,179,"Comedy,Drama,Horror",6.6,79305
tt1352824,movie,Chloe,2009,96,"Drama,Mystery,Thriller",6.2,83427
tt13529034,movie,Meenakshi Sundareshwar,2021,140,"Comedy,Romance",6.6,19089
tt13539646,movie,The Wandering Earth II,2023,173,"Action,Adventure,Drama",6.7,16528
tt1355546,movie,Ayan,2009,162,"Action,Crime,Drama",7.7,12717
tt1355630,movie,If I Stay,2014,107,"Comedy,Drama,Fantasy",6.7,131553
tt1355631,movie,The Infiltrator,2016,127,"Biography,Crime,Drama",7.0,85262
tt1355644,movie,Passengers,2016,116,"Drama,Romance,Sci-Fi",7.0,500252
tt1355683,movie,Black Mass,2015,123,"Biography,Crime,Drama",6.8,202798
tt13560574,movie,X,2022,105,"Horror,Mystery,Thriller",6.5,225330
tt1356864,movie,I'm Still Here,2010,108,"Comedy,Drama,Music",6.1,24988
tt13570066,movie,Desert Warrior,2025,127,"Action,Adventure,Drama",4.2,11683
tt13575806,movie,Back to the Outback,2021,95,"Adventure,Animation,Comedy",6.5,12740
tt13586204,movie,MobKing,2023,89,"Drama,Thriller",5.2,24770
tt13603966,movie,Heart of Stone,2023,122,"Action,Crime,Thriller",5.7,68725
tt1360860,movie,About Elly,2009,119,"Drama,Mystery",7.9,61255
tt13610562,movie,The Bubble,2022,126,Comedy,4.7,30562
tt1361318,movie,Good People,2014,90,"Action,Adventure,Crime",5.5,17975
tt1361336,movie,Tom & Jerry,2021,101,"Adventure,Animation,Comedy",5.3,43458
tt1362058,movie,Cockneys vs Zombies,2012,88,"Action,Comedy,Horror",5.9,21292
tt13622970,movie,Moana 2,2024,100,"Adventure,Animation,Comedy",6.3,127205
tt13634480,movie,The Ice Age Adventures of Buck Wild,2022,82,"Adventure,Animation,Comedy",4.4,20250
tt13638858,movie,What You Wish For,2023,101,"Horror,Thriller",6.7,13265
tt13640696,movie,See How They Run,2022,98,"Comedy,Crime,Mystery",6.5,74145
tt1365050,movie,Beasts of No Nation,2015,137,"Drama,War",7.7,91712
tt13650600,movie,Emergency,2022,105,"Comedy,Drama,Thriller",6.2,10828
tt13650700,movie,A Big Bold Beautiful Journey,2025,109,"Drama,Fantasy,Romance",6.0,22766
tt13650814,movie,Borderline,2025,94,"Comedy,Horror,Thriller",5.5,10249
tt13651628,movie,Belle,2021,121,"Adventure,Animation,Drama",7.0,20659
tt13651794,movie,May December,2023,117,"Comedy,Drama",6.7,73386
tt13652286,movie,Fight or Flight,2024,102,"Action,Comedy",6.4,27655
tt13654226,movie,The Gorge,2025,128,"Action,Adventure,Horror",6.7,174700
tt13655120,movie,I.S.S.,2023,95,"Sci-Fi,Thriller",5.3,15074
tt1365519,movie,Tomb Raider,2018,119,"Action,Adventure,Fantasy",6.3,242804
tt1366344,movie,The Sitter,2011,81,Comedy,5.6,75077
tt1366365,movie,The Cold Light of Day,2012,93,"Action,Adventure,Thriller",4.9,41342
tt13664684,movie,Karthikeya 2,2022,150,"Action,Adventure,Fantasy",7.8,65194
tt13669038,movie,Women Talking,2022,104,Drama,6.9,83861
tt1368116,movie,Merantau Warrior,2009,134,"Action,Drama,Thriller",6.7,12070
tt13694628,movie,Nitram,2021,112,"Crime,Drama,Thriller",7.1,13100
tt1369706,movie,The Ward,2010,89,"Horror,Mystery,Thriller",5.5,47526
tt1371111,movie,Cloud Atlas,2012,172,"Drama,Mystery,Sci-Fi",7.3,387248
tt1371150,movie,This Is Where I Leave You,2014,103,"Comedy,Drama",6.7,95507
tt1371155,movie,Made in Dagenham,2010,113,"Comedy,Drama,History",7.1,16655
tt1372686,movie,Coriolanus,2011,123,"Drama,Thriller,War",6.1,34988
tt1373156,movie,Karthik Calling Karthik,2010,135,"Drama,Mystery,Romance",7.2,16785
tt1373215,movie,Recep Ivedik 2,2009,107,Comedy,4.6,25014
tt1374989,movie,Pride and Prejudice and Zombies,2016,108,"Action,Comedy,Fantasy",5.8,64706
tt1374992,movie,Upside Down,2012,109,"Drama,Romance,Sci-Fi",6.3,75961
tt13751694,movie,Animal,2023,204,"Action,Crime,Drama",6.2,116748
tt1375666,movie,Inception,2010,148,"Adventure,Sci-Fi,Thriller",8.8,2830293
tt1375670,movie,Grown Ups,2010,102,Comedy,6.0,315039
tt1375789,movie,Race 2,2013,150,"Action,Crime,Thriller",5.4,18547
tt1379177,movie,The Disappearance of Alice Creed,2009,100,"Crime,Thriller",6.7,28487
tt1379182,movie,Dogtooth,2009,97,"Drama,Thriller",7.1,123751
tt13793230,movie,Jaadugar,2022,167,"Comedy,Drama,Fantasy",6.8,12294
tt13795296,movie,Thank God,2022,121,Comedy,5.6,13087
tt13804084,movie,Justice Society: World War II,2021,84,"Action,Adventure,Animation",6.4,10466
tt1381404,movie,The Company You Keep,2012,125,"Drama,Thriller",6.4,37522
tt13818368,movie,Fighter,2024,166,"Action,Drama",6.1,54263
tt13833688,movie,The Whale,2022,117,Drama,7.6,304835
tt13841850,movie,Men,2022,100,"Drama,Fantasy,Horror",6.0,79849
tt1385824,movie,13B: Fear Has a New Address,2009,146,"Horror,Mystery,Thriller",7.4,11027
tt1385826,movie,The Adjustment Bureau,2011,106,"Crime,Drama,Mystery",7.0,283477
tt1385867,movie,Cop Out,2010,107,"Action,Comedy,Crime",5.5,92645
tt1385912,movie,I Can Do Bad All by Myself,2009,113,"Comedy,Drama",4.8,11232
tt1386588,movie,The Other Guys,2010,107,"Action,Comedy,Crime",6.7,310734
tt1386691,movie,Shimmer Lake,2017,86,"Action,Comedy,Crime",6.3,17898
tt1386697,movie,Suicide Squad,2016,123,"Action,Adventure,Fantasy",5.9,761744
tt1386703,movie,Total Recall,2012,118,"Action,Adventure,Sci-Fi",6.2,276808
tt1386925,movie,The Dead,2010,105,"Action,Adventure,Drama",5.7,10026
tt1386932,movie,Ip Man 2,2010,108,"Action,Biography,Drama",7.5,117114
tt13872248,movie,The Sadness,2021,99,"Horror,Thriller",6.5,27041
tt13873302,movie,Against the Ice,2022,102,"Adventure,Drama,History",6.5,31992
tt13880104,movie,Happening,2021,100,Drama,7.4,13979
tt1388418,movie,Deportees,2007,107,"Action,Comedy,Drama",5.1,10581
tt13885320,movie,India Lockdown,2022,117,Drama,7.1,10385
tt13885428,movie,Anweshippin Kandethum,2024,142,"Crime,Drama,Mystery",7.4,12531
tt1389072,movie,Downsizing,2017,135,"Drama,Fantasy,Sci-Fi",5.8,138075
tt1389096,movie,Stand Up Guys,2012,95,"Comedy,Crime,Thriller",6.4,59787
tt1389127,movie,Texas Killing Fields,2011,105,"Crime,Drama,History",5.7,23810
tt1389137,movie,We Bought a Zoo,2011,124,"Comedy,Drama,Family",7.0,161130
tt1390411,movie,In the Heart of the Sea,2015,122,"Action,Adventure,Biography",6.9,159631
tt1390535,movie,The Final,2010,93,"Horror,Thriller",5.3,12729
tt1391034,movie,And Soon the Darkness,2010,91,"Drama,Horror,Mystery",5.1,19602
tt1391137,movie,Why Did I Get Married Too?,2010,121,"Comedy,Drama,Romance",4.8,10857
tt13912632,movie,Sanak,2021,116,"Action,Thriller",6.6,11330
tt13919802,movie,Anek,2022,147,"Action,Drama,Sport",6.3,22876
tt1392170,movie,The Hunger Games,2012,142,"Action,Adventure,Sci-Fi",7.2,1085833
tt1392190,movie,Mad Max: Fury Road,2015,120,"Action,Adventure,Sci-Fi",8.1,1210945
tt1392197,movie,Marmaduke,2010,87,"Comedy,Family",4.4,18837
tt1392214,movie,Prisoners,2013,153,"Crime,Drama,Mystery",8.2,942678
tt13923084,movie,Boy Kills World,2023,111,"Action,Adventure,Comedy",6.4,40827
tt13923456,movie,Mafia Mamma,2023,101,"Action,Comedy,Crime",5.5,14229
tt13927994,movie,Salaar,2023,175,"Action,Crime,Drama",6.7,79161
tt1393746,movie,Aftershock,2010,135,"Drama,History",7.5,10277
tt1395054,movie,Once Upon a Time in Mumbaai,2010,134,"Action,Crime,Drama",7.4,21350
tt13957560,movie,Dumb Money,2023,105,"Biography,Comedy,Drama",6.8,63475
tt1396218,movie,Mr. Popper's Penguins,2011,94,"Comedy,Family,Fantasy",6.0,113190
tt1396226,movie,Twice Born,2012,127,"Drama,Romance,War",7.3,18050
tt13964390,movie,Under Paris,2024,104,"Action,Horror,Sci-Fi",5.2,40057
tt13964560,movie,The Astronaut,2025,90,"Horror,Sci-Fi,Thriller",4.8,10943
tt1396484,movie,It,2017,135,Horror,7.3,700960
tt13968674,movie,Fingernails,2023,113,"Drama,Romance,Sci-Fi",5.8,10685
tt1397280,movie,Taken 2,2012,92,"Action,Crime,Thriller",6.2,337675
tt1397514,movie,Journey 2: The Mysterious Island,2012,94,"Action,Adventure,Comedy",5.7,121490
tt13978306,movie,Brazen,2022,94,"Crime,Drama,Mystery",4.2,14842
tt1398426,movie,Straight Outta Compton,2015,147,"Biography,Drama,History",7.8,234628
tt13984924,movie,Fauci,2021,104,"Biography,Documentary,History",6.5,12921
tt13989030,movie,The Royal Treatment,2022,96,"Comedy,Family,Romance",5.3,12815
tt1399103,movie,Transformers: Dark of the Moon,2011,154,"Action,Adventure,Comedy",6.2,457353
tt1399683,movie,Winter's Bone,2010,100,"Crime,Drama,Mystery",7.1,158217
tt14002046,movie,Bheeshma Parvam,2022,144,"Action,Crime,Drama",7.5,15716
tt1401113,movie,Dante's Inferno: An Animated Epic,2010,88,"Action,Adventure,Animation",6.5,11243
tt1401143,movie,Rare Exports,2010,84,"Adventure,Fantasy,Horror",6.6,35589
tt1401152,movie,Unknown,2011,113,"Action,Mystery,Thriller",6.8,276856
tt1402488,movie,Happy Feet Two,2011,100,"Adventure,Animation,Comedy",5.8,51069
tt14030816,movie,Baghead,2023,94,"Horror,Mystery,Thriller",5.4,15796
tt1403177,movie,Hesher,2010,106,"Comedy,Drama",6.9,55776
tt1403214,movie,Paradise: Love,2012,120,Drama,7.0,10912
tt1403241,movie,Wolves,2014,91,"Action,Fantasy,Horror",5.3,11131
tt14033502,movie,Bad Luck Banging or Loony Porn,2021,106,"Comedy,Drama",6.5,12012
tt14034966,movie,Wheel of Fortune and Fantasy,2021,121,"Drama,Romance",7.5,11397
tt1403865,movie,True Grit,2010,110,"Drama,Western",7.6,377419
tt14039582,movie,Drive My Car,2021,179,Drama,7.5,77230
tt1403981,movie,Remember Me,2010,113,"Drama,Romance",7.1,164680
tt1403988,movie,The Romantics,2010,95,"Comedy,Drama,Romance",5.0,12869
tt14042066,movie,Dobaaraa,2022,132,"Drama,Fantasy,Mystery",4.9,21530
tt1405365,movie,Celeste & Jesse Forever,2012,92,"Comedy,Drama,Romance",6.6,35212
tt14056466,movie,Yudhra,2024,142,"Action,Drama,Thriller",4.9,13937
tt1405810,movie,Loose Cannons,2010,110,"Comedy,Drama,Romance",7.2,14113
tt14060094,movie,Blacklight,2022,104,"Action,Drama,Thriller",4.9,28972
tt14060232,movie,Infinite Storm,2022,97,"Drama,Thriller",5.3,12863
tt1407049,movie,Altitude,2010,90,"Horror,Mystery,Sci-Fi",4.8,10966
tt1407061,movie,Just Wright,2010,100,"Comedy,Romance,Sport",6.0,16767
tt1407084,movie,Twelve,2010,93,"Action,Drama,Thriller",5.6,12966
tt14079374,movie,14 Peaks: Nothing Is Impossible,2021,101,"Adventure,Documentary,Sport",7.7,33891
tt1408101,movie,Star Trek Into Darkness,2013,132,"Action,Adventure,Sci-Fi",7.7,511133
tt1408253,movie,Ride Along,2014,99,"Action,Comedy,Crime",6.1,129735
tt14088510,movie,Tarot,2024,92,Horror,4.8,40028
tt1409024,movie,Men in Black 3,2012,106,"Action,Adventure,Comedy",6.8,413228
tt14099334,movie,Bhediya,2022,156,"Comedy,Horror,Thriller",6.7,29192
tt1410051,movie,Retreat,2011,90,"Drama,Horror,Thriller",5.8,14463
tt1410063,movie,The Flowers of War,2011,146,"Drama,History,Romance",7.5,58528
tt14107334,movie,The Running Man,2025,133,"Action,Adventure,Sci-Fi",6.4,114000
tt14107554,movie,Dasvi,2022,125,"Comedy,Drama",7.3,62705
tt14109724,movie,Ticket to Paradise,2022,104,"Comedy,Drama,Romance",6.1,81863
tt1411238,movie,No Strings Attached,2011,108,"Comedy,Romance",6.2,255870
tt1411250,movie,Riddick,2013,119,"Action,Adventure,Sci-Fi",6.4,186989
tt14114802,movie,The Outfit,2022,105,"Crime,Drama,Mystery",7.2,87220
tt1411664,movie,Bucky Larson: Born to Be a Star,2011,97,Comedy,3.4,13567
tt1411697,movie,The Hangover Part II,2011,102,Comedy,6.5,580403
tt1411704,movie,Hop,2011,95,"Adventure,Animation,Comedy",5.4,41257
tt14121726,movie,Jeepers Creepers: Reborn,2022,88,"Horror,Mystery,Thriller",2.6,17479
tt14123284,movie,Havoc,2025,107,"Action,Crime,Drama",5.6,70129
tt1412386,movie,The Best Exotic Marigold Hotel,2011,124,"Comedy,Drama,Romance",7.2,104114
tt14124080,movie,The Great Escaper,2023,96,"Biography,Comedy,Drama",7.0,10445
tt1412528,movie,Table 19,2017,87,"Comedy,Drama,Romance",5.8,33759
tt14128670,movie,Kimi,2022,89,"Crime,Drama,Mystery",6.3,43598
tt1413492,movie,12 Strong,2018,130,"Action,Drama,History",6.6,101177
tt1413495,movie,Paranoia,2013,106,"Drama,Thriller",5.6,40380
tt14138650,movie,The Pale Blue Eye,2022,128,"Crime,Horror,Mystery",6.6,142021
tt14142060,movie,Rental Family,2025,109,"Comedy,Drama",7.6,60188
tt1414382,movie,You Again,2010,105,"Comedy,Romance",5.8,56948
tt14145426,movie,Beavis and Butt-Head Do the Universe,2022,87,"Animation,Comedy,Sci-Fi",7.0,14818
tt14145436,movie,Pet Sematary: Bloodlines,2023,87,"Fantasy,Horror",4.6,14158
tt14152140,movie,Darlings,2022,133,"Comedy,Drama,Thriller",6.7,23436
tt14152756,movie,Seaspiracy,2021,89,"Adventure,Documentary",8.1,35703
tt1415283,movie,Nanny McPhee and the Big Bang,2010,109,"Comedy,Family,Fantasy",6.1,40174
tt14153080,movie,A Good Person,2023,128,Drama,7.1,29269
tt14160834,movie,Rustin,2023,106,"Biography,Drama,History",6.5,14802
tt1416801,movie,Kill the Irishman,2011,106,"Action,Biography,Crime",7.0,54785
tt14168118,movie,7 Prisoners,2021,93,"Crime,Drama",7.1,10464
tt1417075,movie,In Darkness,2011,145,"Drama,War",7.3,11547
tt14174940,movie,Interceptor,2022,99,"Action,Adventure,Drama",4.7,29869
tt14176542,movie,Bardo: False Chronicle of a Handful of Truths,2022,159,"Comedy,Drama",6.7,16555
tt14181714,movie,The Bluff,2026,103,"Action,Adventure,Drama",5.8,18478
tt14181816,movie,Maggie Moore(s),2023,99,"Comedy,Crime,Mystery",6.2,10862
tt1418377,movie,"I, Frankenstein",2014,92,"Action,Fantasy,Sci-Fi",5.1,86454
tt14205554,movie,KPop Demon Hunters,2025,95,"Action,Adventure,Animation",7.4,137907
tt14208870,movie,The Fabelmans,2022,151,"Biography,Drama",7.5,135833
tt14209560,movie,Bheemla Nayak,2022,130,"Action,Drama,Thriller",6.2,10768
tt14209618,movie,Game Changer,2025,165,"Action,Drama,Thriller",5.1,29042
tt14209916,movie,Cocaine Bear,2023,95,"Comedy,Crime,Thriller",5.9,127340
tt1421051,movie,Somewhere,2010,97,"Comedy,Drama,Romance",6.3,48745
tt14217100,movie,Ferry,2021,106,"Action,Crime,Drama",7.0,15260
tt1422020,movie,Dog Pound,2010,91,"Crime,Drama",7.0,14508
tt1422032,movie,Even the Rain,2010,103,"Drama,History",7.4,15561
tt1422136,movie,A Lonely Place to Die,2011,99,"Crime,Thriller",6.2,32283
tt14225838,movie,Io Capitano,2023,121,"Adventure,Drama",7.6,18001
tt14227048,movie,Family Switch,2023,106,"Comedy,Family,Fantasy",5.7,33570
tt14230388,movie,Asteroid City,2023,105,"Comedy,Drama,Romance",6.4,145613
tt14230458,movie,Poor Things,2023,141,"Comedy,Drama,Romance",7.7,415924
tt1423894,movie,Barney's Version,2010,134,"Comedy,Drama",7.3,27433
tt1423995,movie,Stone,2010,105,"Drama,Mystery,Thriller",5.4,44100
tt1424310,movie,Chinese Zodiac,2012,109,"Action,Adventure,Comedy",6.0,26351
tt1424381,movie,Predators,2010,107,"Action,Adventure,Sci-Fi",6.4,263366
tt1424432,movie,Senna,2010,106,"Biography,Documentary,Sport",8.4,83833
tt1424797,movie,I Killed My Mother,2009,96,"Drama,Romance",7.4,32741
tt14253846,movie,Speak No Evil,2022,97,"Drama,Horror,Mystery",6.7,64715
tt14257582,movie,Wolfs,2024,108,"Action,Comedy,Crime",6.5,105590
tt14260836,movie,Better Man,2024,135,"Biography,Fantasy,Music",7.5,46447
tt1426329,movie,Lovelace,2013,93,"Biography,Drama",6.2,44767
tt14263856,movie,Last the Night,2022,88,"Horror,Thriller",4.7,11067
tt1427298,movie,The Human Race,2013,87,"Action,Adventure,Drama",4.9,11252
tt14279982,movie,HIT: The 2nd Case,2022,150,"Crime,Drama,Mystery",7.2,11952
tt1428538,movie,Hansel & Gretel: Witch Hunters,2013,88,"Action,Fantasy,Horror",6.1,227256
tt14295590,movie,Mrs. Chatterjee vs. Norway,2023,144,"Biography,Drama",7.3,11273
tt14298328,movie,Look Both Ways,2022,110,"Comedy,Drama,Fantasy",6.3,27343
tt1430132,movie,The Wolverine,2013,126,"Action,Sci-Fi",6.7,525281
tt1430607,movie,Arthur Christmas,2011,97,"Adventure,Animation,Comedy",7.1,73826
tt1430612,movie,Brick Mansions,2014,90,"Action,Adventure,Crime",5.6,45843
tt1430615,movie,Big Miracle,2012,107,"Biography,Drama,Romance",6.5,21317
tt1430626,movie,The Pirates! Band of Misfits,2012,88,"Action,Adventure,Animation",6.7,54510
tt14308636,movie,Bank of Dave,2023,107,"Biography,Comedy,Drama",7.1,17121
tt14309446,movie,Me Time,2022,101,Comedy,5.1,45819
tt1431045,movie,Deadpool,2016,108,"Action,Comedy,Sci-Fi",8.0,1259218
tt1431181,movie,Another Year,2010,129,"Comedy,Drama",7.4,32258
tt14315756,movie,Single All the Way,2021,99,"Comedy,Drama,Romance",6.2,21908
tt14324650,movie,"Batman: The Long Halloween, Part One",2021,85,"Action,Animation,Crime",7.3,22964
tt1433108,movie,Faster,2010,98,"Action,Crime,Drama",6.4,117370
tt14331144,movie,Jujutsu Kaisen 0,2021,112,"Action,Animation,Fantasy",7.8,64556
tt1433207,movie,The Details,2011,101,"Comedy,Drama",6.1,10316
tt1433810,movie,Mumbai Diaries,2010,100,Drama,7.0,14343
tt1433811,movie,Disconnect,2012,115,"Crime,Drama,Mystery",7.5,80369
tt1433822,movie,The Apparition,2012,82,"Horror,Thriller",4.1,21216
tt14339846,movie,Mrs Undercover,2023,107,"Action,Comedy,Thriller",5.6,10057
tt1434435,movie,Mother's Day,2010,112,"Drama,Horror,Thriller",6.2,19512
tt1434447,movie,Rocket Singh: Salesman of the Year,2009,150,"Comedy,Drama",7.5,25155
tt14349032,movie,The Good Neighbor,2022,106,"Crime,Mystery,Thriller",6.0,16769
tt14351082,movie,Cabrini,2024,142,"Biography,Drama,History",7.3,10140
tt1435513,movie,Hysteria,2011,100,"Biography,Comedy,Romance",6.7,34188
tt1436045,movie,13 Assassins,2010,141,"Action,Adventure,Drama",7.5,71974
tt14362112,movie,Trolls Band Together,2023,91,"Adventure,Animation,Comedy",6.0,20210
tt14364480,movie,Wake Up Dead Man,2025,144,"Comedy,Crime,Drama",7.3,248747
tt1436562,movie,Rio,2011,96,"Adventure,Animation,Comedy",6.9,274818
tt1436568,movie,Assassination Games,2011,101,"Action,Crime,Drama",6.1,19214
tt14369780,movie,Lady Chatterley's Lover,2022,126,"Drama,Romance",6.6,28050
tt14371860,movie,Apartment 7A,2024,107,"Horror,Thriller",5.9,20826
tt14371878,movie,Lift,2024,107,"Action,Comedy,Crime",5.6,53024
tt1437358,movie,Sleep Tight,2011,102,"Crime,Drama,Thriller",7.2,50076
tt14376344,movie,Cha Cha Real Smooth,2022,107,"Comedy,Drama",7.3,31577
tt1438173,movie,Bait,2012,93,"Action,Fantasy,Horror",5.2,21206
tt1438176,movie,Fright Night,2011,106,"Action,Comedy,Drama",6.4,120001
tt1438254,movie,Charlie St. Cloud,2010,99,"Drama,Fantasy,Romance",6.4,66599
tt1438298,movie,Guzaarish,2010,126,"Drama,Romance",7.4,20918
tt1439572,movie,Perfect Sense,2011,92,"Drama,Romance,Sci-Fi",7.0,67338
tt14400246,movie,Bird Box: Barcelona,2023,112,"Horror,Mystery,Sci-Fi",5.3,29423
tt1440129,movie,Battleship,2012,131,"Action,Adventure,Sci-Fi",5.8,270414
tt1440161,movie,A Little Bit of Heaven,2011,106,"Comedy,Drama,Fantasy",6.3,30803
tt14402146,movie,Empire of Light,2022,115,"Drama,Romance",6.7,27446
tt1440232,movie,Little White Lies,2010,154,"Comedy,Drama",7.1,28415
tt1440266,movie,Pina,2011,103,"Documentary,Music",7.6,16739
tt1440292,movie,Submarine,2010,97,"Comedy,Drama,Romance",7.3,101317
tt14402926,movie,"Batman: The Long Halloween, Part Two",2021,87,"Action,Animation,Crime",7.2,19524
tt1440345,movie,This Must Be the Place,2011,118,"Adventure,Comedy,Drama",6.7,38838
tt14403504,movie,Last Breath,2025,93,"Drama,Thriller",6.6,38152
tt1440728,movie,The American,2010,105,"Crime,Drama,Thriller",6.3,106954
tt1440732,movie,Bel Ami,2012,102,"Crime,Drama,History",5.4,19912
tt14407336,movie,The Beast,2023,146,"Drama,Romance,Sci-Fi",6.4,12368
tt1441326,movie,Martha Marcy May Marlene,2011,102,"Drama,Mystery,Thriller",6.8,58841
tt1441395,movie,Under the Skin,2013,108,"Drama,Horror,Mystery",6.3,171767
tt14415204,movie,Never Let Go,2024,101,"Horror,Mystery,Thriller",5.4,19800
tt14416430,movie,Paradox Effect,2024,87,Action,5.9,11948
tt14418234,movie,State of Siege: Temple Attack,2021,110,"Action,Drama,Thriller",7.5,10482
tt1441912,movie,The Way,2010,123,"Comedy,Drama",7.3,38383
tt1441940,movie,Broken,2012,91,"Drama,Romance",7.2,15825
tt1441951,movie,Quartet,2012,98,"Comedy,Drama,Music",6.8,22270
tt1441952,movie,Salmon Fishing in the Yemen,2011,107,"Comedy,Drama,Romance",6.8,69150
tt1441953,movie,Testament of Youth,2014,129,"Biography,Drama,History",7.2,31949
tt1442519,movie,The Hedgehog,2009,100,Drama,7.3,10211
tt14438964,movie,Goodbye,2022,130,"Comedy,Drama,Family",6.8,12653
tt14439896,movie,Father Stu,2022,124,"Biography,Drama,Sport",6.5,36437
tt14444726,movie,Tár,2022,158,"Drama,Music",7.4,110074
tt14454876,movie,Golda,2023,100,"Biography,Drama,History",6.0,15446
tt14456350,movie,About Fate,2022,103,"Comedy,Romance",6.4,15513
tt14458442,movie,The Son,2022,123,Drama,6.5,21053
tt1446192,movie,Rise of the Guardians,2012,97,"Action,Adventure,Animation",7.2,210017
tt14463484,movie,Through My Window,2022,116,"Comedy,Drama,Romance",5.5,25720
tt1446714,movie,Prometheus,2012,124,"Adventure,Sci-Fi",7.0,702483
tt1447500,movie,Magadheera,2009,166,"Action,Drama,Fantasy",7.7,28304
tt1447508,movie,Peepli Live,2010,95,"Comedy,Drama",7.4,13250
tt1447972,movie,StreetDance 3D,2010,98,"Drama,Music,Romance",5.8,11955
tt1448754,movie,Thanksgiving,2023,106,"Horror,Mystery,Thriller",6.2,81294
tt1448755,movie,Killer Elite,2011,116,"Action,Crime,Thriller",6.4,141402
tt1449283,movie,Winnie the Pooh,2011,63,"Adventure,Animation,Comedy",7.1,31060
tt14500584,movie,Beyond the Infinite Two Minutes,2020,70,"Comedy,Sci-Fi",7.2,11061
tt14502344,movie,They/Them,2022,104,"Drama,Horror,Mystery",4.0,13868
tt1450321,movie,Filth,2013,97,"Action,Comedy,Crime",7.0,122605
tt14506528,movie,Along for the Ride,2022,106,"Drama,Romance",6.2,11760
tt14509110,movie,No One Will Save You,2023,93,"Horror,Mystery,Sci-Fi",6.2,80248
tt14512538,movie,Roadrunner: A Film About Anthony Bourdain,2021,119,Documentary,7.7,11414
tt14513804,movie,Captain America: Brave New World,2025,118,"Action,Adventure,Sci-Fi",5.6,184733
tt1451409,movie,Pokkiri,2007,161,"Action,Crime,Thriller",7.6,15014
tt1452628,movie,Vanishing on 7th Street,2010,92,"Horror,Mystery,Thriller",4.9,28383
tt1453405,movie,Monsters University,2013,104,"Adventure,Animation,Comedy",7.2,426980
tt14537248,movie,Nefarious,2023,97,"Drama,Horror,Thriller",6.4,39777
tt14539740,movie,Godzilla X Kong: The New Empire,2024,115,"Action,Adventure,Fantasy",6.0,136729
tt1454029,movie,The Help,2011,146,Drama,8.1,529957
tt1454468,movie,Gravity,2013,91,"Drama,Sci-Fi,Thriller",7.7,902147
tt14549466,movie,Crimes of the Future,2022,107,"Drama,Horror,Sci-Fi",5.8,47215
tt14557188,movie,Soft & Quiet,2022,92,"Horror,Thriller",6.2,13688
tt1455811,movie,Khatta Meetha,2010,157,"Comedy,Crime,Drama",6.2,15935
tt14561712,movie,La Chimera,2023,131,"Adventure,Comedy,Drama",7.3,22548
tt14564000,movie,Guntur Kaaram,2024,159,"Action,Drama",5.4,25352
tt1456472,movie,We Have a Pope,2011,102,"Comedy,Drama",6.7,15348
tt1456635,movie,Goon,2011,92,"Comedy,Drama,Sport",6.8,94387
tt1456661,movie,Legend of the Fist: The Return of Chen Zhen,2010,106,"Action,Drama,History",6.2,11495
tt1456941,movie,"Tomorrow, When the War Began",2010,104,"Action,Adventure,Drama",6.1,32804
tt1457765,movie,The Haunting in Connecticut 2: Ghosts of Georgia,2013,100,"Drama,Horror,Mystery",5.3,19197
tt1457767,movie,The Conjuring,2013,112,"Horror,Mystery,Thriller",7.5,626260
tt14577874,movie,It's What's Inside,2024,103,"Comedy,Mystery,Sci-Fi",6.6,52425
tt1458169,movie,Kidnap,2017,95,"Action,Crime,Thriller",5.9,41296
tt1458175,movie,The Next Three Days,2010,133,"Action,Crime,Drama",7.3,215796
tt14592064,movie,Home Team,2022,95,"Comedy,Drama,Sport",6.0,24441
tt14592948,movie,Loving Adults,2022,104,"Crime,Drama,Thriller",6.5,16325
tt14614892,movie,Dragon Ball Super: Super Hero,2022,100,"Action,Adventure,Animation",7.1,18980
tt1462041,movie,Dream House,2011,92,"Drama,Mystery,Thriller",6.0,71064
tt1462667,movie,Outrage,2010,109,"Action,Crime,Drama",6.8,15664
tt1462758,movie,Buried,2010,95,"Drama,Mystery,Thriller",7.0,176791
tt1462764,movie,Indiana Jones and the Dial of Destiny,2023,154,"Action,Adventure,Sci-Fi",6.5,234413
tt1462769,movie,The Odd Life of Timothy Green,2012,105,"Comedy,Drama,Family",6.6,50384
tt1462900,movie,The Grandmaster,2013,130,"Action,Biography,Drama",6.6,38825
tt14641542,movie,The Eight Mountains,2022,147,Drama,7.7,19701
tt1464174,movie,"Big Mommas: Like Father, Like Son",2011,107,"Action,Comedy,Crime",4.5,31488
tt14641788,movie,Enola Holmes 2,2022,129,"Action,Adventure,Crime",6.8,121467
tt14642626,movie,Sick,2022,83,"Horror,Mystery,Thriller",6.0,24613
tt1464335,movie,Uncharted,2022,116,"Action,Adventure",6.3,302198
tt1464540,movie,I Am Number Four,2011,111,"Action,Adventure,Sci-Fi",6.1,253379
tt1464580,movie,Stake Land,2010,98,"Drama,Horror",6.4,45905
tt1464763,movie,Mute,2018,126,"Mystery,Sci-Fi,Thriller",5.5,39681
tt1465487,movie,Heartbreaker,2010,105,"Comedy,Romance",6.7,28557
tt1465522,movie,Tucker and Dale vs Evil,2010,89,"Comedy,Horror",7.5,209926
tt1465533,movie,Columbus Circle,2012,82,"Crime,Drama,Mystery",5.9,11171
tt14668630,movie,"Lyle, Lyle, Crocodile",2022,106,"Adventure,Comedy,Family",6.1,18206
tt1467304,movie,The Human Centipede (First Sequence),2009,92,Horror,4.4,97468
tt1468846,movie,Get a Job,2016,83,Comedy,5.3,27698
tt1469304,movie,Baywatch,2017,116,"Action,Comedy,Crime",5.5,219724
tt1470023,movie,MacGruber,2010,90,"Action,Comedy",5.6,50327
tt1470827,movie,Monsters,2010,94,"Adventure,Drama,Romance",6.3,102112
tt14714980,movie,Poker Face,2022,94,"Action,Crime,Thriller",5.2,16213
tt14715170,movie,Falling for Christmas,2022,93,"Comedy,Romance",5.3,33962
tt14723224,movie,The Cost of Deception,2021,125,"Action,Crime,Drama",1.5,40927
tt1472584,movie,Max Steel,2016,92,"Action,Adventure,Fantasy",4.6,21637
tt14731254,movie,Val,2021,109,"Biography,Documentary",7.6,16354
tt1473832,movie,Bridget Jones's Baby,2016,123,"Comedy,Drama,Romance",6.4,91553
tt1474276,movie,Summer Wars,2009,114,"Action,Adventure,Animation",7.4,34260
tt14753612,movie,Swatantrya Veer Savarkar,2024,176,"Biography,Drama",7.7,18243
tt14757872,movie,Midnight,2021,103,"Crime,Thriller",6.5,10648
tt1476425,movie,Turnabout,2016,90,"Drama,Mystery,Thriller",7.0,17084
tt14764464,movie,Code 8: Part II,2024,100,"Action,Crime,Drama",5.8,17341
tt1477076,movie,Saw 3D,2010,90,"Horror,Mystery",5.5,119097
tt1477715,movie,This Is It,2009,111,"Documentary,Music",7.2,43978
tt1477834,movie,Aquaman,2018,143,"Action,Adventure,Fantasy",6.8,555356
tt1477837,movie,Cedar Rapids,2011,87,Comedy,6.3,41027
tt1477855,movie,Hyde Park on Hudson,2012,94,"Biography,Comedy,Drama",5.9,12737
tt14781036,movie,Inside,2023,105,"Drama,Thriller",5.5,24551
tt1478338,movie,Bridesmaids,2011,125,Comedy,6.8,326648
tt1478839,movie,The Art of Racing in the Rain,2019,109,"Comedy,Drama,Romance",7.6,49068
tt1478964,movie,Attack the Block,2011,88,"Action,Adventure,Comedy",6.6,115925
tt1480295,movie,Killing Season,2013,91,"Action,Drama,Thriller",5.4,40194
tt1480656,movie,Cosmopolis,2012,109,"Crime,Drama,Mystery",5.1,52280
tt14813212,movie,The Munsters,2022,109,"Comedy,Family,Fantasy",4.5,12812
tt14814040,movie,Not Okay,2022,100,"Comedy,Drama,Thriller",6.1,21602
tt1481572,movie,Happythankyoumoreplease,2010,100,"Comedy,Drama,Romance",6.7,31020
tt14817272,movie,The Weekend Away,2022,89,"Crime,Drama,Mystery",5.7,36563
tt14821150,movie,Vortex,2021,142,Drama,7.4,11052
tt1482459,movie,The Lorax,2012,86,"Adventure,Animation,Comedy",6.4,145084
tt14824590,movie,On the Line,2022,104,Thriller,5.5,18732
tt14824600,movie,The Lord of the Rings: The War of the Rohirrim,2024,134,"Action,Adventure,Animation",6.3,40863
tt14826022,movie,You People,2023,117,"Comedy,Romance",5.5,67602
tt14827638,movie,The Retirement Plan,2023,103,"Action,Adventure,Comedy",5.1,11388
tt1483013,movie,Oblivion,2013,124,"Action,Adventure,Sci-Fi",7.0,587765
tt14833464,movie,Players,2024,105,"Comedy,Romance",5.7,13190
tt1483797,movie,Redline,2009,102,"Action,Animation,Sci-Fi",7.5,21233
tt1483831,movie,Lebanon,2009,93,"Drama,War",6.9,12327
tt14846026,movie,Sisu,2022,91,"Action,Thriller,War",6.9,123683
tt14849194,movie,The Holdovers,2023,133,"Comedy,Drama",7.9,269321
tt14850054,movie,Greenland 2: Migration,2026,98,"Action,Adventure,Sci-Fi",5.2,41512
tt14852624,movie,Stopmotion,2023,93,"Animation,Horror,Thriller",5.6,11470
tt14855468,movie,That Christmas,2024,91,"Adventure,Animation,Comedy",6.8,20591
tt14856980,movie,Atlas,2024,118,"Action,Adventure,Drama",5.7,60231
tt14857528,movie,Time Cut,2024,91,"Horror,Mystery,Sci-Fi",5.1,23063
tt1485796,movie,The Greatest Showman,2017,105,"Biography,Drama,Musical",7.5,349564
tt14858658,movie,Blink Twice,2024,102,"Mystery,Thriller",6.5,131543
tt14859416,movie,Burning Days,2022,129,"Drama,Thriller",7.4,14876
tt1486185,movie,Red Riding Hood,2011,100,"Fantasy,Horror,Mystery",5.4,119733
tt1486190,movie,Tamara Drewe,2010,107,"Comedy,Drama,Romance",6.2,23483
tt1486192,movie,The Raven,2012,110,"Crime,Drama,Mystery",6.4,90453
tt1486193,movie,5 Days of War,2011,113,"Action,Drama,War",5.6,14660
tt14865406,movie,Deep Fear,2023,84,"Action,Horror,Thriller",3.9,16220
tt14867006,movie,V/H/S/94,2021,103,"Fantasy,Horror,Mystery",5.6,17367
tt1486834,movie,What If,2013,98,"Comedy,Romance",6.8,84659
tt1487118,movie,Chalet Girl,2011,97,"Comedy,Romance,Sport",6.3,27974
tt14878948,movie,15/07: Break of Dawn,2021,95,"Action,Drama,War",1.3,20701
tt1488555,movie,The Change-Up,2011,112,"Comedy,Fantasy",6.3,206167
tt1488589,movie,Guillermo del Toro's Pinocchio,2022,117,"Adventure,Animation,Drama",7.6,164361
tt1488606,movie,Triple Frontier,2019,125,"Action,Adventure,Thriller",6.5,162241
tt14888874,movie,Demon Slayer: Kimetsu no Yaiba - Mt. Natagumo Arc,2020,138,"Action,Animation,Fantasy",8.7,18740
tt1489887,movie,Booksmart,2019,102,Comedy,7.1,140814
tt1489889,movie,Central Intelligence,2016,107,"Action,Comedy,Crime",6.3,239933
tt1490017,movie,The Lego Movie,2014,100,"Action,Adventure,Animation",7.7,418104
tt14900738,movie,Meet Cute,2022,89,"Comedy,Drama,Fantasy",5.7,15080
tt14905854,movie,Hamnet,2025,125,"Biography,Drama,History",7.8,122193
tt1491044,movie,The Iceman,2012,106,"Biography,Crime,Drama",6.8,84119
tt14914430,movie,Unfrosted,2024,97,"Biography,Comedy,History",5.5,37105
tt14914988,movie,Satyaprem Ki Katha,2023,146,"Comedy,Drama,Musical",6.6,31818
tt1493274,movie,Caught Stealing,2025,107,"Comedy,Crime,Thriller",6.8,86114
tt14948432,movie,Red One,2024,123,"Action,Adventure,Comedy",6.2,160223
tt1496025,movie,Underworld: Awakening,2012,88,"Action,Fantasy,Thriller",6.3,167861
tt14961016,movie,I'm Still Here,2024,137,"Biography,Drama,History",8.1,168365
tt14961624,movie,The Old Guard 2,2025,107,"Action,Adventure,Fantasy",5.1,47195
tt1496422,movie,The Paperboy,2012,107,"Crime,Drama,Mystery",5.7,41913
tt14966898,movie,Late Night with the Devil,2023,93,Horror,7.0,149176
tt1498569,movie,Restless,2011,91,"Drama,Romance",6.7,18775
tt14992922,movie,The Tinder Swindler,2022,114,"Crime,Documentary",7.1,77955
tt14993250,movie,Rocky Aur Rani Kii Prem Kahaani,2023,168,"Comedy,Drama,Family",6.5,51113
tt1499658,movie,Horrible Bosses,2011,98,"Comedy,Crime",6.9,488830
tt1499666,movie,Castaway on the Moon,2009,116,"Comedy,Drama,Romance",7.9,21108
tt14998742,movie,Rebel Moon - Part One: A Child of Fire,2023,133,"Action,Adventure,Drama",5.6,141309
tt14999684,movie,Shelby Oaks,2024,91,"Horror,Mystery,Thriller",5.3,15063
tt15006566,movie,The Beasts,2022,137,"Drama,Thriller",7.5,26010
tt15009428,movie,Argylle,2024,139,"Action,Comedy,Thriller",5.6,101115
tt1502397,movie,Bad Boys for Life,2020,124,"Action,Comedy,Crime",6.5,197915
tt1502404,movie,Drive Angry,2011,104,"Action,Comedy,Crime",5.4,106985
tt1502407,movie,Halloween,2018,106,"Crime,Drama,Horror",6.5,187437
tt1502712,movie,Fantastic Four,2015,100,"Action,Adventure,Sci-Fi",4.3,193477
tt15033192,movie,Windfall,2022,92,"Crime,Drama,Thriller",5.7,28970
tt15041836,movie,Werewolves,2024,93,"Action,Horror,Sci-Fi",4.4,10135
tt1504320,movie,The King's Speech,2010,118,"Biography,Drama,History",8.0,734240
tt1504403,movie,Husk,2011,83,"Horror,Thriller",5.2,11447
tt15047880,movie,Disclosure Day,2026,145,"Action,Drama,Mystery",6.7,75708
tt1506999,movie,Haywire,2011,93,"Action,Drama,Thriller",5.8,93235
tt15073166,movie,IB 71,2023,117,"Action,Thriller",7.1,12011
tt15083184,movie,I Came By,2022,110,Thriller,6.2,39752
tt1508675,movie,Le Havre,2011,93,"Comedy,Drama",7.2,25438
tt15090124,movie,Mad God,2021,83,"Animation,Fantasy,Horror",6.8,20842
tt15096128,movie,Crush,2022,93,"Comedy,Romance",6.3,12078
tt15097216,movie,Jai Bhim,2021,164,"Crime,Drama",8.6,234998
tt1509767,movie,The Three Musketeers,2011,110,"Action,Adventure,Fantasy",5.7,116053
tt15109082,movie,The Quiet Girl,2022,95,Drama,7.7,29193
tt1512235,movie,Super,2010,96,"Action,Comedy,Crime",6.7,87470
tt1512685,movie,Julia's Eyes,2010,118,"Horror,Mystery,Thriller",6.7,39281
tt15128068,movie,"Monica, O My Darling",2022,129,"Comedy,Crime,Drama",7.4,24234
tt15140278,movie,Coup de Chance,2023,93,"Comedy,Crime,Drama",6.4,12028
tt1514041,movie,4.3.2.1.,2010,117,"Action,Adventure,Crime",5.8,11263
tt15145764,movie,Freddy,2022,124,"Drama,Mystery,Romance",7.3,36736
tt1515091,movie,Sherlock Holmes: A Game of Shadows,2011,129,"Action,Adventure,Mystery",7.4,503298
tt15153532,movie,Strays,2023,93,"Adventure,Comedy",6.3,38085
tt15163652,movie,Thunivu,2023,146,"Action,Crime,Thriller",6.1,30792
tt1517260,movie,The Host,2013,125,"Action,Adventure,Drama",5.8,122107
tt1517268,movie,Barbie,2023,114,"Adventure,Comedy,Fantasy",6.8,694375
tt1517451,movie,A Star Is Born,2018,136,"Drama,Music,Romance",7.6,450293
tt1517489,movie,Spy Kids 4: All the Time in the World,2011,89,"Action,Adventure,Comedy",3.6,30838
tt15181326,movie,Dead Man's Wire,2025,104,"Biography,Crime,Drama",6.4,11383
tt1518812,movie,Meek's Cutoff,2010,104,"Adventure,Drama,Thriller",6.5,16435
tt1519461,movie,Area 51,2015,91,"Horror,Mystery,Sci-Fi",4.3,16272
tt15198608,movie,Prey,2021,87,"Adventure,Drama,Thriller",4.4,10681
tt1521197,movie,Anonymous,2011,130,"Drama,Thriller",6.8,43425
tt15215512,movie,A Perfect Pairing,2022,101,"Comedy,Romance",6.1,19566
tt15218000,movie,Fire Island,2022,105,"Comedy,Romance",6.7,15800
tt1521848,movie,Potiche,2010,103,Comedy,6.4,11726
tt1523483,movie,Kaboom,2010,86,"Comedy,Mystery,Romance",5.7,14467
tt1523486,movie,Kolpaçino,2009,98,Comedy,6.6,15994
tt15239678,movie,Dune: Part Two,2024,166,"Action,Adventure,Drama",8.4,769561
tt1524137,movie,Contraband,2012,109,"Action,Adventure,Crime",6.4,129421
tt15242330,movie,The First Slam Dunk,2022,124,"Animation,Comedy,Drama",8.0,13092
tt15245240,movie,The Buckingham Murders,2023,107,"Crime,Drama,Mystery",5.9,11264
tt1524575,movie,The Vatican Tapes,2015,91,"Horror,Thriller",4.7,19415
tt1524930,movie,Vacation,2015,99,"Adventure,Comedy",6.2,134015
tt1525366,movie,Grabbers,2012,94,"Action,Adventure,Comedy",6.3,20749
tt15255288,movie,Murder Mystery 2,2023,89,"Action,Adventure,Comedy",5.7,84777
tt15255876,movie,Emily the Criminal,2022,97,"Crime,Drama,Thriller",6.7,67612
tt15257160,movie,Pain Hustlers,2023,123,"Crime,Drama",6.6,55711
tt15257644,movie,Mili,2022,127,"Drama,Thriller",6.7,11766
tt1525890,movie,The Caller,2011,92,"Drama,Horror,Mystery",6.0,12830
tt15268244,movie,Joy Ride,2023,95,Comedy,6.4,31228
tt1527186,movie,Melancholia,2011,135,"Drama,Sci-Fi",7.1,208918
tt1527788,movie,The Man from Nowhere,2010,119,"Action,Crime,Drama",7.7,80932
tt1527793,movie,No Other Choice,2025,139,"Comedy,Crime,Drama",7.5,68006
tt1528071,movie,Horns,2013,120,"Comedy,Fantasy,Horror",6.4,92130
tt1528100,movie,Exodus: Gods and Kings,2014,150,"Action,Adventure,Drama",6.0,187303
tt15281656,movie,The Holy Trinity,2023,80,Horror,1.6,12372
tt15281704,movie,Kuttey,2023,109,"Action,Comedy,Crime",5.4,11505
tt1528313,movie,Nothing to Declare,2010,108,Comedy,6.4,16236
tt1528854,movie,Daddy's Home,2015,96,"Comedy,Family",6.2,139757
tt15289240,movie,The Curse of Bridge Hollow,2022,89,"Adventure,Comedy,Family",5.6,14125
tt1529235,movie,Welcome to the South,2010,102,Comedy,6.6,11408
tt1529572,movie,Trust,2010,106,"Crime,Drama,Mystery",6.8,46262
tt15301048,movie,"Argentina, 1985",2022,140,"Biography,Crime,Drama",7.6,36525
tt15302222,movie,Bholaa,2023,144,"Action,Crime,Drama",5.8,26088
tt1530509,movie,The Human Centipede 2 (Full Sequence),2011,91,Horror,3.8,48030
tt15314262,movie,The Beekeeper,2024,105,"Action,Crime,Thriller",6.3,182168
tt15315164,movie,Cuttputlli,2022,134,"Crime,Drama,Mystery",5.7,23179
tt1531663,movie,Everything Must Go,2010,97,"Comedy,Drama",6.4,55375
tt1531901,movie,Byzantium,2012,118,"Drama,Fantasy,Horror",6.5,48806
tt1531924,movie,The Disappearance of Eleanor Rigby: Him,2013,89,"Drama,Romance",6.8,10763
tt1532503,movie,Beginners,2010,105,"Comedy,Drama,Romance",7.2,97592
tt15325794,movie,Fall,2022,107,"Action,Thriller",6.4,140442
tt15326988,movie,Ghosted,2023,117,"Action,Adventure,Comedy",5.8,81212
tt15327088,movie,Kantara,2022,148,"Action,Adventure,Drama",8.1,117192
tt1532957,movie,Paa,2009,133,"Comedy,Drama",7.1,13116
tt1533117,movie,Let the Bullets Fly,2010,132,"Action,Comedy,Drama",7.3,14507
tt15334030,movie,Martin,2024,147,"Action,Drama,Thriller",2.1,36600
tt15334032,movie,Raymond & Ray,2022,105,"Comedy,Drama",6.2,10153
tt15334488,movie,After Everything,2023,93,"Drama,Romance",4.8,12361
tt1533749,movie,Shaolin,2011,131,"Action,Drama",6.8,20810
tt15339456,movie,Marcel the Shell with Shoes On,2021,90,"Animation,Comedy,Drama",7.6,34035
tt15339570,movie,Champions,2023,124,"Comedy,Drama,Sport",6.8,36759
tt15340724,movie,20th Century Girl,2022,119,"Drama,Romance",7.4,15805
tt1534085,movie,Beyond the Black Rainbow,2010,110,"Horror,Mystery,Sci-Fi",5.9,18483
tt15342244,movie,Master Gardener,2022,111,"Drama,Mystery,Thriller",6.1,13529
tt1535108,movie,Elysium,2013,109,"Action,Drama,Sci-Fi",6.6,492601
tt1535109,movie,Captain Phillips,2013,134,"Action,Biography,Crime",7.8,520444
tt15351980,movie,Vacation Friends 2,2023,106,"Action,Adventure,Comedy",5.4,11037
tt15353964,movie,Significant Other,2022,84,"Drama,Horror,Mystery",5.7,19425
tt1535438,movie,Hope Springs,2012,100,"Comedy,Drama,Romance",6.3,46095
tt1535467,movie,Patiala House,2011,140,"Drama,Sport",5.7,10132
tt15354916,movie,Jawan,2023,169,"Action,Crime,Drama",6.9,111816
tt1535612,movie,The Son of No One,2011,90,"Action,Crime,Drama",5.1,18688
tt1535616,movie,The Divide,2011,112,"Drama,Horror,Sci-Fi",5.7,40494
tt1535970,movie,The Ledge,2011,101,"Drama,Romance,Thriller",6.5,21188
tt1536044,movie,Paranormal Activity 2,2010,91,"Horror,Mystery",5.7,115921
tt1536048,movie,W.E.,2011,119,"Drama,History,Romance",6.2,14187
tt1536410,movie,Faces in the Crowd,2011,103,"Crime,Drama,Mystery",5.7,21011
tt15364972,movie,Sanctuary,2022,96,"Drama,Romance,Thriller",6.2,13195
tt1536537,movie,What Happened to Monday,2017,123,"Action,Crime,Fantasy",6.8,145289
tt15373868,movie,Kranti,2023,163,"Action,Drama",5.0,10767
tt15374070,movie,Studio 666,2022,106,"Comedy,Horror,Music",5.6,17074
tt1538403,movie,The Mortal Instruments: City of Bones,2013,130,"Action,Adventure,Fantasy",5.8,144024
tt15392282,movie,Merry Christmas,2024,144,"Drama,Mystery,Thriller",6.9,30636
tt15398776,movie,Oppenheimer,2023,180,"Biography,Drama,History",8.2,1058251
tt1540011,movie,Blair Witch,2016,89,"Horror,Mystery,Thriller",5.0,53732
tt1540128,movie,Playing for Keeps,2012,105,"Comedy,Romance,Sport",5.7,32363
tt1540133,movie,The Guard,2011,96,"Comedy,Crime,Thriller",7.3,101863
tt1540741,movie,A Single Shot,2013,116,"Crime,Drama,Thriller",5.7,12438
tt1541160,movie,Flypaper,2011,87,"Comedy,Crime,Mystery",6.3,35053
tt15416342,movie,The Bengal Files,2025,200,"Drama,History,Thriller",6.9,12239
tt1542344,movie,127 Hours,2010,94,"Biography,Drama",7.5,425682
tt1542768,movie,True Memoirs of an International Assassin,2016,98,"Action,Comedy,Crime",5.9,25987
tt15427980,movie,Vaathi,2023,139,"Action,Drama",7.3,12015
tt15428134,movie,Dunki,2023,160,"Action,Adventure,Comedy",6.5,86069
tt15428940,movie,Jules,2023,87,"Comedy,Drama,Sci-Fi",6.8,19440
tt15433956,movie,Hanu Man,2024,158,"Action,Adventure,Fantasy",7.7,30537
tt15434074,movie,Kho Gaye Hum Kahan,2023,135,"Comedy,Drama,Romance",7.3,31783
tt15440322,movie,Dasara,2023,156,"Action,Adventure,Drama",6.6,12427
tt15441054,movie,Gadar 2,2023,170,"Action,Adventure,Drama",5.1,25547
tt15445056,movie,Athena,2022,99,"Action,Drama,Thriller",6.8,25781
tt1544608,movie,Voice from the Stone,2017,94,"Drama,Mystery,Thriller",5.2,12746
tt1545106,movie,Vamps,2012,92,"Comedy,Horror,Romance",5.4,12755
tt1545304,movie,Desperados,2020,105,"Comedy,Romance",5.2,11671
tt1545660,movie,Knights of Badassdom,2013,86,"Action,Adventure,Comedy",5.6,22598
tt1545754,movie,Are You Here,2013,114,"Comedy,Drama",5.3,17406
tt1545759,movie,Point Blank,2010,84,"Action,Crime,Drama",6.8,15168
tt15463032,movie,Love in the Villa,2022,114,"Comedy,Romance",5.5,15383
tt15464188,movie,Ikkis,2026,144,"Action,Biography,Drama",6.1,26714
tt1547234,movie,Premium Rush,2012,91,"Action,Thriller",6.5,122679
tt15474916,movie,Smile,2022,115,"Horror,Mystery,Thriller",6.5,243364
tt15486810,movie,Teen Wolf: The Movie,2023,141,"Action,Comedy,Crime",5.6,17456
tt15495150,movie,The Witcher: Sirens of the Deep,2025,91,"Action,Adventure,Animation",6.1,11423
tt1549572,movie,Another Earth,2011,92,"Drama,Romance,Sci-Fi",6.9,104607
tt1549920,movie,The Last Stand,2013,107,"Action,Drama,Thriller",6.3,150699
tt15501640,movie,Drishyam 2,2022,140,"Crime,Drama,Mystery",8.2,52456
tt1550312,movie,Café de Flore,2011,120,"Drama,Romance",7.3,17405
tt15509244,movie,Happiness for Beginners,2023,103,"Comedy,Drama,Romance",6.1,22604
tt15514498,movie,Eenie Meanie,2025,106,"Action,Comedy,Drama",5.9,13330
tt15516226,movie,Chhatriwali,2023,116,"Comedy,Drama",6.6,11261
tt15516726,movie,Selfiee,2023,148,"Action,Comedy,Drama",5.7,14918
tt1552211,movie,The Last Days of American Crime,2020,148,"Action,Crime,Drama",3.8,13006
tt1552224,movie,Outcast,2014,99,"Action,Adventure,Thriller",4.6,14983
tt1554091,movie,A Better Life,2011,98,"Drama,Romance",7.2,17115
tt1555064,movie,Country Strong,2010,117,"Drama,Music",6.3,19651
tt1555093,movie,The Seasoning House,2012,90,"Drama,Horror,Thriller",6.1,12650
tt1555149,movie,Elite Squad 2: The Enemy Within,2010,115,"Crime,Drama,Thriller",8.0,92471
tt15552142,movie,Caddo Lake,2024,103,"Drama,Mystery,Sci-Fi",6.8,57443
tt15574124,movie,Peaky Blinders: The Immortal Man,2026,112,"Crime,Drama,History",6.5,83294
tt15574270,movie,I Saw the TV Glow,2024,100,"Drama,Horror,Mystery",5.8,46588
tt15576290,movie,Do Aur Do Pyaar,2024,140,"Comedy,Drama,Romance",6.4,12399
tt15576460,movie,Zara Hatke Zara Bachke,2023,132,"Comedy,Drama,Family",5.9,16966
tt1558250,movie,GasLand,2010,107,Documentary,7.6,10772
tt1558877,movie,Vavien,2009,100,"Comedy,Drama,Thriller",7.5,14813
tt1559547,movie,Beautiful Creatures,2013,124,"Drama,Fantasy,Romance",6.1,93573
tt1559549,movie,Restrepo,2010,93,"Biography,Documentary,History",7.4,24619
tt15600222,movie,An Action Hero,2022,130,"Action,Comedy,Crime",7.0,33724
tt1560139,movie,Boy,2010,87,"Comedy,Drama",7.5,31695
tt1560220,movie,Zombieland: Double Tap,2019,99,"Action,Comedy,Horror",6.6,227193
tt1560747,movie,The Master,2012,138,Drama,7.1,201990
tt1560985,movie,The Devil Inside,2012,83,Horror,4.2,38523
tt1562859,movie,Golmaal 3,2010,155,"Action,Comedy,Drama",5.7,11564
tt1562871,movie,Ra.One,2011,156,"Action,Sci-Fi,Thriller",5.0,52220
tt1562872,movie,Zindagi Na Milegi Dobara,2011,155,"Adventure,Comedy,Drama",8.2,96454
tt1563738,movie,One Day,2011,107,"Drama,Romance",7.0,180293
tt1563742,movie,Overboard,2018,112,"Comedy,Romance",6.0,45205
tt1564349,movie,Dolphin Tale,2011,113,"Drama,Family",6.8,26932
tt1564367,movie,Just Go with It,2011,117,"Comedy,Romance",6.4,291627
tt1564585,movie,Skyline,2010,92,"Action,Sci-Fi,Thriller",4.5,94439
tt1564777,movie,Fallen,2016,91,"Drama,Fantasy,Romance",5.2,18280
tt15654262,movie,Chup,2022,135,"Drama,Horror,Mystery",7.4,27668
tt15654328,movie,Leo,2023,164,"Action,Crime,Drama",7.2,74281
tt1565958,movie,Romantics Anonymous,2010,80,"Comedy,Romance",6.9,12567
tt1566648,movie,Waiting for Superman,2010,111,Documentary,7.4,11251
tt15671028,movie,No Hard Feelings,2023,103,"Comedy,Romance",6.3,218510
tt1567233,movie,Forks Over Knives,2011,90,Documentary,7.7,13004
tt1567437,movie,The Voices,2014,103,"Comedy,Crime,Horror",6.3,67036
tt1567448,movie,Yahsi Bati - The Ottoman Cowboys,2009,112,"Adventure,Comedy,History",7.4,41436
tt1567609,movie,Get the Gringo,2012,96,"Action,Drama,Thriller",6.9,114941
tt15679400,movie,Knock at the Cabin,2023,100,"Horror,Mystery,Thriller",6.1,142177
tt15680228,movie,Bheed,2023,124,"Drama,History",6.5,12824
tt1568338,movie,Man on a Ledge,2012,102,"Action,Crime,Thriller",6.6,162475
tt1568346,movie,The Girl with the Dragon Tattoo,2011,158,"Crime,Drama,Mystery",7.8,530059
tt1568911,movie,War Horse,2011,146,"Adventure,Drama,History",7.2,173797
tt1568921,movie,The Secret World of Arrietty,2010,94,"Adventure,Animation,Drama",7.6,117922
tt1570728,movie,"Crazy, Stupid, Love.",2011,118,"Comedy,Drama,Romance",7.4,622839
tt1570989,movie,Tiny Furniture,2010,98,"Comedy,Drama,Romance",6.2,15466
tt15710136,movie,Yashoda,2022,135,"Action,Crime,Sci-Fi",6.5,12481
tt1571222,movie,A Dangerous Method,2011,99,"Biography,Drama,Romance",6.4,112279
tt1571234,movie,Mortal Engines,2018,128,"Action,Adventure,Fantasy",6.1,153780
tt1571249,movie,The Skeleton Twins,2014,93,"Comedy,Drama,Romance",6.8,46979
tt1572311,movie,Tees Maar Khan,2010,135,"Comedy,Crime",3.0,17238
tt1572315,movie,Texas Chainsaw,2013,92,"Crime,Drama,Horror",4.8,60844
tt1572491,movie,The Last Circus,2010,107,"Comedy,Drama,Horror",6.5,15997
tt1573072,movie,Housefull,2010,144,"Comedy,Drama",5.7,18224
tt15732324,movie,OMG 2,2023,156,"Comedy,Drama",7.5,47694
tt15744298,movie,Freelance,2023,108,"Action,Adventure,Comedy",5.6,29623
tt15748830,movie,Jaane Jaan,2023,139,"Crime,Drama,Mystery",7.0,16911
tt1575694,movie,The Hit List,2011,90,"Action,Thriller",5.4,12267
tt15767808,movie,The Last Kingdom: Seven Kings Must Die,2023,117,"Action,Drama,History",6.9,44151
tt1577061,movie,Recep Ivedik 3,2010,95,Comedy,4.4,23352
tt15771916,movie,You Hurt My Feelings,2023,93,"Comedy,Drama,Romance",6.5,17653
tt15782690,movie,In the Land of Saints and Sinners,2023,106,"Action,Crime,Drama",6.4,31483
tt1578275,movie,The Dilemma,2011,111,"Comedy,Drama",5.3,59064
tt1578882,movie,Elephant White,2011,91,"Action,Crime,Thriller",5.0,11381
tt15789038,movie,Elemental,2023,101,"Adventure,Animation,Comedy",7.0,166223
tt15789472,movie,Nowhere,2023,109,"Drama,Thriller",6.3,49594
tt15791034,movie,Barbarian,2022,102,"Horror,Mystery,Thriller",7.0,264152
tt15799866,movie,Silent Night,2023,104,"Action,Crime,Drama",5.3,28358
tt15807910,movie,I Used to Be Famous,2022,104,"Comedy,Drama,Music",6.6,12677
tt1581835,movie,Daydream Nation,2010,98,"Drama,Romance",6.3,13446
tt1582248,movie,Puncture,2011,100,"Biography,Drama,Mystery",6.8,25669
tt1582507,movie,House at the End of the Street,2012,101,"Drama,Horror,Mystery",5.5,84757
tt1582519,movie,Khaleja,2010,170,"Action,Comedy,Fantasy",7.6,11090
tt1583420,movie,Larry Crowne,2011,98,"Comedy,Drama,Romance",6.1,77385
tt1583421,movie,G.I. Joe: Retaliation,2013,110,"Action,Adventure,Sci-Fi",5.7,193450
tt15838850,movie,The Roundup,2022,106,"Action,Crime,Thriller",7.0,15610
tt1584016,movie,Catfish,2010,87,"Documentary,Drama,Mystery",7.1,43854
tt1586265,movie,What to Expect When You're Expecting,2012,110,"Comedy,Drama,Romance",5.7,78335
tt1586752,movie,Machine Gun Preacher,2011,129,"Action,Biography,Crime",6.7,71351
tt1587310,movie,Maleficent,2014,97,"Adventure,Drama,Family",6.9,425601
tt1587707,movie,Exit Through the Gift Shop,2010,87,"Comedy,Crime,Documentary",7.9,70434
tt1588170,movie,I Saw the Devil,2010,144,"Action,Thriller",7.8,166740
tt1588173,movie,Warm Bodies,2013,98,"Action,Comedy,Horror",6.8,255898
tt1588334,movie,"Jeff, Who Lives at Home",2011,83,"Comedy,Drama",6.4,66610
tt1588337,movie,Of Gods and Men,2010,122,"Drama,History",7.2,16816
tt1588398,movie,Sleeping Beauty,2011,101,"Drama,Mystery,Romance",5.3,36599
tt1588878,movie,The Late Bloomer,2016,90,"Comedy,Drama,Romance",5.2,10993
tt1588895,movie,Uncle Boonmee Who Can Recall His Past Lives,2010,114,"Drama,Fantasy",6.7,19006
tt15893750,movie,Rye Lane,2023,82,"Comedy,Drama,Romance",7.2,16282
tt1590089,movie,Confessions,2010,106,"Drama,Thriller",7.7,45351
tt1590193,movie,The Commuter,2018,104,"Action,Mystery,Thriller",6.3,134270
tt1590950,movie,Age of Heroes,2011,94,"Action,Adventure,Drama",5.5,10432
tt1591095,movie,Insidious,2010,103,"Horror,Mystery,Thriller",6.8,368362
tt1591479,movie,Act of Valor,2012,110,"Action,Adventure,Thriller",6.4,74267
tt1592281,movie,Take This Waltz,2011,116,"Comedy,Drama",6.5,31426
tt1592303,movie,Ask Your Heart,2010,115,"Drama,Romance",7.9,10157
tt1592525,movie,Lockout,2012,95,"Action,Sci-Fi,Thriller",6.1,103604
tt1592873,movie,LOL,2012,97,"Comedy,Drama,Romance",4.4,60027
tt15939198,movie,Blitz,2024,120,"Action,Drama,History",6.2,18919
tt15940132,movie,War Machine,2026,106,"Action,Sci-Fi,Thriller",6.3,106600
tt15944428,movie,Ghoomer,2023,135,"Drama,Sport",7.5,12859
tt1594562,movie,The Innkeepers,2011,101,"Drama,Horror,Mystery",5.5,39649
tt1594918,movie,Oh Dear,2010,104,Comedy,7.0,23124
tt1594972,movie,Norm of the North,2016,90,"Adventure,Animation,Comedy",3.4,10694
tt1595656,movie,To the Wonder,2012,112,"Drama,Romance",5.8,30964
tt1596342,movie,Disenchanted,2022,119,"Adventure,Animation,Comedy",5.6,29916
tt1596343,movie,Fast Five,2011,130,"Action,Crime,Thriller",7.3,434680
tt1596345,movie,Pawn Sacrifice,2014,115,"Biography,Drama,History",7.0,54454
tt1596346,movie,Soul Surfer,2011,112,"Biography,Drama,Family",7.0,55891
tt1596350,movie,This Means War,2012,103,"Action,Comedy,Romance",6.3,201072
tt1596363,movie,The Big Short,2015,130,"Biography,Comedy,Drama",7.8,542269
tt1596365,movie,The Woman in Black,2012,95,"Drama,Fantasy,Horror",6.4,199821
tt1597522,movie,Astérix and Obélix: God Save Britannia,2012,110,"Adventure,Comedy,Family",5.3,18172
tt15979666,movie,The Archies,2023,141,"Comedy,Drama,Musical",4.2,53580
tt15980138,movie,Kishkindha Kaandam,2024,133,"Drama,Mystery,Thriller",8.0,17041
tt1598642,movie,Z for Zachariah,2015,98,"Drama,Romance,Sci-Fi",6.0,34731
tt1598778,movie,Contagion,2011,106,"Drama,Thriller",6.8,332066
tt1598822,movie,New Year's Eve,2011,118,"Comedy,Romance",5.6,92927
tt1598828,movie,One for the Money,2012,91,"Action,Comedy,Crime",5.3,45466
tt1598873,movie,Cleanskin,2012,108,"Action,Crime,Drama",6.2,21665
tt1599348,movie,Safe House,2012,115,"Action,Thriller",6.7,250091
tt1600195,movie,Abduction,2011,106,"Action,Drama,Mystery",5.1,86246
tt1600196,movie,The Drop,2014,106,"Crime,Drama,Mystery",7.0,170522
tt1600524,movie,Heartbeats,2010,101,"Comedy,Drama,Romance",7.0,31178
tt1601913,movie,The Grey,2011,117,"Action,Adventure,Drama",6.7,275051
tt1602098,movie,Albert Nobbs,2011,113,"Drama,Romance",6.7,26654
tt1602472,movie,Two Days in New York,2012,96,"Comedy,Drama,Romance",6.0,15336
tt1602613,movie,Only God Forgives,2013,90,"Action,Crime,Drama",5.7,123290
tt1602620,movie,Amour,2012,127,Drama,7.9,110854
tt1603257,movie,ATM,2012,90,"Horror,Mystery,Thriller",4.7,26834
tt1604171,movie,Prom,2011,104,"Comedy,Drama,Family",5.4,16091
tt1605630,movie,American Reunion,2012,113,Comedy,6.7,234395
tt1605717,movie,Frank,2014,95,"Comedy,Drama,Music",6.9,84729
tt1605783,movie,Midnight in Paris,2011,94,"Comedy,Fantasy,Romance",7.6,472227
tt1606180,movie,That's What I Am,2011,101,"Comedy,Drama,Romance",7.0,11293
tt1606378,movie,A Good Day to Die Hard,2013,98,"Action,Thriller",5.2,223596
tt1606384,movie,My Way,2011,137,"Action,Drama,War",7.6,13509
tt1606389,movie,The Vow,2012,104,"Drama,Romance",6.8,214455
tt1606392,movie,Win Win,2011,106,"Comedy,Drama,Sport",7.1,56339
tt16077702,movie,Govinda Naam Mera,2022,131,"Comedy,Crime,Drama",6.5,11178
tt1608290,movie,Zoolander 2,2016,101,"Action,Adventure,Comedy",4.7,81985
tt1609479,movie,Better Living Through Chemistry,2014,91,"Comedy,Drama",6.2,16101
tt1609486,movie,Harold and the Purple Crayon,2024,90,"Adventure,Animation,Comedy",5.7,10631
tt1610452,movie,Band Baaja Baaraat,2010,139,"Comedy,Drama,Romance",7.2,19789
tt1610996,movie,Absentia,2011,87,"Drama,Horror,Mystery",5.8,21863
tt1611224,movie,Abraham Lincoln: Vampire Hunter,2012,105,"Action,Fantasy,Horror",5.9,168695
tt1612774,movie,Rubber,2010,82,"Comedy,Fantasy,Horror",5.7,43064
tt1613750,movie,Kon-Tiki,2012,118,"Adventure,Biography,Drama",7.1,54633
tt1614989,movie,Headhunters,2011,100,"Action,Crime,Thriller",7.5,111823
tt1615065,movie,Savages,2012,131,"Crime,Drama,Thriller",6.4,138934
tt1615147,movie,Margin Call,2011,107,"Drama,Thriller",7.1,162963
tt1615160,movie,The Foreigner,2017,113,"Action,Crime,Thriller",7.0,132960
tt1615918,movie,Alvin and the Chipmunks: Chipwrecked,2011,87,"Adventure,Animation,Comedy",4.5,45076
tt1616195,movie,J. Edgar,2011,137,"Biography,Drama,Romance",6.5,138537
tt1617661,movie,Jupiter Ascending,2015,127,"Action,Adventure,Romance",5.3,201972
tt16183464,movie,One Piece Film: Red,2022,115,"Action,Adventure,Animation",6.7,26826
tt1618434,movie,Murder Mystery,2019,97,"Crime,Mystery,Romance",6.1,191206
tt1618442,movie,The Last Witch Hunter,2015,106,"Action,Adventure,Fantasy",5.9,116972
tt1619029,movie,Jackie,2016,100,"Biography,Drama",6.6,87237
tt1620680,movie,A Wrinkle in Time,2018,109,"Adventure,Drama,Family",4.3,50047
tt1620719,movie,Dabangg,2010,126,"Action,Comedy,Crime",6.3,37480
tt1620933,movie,Paan Singh Tomar,2012,135,"Action,Biography,Crime",8.2,40217
tt1620935,movie,Bleed for This,2016,117,"Biography,Drama,Sport",6.8,33652
tt1620981,movie,The Addams Family,2019,86,"Animation,Comedy,Family",5.9,49895
tt1621039,movie,Free Birds,2013,91,"Adventure,Animation,Comedy",5.8,28580
tt1621045,movie,Think Like a Man,2012,122,"Comedy,Romance",6.5,52944
tt1622547,movie,30 Minutes or Less,2011,83,"Action,Comedy,Crime",6.0,111412
tt16227014,movie,Fire of Love,2022,98,"Biography,Documentary",7.6,16762
tt16227342,movie,Mr. & Mrs. Mahi,2024,139,"Drama,Sport",5.9,16303
tt1622979,movie,Final Destination 5,2011,92,"Horror,Thriller",5.9,152170
tt1623205,movie,Oz the Great and Powerful,2013,130,"Adventure,Family,Fantasy",6.3,221709
tt1623288,movie,ParaNorman,2012,92,"Adventure,Animation,Comedy",7.0,117964
tt16233952,movie,Something from Tiffany's,2022,87,"Comedy,Family,Romance",6.2,13648
tt1625150,movie,North Sea Texas,2011,98,"Drama,Romance",7.1,11007
tt16252698,movie,Passages,2023,91,"Drama,Romance",6.6,14795
tt16253418,movie,No Way Up,2024,90,"Action,Adventure,Drama",4.6,12659
tt1625346,movie,Young Adult,2011,94,"Comedy,Drama",6.3,90235
tt1626146,movie,Hector and the Search for Happiness,2014,114,"Adventure,Comedy,Drama",6.9,52919
tt16277242,movie,Society of the Snow,2023,144,"Adventure,Biography,Drama",7.8,175303
tt16280138,movie,Magic Mike's Last Dance,2023,112,"Comedy,Drama",5.2,20105
tt1628841,movie,Independence Day: Resurgence,2016,120,"Action,Adventure,Sci-Fi",5.2,200299
tt1629374,movie,Ronal the Barbarian,2011,89,"Action,Adventure,Animation",6.5,14784
tt1629391,movie,Tere Bin Laden,2010,95,"Comedy,Drama",7.2,11148
tt1629705,movie,Blackthorn,2011,102,"Action,Adventure,Drama",6.5,11303
tt1629715,movie,Miss Lovely,2012,113,"Crime,Drama,Romance",7.3,19770
tt1629757,movie,Chasing Mavericks,2012,116,"Biography,Drama,Sport",7.1,36264
tt1630029,movie,Avatar: The Way of Water,2022,192,"Action,Adventure,Fantasy",7.5,636874
tt1630036,movie,Courageous,2011,129,Drama,6.9,22815
tt16300962,movie,When Evil Lurks,2023,99,Horror,6.9,62519
tt16304446,movie,Fair Play,2023,113,"Drama,Thriller",6.4,47058
tt16311594,movie,F1: The Movie,2025,155,"Drama,Sport",7.6,372142
tt1631707,movie,Enter Nowhere,2011,90,"Mystery,Sci-Fi,Thriller",6.4,15163
tt1631867,movie,Edge of Tomorrow,2014,113,"Action,Adventure,Sci-Fi",7.9,808313
tt1632547,movie,Cold Fish,2010,146,"Crime,Drama,Horror",7.1,16192
tt1632708,movie,Friends with Benefits,2011,109,"Comedy,Romance",6.5,421360
tt1633356,movie,Shark Night,2011,90,"Action,Horror,Thriller",4.1,28366
tt1633359,movie,The Toxic Avenger,2023,102,"Action,Comedy,Horror",5.9,18718
tt1634003,movie,Underdogs,2013,85,"Adventure,Animation,Comedy",6.4,11404
tt1634013,movie,Montevideo: Taste of a Dream,2010,140,"Adventure,Comedy,Drama",8.1,13754
tt1634106,movie,Bloodshot,2020,109,"Action,Adventure,Drama",5.7,91486
tt1634121,movie,Intruders,2011,100,"Fantasy,Horror,Thriller",5.4,21932
tt1634122,movie,Johnny English Reborn,2011,101,"Action,Adventure,Comedy",6.3,149791
tt1634136,movie,Violet & Daisy,2011,88,"Action,Comedy,Crime",6.0,13783
tt16366836,movie,Venom: The Last Dance,2024,110,"Action,Fantasy,Horror",6.0,158430
tt1636826,movie,Project X,2012,88,"Comedy,Thriller",6.7,259256
tt1637688,movie,In Time,2011,109,"Action,Sci-Fi,Thriller",6.7,485606
tt1637706,movie,Our Idiot Brother,2011,90,"Comedy,Drama",6.4,92637
tt1637725,movie,Ted,2012,106,Comedy,6.9,712953
tt1638002,movie,"Love, Rosie",2014,102,"Comedy,Romance",7.1,169298
tt1638355,movie,The Man from U.N.C.L.E.,2015,116,"Action,Adventure,Comedy",7.2,357853
tt1639084,movie,Tallulah,2016,111,"Comedy,Drama,Romance",6.7,22301
tt1639426,movie,Udaan,2010,134,Drama,8.1,50087
tt1640459,movie,Hobo with a Shotgun,2011,86,"Action,Adventure,Comedy",6.1,50699
tt1640484,movie,Jumping the Broom,2011,112,"Comedy,Drama",5.7,12153
tt1640548,movie,Rampart,2011,108,"Crime,Drama",5.8,26166
tt1640680,movie,Armadillo,2010,105,"Documentary,War",7.4,10465
tt1640711,movie,A Few Best Men,2011,97,"Comedy,Romance",5.7,13945
tt1641638,movie,The Legend Is Born: Ip Man,2010,100,"Action,Biography,Drama",7.0,33289
tt16419074,movie,Air,2023,111,"Drama,Sport",7.4,196305
tt16426418,movie,Challengers,2024,131,"Comedy,Drama,Romance",7.0,180691
tt16428256,movie,Suzume,2022,122,"Adventure,Animation,Drama",7.6,64192
tt16431404,movie,Apex,2026,95,"Action,Thriller",6.1,94991
tt16431870,movie,The Family Plan,2023,118,"Action,Comedy",6.3,65059
tt1643222,movie,Hell,2011,89,"Horror,Sci-Fi,Thriller",5.8,12756
tt16437278,movie,The Strays,2023,100,"Drama,Mystery,Thriller",4.9,13528
tt1645080,movie,The Art of Getting By,2011,83,"Comedy,Drama,Family",6.5,62337
tt1645089,movie,Inside Job,2010,109,"Crime,Documentary",8.2,82618
tt1645131,movie,Romeo & Juliet,2013,118,"Drama,Romance",5.8,13366
tt1645155,movie,Erased,2012,100,"Action,Thriller",6.0,34434
tt1645170,movie,The Dictator,2012,83,Comedy,6.5,369728
tt1646926,movie,Open Season 3,2010,75,"Adventure,Animation,Comedy",5.0,15084
tt1646959,movie,Bedevilled,2010,115,"Drama,Horror,Thriller",7.2,19601
tt1646971,movie,How to Train Your Dragon 2,2014,102,"Action,Adventure,Animation",7.8,403914
tt1646980,movie,The Double,2011,98,"Action,Adventure,Crime",5.9,32683
tt1646987,movie,Wrath of the Titans,2012,99,"Action,Adventure,Fantasy",5.7,203905
tt1647668,movie,Million Dollar Arm,2014,124,"Biography,Drama,Family",7.0,49491
tt1648112,movie,New Kids Turbo,2010,84,"Action,Comedy",6.4,19274
tt1648179,movie,Here Comes the Boom,2012,105,"Action,Comedy,Sport",6.4,99630
tt1648186,movie,Fisherman's Friends,2019,112,"Comedy,Drama,Music",7.0,13014
tt1648190,movie,The Dark Tower,2017,95,"Action,Adventure,Drama",5.6,156298
tt1648216,movie,Three Steps Above Heaven,2010,118,"Action,Drama,Romance",6.7,31322
tt16491324,movie,Honor Society,2022,98,"Comedy,Romance",6.5,12150
tt16492678,movie,Demon Slayer: Kimetsu no Yaiba - Tsuzumi Mansion Arc,2021,87,"Action,Animation,Fantasy",8.4,36406
tt1649418,movie,The Gray Man,2022,122,"Action,Mystery,Thriller",6.5,275042
tt1649419,movie,The Impossible,2012,114,"Drama,History,Thriller",7.5,264076
tt1649443,movie,[REC] 4: Apocalypse,2014,95,"Action,Adventure,Fantasy",5.3,22731
tt1649444,movie,[REC] 3: Genesis,2012,80,"Action,Adventure,Fantasy",5.0,41460
tt1650043,movie,Diary of a Wimpy Kid: Rodrick Rules,2011,99,"Comedy,Family",6.6,43455
tt1650048,movie,Laurence Anyways,2012,168,"Drama,Romance",7.6,23271
tt1650062,movie,Super 8,2011,112,"Action,Sci-Fi,Thriller",7.0,381693
tt1650536,movie,Turkish for Beginners,2012,105,"Adventure,Comedy",5.8,10388
tt1650554,movie,Kick-Ass 2,2013,103,"Action,Comedy,Crime",6.5,300775
tt1653665,movie,Goodbye Christopher Robin,2017,107,"Biography,Drama,Family",7.1,31788
tt1653690,movie,Ong Bak 3,2010,99,Action,4.9,15565
tt16539454,movie,Pushpa: The Rule - Part 2,2024,201,"Action,Crime,Drama",6.0,67467
tt1654523,movie,Night Train to Lisbon,2013,111,"Mystery,Romance,Thriller",6.8,21949
tt1655389,movie,Blonde,2022,167,"Biography,Drama,History",5.4,78808
tt1655420,movie,My Week with Marilyn,2011,99,"Biography,Drama",6.9,91610
tt1655441,movie,The Age of Adaline,2015,112,"Drama,Fantasy,Romance",7.2,229979
tt1655442,movie,The Artist,2011,100,"Comedy,Drama,Romance",7.8,255780
tt1655460,movie,Wanderlust,2012,98,"Comedy,Romance",5.6,83047
tt1656171,movie,Dam999,2011,108,"Adventure,Drama,Sci-Fi",3.6,20807
tt1656186,movie,Stolen,2012,96,"Action,Crime,Thriller",5.5,47781
tt1656190,movie,Safe,2012,94,"Action,Crime,Thriller",6.5,124983
tt1656192,movie,Special Forces,2011,109,"Action,Drama,War",6.3,20172
tt1657299,movie,The Decoy Bride,2011,89,"Comedy,Drama,Romance",6.1,13268
tt1657507,movie,Colombiana,2011,108,"Action,Crime,Drama",6.4,114949
tt1658801,movie,Freeheld,2015,103,"Biography,Drama,Romance",6.6,13786
tt1658837,movie,The Tall Man,2012,106,"Crime,Drama,Horror",5.9,45004
tt1659337,movie,The Perks of Being a Wallflower,2012,103,Drama,7.9,599834
tt1659338,movie,The Numbers Station,2013,89,"Action,Thriller",5.6,21506
tt1659343,movie,Universal Soldier: Day of Reckoning,2012,114,"Action,Horror,Mystery",5.1,22389
tt1660648,movie,Ricky Stanicky,2024,113,Comedy,6.2,62639
tt16606592,movie,The Animal Kingdom,2023,128,"Adventure,Drama,Fantasy",6.7,12129
tt1661199,movie,Cinderella,2015,105,"Adventure,Drama,Family",6.9,205730
tt1661275,movie,Their Finest,2016,117,"Comedy,Drama,Romance",6.8,22315
tt1661382,movie,Grudge Match,2013,113,"Comedy,Drama,Sport",6.4,65170
tt1661420,movie,Polisse,2011,127,"Crime,Drama",7.3,16368
tt1661820,movie,Cut Bank,2014,93,"Crime,Drama,Mystery",6.1,14741
tt1662557,movie,No Mercy,2010,123,"Action,Crime,Thriller",7.4,10949
tt1663143,movie,Fun Size,2012,86,"Adventure,Comedy,Crime",5.4,15878
tt1663202,movie,The Revenant,2015,156,"Action,Drama,Western",8.0,953574
tt1663207,movie,Life of Crime,2013,98,"Comedy,Crime",5.8,21156
tt1663321,movie,Chicken with Plums,2011,93,"Comedy,Drama",7.0,10407
tt1663662,movie,Pacific Rim,2013,131,"Action,Adventure,Sci-Fi",6.9,560615
tt1664894,movie,Cave of Forgotten Dreams,2010,90,"Documentary,History",7.4,18900
tt1666185,movie,All Eyez on Me,2017,139,"Biography,Drama,Music",5.9,26380
tt1666186,movie,Vampires Suck,2010,82,"Comedy,Horror",3.5,54961
tt1666801,movie,The DUFF,2015,101,"Comedy,Romance",6.4,107382
tt1667307,movie,Damsels in Distress,2011,99,"Comedy,Drama,Romance",5.8,10233
tt1667310,movie,Deadfall,2012,95,"Action,Adventure,Crime",6.2,42462
tt1667321,movie,On Chesil Beach,2017,110,"Drama,Music,Romance",6.3,13506
tt1667353,movie,Mirror Mirror,2012,106,"Adventure,Comedy,Drama",5.6,95249
tt1667355,movie,3096 Tage,2013,111,"Biography,Crime,Drama",6.5,18766
tt1667889,movie,Ice Age: Continental Drift,2012,88,"Adventure,Animation,Comedy",6.5,244460
tt1668191,movie,Hunting Season,2010,140,"Crime,Drama,Mystery",7.4,39591
tt1668200,movie,Sarah's Key,2010,111,"Drama,War",7.5,18721
tt1670345,movie,Now You See Me,2013,115,"Crime,Mystery,Thriller",7.2,773624
tt1673434,movie,The Twilight Saga: Breaking Dawn - Part 2,2012,115,"Adventure,Drama,Fantasy",5.6,283427
tt1673697,movie,The Sapphires,2012,103,"Biography,Comedy,Drama",7.1,15971
tt1673702,movie,A Cat in Paris,2010,70,"Adventure,Animation,Comedy",6.9,12553
tt16747572,movie,The Silence of Swastika,2021,56,"Documentary,History",8.8,10681
tt1674771,movie,Entourage,2015,104,"Comedy,Drama",6.5,86044
tt1674773,movie,Hannah Arendt,2012,113,"Biography,Drama",7.1,12577
tt1674782,movie,Karate Kid: Legends,2025,94,"Action,Drama,Family",6.3,48937
tt1674784,movie,Trespass,2011,91,"Crime,Drama,Mystery",5.3,47727
tt1675192,movie,Take Shelter,2011,120,"Drama,Thriller",7.3,115967
tt1675434,movie,The Intouchables,2011,112,"Comedy,Drama",8.5,1032057
tt1677720,movie,Ready Player One,2018,140,"Action,Adventure,Sci-Fi",7.4,545431
tt1679335,movie,Trolls,2016,92,"Adventure,Animation,Comedy",6.4,101274
tt1680045,movie,360,2011,110,"Crime,Drama,Mystery",6.1,17966
tt1680114,movie,Snowtown,2011,119,"Biography,Crime,Drama",6.5,22660
tt1680136,movie,Klown,2010,93,Comedy,7.1,12371
tt1682180,movie,Stoker,2013,99,"Drama,Mystery,Thriller",6.7,120823
tt1682181,movie,Bully,2011,98,"Documentary,Drama",7.3,10702
tt1683526,movie,Detachment,2011,98,Drama,7.7,112724
tt1684233,movie,Welcome to the Punch,2013,99,"Action,Crime,Thriller",6.1,35682
tt1684562,movie,The Fall Guy,2024,126,"Action,Comedy,Drama",6.8,267943
tt1686039,movie,Act of Vengeance,2010,112,"Action,Drama",5.7,16048
tt1686313,movie,Simple Simon,2010,85,"Comedy,Drama,Romance",7.0,10899
tt1686821,movie,Vampire Academy,2014,104,"Action,Comedy,Drama",5.4,58710
tt1687247,movie,Life in a Day,2011,95,"Documentary,Drama",7.6,15789
tt1687281,movie,Terri,2011,105,"Comedy,Drama",6.5,10709
tt1687901,movie,The Awakening,2011,102,"Drama,Horror,Mystery",6.5,72222
tt16900880,movie,Kill Boksoon,2023,137,"Action,Thriller",6.6,16572
tt1690953,movie,Despicable Me 2,2013,98,"Adventure,Animation,Comedy",7.3,461753
tt1691916,movie,Before I Fall,2017,98,"Drama,Fantasy,Mystery",6.4,60908
tt1691917,movie,Planes,2013,92,"Adventure,Animation,Comedy",5.7,52977
tt1692190,movie,Hell,2010,149,"Comedy,Crime,Drama",7.6,13961
tt1692486,movie,Carnage,2011,80,"Comedy,Drama",7.1,138666
tt1694020,movie,The Guilt Trip,2012,95,"Comedy,Drama",5.8,41716
tt1694021,movie,Into the Grizzly Maze,2015,94,"Action,Adventure,Horror",5.3,11596
tt1694542,movie,Tanu Weds Manu,2011,113,"Comedy,Drama,Romance",6.8,18056
tt16953666,movie,The Night of the 12th,2022,115,"Crime,Drama,Mystery",7.0,13378
tt1695843,movie,Haunted Mansion,2023,123,"Comedy,Drama,Family",6.0,50409
tt1698641,movie,"Alexander and the Terrible, Horrible, No Good, Very Bad Day",2014,81,"Comedy,Drama,Family",6.2,49087
tt1698648,movie,Girl Most Likely,2012,103,Comedy,5.7,16503
tt1699231,movie,Quarantine 2: Terminal,2011,86,"Horror,Sci-Fi,Thriller",5.2,22330
tt1700258,movie,Kokowääh,2011,126,Comedy,6.2,10861
tt17007120,movie,The Beanie Bubble,2023,110,"Comedy,Drama",6.3,10728
tt1700841,movie,Sausage Party,2016,89,"Adventure,Animation,Comedy",6.1,227806
tt1700844,movie,The Deep Blue Sea,2011,98,"Drama,Romance",6.2,17506
tt1700845,movie,The Invisible Woman,2013,111,"Biography,Drama,History",6.1,10978
tt17009348,movie,DogMan,2023,115,"Action,Crime,Drama",6.8,23020
tt17009710,movie,Anatomy of a Fall,2023,151,"Crime,Drama,Mystery",7.6,232599
tt1701210,movie,Day of the Falcon,2011,130,"Action,Drama,History",6.6,13214
tt1701990,movie,Detention,2011,93,"Comedy,Horror,Mystery",5.6,17425
tt1702014,movie,The Way He Looks,2014,96,"Drama,Romance",7.9,29723
tt17023012,movie,The Home,2025,95,"Horror,Mystery,Thriller",5.5,10352
tt1702425,movie,Casa de mi Padre,2012,84,"Comedy,Western",5.5,22144
tt1702439,movie,Safe Haven,2013,115,"Drama,Romance,Thriller",6.7,121699
tt1702443,movie,Justin Bieber: Never Say Never,2011,105,"Documentary,Music",1.7,76054
tt17024450,movie,The Equalizer 3,2023,109,"Action,Crime,Thriller",6.8,163035
tt1703148,movie,The Hunter,2011,100,"Adventure,Drama,Thriller",6.7,42777
tt1703199,movie,Grave Encounters,2011,92,"Fantasy,Horror,Mystery",6.1,71556
tt1703957,movie,Genius,2016,104,"Biography,Drama",6.5,22810
tt17041964,movie,Navalny,2022,99,"Biography,Documentary",7.8,67902
tt1704573,movie,Bernie,2011,104,"Biography,Comedy,Crime",6.8,67403
tt1705772,movie,Mankatha,2011,155,"Action,Crime,Thriller",7.7,17749
tt1705786,movie,Chinese Take-Away,2011,93,"Comedy,Drama",7.3,20818
tt1705952,movie,Tarzan,2013,94,"Adventure,Animation,Drama",4.8,13385
tt1706593,movie,Chronicle,2012,84,"Crime,Mystery,Sci-Fi",7.0,278599
tt1706598,movie,Every Secret Thing,2014,93,"Crime,Drama,Mystery",6.1,10310
tt1706620,movie,Snowpiercer,2013,126,"Action,Drama,Sci-Fi",7.1,422420
tt1707386,movie,Les Misérables,2012,158,"Drama,Musical,Romance",7.5,363104
tt1707392,movie,Lovely Molly,2011,99,"Drama,Horror",5.3,10572
tt17076046,movie,Weird: The Al Yankovic Story,2022,108,"Action,Biography,Comedy",6.8,49375
tt1708135,movie,13 Minutes,2015,114,"Biography,Drama,War",7.0,10640
tt1708532,movie,Ready,2011,145,"Action,Comedy,Romance",5.0,22324
tt1709143,movie,The Last Days on Mars,2013,98,"Adventure,Horror,Sci-Fi",5.5,40809
tt1711425,movie,21 & Over,2013,93,Comedy,5.8,80038
tt1711525,movie,Office Christmas Party,2016,105,Comedy,5.9,94512
tt1712159,movie,11-11-11,2011,90,"Horror,Mystery,Thriller",3.9,12784
tt1712170,movie,Alex Cross,2012,101,"Action,Crime,Mystery",5.2,36837
tt1712192,movie,Message from the King,2016,102,"Action,Crime,Drama",6.4,19358
tt1712261,movie,Triple 9,2016,115,"Action,Crime,Drama",6.3,81888
tt1713476,movie,The Bay,2012,85,"Horror,Sci-Fi,Thriller",5.7,33174
tt1714203,movie,Piranha 3DD,2012,83,"Comedy,Horror,Sci-Fi",3.8,48097
tt1714206,movie,The Spectacular Now,2013,95,"Drama,Romance",7.0,168900
tt1714208,movie,The Woman,2011,103,"Drama,Horror,Thriller",6.0,27752
tt1714209,movie,In the Land of Blood and Honey,2011,127,"Drama,Romance,War",4.7,34973
tt1714210,movie,Weekend,2011,97,"Drama,Romance",7.6,34731
tt1714915,movie,Only Lovers Left Alive,2013,123,"Comedy,Drama,Fantasy",7.2,116029
tt1714918,movie,Neighborhood Watch,2025,92,"Crime,Thriller",6.2,11062
tt1715336,movie,Anna,2013,99,"Drama,Mystery,Sci-Fi",6.4,26762
tt1715873,movie,10 Years,2011,100,"Comedy,Drama,Romance",6.1,28671
tt17163970,movie,Wallace & Gromit: Vengeance Most Fowl,2024,82,"Adventure,Animation,Comedy",7.5,41984
tt1716747,movie,Hellraiser: Revelations,2011,75,Horror,2.7,11169
tt1716772,movie,The Inbetweeners,2011,97,Comedy,6.7,91223
tt1716777,movie,People Like Us,2012,114,"Comedy,Drama",7.0,45113
tt1718199,movie,Dragon,2011,98,"Action,Crime,Drama",7.0,16495
tt1718924,movie,A Family Man,2016,108,Drama,6.5,14793
tt1720616,movie,Friends with Kids,2011,107,"Comedy,Drama,Romance",6.1,44125
tt17220704,movie,A Christmas Story Christmas,2022,98,"Comedy,Family",6.7,21700
tt1723121,movie,We're the Millers,2013,110,"Comedy,Crime",7.0,526616
tt1723808,movie,Reagan,2024,141,"Biography,Drama,History",6.2,13177
tt1723811,movie,Shame,2011,101,Drama,7.2,217927
tt1724970,movie,Beyond Skyline,2017,106,"Action,Adventure,Horror",5.3,25079
tt1725795,movie,7 Aum Arivu,2011,168,"Action,Sci-Fi,Thriller",6.7,14803
tt1725986,movie,Some Kind of Beautiful,2014,99,"Comedy,Romance",5.7,16995
tt1726592,movie,Before I Go to Sleep,2014,92,"Drama,Mystery,Thriller",6.3,90478
tt1726669,movie,Killer Joe,2011,102,"Crime,Drama,Thriller",6.7,88766
tt1727388,movie,The Way Way Back,2013,103,"Comedy,Drama",7.4,164353
tt17277414,movie,Jeanne du Barry,2023,117,"Biography,Drama,History",6.7,16681
tt1727770,movie,Absolutely Anything,2015,85,"Comedy,Sci-Fi",6.0,54886
tt1727776,movie,Scouts Guide to the Zombie Apocalypse,2015,93,"Action,Comedy,Horror",6.3,61281
tt1727824,movie,Bohemian Rhapsody,2018,134,"Biography,Drama,Music",7.9,649725
tt17279496,movie,Civil War,2024,109,"Action,Thriller,War",7.0,270693
tt1728196,movie,Hara-Kiri: Death of a Samurai,2011,128,Drama,7.3,10174
tt1728986,movie,Bol Bachchan,2012,155,"Action,Comedy",5.7,11070
tt1729637,movie,Bodyguard,2011,130,"Action,Comedy,Drama",4.8,30824
tt1730768,movie,The Zookeeper's Wife,2017,127,"Biography,Drama,History",7.0,49337
tt1731141,movie,Ender's Game,2013,114,"Action,Adventure,Sci-Fi",6.6,265537
tt1731697,movie,The Lords of Salem,2012,101,"Horror,Thriller",5.2,34364
tt1731701,movie,Barely Lethal,2015,96,"Action,Comedy",5.4,24584
tt1734110,movie,No One Killed Jessica,2011,136,"Biography,Crime,Drama",7.2,13226
tt1734433,movie,Eden,2012,98,"Crime,Drama,Thriller",6.6,10001
tt1734493,movie,Unlocked,2017,98,"Action,Adventure,Drama",6.3,41224
tt17351924,movie,Saltburn,2023,130,"Drama,Thriller",7.0,268181
tt1735485,movie,The Tunnel,2011,94,"Horror,Mystery,Thriller",5.8,25894
tt1735898,movie,Snow White and the Huntsman,2012,127,"Action,Adventure,Drama",6.1,315585
tt1736633,movie,"Oslo, August 31st",2011,95,Drama,7.6,34324
tt1740047,movie,The Trip,2010,112,"Comedy,Drama",7.0,24232
tt1740707,movie,Troll Hunter,2010,103,"Drama,Fantasy,Thriller",6.9,83544
tt1740710,movie,Mere Brother Ki Dulhan,2011,139,"Comedy,Drama,Family",5.9,11226
tt1741243,movie,Pawn Shop Chronicles,2013,112,"Action,Comedy,Crime",5.9,12758
tt1741273,movie,Secret in Their Eyes,2015,111,"Crime,Drama,Mystery",6.3,55102
tt1742044,movie,Jersey Boys,2014,134,"Biography,Drama,Music",6.8,38524
tt1742334,movie,Sabotage,2014,109,"Action,Crime,Drama",5.7,69188
tt1742336,movie,Your Sister's Sister,2011,90,"Comedy,Drama,Romance",6.7,29186
tt1742650,movie,I Don't Know How She Does It,2011,89,"Comedy,Family,Romance",5.0,21811
tt1743720,movie,The Greatest Movie Ever Sold,2011,90,"Comedy,Documentary",6.6,15392
tt1745787,movie,The Tribe,2014,126,"Crime,Drama",6.9,12729
tt1745960,movie,Top Gun: Maverick,2022,130,"Action,Drama",8.2,888142
tt1747958,movie,Blood Ties,2013,127,"Action,Crime,Drama",6.5,22275
tt1748122,movie,Moonrise Kingdom,2012,94,"Adventure,Comedy,Drama",7.7,383745
tt1748179,movie,Red Lights,2012,114,"Drama,Fantasy,Mystery",6.2,71274
tt1748197,movie,Set Up,2011,85,"Action,Crime,Drama",4.4,22279
tt1748207,movie,Sound of My Voice,2011,85,"Drama,Mystery,Sci-Fi",6.5,23899
tt1748227,movie,The Collection,2012,82,"Horror,Thriller",6.1,57941
tt17489650,movie,Ash,2025,95,"Action,Adventure,Horror",4.6,17199
tt17490712,movie,Mortal Kombat II,2026,116,"Action,Adventure,Fantasy",6.4,58164
tt17505010,movie,Horizon: An American Saga - Chapter 1,2024,181,"Drama,Western",6.6,45623
tt17526714,movie,The Substance,2024,141,"Drama,Horror,Sci-Fi",7.2,447850
tt17527468,movie,Bottoms,2023,91,Comedy,6.7,58562
tt1753383,movie,A Dog's Purpose,2017,100,"Adventure,Comedy,Drama",7.3,86914
tt1753496,movie,Resident Evil: Damnation,2012,100,"Action,Animation,Horror",6.4,24260
tt1754656,movie,The Little Prince,2015,108,"Adventure,Animation,Comedy",7.6,71735
tt1754700,movie,The Prototype,2022,97,"Action,Sci-Fi,Thriller",2.3,47352
tt1756476,movie,Dookudu,2011,170,"Action,Comedy,Drama",7.4,14949
tt1756750,movie,Starbuck,2011,109,"Comedy,Drama,Romance",7.2,17528
tt1756799,movie,The Day,2011,87,"Action,Drama,Horror",5.2,13823
tt1756851,movie,Twixt,2011,80,"Comedy,Fantasy,Horror",4.8,13497
tt1757678,movie,Avatar: Fire and Ash,2025,197,"Action,Adventure,Drama",7.2,183884
tt1757742,movie,Apartment 143,2011,80,"Horror,Thriller",5.0,12368
tt1757746,movie,Extracted,2012,89,"Drama,Sci-Fi",6.4,12829
tt1758595,movie,Diana,2013,113,"Biography,Drama,Romance",5.6,21499
tt1758692,movie,Like Crazy,2011,86,"Drama,Romance",6.6,64701
tt1758795,movie,The To-Do List,2013,104,"Comedy,Romance",5.8,44300
tt1758810,movie,The Snowman,2017,119,"Crime,Drama,Horror",5.2,77460
tt1758830,movie,This Is 40,2012,134,"Comedy,Drama,Romance",6.2,160183
tt17592606,movie,Daman,2022,121,"Adventure,Drama",8.5,14269
tt1760967,movie,Ill Manors,2012,121,"Crime,Drama,Music",7.1,11625
tt1762399,movie,Walking with Dinosaurs 3D,2013,87,"Adventure,Animation,Comedy",5.2,12524
tt1763264,movie,No One Lives,2012,86,"Action,Adventure,Crime",6.0,27116
tt1763303,movie,The First Time,2012,95,"Comedy,Drama,Romance",6.8,75805
tt1764183,movie,Arbitrage,2012,107,"Drama,Thriller",6.6,57941
tt1764234,movie,Killing Them Softly,2012,97,"Crime,Drama,Thriller",6.2,160832
tt1764651,movie,The Expendables 2,2012,103,"Action,Adventure,Thriller",6.6,335039
tt1766094,movie,So Undercover,2012,94,"Action,Adventure,Comedy",5.0,22233
tt17663992,movie,Scream VI,2023,122,"Horror,Mystery,Thriller",6.4,153589
tt1767354,movie,Odd Thomas,2013,97,"Comedy,Fantasy,Horror",6.8,62463
tt1767372,movie,She's Funny That Way,2014,93,"Comedy,Drama",6.2,30818
tt1767382,movie,Silent House,2011,86,"Horror,Thriller",5.2,25821
tt1769363,movie,The Giant Mechanical Man,2012,94,"Comedy,Drama,Romance",6.7,11236
tt1770734,movie,Shadow Dancer,2012,101,"Drama,Mystery,Thriller",6.2,13388
tt1772240,movie,Apollo 18,2011,86,"Horror,Mystery,Sci-Fi",5.2,60385
tt1772250,movie,The Hidden Face,2011,97,"Drama,Mystery,Thriller",7.3,49677
tt1772264,movie,Stonehearst Asylum,2014,112,"Drama,Horror,Mystery",6.8,65109
tt1772288,movie,Danny Collins,2015,106,"Comedy,Drama,Music",7.0,35045
tt1772341,movie,Wreck-It Ralph,2012,101,"Adventure,Animation,Comedy",7.7,501115
tt1772424,movie,Where Do We Go Now?,2011,110,"Comedy,Drama",7.4,14140
tt1772925,movie,Jiro Dreams of Sushi,2011,81,Documentary,7.8,39888
tt1777034,movie,United,2011,94,"Drama,History,Sport",7.3,13959
tt1777606,movie,Rosaline,2022,95,"Comedy,Romance",6.5,11986
tt1778304,movie,Paranormal Activity 3,2011,83,"Horror,Mystery,Thriller",5.8,104862
tt1780762,movie,Aftershock,2012,89,"Action,Adventure,Drama",4.8,12944
tt1780798,movie,Clown,2014,100,"Fantasy,Horror,Thriller",5.7,29595
tt1780967,movie,Seberg,2019,102,"Biography,Drama,History",6.0,11266
tt1781058,movie,Wilson,2017,94,"Comedy,Drama",5.9,11466
tt1781069,movie,Zeitgeist: Moving Forward,2011,161,Documentary,8.1,18485
tt1781769,movie,Anna Karenina,2012,129,"Drama,Romance",6.6,112530
tt1781827,movie,Hands of Stone,2016,111,"Biography,Drama,Sport",6.6,18712
tt1781922,movie,No Escape,2015,103,"Action,Adventure,Drama",6.8,99018
tt1783232,movie,Conquest 1453,2012,162,"Action,Drama,History",6.4,59969
tt1783732,movie,John Dies at the End,2012,99,"Comedy,Fantasy,Horror",6.3,41913
tt1784499,movie,Valley of the Wolves: Palestine,2011,105,"Action,Drama,War",6.1,10354
tt1784575,movie,The Parade,2011,115,"Comedy,Drama,History",7.3,13783
tt1785635,movie,The Vault,2017,91,"Crime,Horror,Mystery",4.9,14400
tt1786751,movie,CBGB,2013,102,"Crime,Drama,Music",6.6,12029
tt1787988,movie,Talaash: The Answer Lies Within,2012,140,"Crime,Drama,Mystery",7.3,48809
tt1788391,movie,Kill List,2011,95,"Crime,Drama,Horror",6.3,50190
tt1790809,movie,Pirates of the Caribbean: Dead Men Tell No Tales,2017,129,"Action,Adventure,Fantasy",6.5,387285
tt1790864,movie,The Maze Runner,2014,113,"Action,Mystery,Sci-Fi",6.8,565951
tt1790885,movie,Zero Dark Thirty,2012,157,"Drama,History,Thriller",7.4,342356
tt1790886,movie,The Campaign,2012,85,Comedy,6.1,142457
tt1791528,movie,Inherent Vice,2014,148,"Comedy,Crime,Drama",6.6,120007
tt1791614,movie,Struck by Lightning,2012,90,"Comedy,Drama",6.2,15317
tt1791682,movie,While We're Young,2014,97,"Comedy,Drama,Mystery",6.3,56107
tt1795702,movie,Wild Bill,2011,98,"Comedy,Crime,Drama",7.2,15230
tt1797504,movie,I Want You,2012,120,"Drama,Romance",6.7,17769
tt1798188,movie,From Up on Poppy Hill,2011,91,"Animation,Comedy,Drama",7.4,59803
tt1798243,movie,Rudderless,2014,105,"Comedy,Drama,Music",7.4,20192
tt1798603,movie,Bad Santa 2,2016,92,"Comedy,Crime,Drama",5.6,31848
tt1798632,movie,Firestarter,2022,94,"Drama,Horror,Sci-Fi",4.6,25683
tt1798684,movie,Southpaw,2015,124,"Action,Drama,Sport",7.3,279894
tt1798709,movie,Her,2013,126,"Drama,Romance,Sci-Fi",8.0,729178
tt1800241,movie,American Hustle,2013,138,"Crime,Drama",7.2,520069
tt1800246,movie,That Awkward Moment,2014,94,"Comedy,Romance",6.1,110592
tt1800302,movie,Gold,2016,120,"Biography,Crime,Drama",6.7,74477
tt1800741,movie,Step Up: Revolution,2012,99,"Drama,Music,Romance",6.4,60109
tt1801051,movie,Eyyvah Eyvah 2,2011,106,Comedy,6.6,16480
tt1801552,movie,Gotti,2018,112,"Biography,Crime,Drama",4.8,18514
tt1802197,movie,The Lady,2011,132,"Biography,Drama,History",7.0,11676
tt1805297,movie,The Women on the 6th Floor,2010,102,Comedy,7.1,10991
tt1806913,movie,Golmaal Again,2017,140,"Action,Comedy,Fantasy",5.0,13526
tt18072316,movie,Bade Miyan Chote Miyan,2024,163,"Action,Adventure,Sci-Fi",3.7,40814
tt18073328,movie,Blood & Gold,2023,98,"Action,Drama,War",6.5,20332
tt18079362,movie,80 for Brady,2023,98,"Comedy,Drama,Sport",5.9,14056
tt1807950,movie,Love Likes Coincidences,2011,118,"Drama,Romance",7.2,20637
tt1808197,movie,Incir Reçeli,2011,94,"Drama,Romance",6.5,15584
tt1808223,movie,Losers' Club,2011,105,"Drama,Romance",7.4,27074
tt18083578,movie,57 Seconds,2023,99,"Adventure,Sci-Fi,Thriller",5.4,14111
tt1808454,movie,Suicide Room,2011,116,"Crime,Drama,Thriller",6.6,12604
tt1809398,movie,Unbroken,2014,137,"Biography,Drama,Sport",7.2,199435
tt1810683,movie,Little Boy,2015,106,"Drama,History,War",7.3,25022
tt1810697,movie,Meeting Evil,2012,89,"Crime,Drama,Mystery",5.3,13010
tt1813757,movie,Who Killed Captain Alex?,2010,64,"Action,Comedy,Crime",7.8,11946
tt1814621,movie,Admission,2013,107,"Comedy,Drama,Romance",5.7,37193
tt1815708,movie,Freelancers,2012,96,"Action,Crime,Drama",4.7,11215
tt1815862,movie,After Earth,2013,100,"Action,Adventure,Drama",4.8,217071
tt1816518,movie,Ernest & Celestine,2012,80,"Adventure,Animation,Comedy",7.8,24454
tt1817081,movie,A Case of You,2013,89,"Comedy,Romance",5.6,12612
tt1817273,movie,The Place Beyond the Pines,2012,140,"Crime,Drama,Thriller",7.3,310749
tt1817771,movie,Freaks of Nature,2015,92,"Comedy,Horror,Sci-Fi",5.9,14659
tt1821480,movie,Kahaani,2012,122,"Mystery,Thriller",8.1,70160
tt1821549,movie,Nebraska,2013,115,Drama,7.7,128975
tt1821593,movie,Bullhead,2011,129,"Crime,Drama",7.3,25168
tt1821641,movie,The Congress,2013,122,"Animation,Drama,Sci-Fi",6.4,20857
tt1821658,movie,The Nut Job,2014,85,"Adventure,Animation,Comedy",5.7,32563
tt1821694,movie,RED 2,2013,116,"Action,Comedy,Crime",6.6,189179
tt1821700,movie,To Strike,2013,130,"Action,Crime,Drama",7.4,30020
tt1823664,movie,Annie,2014,118,"Comedy,Drama,Family",5.4,43668
tt1823672,movie,Chappie,2015,120,"Action,Crime,Drama",6.8,284699
tt1825157,movie,The Double,2013,93,"Comedy,Drama,Mystery",6.4,55702
tt1825683,movie,Black Panther,2018,134,"Action,Adventure,Sci-Fi",7.3,913802
tt18257464,movie,Polite Society,2023,104,"Action,Comedy",6.6,13087
tt18259086,movie,Sonic the Hedgehog 3,2024,110,"Action,Adventure,Comedy",6.9,82202
tt1826590,movie,About Last Night,2014,100,"Comedy,Romance",6.0,25998
tt18272208,movie,Here,2024,104,Drama,6.3,28477
tt1827487,movie,Once Upon a Time in Anatolia,2011,157,"Crime,Drama,Thriller",7.8,54007
tt1827512,movie,The Kid with a Bike,2011,87,Drama,7.4,29565
tt1828995,movie,Delicacy,2011,108,"Comedy,Drama,Romance",6.6,14399
tt1829012,movie,Passion,2012,102,"Drama,Mystery,Thriller",5.3,25435
tt18312380,movie,Primitive War,2025,133,"Action,Adventure,Horror",5.3,10343
tt1832382,movie,A Separation,2011,123,Drama,8.3,278653
tt1833116,movie,The Informer,2019,113,"Action,Crime,Drama",6.6,46381
tt1833673,movie,Dhoom 3,2013,172,"Action,Crime,Thriller",5.4,53683
tt1833844,movie,Berberian Sound Studio,2012,92,"Drama,Horror,Thriller",6.2,18550
tt18363072,movie,The Royal Hotel,2023,91,Drama,5.7,16918
tt1836808,movie,Great Expectations,2012,128,"Drama,Romance",6.3,14320
tt1836944,movie,The Baytown Outlaws,2012,98,"Action,Comedy,Crime",6.3,17019
tt1837562,movie,A Royal Night Out,2015,97,"Comedy,Drama,Romance",6.5,11640
tt18376122,movie,Pamela: A Love Story,2023,112,"Biography,Documentary",7.2,14360
tt1837636,movie,Queen of the Desert,2015,128,"Adventure,Biography,Drama",5.7,13600
tt1837703,movie,The Fifth Estate,2013,128,"Biography,Crime,Drama",6.2,44149
tt1837709,movie,Winter's Tale,2014,118,"Drama,Fantasy,Mystery",6.1,59206
tt18382850,movie,If I Had Legs I'd Kick You,2025,113,"Drama,Thriller",6.6,38272
tt1838520,movie,The Truth About Emanuel,2013,96,"Drama,Mystery,Thriller",6.0,10164
tt1838544,movie,Gone,2012,94,"Action,Adventure,Mystery",5.9,48373
tt1838556,movie,Honest Thief,2020,99,"Action,Crime,Drama",6.0,63839
tt1838571,movie,Juan of the Dead,2011,92,"Action,Comedy,Horror",6.4,11537
tt1838603,movie,Last Love,2013,111,"Comedy,Drama,Romance",6.7,14092
tt1838722,movie,Truth or Dare,2012,96,"Horror,Mystery",5.6,11470
tt18392014,movie,Play Dirty,2025,125,"Action,Crime,Drama",5.9,28264
tt18394190,movie,Old Dads,2023,104,Comedy,6.2,47589
tt1839492,movie,Ruby Sparks,2012,104,"Comedy,Drama,Fantasy",7.2,109422
tt1839494,movie,Children Who Chase Lost Voices,2011,116,"Adventure,Animation,Drama",7.1,18639
tt1839596,movie,Rockstar,2011,159,"Drama,Music,Romance",7.8,55620
tt1839654,movie,The Magic of Belle Isle,2012,109,"Comedy,Drama",7.0,22251
tt1840309,movie,Divergent,2014,139,"Action,Adventure,Drama",6.6,519937
tt1840417,movie,The Words,2012,102,"Drama,Mystery,Romance",7.0,84831
tt18411490,movie,Tiger 3,2023,155,"Action,Adventure,Thriller",5.6,56677
tt18412256,movie,Alien: Romulus,2024,119,"Horror,Sci-Fi,Thriller",7.1,290374
tt18413766,movie,Kathal: A Jackfruit Mystery,2023,115,"Comedy,Crime,Drama",6.7,10710
tt1841642,movie,Demonic,2015,83,"Horror,Mystery,Thriller",5.3,17963
tt1843287,movie,Like Someone in Love,2012,109,Drama,7.0,13843
tt1843303,movie,The VelociPastor,2018,75,"Action,Adventure,Comedy",5.1,11842
tt1843866,movie,Captain America: The Winter Soldier,2014,136,"Action,Adventure,Sci-Fi",7.7,976141
tt1846589,movie,Hunter Killer,2018,121,"Action,Thriller",6.6,81166
tt1847731,movie,Tomboy,2011,82,Drama,7.4,23381
tt1849718,movie,Agneepath,2012,174,"Action,Crime,Drama",6.9,28905
tt1850397,movie,The Loft,2014,108,"Mystery,Romance,Thriller",6.3,64245
tt1850457,movie,Sisters,2015,118,Comedy,6.0,73552
tt1853728,movie,Django Unchained,2012,165,"Drama,Western",8.5,1892563
tt1853739,movie,You're Next,2011,95,"Drama,Horror,Mystery",6.6,119772
tt1854236,movie,Love Is All You Need,2012,116,"Comedy,Drama,Romance",6.5,15471
tt1854513,movie,Snow White,2012,104,"Drama,Fantasy",7.5,12179
tt1854564,movie,Percy Jackson: Sea of Monsters,2013,106,"Adventure,Family,Fantasy",5.7,134751
tt18550140,movie,Holy Spider,2022,118,"Crime,Drama,Thriller",7.3,32187
tt1855199,movie,End of Watch,2012,109,"Action,Crime,Drama",7.6,293527
tt1855325,movie,Resident Evil: Retribution,2012,95,"Action,Horror,Sci-Fi",5.3,159438
tt1855401,movie,Tim and Eric's Billion Dollar Movie,2012,93,Comedy,5.4,11054
tt18559464,movie,My Old Ass,2024,89,"Comedy,Drama,Fantasy",6.9,47739
tt1856080,movie,The Boys in the Boat,2023,123,"Biography,Drama,History",7.0,30461
tt1856101,movie,Blade Runner 2049,2017,164,"Action,Drama,Mystery",8.0,758738
tt18568902,movie,Kaun Pravin Tambe?,2022,134,"Biography,Drama,Sport",8.3,11771
tt1859446,movie,Alps,2011,93,Drama,6.3,15850
tt1859522,movie,Kiss Me,2011,105,"Drama,Romance",6.8,12847
tt1859650,movie,To Rome with Love,2012,112,"Comedy,Music,Romance",6.3,93371
tt1860213,movie,Dirty Grandpa,2016,102,Comedy,5.9,142480
tt1860242,movie,The Highwaymen,2019,132,"Biography,Crime,Drama",6.9,114141
tt1860353,movie,Turbo,2013,96,"Adventure,Animation,Comedy",6.4,125975
tt1860357,movie,Deepwater Horizon,2016,107,"Action,Drama,History",7.1,200553
tt1862079,movie,Safety Not Guaranteed,2012,86,"Adventure,Comedy,Drama",6.9,135376
tt1865505,movie,Song of the Sea,2014,93,"Adventure,Animation,Drama",8.0,68496
tt1865569,movie,Çalgi Çengi,2011,90,Comedy,7.0,14359
tt1866249,movie,The Sessions,2012,95,"Biography,Comedy,Drama",7.2,45067
tt1867093,movie,The Samaritan,2012,90,"Crime,Drama,Thriller",5.6,10535
tt18687124,movie,BTS Permission to Dance on Stage - Seoul: Live Viewing,2022,195,"Documentary,Music",7.9,17604
tt1869347,movie,Crooked House,2017,115,"Crime,Drama,Mystery",6.3,30999
tt1869716,movie,The East,2013,116,"Adventure,Crime,Drama",6.8,54154
tt1870419,movie,Hatchet III,2013,81,"Action,Comedy,Horror",5.6,11735
tt1870425,movie,Mac & Devin Go to High School,2012,75,Comedy,4.4,10053
tt1872181,movie,The Amazing Spider-Man 2,2014,142,"Action,Adventure,Sci-Fi",6.6,594128
tt1872194,movie,The Judge,2014,141,"Crime,Drama,Mystery",7.4,219864
tt1872818,movie,Liberal Arts,2012,97,"Comedy,Drama,Romance",6.7,42151
tt1876277,movie,Into the White,2012,104,"Action,Drama,History",7.1,23508
tt1877830,movie,The Batman,2022,176,"Action,Crime,Drama",7.8,934556
tt1877832,movie,X-Men: Days of Future Past,2014,132,"Action,Adventure,Sci-Fi",7.9,790109
tt1878841,movie,The Darkness,2016,92,"Horror,Thriller",4.5,17987
tt1878870,movie,The Edge of Seventeen,2016,104,"Comedy,Drama,Romance",7.3,152075
tt1879016,movie,Operation Mincemeat,2021,128,"Drama,War",6.6,44215
tt1879032,movie,Rapture-Palooza,2013,85,"Comedy,Fantasy",5.2,13364
tt1880399,movie,Kodachrome,2017,105,Drama,6.9,21700
tt1881002,movie,Maggie,2015,95,"Drama,Horror,Sci-Fi",5.6,48950
tt18816518,movie,Sick of Myself,2022,97,"Comedy,Drama,Horror",7.1,23840
tt1883180,movie,A Pigeon Sat on a Branch Reflecting on Existence,2014,101,"Comedy,Drama,Fantasy",6.9,20572
tt1883367,movie,The Human Centipede III (Final Sequence),2015,102,"Comedy,Horror",2.7,23176
tt1885300,movie,Best Man Down,2012,89,"Comedy,Drama",6.4,10300
tt1886493,movie,Catch .44,2011,94,"Action,Thriller",4.6,18402
tt1891755,movie,Billa 2,2012,129,"Action,Crime,Thriller",6.2,11787
tt18924506,movie,2000 Mules,2022,89,Documentary,5.0,10669
tt18925334,movie,Pearl,2022,103,"Drama,Horror,Thriller",7.0,160813
tt18926098,movie,VidaaMuyarchi,2025,154,"Action,Crime,Drama",6.2,23877
tt1893256,movie,Redemption,2013,100,"Action,Crime,Drama",6.2,82117
tt1893273,movie,The Last Letter from Your Lover,2021,110,"Drama,Romance",6.7,25381
tt18939362,movie,Nikita Roy,2025,114,"Horror,Mystery",5.5,32984
tt1894476,movie,How I Live Now,2013,101,"Action,Adventure,Drama",6.4,33666
tt1895315,movie,Brimstone,2016,148,"Drama,Thriller,Western",7.0,49458
tt1895587,movie,Spotlight,2015,129,"Biography,Crime,Drama",8.1,537123
tt1896747,movie,Fly Me to the Moon,2024,132,"Comedy,Drama,Romance",6.6,59427
tt18968540,movie,Incantation,2022,110,"Horror,Mystery",6.3,30655
tt1899353,movie,The Raid: Redemption,2011,101,"Action,Crime,Thriller",7.6,231277
tt1901024,movie,Dark Crimes,2016,92,"Crime,Drama,Mystery",4.6,20023
tt1901040,movie,Wrong,2012,94,"Comedy,Mystery",6.2,11190
tt1904996,movie,Parker,2013,118,"Action,Crime,Thriller",6.2,136309
tt1905040,movie,Devil's Pass,2013,100,"Horror,Mystery,Thriller",5.7,30710
tt1905041,movie,Fast & Furious 6,2013,130,"Action,Adventure,Crime",7.0,441183
tt1907668,movie,Flight,2012,138,"Drama,Thriller",7.3,398574
tt1911553,movie,The Chef,2012,84,"Comedy,Drama",6.6,18921
tt1911644,movie,The Call,2013,94,"Crime,Drama,Horror",6.7,134981
tt1911658,movie,Penguins of Madagascar,2014,92,"Action,Adventure,Animation",6.7,116691
tt1911662,movie,Vehicle 19,2013,85,"Action,Crime,Drama",4.9,16480
tt1912398,movie,God Bless America,2011,105,"Comedy,Crime,Drama",7.1,74595
tt1913166,movie,Nurse,2013,84,"Horror,Thriller",4.5,12250
tt1915581,movie,Magic Mike,2012,110,"Comedy,Drama,Music",6.1,152969
tt19175696,movie,Sister Death,2023,91,"Horror,Mystery",5.8,11054
tt1918734,movie,2067,2020,114,"Mystery,Sci-Fi",4.9,13016
tt1918886,movie,Joker,2012,104,"Comedy,Family,Sci-Fi",2.7,10406
tt1920849,movie,Bachelorette,2012,87,"Comedy,Romance",5.3,50395
tt1921064,movie,Pompeii,2014,105,"Action,Adventure,Drama",5.5,122933
tt1921149,movie,Trash,2014,114,"Adventure,Crime,Drama",7.1,23745
tt1922685,movie,Phantom,2013,98,"Drama,History,Thriller",5.9,15700
tt1922777,movie,Sinister,2012,110,"Horror,Mystery,Thriller",6.8,318465
tt1924245,movie,Cry Macho,2021,104,Drama,5.7,36766
tt1924394,movie,The Angels' Share,2012,101,"Comedy,Crime,Drama",7.0,28306
tt1924396,movie,The Best Offer,2013,131,"Crime,Drama,Mystery",7.7,137700
tt1924429,movie,Trance,2013,101,"Crime,Drama,Mystery",6.9,121146
tt1924435,movie,Let's Be Cops,2014,104,"Action,Comedy,Crime",6.4,144674
tt1925421,movie,Elena,2011,109,"Crime,Drama,Thriller",7.3,16109
tt1925431,movie,Fire with Fire,2012,97,"Action,Crime,Mystery",5.6,28663
tt1925435,movie,Frankenstein's Army,2013,84,"Action,Adventure,Horror",5.4,10063
tt1926313,movie,Pyaar Ka Punchnama,2011,149,"Comedy,Drama,Romance",7.6,23674
tt1928330,movie,Bad Ass,2012,90,"Action,Comedy,Crime",5.5,20366
tt1928340,movie,After the Dark,2013,107,"Drama,Fantasy,Mystery",5.6,24704
tt1929263,movie,Heaven Is for Real,2014,99,"Biography,Drama,Family",5.9,30312
tt1929308,movie,Magic Magic,2013,97,"Drama,Thriller",5.0,10684
tt1930294,movie,Black Rock,2012,83,"Horror,Thriller",4.8,10305
tt1931435,movie,The Big Wedding,2013,89,"Comedy,Drama,Romance",5.6,53844
tt1931533,movie,Seven Psychopaths,2012,110,"Comedy,Crime,Drama",7.1,288851
tt1931602,movie,Very Good Girls,2013,91,"Drama,Romance",5.9,16880
tt1932718,movie,Thanks for Sharing,2012,112,"Comedy,Drama,Romance",6.4,30545
tt1932767,movie,What Maisie Knew,2012,99,Drama,7.4,29449
tt1934231,movie,Delhi Belly,2011,103,"Action,Comedy,Crime",7.6,35040
tt1935156,movie,Jodorowsky's Dune,2013,90,Documentary,8.0,29383
tt1935179,movie,Mud,2012,130,"Adventure,Drama",7.3,200264
tt1935194,movie,Overdrive,2017,93,"Action,Adventure,Crime",5.4,18126
tt1935302,movie,Monsters: Dark Continent,2014,119,"Action,Drama,Sci-Fi",4.3,11740
tt19356262,movie,Drive-Away Dolls,2024,84,"Action,Comedy,Thriller",5.4,28871
tt1935859,movie,Miss Peregrine's Home for Peculiar Children,2016,127,"Adventure,Drama,Family",6.7,209386
tt1935896,movie,The ABCs of Death,2012,129,"Action,Comedy,Fantasy",4.7,21379
tt1935897,movie,Amityville: The Awakening,2017,87,"Horror,Thriller",4.9,16833
tt1935902,movie,The Brass Teapot,2012,101,"Comedy,Fantasy,Thriller",6.3,17936
tt1937118,movie,Chinese Puzzle,2013,117,"Comedy,Drama,Romance",6.9,15911
tt1937149,movie,The Body,2012,112,"Crime,Drama,Mystery",7.6,79733
tt1937264,movie,Now Is Good,2012,103,"Drama,Romance",7.0,35742
tt1937390,movie,Nymphomaniac: Vol. I,2013,117,Drama,6.9,139300
tt1939659,movie,Carrie,2013,100,"Drama,Horror,Thriller",5.8,156126
tt19403516,movie,Hallow Road,2025,80,"Drama,Horror,Thriller",6.0,13445
tt1942884,movie,Indie Game: The Movie,2012,103,"Documentary,Drama",7.6,21734
tt1945062,movie,About Cherry,2012,98,Drama,4.8,11353
tt1945084,movie,Everly,2014,92,"Action,Thriller",5.1,20490
tt1948150,movie,Singham,2011,143,"Action,Crime,Drama",6.8,22566
tt19500164,movie,Nimona,2023,101,"Action,Adventure,Animation",7.5,62629
tt1950186,movie,Ford v Ferrari,2019,152,"Action,Biography,Drama",8.1,576578
tt1950235,movie,Let It Snow,2019,92,"Comedy,Romance",5.9,27122
tt1951181,movie,The Immigrant,2013,120,"Drama,Romance",6.6,35269
tt1951261,movie,The Hangover Part III,2013,100,"Comedy,Crime",5.9,364947
tt1951264,movie,The Hunger Games: Catching Fire,2013,146,"Action,Adventure,Romance",7.5,776799
tt1951265,movie,The Hunger Games: Mockingjay - Part 1,2014,123,"Action,Adventure,Sci-Fi",6.6,548726
tt1951266,movie,The Hunger Games: Mockingjay - Part 2,2015,137,"Action,Adventure,Sci-Fi",6.6,416641
tt1954206,movie,The Dirty Picture,2011,145,"Biography,Comedy,Drama",6.5,11310
tt1954315,movie,Borgman,2013,113,"Drama,Mystery,Thriller",6.7,19911
tt1954470,movie,Gangs of Wasseypur,2012,321,"Action,Comedy,Crime",8.2,114779
tt1954598,movie,Ladies vs. Ricky Bahl,2011,140,"Comedy,Crime,Drama",6.1,11705
tt1954701,movie,A Coffee in Berlin,2012,86,"Comedy,Drama",7.3,18336
tt1956620,movie,Sex Tape,2014,94,"Comedy,Romance",5.1,123457
tt1958043,movie,The Houses October Built,2014,91,"Horror,Thriller",5.2,11769
tt1959332,movie,American Mary,2012,103,"Drama,Horror",6.2,31017
tt1959490,movie,Noah,2014,138,"Action,Adventure,Drama",5.8,277597
tt1959563,movie,The Hitman's Bodyguard,2017,118,"Action,Adventure,Comedy",6.9,263342
tt1961175,movie,American Assassin,2017,111,"Action,Adventure,Drama",6.2,101064
tt1961675,movie,Inside,2012,107,Drama,7.0,12200
tt19623240,movie,Winnie-the-Pooh: Blood and Honey,2023,84,Horror,2.9,37379
tt19637052,movie,Love Lies Bleeding,2024,104,"Crime,Drama,Mystery",6.6,64696
tt1964418,movie,Tomorrowland,2015,130,"Action,Adventure,Family",6.4,200089
tt1964624,movie,In the House,2012,105,"Drama,Mystery,Thriller",7.3,36059
tt1965272,movie,Velayudham,2011,186,Action,6.1,14362
tt19652910,movie,EO,2022,88,Drama,6.7,17163
tt1965308,movie,Interreflections,2020,165,"Drama,Fantasy,History",5.8,10484
tt19653180,movie,Leila's Brothers,2022,165,Drama,7.9,19171
tt1966359,movie,Father Figures,2017,113,"Comedy,Drama",5.6,23965
tt1966566,movie,Stalingrad,2013,131,"Action,Drama,War",5.7,18452
tt1966604,movie,The Imposter,2012,99,"Biography,Crime,Documentary",7.4,53081
tt1967545,movie,Labor Day,2013,111,"Crime,Drama,Romance",6.9,56690
tt1969062,movie,Infinitely Polar Bear,2014,90,"Comedy,Drama,Romance",6.9,17815
tt19704638,movie,Our Father,2022,97,"Crime,Documentary",6.6,15844
tt1971325,movie,Automata,2014,109,"Action,Drama,Sci-Fi",6.0,61966
tt1971352,movie,Compliance,2012,90,"Crime,Drama,Thriller",6.4,41025
tt19719836,movie,Return to Seoul,2022,119,Drama,6.9,10742
tt19724142,movie,Hellhole,2022,91,"Horror,Mystery",5.8,10087
tt1972571,movie,A Most Wanted Man,2014,122,"Crime,Drama,Thriller",6.7,84975
tt1972591,movie,King Arthur: Legend of the Sword,2017,126,"Action,Adventure,Drama",6.7,248213
tt1972663,movie,Into the Abyss,2011,107,"Crime,Documentary,Drama",7.3,18079
tt1972779,movie,The Best of Me,2014,118,"Drama,Romance",6.7,81403
tt1974419,movie,The Neon Demon,2016,117,"Horror,Thriller",6.1,111495
tt1974420,movie,Rules Don't Apply,2016,127,"Comedy,Drama,Romance",5.7,12602
tt1975159,movie,Flight 7500,2014,80,"Drama,Horror,Sci-Fi",4.8,18707
tt1975249,movie,6 Bullets,2012,115,"Action,Crime,Drama",6.0,16636
tt19755170,movie,Bawaal,2023,137,"Action,Comedy,Drama",6.6,17649
tt1976000,movie,The Two Faces of January,2014,96,"Crime,Mystery,Romance",6.2,35216
tt19760052,movie,The Taste of Things,2023,135,"Drama,History,Romance",7.4,21228
tt1976009,movie,Victor Frankenstein,2015,110,"Drama,Horror,Sci-Fi",6.0,63812
tt1976989,movie,Love and Honor,2013,100,"Drama,Romance,War",5.7,10002
tt19770238,movie,Aftersun,2022,102,Drama,7.6,130368
tt1977895,movie,Resolution,2012,93,"Drama,Horror,Mystery",6.4,21814
tt1979319,movie,Rurouni Kenshin Part I: Origins,2012,134,"Action,Adventure,Drama",7.4,31457
tt1979320,movie,Rush,2013,123,"Biography,Drama,Sport",8.1,561523
tt1979376,movie,Toy Story 4,2019,100,"Adventure,Animation,Comedy",7.6,321974
tt1979388,movie,The Good Dinosaur,2015,93,"Action,Adventure,Animation",6.7,140768
tt1980209,movie,Pain & Gain,2013,129,"Action,Biography,Comedy",6.4,241857
tt1980929,movie,Begin Again,2013,104,"Comedy,Drama,Music",7.4,177087
tt1980986,movie,Housefull 2,2012,145,"Action,Comedy,Drama",5.5,18055
tt19811010,movie,The Remarkable Life of Ibelin,2024,103,"Animation,Biography,Documentary",8.1,15148
tt1981107,movie,The Young and Prodigious T.S. Spivet,2013,105,"Adventure,Comedy,Drama",7.0,21568
tt1981115,movie,Thor: The Dark World,2013,112,"Action,Adventure,Fantasy",6.7,780946
tt1981128,movie,Geostorm,2017,109,"Action,Sci-Fi,Thriller",5.4,133512
tt1981677,movie,Pitch Perfect,2012,112,"Comedy,Music,Romance",7.1,352188
tt19838634,movie,Ulajh,2024,150,"Crime,Drama,Thriller",5.9,25625
tt1984153,movie,Excision,2012,81,"Comedy,Drama,Horror",6.1,26850
tt19847976,movie,Wicked: For Good,2025,137,"Drama,Family,Fantasy",6.6,69518
tt1985019,movie,Austenland,2013,97,"Comedy,Romance",6.3,25512
tt19853258,movie,Still: A Michael J. Fox Movie,2023,95,"Biography,Documentary",8.1,18105
tt19857862,movie,Now or Never!,2024,135,"Adventure,Biography,Drama",2.3,17434
tt19858164,movie,Little Bone Lodge,2023,93,"Crime,Mystery,Thriller",6.0,14383
tt1985949,movie,The Angry Birds Movie,2016,97,"Action,Adventure,Animation",6.3,118951
tt1985966,movie,Cloudy with a Chance of Meatballs 2,2013,95,"Adventure,Animation,Comedy",6.3,126234
tt1985981,movie,Desi Boyz,2011,122,"Comedy,Drama,Romance",5.7,16442
tt19861162,movie,The Return,2024,116,"Adventure,Drama,History",6.3,14936
tt19862722,movie,Find Me Falling,2024,93,"Comedy,Music,Romance",6.3,13987
tt19864802,movie,Land of Bad,2024,113,"Action,Thriller",6.6,59460
tt19864828,movie,Memory,2023,103,Drama,6.7,10600
tt1986843,movie,A Perfect Plan,2012,104,"Adventure,Comedy,Romance",6.3,10483
tt1987680,movie,The Upside,2017,126,"Comedy,Drama",7.1,70270
tt19883634,movie,The Old Oak,2023,113,Drama,7.1,14840
tt1988621,movie,Exists,2014,81,"Action,Adventure,Horror",5.2,12363
tt19887550,movie,Good Grief,2023,100,"Comedy,Drama,Romance",6.4,13083
tt1989475,movie,Chained,2012,94,"Drama,Horror,Thriller",6.4,23329
tt1990181,movie,Brake,2012,92,"Action,Thriller",6.1,12299
tt1990314,movie,Robot & Frank,2012,89,"Comedy,Crime,Drama",7.0,67358
tt1991245,movie,Chernobyl Diaries,2012,86,"Horror,Mystery,Thriller",5.1,70819
tt1995341,movie,It's a Disaster,2012,88,"Comedy,Drama",6.4,12050
tt1995390,movie,Our Kind of Traitor,2016,108,"Action,Crime,Drama",6.3,25896
tt1996264,movie,"For a Good Time, Call...",2012,85,Comedy,6.0,17680
tt1996310,movie,Lore,2012,109,"Drama,Romance,War",7.0,16535
tt1999890,movie,Hell Fest,2018,89,"Horror,Mystery,Thriller",5.5,21641
tt1999987,movie,Breathe In,2013,98,"Drama,Romance",6.3,16189
tt1999995,movie,Would You Rather,2012,93,"Horror,Thriller",5.7,50186
tt2002718,movie,Machete Kills,2013,107,"Action,Comedy,Crime",5.6,85726
tt2004420,movie,Neighbors,2014,97,Comedy,6.3,346522
tt2004432,movie,Wolf Creek 2,2013,106,"Horror,Thriller",6.2,25413
tt20048582,movie,Canary Black,2024,101,"Action,Drama,Thriller",5.4,14215
tt2005151,movie,War Dogs,2016,114,"Biography,Comedy,Crime",7.1,302099
tt2005374,movie,The Frozen Ground,2013,105,"Biography,Crime,Drama",6.4,72879
tt2006040,movie,A Fantastic Fear of Everything,2012,100,"Comedy,Horror",5.8,15834
tt2006295,movie,The 33,2015,127,"Biography,Drama,History",6.9,41887
tt2010914,movie,Behzat Ç.: I Buried You in My Heart,2011,110,"Action,Crime,Drama",7.5,10978
tt2011159,movie,No Good Deed,2014,84,"Crime,Drama,Horror",5.6,24723
tt20112746,movie,Sting,2024,91,"Comedy,Horror,Sci-Fi",5.7,19482
tt2011276,movie,Banshee Chapter,2013,87,"Horror,Mystery,Sci-Fi",5.4,12175
tt2011311,movie,The Outsider,2018,120,"Crime,Drama,Thriller",6.3,31773
tt20115766,movie,Knox Goes Away,2023,114,"Crime,Thriller",7.0,30824
tt2011971,movie,Monsieur Lazhar,2011,95,"Comedy,Drama",7.5,21911
tt2012011,movie,Scenic Route,2013,82,"Drama,Horror,Thriller",6.4,11950
tt2013293,movie,The Wind Rises,2013,126,"Animation,Biography,Drama",7.8,113917
tt2014338,movie,Side by Side,2012,99,Documentary,7.6,13889
tt2015381,movie,Guardians of the Galaxy,2014,121,"Action,Adventure,Comedy",8.0,1369153
tt2016303,movie,The Bricklayer,2023,110,"Action,Thriller",5.2,14497
tt2016894,movie,Ek Tha Tiger,2012,132,"Action,Adventure,Drama",5.7,42908
tt2016940,movie,Man of Tai Chi,2013,105,"Action,Drama",6.0,42466
tt2017020,movie,The Smurfs 2,2013,105,"Adventure,Animation,Comedy",5.3,50923
tt2017038,movie,All Is Lost,2013,106,"Action,Adventure,Drama",6.9,87966
tt2017561,movie,Journey to the West: Conquering the Demons,2013,110,"Action,Adventure,Comedy",6.7,15160
tt20194882,movie,Lonely Planet,2024,94,"Drama,Romance",5.7,13461
tt20201748,movie,Greedy People,2024,112,"Comedy,Crime,Thriller",6.2,15444
tt20214908,movie,Another Simple Favor,2025,120,"Comedy,Crime,Mystery",5.3,32080
tt20215234,movie,Conclave,2024,120,"Drama,Thriller",7.4,281653
tt20215968,movie,Hit Man,2023,115,"Comedy,Crime,Romance",6.8,132214
tt20221436,movie,Emilia Pérez,2024,132,"Crime,Drama,Musical",5.3,133065
tt20225374,movie,Vesper,2022,114,"Adventure,Drama,Sci-Fi",6.0,27274
tt2023453,movie,Diary of a Wimpy Kid: Dog Days,2012,94,"Comedy,Family",6.3,34736
tt20234774,movie,Wicked Little Letters,2023,100,"Biography,Comedy,Crime",7.0,45300
tt2023587,movie,Mama,2013,100,"Fantasy,Horror,Thriller",6.2,201180
tt2023690,movie,Sightseers,2012,88,"Adventure,Comedy,Crime",6.5,31690
tt2024432,movie,Identity Thief,2013,111,"Comedy,Crime,Drama",5.7,149449
tt2024469,movie,Non-Stop,2014,106,"Action,Mystery,Thriller",6.9,288097
tt2024519,movie,The Broken Circle Breakdown,2012,111,"Drama,Music,Romance",7.7,45365
tt2024544,movie,12 Years a Slave,2013,134,"Biography,Drama,History",8.1,789267
tt20249418,movie,Romancham,2023,130,"Comedy,Horror",7.5,11659
tt2025526,movie,War of the Arrows,2011,122,"Action,Adventure,History",7.1,13332
tt20256528,movie,What Is a Woman?,2022,95,Documentary,8.1,47484
tt2025667,movie,Smiley,2012,95,"Horror,Mystery,Thriller",3.3,10291
tt2025690,movie,The Finest Hours,2016,117,"Action,Drama,History",6.7,74859
tt2027136,movie,Kristy,2014,86,"Horror,Thriller",5.9,10778
tt2027140,movie,Mood Indigo,2013,94,"Comedy,Drama,Fantasy",6.5,17352
tt2028530,movie,Paradise Lost 3: Purgatory,2011,121,"Crime,Documentary",8.0,11599
tt20316748,movie,Twilight of the Warriors: Walled In,2024,126,"Action,Crime,Thriller",6.9,12445
tt2032557,movie,The Reluctant Fundamentalist,2012,130,"Drama,Thriller",6.8,15255
tt2032572,movie,USS Indianapolis: Men of Courage,2016,128,"Action,Drama,History",5.3,15591
tt2034031,movie,Laggies,2014,99,"Comedy,Drama,Romance",6.4,47458
tt2034139,movie,The Last Exorcism Part II,2013,88,"Horror,Thriller",4.0,17657
tt2034800,movie,The Great Wall,2016,103,"Action,Adventure,Fantasy",5.9,159997
tt2035630,movie,Starlet,2012,103,Drama,7.0,10887
tt2036416,movie,You Are the Apple of My Eye,2011,109,"Comedy,Drama,Romance",7.5,12448
tt2039338,movie,Flatliners,2017,109,"Drama,Horror,Mystery",5.2,54433
tt2039345,movie,Grand Piano,2013,90,"Drama,Music,Mystery",5.9,20404
tt2039393,movie,The Gambler,2014,111,"Crime,Drama,Thriller",6.0,77901
tt2040560,movie,The Pact,2012,89,"Horror,Mystery,Thriller",5.7,26480
tt2042568,movie,Inside Llewyn Davis,2013,104,"Drama,Music",7.4,172436
tt2043932,movie,New Kids Nitro,2011,77,"Action,Comedy,Horror",6.0,11311
tt2043933,movie,Night Moves,2013,112,"Drama,Thriller",6.1,17842
tt2049403,movie,Beetlejuice Beetlejuice,2024,105,"Comedy,Fantasy,Horror",6.6,176430
tt2049543,movie,Synchronicity,2015,101,"Drama,Mystery,Romance",5.4,11787
tt2051879,movie,Europa Report,2013,90,"Drama,Mystery,Sci-Fi",6.4,79693
tt2053425,movie,Rust and Bone,2012,120,"Drama,Romance",7.4,73101
tt2053463,movie,Side Effects,2013,106,"Crime,Drama,Mystery",7.0,206019
tt2055765,movie,The English Teacher,2013,93,"Comedy,Drama",5.8,13714
tt20561198,movie,The Promised Land,2023,127,"Action,Drama,History",7.7,41162
tt2056771,movie,A Bigger Splash,2015,125,"Drama,Music,Thriller",6.4,36796
tt2057392,movie,Eye in the Sky,2015,102,"Action,Drama,Thriller",7.3,96302
tt2058107,movie,The Railway Man,2013,116,"Biography,Drama,Romance",7.1,44576
tt2058673,movie,Point Break,2015,114,"Action,Adventure,Crime",5.3,69391
tt2059171,movie,13 Sins,2014,93,"Horror,Thriller",6.3,42305
tt2059255,movie,No,2012,118,"Drama,History",7.4,27213
tt2061702,movie,To the Forest of Firefly Lights,2011,45,"Animation,Drama,Fantasy",7.8,25561
tt2061712,movie,Interview with a Hitman,2012,96,"Action,Crime,Drama",5.7,11008
tt2062700,movie,Song to Song,2017,129,"Drama,Music,Romance",5.6,24296
tt2063781,movie,Smashed,2012,81,Drama,6.7,18475
tt2064968,movie,The Longest Week,2014,86,"Comedy,Drama,Romance",5.4,14279
tt2066051,movie,Rocketman,2019,121,"Biography,Drama,Music",7.3,210427
tt2069797,movie,Delirium,2018,96,"Horror,Thriller",5.7,12262
tt2070649,movie,Silenced,2011,125,"Crime,Drama,Thriller",8.0,27850
tt2070776,movie,Populaire,2012,111,"Comedy,Romance,Sport",6.8,13211
tt2070862,movie,Temptation: Confessions of a Marriage Counselor,2013,111,"Drama,Romance,Thriller",5.0,12741
tt2071550,movie,Open Grave,2013,102,"Horror,Mystery,Sci-Fi",6.1,32868
tt2071613,movie,Business Man,2012,133,"Action,Crime,Drama",7.2,12538
tt2072227,movie,Shanghai,2012,120,"Crime,Drama,Mystery",7.2,11306
tt2072230,movie,Attack on Titan Part 1,2015,98,"Action,Adventure,Drama",5.0,16601
tt2072233,movie,Sleepless,2017,95,"Action,Crime,Thriller",5.6,36577
tt2076220,movie,Holy Motors,2012,115,"Drama,Fantasy",7.0,51455
tt2076298,movie,Ip Man 4: The Finale,2019,107,"Action,Biography,Drama",7.0,41123
tt2076822,movie,Chaos Walking,2021,109,"Action,Adventure,Drama",5.7,64268
tt20768712,movie,Book Club: The Next Chapter,2023,107,"Comedy,Romance",5.6,10155
tt2077833,movie,Rowdy Rathore,2012,140,"Action,Comedy,Crime",5.9,27107
tt2077851,movie,Sleepwalk with Me,2012,81,"Comedy,Drama,Romance",6.7,12417
tt2077886,movie,The Phantom of the Opera at the Royal Albert Hall,2011,137,"Drama,Musical,Romance",8.8,10875
tt2080374,movie,Steve Jobs,2015,122,"Biography,Drama",7.2,187673
tt2082180,movie,Always,2011,108,"Action,Drama,Romance",7.7,12675
tt2082197,movie,Barfi!,2012,151,"Comedy,Drama,Romance",8.1,94204
tt2083355,movie,The Best Man Holiday,2013,123,"Comedy,Drama",6.6,17889
tt2083383,movie,Trouble with the Curve,2012,111,"Drama,Romance,Sport",6.8,72382
tt2084970,movie,The Imitation Game,2014,114,"Biography,Drama,Thriller",8.0,880414
tt2084989,movie,Upstream Color,2013,96,"Drama,Mystery,Sci-Fi",6.5,36222
tt20850406,movie,Sita Ramam,2022,163,"Action,Drama,Musical",8.5,84472
tt2085910,movie,Room 237,2012,102,Documentary,6.2,23971
tt2085930,movie,Starship Troopers: Invasion,2012,89,"Action,Animation,Fantasy",5.8,12663
tt20859464,movie,The Artifice Girl,2022,93,"Mystery,Sci-Fi,Thriller",6.6,13299
tt20879602,movie,Maybe I Do,2023,95,"Comedy,Romance",5.0,11835
tt2088003,movie,Big Game,2014,110,"Action,Adventure,Comedy",5.4,37228
tt2090465,movie,Black Butterfly,2017,93,"Drama,Mystery,Thriller",6.1,16019
tt2091256,movie,Captain Underpants: The First Epic Movie,2017,89,"Action,Adventure,Animation",6.2,36902
tt2091473,movie,Promised Land,2012,106,Drama,6.6,41046
tt2091478,movie,Air,2015,95,"Drama,Sci-Fi,Thriller",5.1,13021
tt20916568,movie,The Wrath of Becky,2023,84,"Action,Comedy,Thriller",6.2,21291
tt2091935,movie,Mr. Right,2015,95,"Action,Comedy,Crime",6.3,65895
tt2093991,movie,Elvis & Nixon,2016,86,"Comedy,History",6.3,15616
tt2094018,movie,Hours,2013,97,"Drama,Thriller",6.3,31963
tt2094064,movie,Much Ado About Nothing,2012,109,"Comedy,Drama,Romance",7.0,17444
tt2094766,movie,Assassin's Creed,2016,115,"Action,Adventure,Sci-Fi",5.6,219932
tt2095649,movie,Grace of Monaco,2014,103,"Biography,Drama,Romance",5.7,22275
tt2096672,movie,Dumb and Dumber To,2014,109,Comedy,5.6,154208
tt2096673,movie,Inside Out,2015,95,"Adventure,Animation,Comedy",8.1,921308
tt20969586,movie,Thunderbolts*,2025,127,"Action,Adventure,Crime",7.1,285626
tt2097298,movie,"McFarland, USA",2015,129,"Biography,Drama,Sport",7.4,46666
tt2097307,movie,Hit and Run,2012,100,"Action,Adventure,Comedy",6.1,39112
tt2097331,movie,The Family Fang,2015,105,"Comedy,Drama,Mystery",6.1,10844
tt20990442,movie,Him,2025,96,"Horror,Sport,Thriller",5.0,25534
tt2099556,movie,Antiviral,2012,108,"Horror,Mystery,Sci-Fi",5.7,16938
tt2101341,movie,Dead Man Down,2013,118,"Action,Adventure,Crime",6.4,71937
tt2101383,movie,Knight of Cups,2015,118,"Drama,Fantasy,Romance",5.6,31960
tt2101441,movie,Spring Breakers,2012,94,"Crime,Drama,Thriller",5.3,155039
tt2101473,movie,The Physician,2013,155,"Adventure,Drama,History",7.2,45497
tt2101569,movie,In Your Eyes,2014,106,"Fantasy,Romance",6.9,33018
tt2101570,movie,In the Blood,2014,108,"Action,Crime,Thriller",5.7,13844
tt21027780,movie,Fallen Leaves,2023,81,"Comedy,Drama,Romance",7.2,36870
tt2103217,movie,Maniac,2012,89,"Crime,Horror,Thriller",6.1,42896
tt2103254,movie,Tammy,2014,97,"Comedy,Romance",4.9,57097
tt2103264,movie,Emperor,2012,105,"Drama,History,War",6.5,15673
tt2103267,movie,Adore,2013,112,"Drama,Romance",6.2,38879
tt2103281,movie,Dawn of the Planet of the Apes,2014,130,"Action,Adventure,Drama",7.6,512694
tt2105044,movie,V/H/S,2012,116,"Fantasy,Horror,Mystery",5.8,75809
tt21051906,movie,A Family Affair,2024,111,"Comedy,Drama,Romance",5.4,40209
tt21059520,movie,Girl in the Picture,2022,101,"Crime,Documentary,Mystery",7.3,25989
tt2106361,movie,Into the Storm,2014,89,"Action,Adventure,Drama",5.8,74696
tt21064584,movie,The Iron Claw,2023,132,"Biography,Drama,Sport",7.5,120255
tt2106476,movie,The Hunt,2012,115,Drama,8.3,412327
tt2106651,movie,Spectral,2016,107,"Action,Adventure,Sci-Fi",6.3,71083
tt2109184,movie,Paranormal Activity 4,2012,88,"Horror,Mystery",4.7,74277
tt2109248,movie,Transformers: Age of Extinction,2014,165,"Action,Adventure,Comedy",5.6,351054
tt21097228,movie,A Different Man,2024,112,"Drama,Thriller",6.9,38770
tt21103218,movie,The Lost Bus,2025,130,"Biography,Drama,History",6.8,54783
tt21103300,movie,My Big Fat Greek Wedding 3,2023,92,"Comedy,Drama,Romance",5.2,13352
tt21106646,movie,The Next 365 Days,2022,112,"Drama,Romance",2.9,13424
tt21113540,movie,El Conde,2023,110,"Comedy,Fantasy,History",6.3,16484
tt2112096,movie,Absolutely Fabulous: The Movie,2016,91,"Comedy,Crime",5.4,13945
tt2112124,movie,Chennai Express,2013,141,"Action,Comedy,Romance",6.3,72883
tt2112131,movie,Fearless 2,2012,120,"Action,Comedy,Crime",4.8,21945
tt2112210,movie,An Awkward Sexual Adventure,2012,98,"Comedy,Romance",6.1,10664
tt2113681,movie,The 100 Year-Old Man Who Climbed Out the Window and Disappeared,2013,114,"Adventure,Comedy",7.0,44321
tt2115295,movie,Ginger & Rosa,2012,90,Drama,6.2,12219
tt2118624,movie,The Final Girls,2015,91,"Comedy,Fantasy,Horror",6.5,57549
tt21188080,movie,Lisa Frankenstein,2024,101,"Comedy,Horror,Romance",6.1,32730
tt21191806,movie,Back in Action,2025,114,"Action,Adventure,Comedy",5.9,67448
tt21192142,movie,All of Us Strangers,2023,105,"Drama,Romance",7.6,79933
tt2119532,movie,Hacksaw Ridge,2016,139,"Biography,Drama,History",8.1,686213
tt2119543,movie,The House with a Clock in Its Walls,2018,105,"Comedy,Family,Fantasy",6.1,60109
tt2120120,movie,Pixels,2015,105,"Action,Adventure,Comedy",5.6,181085
tt2121382,movie,Force Majeure,2014,120,"Comedy,Drama",7.2,73086
tt21227864,movie,You're Cordially Invited,2025,109,"Comedy,Romance",5.5,30824
tt21232992,movie,Theater Camp,2023,92,Comedy,6.9,19736
tt21235248,movie,Ghostbusters: Frozen Empire,2024,115,"Adventure,Comedy,Fantasy",6.1,106702
tt21237030,movie,Carter,2022,132,"Action,Thriller",5.1,10884
tt21245882,movie,Through My Window: Across the Sea,2023,109,"Comedy,Drama,Romance",5.2,10071
tt2124787,movie,Final Girl,2015,84,"Horror,Thriller",4.7,18479
tt2125435,movie,Beasts of the Southern Wild,2012,93,"Adventure,Drama,Fantasy",7.2,86896
tt2125608,movie,Searching for Sugar Man,2012,86,"Biography,Documentary,Music",8.2,76516
tt2125666,movie,The Queen of Versailles,2012,100,Documentary,7.1,14111
tt21261712,movie,Back to Black,2024,122,"Biography,Drama,Music",6.3,31514
tt21262240,movie,Mission Raniganj,2023,134,"Action,Biography,Drama",7.2,20422
tt2126235,movie,Collide,2016,99,"Action,Adventure,Crime",5.7,18239
tt2126355,movie,San Andreas,2015,114,"Action,Adventure,Thriller",6.1,276641
tt2126357,movie,Second Act,2018,103,"Comedy,Drama,Romance",5.8,32522
tt2126362,movie,Stitches,2012,86,"Comedy,Fantasy,Horror",5.7,11257
tt21272942,movie,I Was a Stranger,2024,103,Drama,8.2,12876
tt21276878,movie,You Are So Not Invited to My Bat Mitzvah,2023,103,Comedy,5.9,28306
tt21279138,movie,Maid in Malacañang,2022,114,"Biography,Drama",3.8,15836
tt21279420,movie,Emergency,2025,146,"Biography,Drama,History",5.2,12038
tt21279806,movie,Scoop,2024,102,"Biography,Drama",6.5,22236
tt21284218,movie,Incoming,2024,91,Comedy,5.8,16977
tt2130321,movie,West of Memphis,2012,147,"Crime,Documentary",7.8,11562
tt21307994,movie,Skinamarink,2022,100,"Horror,Mystery",4.7,21357
tt21308888,movie,Paradise,2023,117,"Action,Sci-Fi,Thriller",6.3,25787
tt2131532,movie,Hidden,2015,84,"Horror,Sci-Fi,Thriller",6.3,29518
tt2132285,movie,The Bling Ring,2013,90,"Biography,Crime,Drama",5.6,96062
tt21328106,movie,Candy Cane Lane,2023,117,"Comedy,Family,Fantasy",5.6,23601
tt21335356,movie,Please Don't Destroy: The Treasure of Foggy Mountain,2023,92,"Action,Adventure,Comedy",6.0,12231
tt21382296,movie,Carry-On,2024,119,"Action,Crime,Thriller",6.5,195945
tt21383812,movie,Crew,2024,118,"Comedy,Drama",5.8,39656
tt2139555,movie,Playing It Cool,2014,94,"Comedy,Romance",5.9,32039
tt2139881,movie,Long Shot,2019,125,"Comedy,Romance",6.8,128975
tt2140037,movie,Jane Got a Gun,2015,98,"Action,Crime,Drama",5.9,25363
tt2140203,movie,Wolf Children,2012,117,"Animation,Drama,Family",8.1,55260
tt2140373,movie,Saving Mr. Banks,2013,125,"Biography,Comedy,Drama",7.5,176012
tt2140379,movie,Self/less,2015,117,"Action,Mystery,Sci-Fi",6.5,108214
tt2140465,movie,Tanu Weds Manu Returns,2015,128,"Comedy,Drama,Romance",7.6,30760
tt2140479,movie,The Accountant,2016,128,"Action,Crime,Drama",7.3,398300
tt2140507,movie,The Current War,2017,102,"Biography,Drama,History",6.5,33374
tt2140571,movie,The Broken Hearts Gallery,2020,109,"Comedy,Romance",6.4,11224
tt2140577,movie,The Pretty One,2013,90,"Comedy,Drama",6.3,10703
tt2140619,movie,Two Night Stand,2014,86,"Comedy,Romance",6.3,76625
tt2140629,movie,Arizona,2018,85,"Comedy,Thriller",5.8,10212
tt21440780,movie,How to Blow Up a Pipeline,2022,104,"Action,Crime,Drama",6.8,12560
tt21454134,movie,The Bikeriders,2023,116,"Crime,Drama",6.6,78468
tt21469794,movie,Space Cadet,2024,110,Comedy,5.0,11001
tt2150209,movie,My Grandfather's People,2011,126,"Comedy,Drama,Family",8.0,12306
tt2160105,movie,I Still See You,2018,98,"Fantasy,Horror,Mystery",5.8,12926
tt21626284,movie,Lost Ladies,2023,122,"Comedy,Drama",8.3,60841
tt21626774,movie,Sector 36,2024,123,"Crime,Drama,Thriller",7.1,27173
tt21651560,movie,V/H/S/99,2022,109,Horror,5.2,11547
tt2165735,movie,Drug War,2012,107,"Action,Crime,Drama",7.0,11535
tt2165859,movie,In Fear,2013,85,"Horror,Mystery,Thriller",5.4,11502
tt2167202,movie,Getaway,2013,90,"Action,Thriller",4.4,26113
tt2167266,movie,Tracks,2013,112,"Adventure,Biography,Drama",7.1,33245
tt2168910,movie,Cocktail,2012,146,"Comedy,Drama,Romance",6.3,16726
tt21692408,movie,Kung Fu Panda 4,2024,94,"Action,Adventure,Animation",6.3,83603
tt2170299,movie,Bad Words,2013,89,"Comedy,Drama",6.7,58357
tt2170427,movie,Good Kids,2016,86,"Comedy,Drama,Romance",6.1,11571
tt2170439,movie,Horrible Bosses 2,2014,108,"Comedy,Crime",6.3,194008
tt2170593,movie,St. Vincent,2014,102,"Comedy,Drama",7.2,113933
tt2171867,movie,Empire State,2013,94,"Crime,Thriller",5.2,24013
tt2172071,movie,Student of the Year,2012,146,"Comedy,Drama,Music",5.3,22393
tt2172584,movie,Maps to the Stars,2014,111,"Comedy,Drama,Mystery",6.2,44820
tt2172934,movie,3 Days to Kill,2014,117,"Action,Drama,Thriller",6.2,101639
tt2172935,movie,Metallica Through the Never,2013,93,Music,7.1,18747
tt2172954,movie,The Life List,2025,123,"Comedy,Drama,Romance",6.8,41472
tt2172985,movie,The Art of the Steal,2013,90,"Comedy,Crime,Thriller",6.3,27296
tt2176013,movie,Jab Tak Hai Jaan,2012,176,"Drama,Romance",6.7,62906
tt2177771,movie,The Monuments Men,2014,118,"Biography,Comedy,Drama",6.1,148870
tt2177843,movie,We Are Legion: The Story of the Hacktivists,2012,93,Documentary,7.2,10542
tt2178470,movie,Yeh Jawaani Hai Deewani,2013,160,"Comedy,Drama,Musical",7.3,58389
tt2178508,movie,Son of Sardaar,2012,141,"Action,Comedy,Romance",4.4,12246
tt2178941,movie,Barbara,2012,105,Drama,7.2,17242
tt2179116,movie,The Kings of Summer,2013,95,"Adventure,Comedy,Drama",7.1,87661
tt2179121,movie,What's in a Name?,2012,109,"Comedy,Drama",7.3,20239
tt2179136,movie,American Sniper,2014,133,"Action,Biography,Drama",7.3,571779
tt21800162,movie,There's Still Tomorrow,2023,118,"Comedy,Drama,History",7.7,18480
tt2180339,movie,Deep Water,2022,115,"Crime,Drama,Mystery",5.5,72321
tt2180411,movie,Into the Woods,2014,125,"Adventure,Comedy,Drama",5.9,154186
tt2180477,movie,Nanban,2012,188,"Comedy,Drama",7.8,18374
tt21807222,movie,Saw X,2023,118,"Crime,Drama,Horror",6.6,98753
tt2180994,movie,A Good Marriage,2014,102,"Action,Crime,Drama",5.3,14166
tt21815562,movie,The Alto Knights,2025,123,"Biography,Crime,Drama",5.9,21636
tt2181831,movie,Shahid,2012,129,"Biography,Drama",8.2,21607
tt21818782,movie,Tehran,2025,115,"Action,Thriller",5.8,29223
tt21819228,movie,Stutz,2022,96,Documentary,7.7,19264
tt2181931,movie,English Vinglish,2012,134,"Comedy,Drama,Family",7.8,45207
tt2182256,movie,Premature,2014,93,"Comedy,Drama,Fantasy",5.7,11331
tt21823606,movie,A Real Pain,2024,90,"Comedy,Drama",7.0,162274
tt2182972,movie,Song One,2014,86,"Drama,Music,Romance",5.8,10684
tt2183014,movie,Love at First Sight,2023,91,"Drama,Romance",6.8,43262
tt2183034,movie,Earth to Echo,2014,91,"Adventure,Family,Sci-Fi",5.7,20511
tt21830902,movie,Upgraded,2024,104,"Comedy,Romance",6.1,33808
tt21837726,movie,The Redeem Team,2022,97,"Documentary,History,Sport",7.4,12421
tt2184339,movie,The Purge,2013,85,"Horror,Sci-Fi,Thriller",5.8,261580
tt21867434,movie,BlackBerry,2023,120,"Biography,Comedy,Drama",7.3,71051
tt2186812,movie,It Boy,2013,92,"Comedy,Romance",6.3,13425
tt2187153,movie,Thuppakki,2012,165,"Action,Crime,Musical",8.1,41429
tt21874760,movie,The Coffee Table,2022,89,"Comedy,Drama,Horror",6.7,14489
tt2187884,movie,Escape from Tomorrow,2013,90,"Comedy,Drama,Fantasy",5.1,10434
tt21909764,movie,My Fault,2023,117,"Drama,Romance",6.1,45318
tt2191701,movie,Grown Ups 2,2013,101,Comedy,5.4,192271
tt2191765,movie,One Wild Moment,2015,105,"Comedy,Drama,Romance",6.2,11488
tt2193215,movie,The Counselor,2013,117,"Action,Adventure,Crime",5.4,110219
tt2193265,movie,Welcome to the Jungle,2013,95,"Action,Adventure,Comedy",4.9,14628
tt21940010,movie,A Million Miles Away,2023,121,"Biography,Drama",7.3,26531
tt21942598,movie,Freaky Tales,2024,107,"Action,Adventure,Comedy",6.2,18398
tt21942866,movie,Dream Scenario,2023,102,"Comedy,Drama,Fantasy",6.8,95215
tt2194499,movie,About Time,2013,123,"Comedy,Drama,Fantasy",7.8,436807
tt2195548,movie,Prince Avalanche,2013,94,"Comedy,Drama",6.3,21409
tt21957774,movie,Irish Wish,2024,93,"Comedy,Fantasy,Romance",5.3,23448
tt21979910,movie,The Passenger,2023,94,"Drama,Thriller",6.4,13432
tt21983758,movie,The Teacher,2022,121,"Crime,Drama,Thriller",6.2,14420
tt21991654,movie,Sympathy for the Devil,2023,90,"Action,Thriller",5.5,14332
tt21994906,movie,Your Christmas or Mine?,2022,95,"Comedy,Romance",6.4,11741
tt2199571,movie,Run All Night,2015,114,"Action,Crime,Thriller",6.6,120121
tt2199711,movie,Vishwaroopam,2013,148,"Action,Thriller",7.9,43449
tt21998526,movie,Zwigato,2022,105,Drama,6.6,11227
tt22004344,movie,Snack Shack,2024,112,"Comedy,Drama",7.0,17851
tt22016156,movie,The Abyss,2023,103,"Action,Drama,Thriller",5.3,11455
tt22022452,movie,Inside Out 2,2024,96,"Adventure,Animation,Comedy",7.5,254338
tt2203308,movie,Aashiqui 2,2013,132,"Drama,Music,Musical",7.1,38573
tt22036406,movie,Kanguva,2024,152,"Action,Adventure,Fantasy",4.5,15859
tt2203939,movie,The Other Woman,2014,109,"Comedy,Romance",6.0,161159
tt22041854,movie,Priscilla,2023,113,"Biography,Drama,Music",6.4,55635
tt22048412,movie,MaXXXine,2024,103,"Crime,Horror",6.2,88689
tt22050754,movie,The Strangers: Chapter 1,2024,91,Horror,4.7,30175
tt2205401,movie,Addicted,2014,106,"Drama,Romance,Thriller",5.0,13053
tt2205697,movie,Stuck in Love.,2012,97,"Comedy,Drama,Romance",7.2,95786
tt22086334,movie,Dream Girl 2,2023,134,"Comedy,Drama,Romance",5.2,13362
tt2209418,movie,Before Midnight,2013,109,"Drama,Romance",7.9,186841
tt2209764,movie,Transcendence,2014,119,"Drama,Sci-Fi,Thriller",6.2,247520
tt2210479,movie,Berserk: The Golden Age Arc I - The Egg of the King,2012,76,"Action,Adventure,Animation",7.5,16076
tt2210769,movie,Liza the Fox-Fairy,2015,98,"Comedy,Fantasy,Romance",7.5,10065
tt2212008,movie,The Bag Man,2014,108,"Action,Crime,Drama",5.2,17915
tt2213054,movie,Kai Po Che,2013,120,"Drama,Sport",7.8,40113
tt2215285,movie,Madea's Witness Protection,2012,114,"Comedy,Crime,Drama",5.0,12026
tt2215477,movie,Goliyon Ki Raasleela Ram Leela,2013,150,"Drama,Musical,Romance",6.4,23776
tt2215719,movie,Katy Perry: Part of Me,2012,93,"Biography,Documentary,Music",6.0,14042
tt2216240,movie,A Hijacking,2012,103,"Drama,Thriller",7.1,18032
tt22170036,movie,Captain Miller,2024,157,"Action,Adventure,Drama",7.1,14325
tt22173666,movie,Azrael,2024,86,"Action,Horror",5.3,14870
tt2217859,movie,Louder Than Bombs,2015,109,Drama,6.6,15405
tt2218003,movie,Closed Circuit,2013,96,"Crime,Drama,Mystery",6.2,24234
tt2218988,movie,Ustad Hotel,2012,151,"Comedy,Drama,Musical",8.2,18904
tt22207786,movie,Red Rooms,2023,118,"Crime,Horror,Mystery",7.1,22607
tt2222042,movie,Love and Monsters,2020,109,"Action,Adventure,Comedy",6.9,160666
tt2222394,movie,We Are the Nobles,2013,108,Comedy,7.3,11480
tt2223990,movie,Draft Day,2014,110,"Drama,Sport",6.8,73445
tt2224026,movie,Home,2015,94,"Adventure,Animation,Comedy",6.5,121980
tt2224317,movie,Robber,2013,136,"Drama,Romance",7.4,18302
tt2226162,movie,Hunter Hunter,2020,93,"Drama,Horror,Mystery",6.4,15063
tt2226417,movie,Insidious: Chapter 2,2013,106,"Horror,Mystery,Thriller",6.6,203417
tt2226597,movie,The Mountain Between Us,2017,112,"Drama,Thriller",6.4,88540
tt2229499,movie,Don Jon,2013,90,"Comedy,Drama,Romance",6.5,255460
tt2229511,movie,Wer,2013,93,"Action,Horror,Mystery",5.9,10777
tt22297828,movie,Chor Nikal Ke Bhaga,2023,110,"Crime,Drama,Thriller",7.2,56529
tt2229842,movie,Table No. 21,2013,108,"Drama,Thriller",7.2,16071
tt2230358,movie,Curse of Chucky,2013,97,"Horror,Thriller",5.6,47891
tt2231253,movie,Wild Card,2015,92,"Action,Crime,Drama",5.6,64874
tt2231461,movie,Rampage,2018,107,"Action,Adventure,Sci-Fi",6.1,202682
tt2231554,movie,Grave Encounters 2,2012,98,"Horror,Mystery",5.1,30388
tt2234003,movie,Calvary,2014,102,"Crime,Drama,Mystery",7.4,68202
tt2234155,movie,The Internship,2013,119,Comedy,6.3,228134
tt2234261,movie,The Love Punch,2013,94,"Comedy,Romance",5.8,16822
tt2235108,movie,Dear White People,2014,108,"Comedy,Drama,Romance",6.1,27295
tt22352848,movie,Jung_E,2023,98,"Action,Adventure,Drama",5.5,12069
tt2235695,movie,Rebecca,2020,123,"Drama,Mystery,Romance",6.1,50639
tt2235779,movie,The Quiet Ones,2014,98,"Horror,Mystery,Thriller",5.1,22168
tt22375054,movie,Strange Darling,2023,97,"Horror,Thriller",7.0,70366
tt2238032,movie,Skiptrace,2016,107,"Action,Adventure,Comedy",5.6,23939
tt2238050,movie,White Bird in a Blizzard,2014,91,"Drama,Mystery,Thriller",6.3,31241
tt2239822,movie,Valerian and the City of a Thousand Planets,2017,136,"Action,Adventure,Fantasy",6.4,210257
tt2239832,movie,Think Like a Man Too,2014,106,"Comedy,Romance",5.7,24442
tt22408160,movie,Kinds of Kindness,2024,164,"Comedy,Drama,Horror",6.4,72812
tt2241351,movie,Money Monster,2016,98,"Action,Crime,Drama",6.5,112427
tt2243389,movie,I'm So Excited!,2013,90,"Comedy,Musical",5.6,25625
tt2243537,movie,A Haunted House,2013,86,"Comedy,Fantasy,Horror",5.1,55280
tt22444570,movie,Ponniyin Selvan: Part Two,2023,164,"Action,Adventure,Drama",7.2,19921
tt2244901,movie,I Give It a Year,2013,97,"Comedy,Romance",5.7,41074
tt2245003,movie,Miss You Already,2015,112,"Comedy,Drama,Romance",6.8,20712
tt2245084,movie,Big Hero 6,2014,102,"Action,Adventure,Animation",7.8,556620
tt2246565,movie,An Honest Liar,2014,90,"Biography,Comedy,Documentary",7.4,11129
tt2247476,movie,When the Game Stands Tall,2014,115,"Biography,Drama,Family",6.6,17726
tt2247692,movie,2016: Obama's America,2012,87,Documentary,4.8,11119
tt22488728,movie,Love Today,2022,154,"Comedy,Drama,Romance",8.0,18535
tt2249221,movie,Zulu,2013,110,"Action,Crime,Drama",6.7,20933
tt2250912,movie,Spider-Man: Homecoming,2017,133,"Action,Adventure,Sci-Fi",7.4,803617
tt2251281,movie,Dark Was the Night,2014,99,"Drama,Horror,Thriller",5.6,12511
tt22543326,movie,Maaveeran,2023,163,"Action,Comedy,Drama",7.4,11702
tt2258281,movie,Beyond the Hills,2012,152,Drama,7.5,13931
tt2258337,movie,Eega,2012,145,"Action,Comedy,Drama",7.7,30611
tt2258345,movie,Fading Gigolo,2013,90,"Comedy,Romance",6.2,26293
tt2258858,movie,Wadjda,2012,98,"Comedy,Drama",7.5,22495
tt2261287,movie,Leap!,2016,89,"Adventure,Animation,Comedy",6.8,26920
tt2261331,movie,Black Sea,2014,114,"Adventure,Drama,Thriller",6.4,43206
tt2261749,movie,The Gilded Cage,2013,90,"Comedy,Drama",7.1,10970
tt2262227,movie,The Book of Life,2014,95,"Adventure,Animation,Comedy",7.2,84991
tt2262315,movie,The Good Neighbor,2016,98,"Crime,Drama,Horror",6.3,20104
tt2263944,movie,Dragon Ball Z: Battle of Gods,2013,85,"Action,Adventure,Animation",7.1,32230
tt22640398,movie,V/H/S/85,2023,110,"Horror,Thriller",5.6,11381
tt2265171,movie,The Raid 2,2014,150,"Action,Crime,Thriller",7.9,139527
tt2265398,movie,Drinking Buddies,2013,90,"Comedy,Drama,Romance",6.1,62582
tt2265534,movie,The Lifeguard,2013,98,"Drama,Romance",5.6,15626
tt2267968,movie,Kung Fu Panda 3,2016,95,"Action,Adventure,Animation",7.1,220343
tt2267998,movie,Gone Girl,2014,149,"Drama,Mystery,Thriller",8.1,1174956
tt2268016,movie,Magic Mike XXL,2015,115,"Comedy,Drama,Music",5.6,63777
tt2268458,movie,These Final Hours,2013,87,"Drama,Sci-Fi,Thriller",6.6,20386
tt22687790,movie,A Haunting in Venice,2023,103,"Crime,Drama,Horror",6.5,142169
tt22695402,movie,Hunger,2023,146,"Drama,Thriller",6.6,22524
tt2271563,movie,Forsaken,2015,90,"Action,Drama,Western",6.4,15061
tt2272350,movie,The Battery,2012,101,"Adventure,Drama,Horror",6.2,11487
tt2273657,movie,True Story,2015,99,"Biography,Crime,Drama",6.3,75974
tt22740896,movie,People We Meet on Vacation,2026,117,"Comedy,Romance",6.6,47457
tt22743064,movie,Yaariyan 2,2023,148,"Comedy,Drama,Musical",4.9,13072
tt2274648,movie,Hellboy,2019,120,"Action,Adventure,Fantasy",5.3,107770
tt2275946,movie,Redirected,2014,99,"Action,Comedy,Crime",6.4,35012
tt22773644,movie,The Dead Don't Hurt,2023,129,"Drama,Western",6.4,10481
tt2277860,movie,Finding Dory,2016,97,"Adventure,Animation,Comedy",7.2,336144
tt2278388,movie,The Grand Budapest Hotel,2014,99,"Comedy,Drama",8.1,976542
tt2278871,movie,Blue Is the Warmest Colour,2013,180,"Drama,Romance",7.6,173852
tt2279339,movie,Love the Coopers,2015,107,"Comedy,Fantasy,Romance",5.8,30018
tt2279373,movie,The SpongeBob Movie: Sponge Out of Water,2015,92,"Adventure,Animation,Comedy",6.0,68102
tt22796890,movie,Hell House LLC Origins: The Carmichael Manor,2023,98,"Horror,Mystery,Thriller",6.2,11824
tt2281159,movie,Contracted,2013,84,"Drama,Horror,Thriller",5.3,17881
tt2281587,movie,Muppets Most Wanted,2014,107,"Adventure,Comedy,Crime",6.4,39529
tt2282016,movie,The Possession of Michael King,2014,83,"Drama,Fantasy,Horror",5.7,14419
tt2283336,movie,Men in Black: International,2019,114,"Action,Adventure,Comedy",5.6,161319
tt2283362,movie,Jumanji: Welcome to the Jungle,2017,119,"Action,Adventure,Comedy",6.9,505983
tt2283748,movie,OMG: Oh My God!,2012,125,"Comedy,Drama,Fantasy",8.1,71444
tt22868010,movie,Return to Silent Hill,2026,106,"Drama,Horror,Mystery",4.0,22114
tt2286990,movie,The Right Kind of Wrong,2013,97,"Comedy,Romance",6.1,10335
tt22874848,movie,The Silent Hour,2024,99,"Action,Crime,Thriller",6.1,10457
tt22890246,movie,How to Have Sex,2023,91,Drama,6.4,23276
tt22893404,movie,Maria,2024,124,"Biography,Drama,Music",6.4,25489
tt22898462,movie,The Conjuring: Last Rites,2025,135,"Horror,Mystery,Thriller",6.2,104539
tt2290553,movie,Northmen: A Viking Saga,2014,97,"Action,Drama,History",5.4,11272
tt2291540,movie,My Friend Dahmer,2017,107,"Biography,Crime,Drama",6.2,25831
tt2292959,movie,The Canyons,2013,99,"Drama,Thriller",3.8,12631
tt2293640,movie,Minions,2015,91,"Adventure,Animation,Comedy",6.4,286507
tt22939186,movie,Arcadian,2024,92,"Action,Drama,Horror",5.5,28348
tt2294449,movie,22 Jump Street,2014,112,"Action,Comedy,Crime",7.0,441864
tt2294629,movie,Frozen,2013,102,"Adventure,Animation,Comedy",7.4,716102
tt2294677,movie,In a World...,2013,93,Comedy,6.6,33936
tt2296777,movie,Sherlock Gnomes,2018,86,"Adventure,Animation,Comedy",5.3,15762
tt2299842,movie,Pieta,2012,103,"Crime,Drama,Thriller",7.1,16796
tt2300975,movie,Jessabelle,2014,90,"Drama,Horror,Mystery",5.4,27324
tt2301592,movie,The Dance of Reality,2013,133,"Biography,Drama,Fantasy",7.4,10007
tt2302755,movie,Olympus Has Fallen,2013,119,"Action,Adventure,Drama",6.5,307618
tt2302966,movie,I,2015,188,"Action,Drama,Romance",7.4,25733
tt23036080,movie,Thank You for Coming,2023,119,Comedy,4.2,14474
tt2304426,movie,The Selfish Giant,2013,91,Drama,7.3,13253
tt2304771,movie,Mandela: Long Walk to Freedom,2013,141,"Biography,Drama,History",7.1,30126
tt23049270,movie,Do Not Disturb,2023,114,"Comedy,Drama",6.3,11985
tt2304933,movie,The 5th Wave,2016,112,"Action,Adventure,Sci-Fi",5.2,126712
tt2304953,movie,Reasonable Doubt,2014,91,"Crime,Drama,Mystery",5.7,21594
tt2305051,movie,Wild,2014,115,"Adventure,Biography,Drama",7.1,146741
tt23055660,movie,Nickel Boys,2024,140,Drama,6.9,24401
tt23060698,movie,Clown in a Cornfield,2025,96,"Horror,Mystery,Thriller",5.6,27044
tt2306745,movie,Sound City,2013,107,"Documentary,Music",7.8,13793
tt2309021,movie,We Are What We Are,2013,105,"Drama,Horror,Thriller",5.9,23375
tt2309224,movie,Big Bad Wolves,2013,110,"Drama,Horror,Thriller",6.8,18454
tt2309260,movie,The Gallows,2015,81,"Horror,Mystery,Thriller",4.3,22717
tt2309764,movie,Singham Returns,2014,142,"Action,Crime,Drama",5.7,11692
tt2309961,movie,Afflicted,2013,85,"Horror,Mystery,Sci-Fi",6.2,27763
tt2310332,movie,The Hobbit: The Battle of the Five Armies,2014,144,"Adventure,Fantasy",7.4,620251
tt2312718,movie,Homefront,2013,100,"Action,Crime,Thriller",6.5,143678
tt2312890,movie,Afternoon Delight,2013,98,"Comedy,Drama",5.7,12294
tt23137390,movie,Immaculate,2024,89,"Horror,Thriller",5.8,61671
tt23137904,movie,Rebel Moon - Part Two: The Scargiver,2024,122,"Action,Adventure,Drama",5.3,64258
tt2314824,movie,Behaving Badly,2014,97,"Comedy,Romance",4.4,12982
tt23149780,movie,Eden,2024,129,"Adventure,Drama,History",6.5,46217
tt2315582,movie,Una,2016,94,Drama,6.2,12211
tt2315596,movie,Galveston,2018,93,"Action,Crime,Drama",6.2,17374
tt2316204,movie,Alien: Covenant,2017,122,"Horror,Sci-Fi,Thriller",6.4,346403
tt2316411,movie,Enemy,2013,91,"Drama,Mystery,Thriller",6.8,241685
tt2316548,movie,Beautiful Disaster,2023,96,"Comedy,Drama,Romance",5.3,18036
tt2316801,movie,Beauty and the Beast,2014,112,"Drama,Family,Fantasy",6.4,24468
tt23172090,movie,Dust Bunny,2025,106,"Action,Drama,Horror",6.5,18741
tt2317225,movie,The Machine,2013,91,"Action,Drama,Sci-Fi",6.0,32943
tt2317337,movie,Vicky Donor,2012,126,"Comedy,Drama,Romance",7.7,48085
tt23177868,movie,Mummies,2023,88,"Adventure,Animation,Comedy",5.9,10452
tt2318092,movie,Endless Love,2014,104,"Drama,Mystery,Romance",6.2,49351
tt2318527,movie,Hell Baby,2013,98,"Comedy,Horror",5.0,10607
tt2319580,movie,The Grand Seduction,2013,113,Comedy,7.0,21185
tt2321405,movie,My Life as a Zucchini,2016,70,"Animation,Comedy,Drama",7.8,33154
tt2321549,movie,The Babadook,2014,94,"Drama,Horror,Mystery",6.8,271009
tt23220552,movie,Badass Ravikumar,2025,141,"Action,Comedy,Crime",6.4,12008
tt2322441,movie,Fifty Shades of Grey,2015,125,"Drama,Romance,Thriller",4.2,357539
tt2325977,movie,Strangerland,2015,112,"Drama,Mystery,Thriller",5.2,10573
tt2326554,movie,A Girl Walks Home Alone at Night,2014,101,"Drama,Horror,Romance",6.9,41483
tt2326612,movie,The Captive,2014,112,"Crime,Drama,Mystery",5.9,37947
tt2328900,movie,Mary Queen of Scots,2018,124,"Biography,Drama,History",6.3,60969
tt23289160,movie,Godzilla Minus One,2023,124,"Action,Adventure,Drama",7.7,225811
tt2330322,movie,The Conspiracy,2012,84,"Horror,Thriller",6.2,14592
tt2330866,movie,The Thieves,2012,135,"Action,Comedy,Crime",6.8,12403
tt2331047,movie,Rememory,2017,111,"Drama,Mystery,Sci-Fi",6.1,18642
tt2331143,movie,"Like Father, Like Son",2013,121,Drama,7.8,31136
tt23330554,movie,Winnie-the-Pooh: Blood and Honey 2,2024,93,"Horror,Mystery,Thriller",4.6,13380
tt23334616,movie,Last Call for Istanbul,2023,91,"Drama,Romance",5.3,10707
tt2333784,movie,The Expendables 3,2014,126,"Action,Adventure,Thriller",6.1,206562
tt2333804,movie,The Zero Theorem,2013,107,"Comedy,Drama,Fantasy",6.0,51872
tt2334649,movie,Fruitvale Station,2013,85,"Biography,Crime,Drama",7.5,92399
tt2334871,movie,Snatched,2017,90,"Action,Adventure,Comedy",4.7,39400
tt2334873,movie,Blue Jasmine,2013,98,"Comedy,Drama,Romance",7.3,220328
tt2334879,movie,White House Down,2013,131,"Action,Adventure,Drama",6.3,249583
tt2338151,movie,PK,2014,153,"Comedy,Drama,Musical",8.1,224005
tt2338454,movie,Unicorn Store,2017,92,"Comedy,Drama,Fantasy",5.6,21582
tt2339741,movie,The Woman in Black 2: Angel of Death,2014,98,"Drama,Horror,Thriller",4.8,30528
tt2343793,movie,Third Person,2013,137,"Drama,Romance",6.3,30328
tt2345112,movie,Parkland,2013,93,"Drama,History,Mystery",6.4,18714
tt2345567,movie,Haunter,2013,97,"Fantasy,Horror,Mystery",5.9,20022
tt2345737,movie,The Rover,2014,103,"Action,Crime,Drama",6.4,54667
tt2345759,movie,The Mummy,2017,110,"Action,Adventure,Fantasy",5.4,223128
tt23468450,movie,Longlegs,2024,101,"Crime,Horror,Mystery",6.5,227908
tt2347497,movie,Silent Night,2012,94,"Comedy,Horror,Mystery",5.3,10727
tt23475174,movie,Sarfira,2024,155,Drama,6.9,14146
tt2347569,movie,Frances Ha,2012,86,"Comedy,Drama,Romance",7.4,102794
tt23476986,movie,G20,2025,108,"Action,Thriller",5.1,26495
tt2349144,movie,Mississippi Grind,2015,108,"Comedy,Drama",6.4,28275
tt2350496,movie,The Lunchbox,2013,104,"Drama,Romance",7.8,68816
tt2350892,movie,Bad Country,2014,95,"Action,Crime,Drama",5.8,10407
tt2351310,movie,Flu,2013,122,"Action,Crime,Drama",6.6,15866
tt2353868,movie,True Spirit,2023,109,"Adventure,Biography,Drama",6.8,12425
tt23554840,movie,The Vaccine War,2023,161,"Drama,Thriller",7.1,25406
tt2355495,movie,Barefoot,2014,90,"Comedy,Drama,Romance",6.5,29115
tt23558280,movie,Elevation,2024,91,"Action,Horror,Mystery",5.7,31388
tt23561236,movie,American Fiction,2023,117,"Comedy,Drama",7.5,154295
tt2356180,movie,Bhaag Milkha Bhaag,2013,186,"Biography,Drama,Sport",8.2,79282
tt2357129,movie,Jobs,2013,128,"Biography,Drama",6.0,107719
tt2357291,movie,Rio 2,2014,101,"Adventure,Animation,Comedy",6.3,112099
tt2358592,movie,Lucia,2013,135,"Drama,Sci-Fi,Thriller",8.3,13900
tt2358891,movie,The Great Beauty,2013,141,Drama,7.7,106591
tt2358911,movie,Berserk: The Golden Age Arc II - The Battle for Doldrey,2012,95,"Action,Adventure,Animation",7.7,13423
tt2358913,movie,Berserk: The Golden Age Arc III - The Advent,2013,110,"Action,Adventure,Animation",7.9,13416
tt2358925,movie,Unfinished Business,2015,91,"Comedy,Drama",5.4,37875
tt2359024,movie,Blue Ruin,2013,90,"Crime,Drama,Thriller",7.1,86934
tt2359810,movie,Raanjhanaa,2013,140,"Drama,Romance",7.6,38318
tt2361317,movie,Live by Night,2016,129,"Action,Crime,Drama",6.4,62500
tt2361509,movie,The Intern,2015,121,"Comedy,Drama",7.1,311449
tt2364841,movie,Runner Runner,2013,88,"Crime,Mystery,Thriller",5.6,67319
tt2364897,movie,The Disappointments Room,2016,91,"Drama,Horror,Thriller",4.0,11623
tt2364975,movie,We Are the Best!,2013,102,"Drama,Music",7.1,11802
tt2365580,movie,"Where'd You Go, Bernadette",2019,109,"Comedy,Crime,Drama",6.5,27847
tt2366450,movie,Stories We Tell,2012,108,Documentary,7.5,14682
tt2366608,movie,Lost River,2014,95,"Drama,Fantasy,Mystery",5.7,20091
tt2368254,movie,A Private War,2018,110,"Biography,Drama,War",6.7,22636
tt2368553,movie,Assault on Wall Street,2013,99,"Action,Crime,Drama",6.0,22480
tt2368619,movie,The Take,2016,92,"Action,Adventure,Crime",6.4,55384
tt2369135,movie,Need for Speed,2014,132,"Action,Crime,Drama",6.4,187375
tt2370248,movie,Short Term 12,2013,96,Drama,7.9,95680
tt2372222,movie,Kick,2014,146,"Action,Comedy,Crime",5.9,77051
tt2372251,movie,Down a Dark Hall,2018,96,"Drama,Fantasy,Horror",5.1,15589
tt23724682,movie,Outcome,2026,83,"Comedy,Crime,Drama",4.5,10988
tt2372678,movie,2 States,2014,149,"Comedy,Drama,Romance",6.9,28533
tt23736044,movie,Monster,2023,127,"Drama,Mystery,Thriller",7.8,42298
tt2375379,movie,One Piece Film: Z,2012,108,"Action,Adventure,Animation",7.7,11798
tt2375559,movie,1: Nenokkadine,2014,170,"Action,Thriller",7.9,47852
tt2375574,movie,A Field in England,2013,90,"Drama,History,Horror",6.2,15122
tt2375605,movie,The Act of Killing,2012,117,"Biography,Crime,Documentary",8.2,44464
tt2376218,movie,The Forger,2014,92,"Crime,Drama,Thriller",5.8,14104
tt23770030,movie,Memoir of a Snail,2024,95,"Animation,Drama",7.8,25964
tt2377322,movie,Deliver Us from Evil,2014,118,"Crime,Horror,Mystery",6.2,91348
tt23778968,movie,Thelma,2024,98,"Action,Comedy",6.9,29255
tt2377938,movie,Special 26,2013,144,"Crime,Drama,History",8.0,62564
tt23782584,movie,Nr. 24,2024,111,"Biography,Drama,War",7.5,20558
tt2378281,movie,Instructions Not Included,2013,122,"Comedy,Drama",7.5,34579
tt2378507,movie,The Glass Castle,2017,127,"Biography,Drama",7.1,41206
tt23790696,movie,The Raja Saab,2026,190,"Action,Comedy,Fantasy",3.1,11809
tt23790740,movie,Srikanth,2024,134,"Biography,Drama",7.4,14679
tt2379713,movie,Spectre,2015,148,"Action,Adventure,Thriller",6.8,498447
tt2380307,movie,Coco,2017,105,"Adventure,Animation,Drama",8.4,714030
tt2380331,movie,Words and Pictures,2013,111,"Comedy,Drama,Romance",6.6,12015
tt23804696,movie,HIT: The 3rd Case,2025,154,"Action,Crime,Thriller",6.9,14291
tt2381111,movie,Brooklyn,2015,117,"Drama,Romance",7.5,158893
tt2381249,movie,Mission: Impossible - Rogue Nation,2015,131,"Action,Adventure,Thriller",7.4,447377
tt2381335,movie,Fed Up,2014,92,Documentary,7.7,12700
tt2381941,movie,Focus,2015,105,"Comedy,Crime,Drama",6.6,295840
tt2381991,movie,The Huntsman: Winter's War,2016,114,"Action,Adventure,Drama",6.1,127074
tt2382009,movie,Nymphomaniac: Vol. II,2013,124,Drama,6.6,104068
tt2382298,movie,Life Itself,2014,121,"Biography,Documentary",7.8,16771
tt2382320,movie,No Time to Die,2021,163,"Action,Adventure,Thriller",7.3,490223
tt2382396,movie,Joe,2013,117,"Crime,Drama,Thriller",6.8,53629
tt2383068,movie,The Sacrament,2013,99,"Horror,Thriller",6.1,23206
tt23849204,movie,12th Fail,2023,147,"Biography,Drama",8.7,173690
tt2385104,movie,D-Day,2013,153,"Action,Thriller",7.2,10791
tt23853982,movie,Parthenope,2024,137,"Drama,Fantasy",6.5,21143
tt2386237,movie,Malevolent,2018,89,"Horror,Mystery,Thriller",4.9,19994
tt2386404,movie,He Never Died,2015,99,"Comedy,Drama,Fantasy",6.3,23577
tt2386490,movie,How to Train Your Dragon: The Hidden World,2019,104,"Action,Adventure,Animation",7.4,180733
tt2387433,movie,Dark Skies,2013,97,"Horror,Sci-Fi,Thriller",6.3,85181
tt2387499,movie,Keeping Up with the Joneses,2016,105,"Action,Comedy",5.9,72343
tt2387559,movie,Delivery Man,2013,105,"Comedy,Drama",6.3,86008
tt2388637,movie,Ain't Them Bodies Saints,2013,96,"Crime,Drama,Romance",6.4,23718
tt2388715,movie,Oculus,2013,104,"Horror,Mystery,Thriller",6.6,150285
tt2388771,movie,Mowgli: Legend of the Jungle,2018,104,"Adventure,Drama,Fantasy",6.5,69642
tt2389182,movie,Cheap Thrills,2013,88,"Comedy,Crime,Drama",6.7,21526
tt2390237,movie,Cuban Fury,2014,98,"Comedy,Romance,Sport",6.2,20559
tt2390361,movie,Enough Said,2013,93,"Comedy,Drama,Romance",7.0,70448
tt2393827,movie,Howl,2015,92,"Action,Fantasy,Horror",5.5,18364
tt2393845,movie,Kill Me Three Times,2014,90,"Action,Adventure,Comedy",5.8,24870
tt2395427,movie,Avengers: Age of Ultron,2015,141,"Action,Adventure,Sci-Fi",7.3,1005894
tt2395469,movie,Gully Boy,2019,154,"Drama,Music,Romance",7.9,47581
tt2396431,movie,Dear Santa,2024,107,"Comedy,Fantasy",5.4,22297
tt2396566,movie,20 Feet from Stardom,2013,91,"Biography,Documentary,History",7.4,14508
tt2396589,movie,Mudbound,2017,134,"Drama,War",7.4,57738
tt2397461,movie,Clifford the Big Red Dog,2021,96,"Adventure,Comedy,Family",5.9,19112
tt2397535,movie,Predestination,2014,97,"Action,Drama,Sci-Fi",7.4,336474
tt2398149,movie,An Officer and a Spy,2019,132,"Drama,History,Thriller",7.2,23354
tt2398231,movie,The Homesman,2014,122,"Drama,Western",6.6,38653
tt2398241,movie,Smurfs: The Lost Village,2017,90,"Adventure,Animation,Comedy",6.0,27679
tt2398249,movie,They Came Together,2014,83,"Comedy,Romance",5.6,26645
tt2400463,movie,The Invitation,2015,100,"Drama,Horror,Mystery",6.6,130056
tt2401097,movie,Tracers,2015,94,"Action,Crime,Drama",5.6,20802
tt2401807,movie,Rage,2014,92,"Action,Thriller",5.0,26450
tt2401878,movie,Anomalisa,2015,90,"Animation,Comedy,Drama",7.2,78927
tt2402101,movie,Dark Places,2015,113,"Crime,Drama,Mystery",6.2,50155
tt2402105,movie,Dom Hemingway,2013,93,"Comedy,Crime,Drama",6.1,28215
tt2402157,movie,The November Man,2014,108,"Action,Adventure,Crime",6.3,73337
tt2402927,movie,Carol,2015,118,"Drama,Romance",7.3,154279
tt2403021,movie,The Green Inferno,2013,100,"Adventure,Horror",5.4,55129
tt2403029,movie,The Starving Games,2013,83,"Adventure,Comedy,Sci-Fi",3.3,24289
tt2404181,movie,Belle,2013,100,"Biography,Drama,Romance",7.3,34973
tt2404233,movie,Gods of Egypt,2016,127,"Action,Adventure,Drama",5.4,136125
tt2404311,movie,The Family,2013,111,"Comedy,Crime,Thriller",6.3,128435
tt2404425,movie,Woman in Gold,2015,109,"Biography,Drama,History",7.3,66164
tt2404435,movie,The Magnificent Seven,2016,132,"Action,Adventure,Drama",6.9,246851
tt2404461,movie,The Past,2013,130,"Drama,Mystery",7.7,52554
tt2404463,movie,The Heat,2013,117,"Action,Comedy,Crime",6.6,189109
tt2404465,movie,Troop Zero,2019,94,"Comedy,Drama,Family",6.9,13055
tt2404738,movie,Witching and Bitching,2013,112,"Action,Adventure,Comedy",6.4,16273
tt24060892,movie,They Call Him OG,2025,155,"Action,Crime,Drama",6.0,11881
tt2406252,movie,Venus in Fur,2013,96,Drama,7.1,22107
tt2406566,movie,Atomic Blonde,2017,115,"Action,Adventure,Thriller",6.7,220755
tt24068064,movie,Reality,2023,83,"Biography,Drama",6.7,30695
tt24082438,movie,20 Days in Mariupol,2023,97,"Documentary,War",8.6,63683
tt2409818,movie,Open Windows,2014,100,"Crime,Mystery,Thriller",5.1,15760
tt24132732,movie,The Deepest Breath,2023,108,"Adventure,Documentary,Sport",7.7,17403
tt2414766,movie,Frequencies,2013,109,"Mystery,Romance,Sci-Fi",6.7,15294
tt2415458,movie,The Wolfpack,2015,90,"Biography,Documentary",7.0,13889
tt24169886,movie,The Instigators,2024,101,"Action,Comedy,Crime",6.2,44163
tt24176060,movie,Queer,2024,137,"Biography,Drama,History",6.3,30484
tt2417712,movie,Goon: Last of the Enforcers,2017,101,"Comedy,Sport",5.8,16107
tt24216998,movie,Humanist Vampire Seeking Consenting Suicidal Person,2023,90,"Comedy,Drama,Fantasy",7.0,12270
tt24225606,movie,Metro in Dino,2025,162,"Drama,Musical,Romance",6.6,23181
tt24226474,movie,Jigarthanda Double X,2023,172,"Action,Comedy,Drama",8.0,11958
tt2424988,movie,Gabbar Is Back,2015,128,"Action,Crime,Drama",7.0,29673
tt24268454,movie,The Kerala Story,2023,138,Drama,6.7,80301
tt2427892,movie,Tom at the Farm,2013,102,"Drama,Mystery,Thriller",6.9,20219
tt2428170,movie,Creep,2014,77,"Horror,Thriller",6.3,85346
tt2429074,movie,G.B.F.,2013,92,"Comedy,Drama,Romance",5.9,11786
tt2431286,movie,Philomena,2013,98,"Biography,Comedy,Drama",7.6,107460
tt2436386,movie,Project Almanac,2015,106,"Drama,Mystery,Sci-Fi",6.4,88552
tt2436516,movie,Go Goa Gone,2013,111,"Action,Adventure,Comedy",6.7,17234
tt2436682,movie,The Duel,2016,110,"Drama,Western",5.8,12812
tt2438644,movie,Department Q: The Keeper of Lost Causes,2013,96,"Crime,Drama,Mystery",7.2,36400
tt24429218,movie,Genie,2023,93,"Comedy,Fantasy",5.9,13172
tt24458622,movie,The Six Triple Eight,2024,127,"Drama,History,War",6.7,32344
tt2446042,movie,Taken 3,2014,108,"Action,Crime,Thriller",6.0,215509
tt2446980,movie,Joy,2015,124,"Biography,Drama",6.6,152747
tt24485052,movie,Sirf Ek Bandaa Kaafi Hai,2023,132,"Crime,Drama,Thriller",8.0,31183
tt2450186,movie,V/H/S/2,2013,96,"Horror,Thriller",6.0,48852
tt24509990,movie,The Hatchet Wielding Hitchhiker,2023,85,"Crime,Documentary",6.2,14988
tt24517830,movie,Bad Newz,2024,142,"Comedy,Romance",4.7,27652
tt2452042,movie,The Peanuts Movie,2015,88,"Adventure,Animation,Comedy",7.0,53717
tt2452150,movie,Respect,2021,145,"Biography,Drama,Music",6.6,19613
tt2452200,movie,Son of a Gun,2014,108,"Action,Crime,Drama",6.4,31128
tt2452244,movie,Isn't It Romantic,2019,89,"Comedy,Fantasy,Musical",5.9,77289
tt2452254,movie,Clouds of Sils Maria,2014,124,Drama,6.7,32615
tt2452386,movie,The Fundamentals of Caring,2016,97,"Comedy,Drama",7.3,87460
tt24577462,movie,Afraid,2024,84,"Horror,Mystery,Sci-Fi",5.2,18140
tt2458106,movie,Ninja: Shadow of a Tear,2013,95,"Action,Thriller",6.1,14301
tt2458948,movie,Evangelion: 3.0+1.0 Thrice Upon a Time,2021,155,"Action,Animation,Drama",8.0,18401
tt2459156,movie,Copenhagen,2014,98,"Adventure,Drama,Romance",7.0,14302
tt2461132,movie,Happy New Year,2014,180,"Action,Comedy,Drama",5.1,44740
tt2461150,movie,Masterminds,2016,95,"Biography,Comedy,Crime",5.9,66325
tt2461520,movie,Man Down,2015,90,"Drama,Thriller,War",6.0,11930
tt2463208,movie,The Adam Project,2022,106,"Action,Adventure,Comedy",6.7,259368
tt2463288,movie,Walk of Shame,2014,95,Comedy,6.0,59460
tt2465146,movie,And So It Goes,2014,94,"Comedy,Drama,Romance",5.9,16846
tt2465578,movie,Human Capital,2013,111,"Crime,Drama",7.2,14161
tt2467046,movie,Left Behind,2014,110,"Action,Fantasy,Sci-Fi",3.2,44586
tt2468774,movie,Confession of Murder,2012,119,"Action,Crime,Mystery",7.0,12978
tt2471640,movie,The Mountain,2012,90,"Adventure,Drama,Thriller",7.5,26123
tt2473510,movie,Paranormal Activity: The Ghost Dimension,2015,88,"Horror,Mystery",4.6,33543
tt2473602,movie,Get on Up,2014,139,"Biography,Drama,Music",6.9,27327
tt2473682,movie,Paranormal Activity: The Marked Ones,2014,84,"Horror,Mystery",5.1,48286
tt2473794,movie,Mr. Turner,2014,150,"Biography,Drama,History",6.8,28732
tt2474024,movie,The Last Five Years,2014,94,"Comedy,Drama,Musical",5.9,11305
tt2474958,movie,Kill Your Friends,2015,103,"Comedy,Crime,Music",6.0,10755
tt2474976,movie,The Hallow,2015,97,"Fantasy,Horror,Thriller",5.7,20194
tt2479478,movie,The Ridiculous 6,2015,119,"Action,Adventure,Comedy",4.9,58928
tt2479800,movie,Palo Alto,2013,100,Drama,6.1,33664
tt24807110,movie,Don't Move,2024,92,"Horror,Thriller",5.8,46356
tt2481480,movie,Rob the Mob,2014,104,"Biography,Crime,Drama",6.3,12422
tt2481498,movie,"Extremely Wicked, Shockingly Evil and Vile",2019,110,"Biography,Crime,Drama",6.7,112826
tt24852126,movie,Jingle Bell Heist,2025,96,"Comedy,Crime,Romance",5.8,14494
tt2486678,movie,5 to 7,2014,95,"Comedy,Drama,Romance",7.1,22406
tt24870072,movie,Locked In,2023,96,"Drama,Mystery,Thriller",5.1,11861
tt24871974,movie,Subservience,2024,106,"Sci-Fi,Thriller",5.4,36932
tt2488496,movie,Star Wars: Episode VII - The Force Awakens,2015,138,"Action,Adventure,Sci-Fi",7.7,1029311
tt2490326,movie,Cooties,2014,88,"Action,Comedy,Horror",5.7,30981
tt2493486,movie,Last Knights,2015,115,"Action,Drama",6.2,47906
tt2494280,movie,Stretch,2014,94,"Comedy,Crime",6.5,32959
tt2494362,movie,Bone Tomahawk,2015,132,"Drama,Horror,Western",7.1,140912
tt24950660,movie,Eternity,2025,114,"Comedy,Drama,Fantasy",6.9,62572
tt2495118,movie,Ip Man: The Final Fight,2013,100,"Action,Biography,Drama",6.1,11869
tt2499472,movie,Point Blank,2019,86,"Action,Crime,Drama",5.7,16560
tt2503154,movie,The Den,2013,76,"Horror,Mystery,Thriller",6.0,16992
tt2503944,movie,Burnt,2015,101,"Comedy,Drama",6.6,143493
tt2505294,movie,Ask Me Anything,2014,100,"Comedy,Drama,Mystery",6.0,13630
tt2509850,movie,The Rewrite,2014,107,"Comedy,Romance",6.3,23800
tt2510894,movie,Hotel Transylvania 2,2015,89,"Adventure,Animation,Comedy",6.6,163543
tt2511428,movie,Cold Comes the Night,2013,90,"Action,Crime,Mystery",5.7,10602
tt2513074,movie,Billy Lynn's Long Halftime Walk,2016,113,"Action,Drama,Sport",6.2,25356
tt2515030,movie,Escobar: Paradise Lost,2014,120,"Crime,Drama,History",6.5,24278
tt2515034,movie,The Gunman,2015,115,"Action,Crime,Mystery",5.8,45550
tt2515086,movie,One Direction: This Is Us,2013,92,"Documentary,Music",4.4,25579
tt2517658,movie,The Canal,2014,92,"Drama,Horror,Mystery",5.8,15663
tt2524674,movie,Wetlands,2013,109,"Comedy,Drama",5.8,12999
tt2527186,movie,All Cheerleaders Die,2013,89,"Comedy,Horror",5.1,10056
tt2527336,movie,Star Wars: Episode VIII - The Last Jedi,2017,152,"Action,Adventure,Fantasy",6.8,721826
tt2527338,movie,Star Wars: Episode IX - The Rise of Skywalker,2019,141,"Action,Adventure,Fantasy",6.3,545525
tt25274786,movie,Kannur Squad,2023,161,"Action,Crime,Drama",7.6,12466
tt2528814,movie,God's Not Dead,2014,113,"Drama,Romance",4.6,46850
tt2531318,movie,The Beatles: Eight Days a Week - The Touring Years,2016,106,"Documentary,History,Music",7.8,14452
tt2531344,movie,Blockers,2018,102,"Comedy,Drama",6.2,92191
tt2535470,movie,Wyrmwood: Road of the Dead,2014,98,"Action,Comedy,Horror",6.2,19347
tt2537176,movie,I Spit on Your Grave 2,2013,106,"Horror,Thriller",5.7,36595
tt2543164,movie,Arrival,2016,116,"Drama,Mystery,Sci-Fi",7.9,869013
tt25433734,movie,Hi Nanna,2023,155,"Drama,Family,Romance",8.3,26706
tt2543472,movie,Wonder,2017,113,"Drama,Family",7.9,197665
tt25434834,movie,Viduthalai Part 2,2024,170,"Action,Crime,Drama",7.5,18318
tt2544766,movie,The Admiral,2015,151,"Action,Biography,Drama",7.0,11072
tt2545118,movie,Blackfish,2013,83,"Documentary,Drama,Thriller",8.1,76696
tt2545428,movie,Meru,2015,90,"Adventure,Documentary,Sport",7.7,20770
tt25471950,movie,Flora and Son,2023,97,"Comedy,Music,Romance",7.0,16782
tt2547584,movie,The Light Between Oceans,2016,133,"Drama,Romance",7.2,63232
tt2548396,movie,The Cloverfield Paradox,2018,102,"Horror,Sci-Fi,Thriller",5.5,121728
tt2554274,movie,Crimson Peak,2015,119,"Drama,Horror,Mystery",6.5,170003
tt2555736,movie,The Second Best Exotic Marigold Hotel,2015,122,"Comedy,Drama,Romance",6.5,37812
tt2555958,movie,Arrambam,2013,157,"Action,Drama,Mystery",7.0,11022
tt2556308,movie,Holiday,2014,160,"Action,Crime,Thriller",7.2,32065
tt2557478,movie,Pacific Rim: Uprising,2018,111,"Action,Adventure,Sci-Fi",5.6,137812
tt2557490,movie,A Million Ways to Die in the West,2014,116,"Comedy,Western",6.1,211019
tt2560078,movie,Boston Strangler,2023,112,"Crime,Drama,History",6.5,41584
tt2561546,movie,The Town That Dreaded Sundown,2014,86,"Horror,Mystery,Thriller",5.6,18862
tt2561572,movie,Get Hard,2015,100,"Comedy,Crime,Drama",6.0,155751
tt2562232,movie,Birdman or (The Unexpected Virtue of Ignorance),2014,119,"Comedy,Drama",7.7,700279
tt2567026,movie,Alice Through the Looking Glass,2016,113,"Adventure,Family,Fantasy",6.2,135508
tt2567712,movie,Starred Up,2013,106,"Crime,Drama,Thriller",7.3,51673
tt2568862,movie,Going in Style,2017,96,"Comedy,Crime",6.6,99880
tt2570858,movie,The Duke of Burgundy,2014,104,"Drama,Romance",6.5,15440
tt2571140,movie,Boss,2013,143,"Action,Comedy,Drama",5.1,13111
tt2574698,movie,Gunday,2014,152,"Action,Drama,Musical",2.8,61405
tt2576852,movie,The Tale of The Princess Kaguya,2013,137,"Animation,Drama,Family",8.0,62428
tt2577172,movie,Girl House,2014,101,"Horror,Thriller",5.5,10736
tt2580382,movie,The Survivalist,2015,104,"Drama,Sci-Fi,Thriller",6.4,20429
tt2581244,movie,Life After Beth,2014,89,"Comedy,Fantasy,Horror",5.7,26183
tt2582496,movie,Me and Earl and the Dying Girl,2015,105,"Comedy,Drama",7.7,144818
tt2582498,movie,Sweet Virginia,2017,93,"Drama,Thriller",6.2,12516
tt2582500,movie,Shut In,2016,91,"Drama,Horror,Mystery",4.8,15670
tt2582502,movie,Fathers & Daughters,2015,116,Drama,7.0,30885
tt2582576,movie,Sand Castle,2017,113,"Action,Drama,War",6.3,31059
tt2582782,movie,Hell or High Water,2016,102,"Crime,Drama,Thriller",7.6,279136
tt2582784,movie,Flower,2017,90,"Comedy,Drama,Romance",6.0,11732
tt2582802,movie,Whiplash,2014,106,"Drama,Music",8.5,1163534
tt2582846,movie,The Fault in Our Stars,2014,126,"Drama,Romance",7.6,425697
tt2584384,movie,Jojo Rabbit,2019,108,"Comedy,Drama,War",7.9,490225
tt2591814,movie,The Garden of Words,2013,46,"Animation,Drama,Romance",7.4,60866
tt2592614,movie,Resident Evil: The Final Chapter,2016,107,"Action,Horror,Sci-Fi",5.5,109065
tt2597768,movie,Come and Find Me,2016,112,"Action,Drama,Mystery",5.7,10298
tt2597892,movie,Viral,2016,85,"Drama,Horror,Sci-Fi",5.5,11308
tt2599716,movie,Police Story: Lockdown,2013,110,"Action,Crime,Drama",5.9,11519
tt26047818,movie,Anyone But You,2023,103,"Comedy,Romance",6.1,175580
tt2608224,movie,The Butterfly's Dream,2013,138,"Biography,Drama,History",7.6,26244
tt26084002,movie,Self Reliance,2023,85,"Comedy,Thriller",6.0,23339
tt2608732,movie,TPB AFK: The Pirate Bay Away from Keyboard,2013,85,Documentary,7.4,14215
tt2610768,movie,Celal and Ceren,2013,114,"Comedy,Romance",3.3,44812
tt2611652,movie,Virgin Mountain,2015,94,"Drama,Romance",7.4,10419
tt2614684,movie,'71,2014,99,"Action,Crime,Drama",7.2,65043
tt26160190,movie,Unlocked,2023,117,"Crime,Drama,Mystery",6.4,14320
tt2617676,movie,Thalaivaa,2013,179,"Action,Crime,Drama",6.3,12857
tt2617828,movie,Free Fall,2013,97,"Drama,Romance",7.5,24594
tt2620590,movie,Leatherface,2017,90,"Crime,Drama,Horror",5.0,31458
tt2621000,movie,Jolly LLB,2013,135,"Comedy,Crime,Drama",7.5,25415
tt26229612,movie,The Diplomat,2025,130,"Drama,Thriller",7.0,16937
tt26233598,movie,Raayan,2024,145,"Action,Crime,Drama",6.5,13888
tt2625030,movie,New World,2013,135,"Action,Crime,Drama",7.5,28973
tt2625810,movie,Into the Forest,2015,101,"Drama,Sci-Fi,Thriller",5.8,23119
tt2626350,movie,Step Up All In,2014,112,"Drama,Music,Romance",5.9,37605
tt2631186,movie,Baahubali: The Beginning,2015,159,"Action,Drama",8.0,154972
tt26342662,movie,M3GAN 2.0,2025,120,"Action,Sci-Fi,Thriller",6.0,54100
tt26350277,movie,Ballerina,2023,92,"Action,Thriller",6.3,19533
tt2637276,movie,Ted 2,2015,115,Comedy,6.3,262311
tt2637294,movie,Hot Tub Time Machine 2,2015,93,"Comedy,Mystery,Sci-Fi",5.0,45343
tt2638144,movie,Ben-Hur,2016,123,"Action,Adventure,Drama",5.7,50120
tt2639254,movie,A Little Chaos,2014,117,"Drama,Romance",6.5,26986
tt2639336,movie,Greta,2018,98,"Drama,Mystery,Thriller",6.1,42065
tt2639344,movie,Love Is Strange,2014,94,"Drama,Romance",6.7,13792
tt26394837,movie,Code 3,2025,104,"Action,Comedy,Drama",7.2,20129
tt26439764,movie,Kantara: A Legend - Chapter 1,2025,165,"Action,Adventure,Drama",8.1,57498
tt26440619,movie,Afire,2023,102,"Comedy,Drama,Romance",7.0,11370
tt26443597,movie,Zootopia 2,2025,108,"Adventure,Animation,Comedy",7.3,143139
tt26443616,movie,Hoppers,2026,104,"Adventure,Animation,Comedy",7.2,70058
tt26445483,movie,Fukrey 3,2023,147,"Comedy,Crime,Drama",5.5,25983
tt26446278,movie,The Count of Monte Cristo,2024,178,"Action,Adventure,Drama",7.6,49130
tt2645092,movie,Hükümet Kadin,2013,99,Comedy,6.5,10520
tt26458038,movie,Manjummel Boys,2024,135,"Adventure,Drama,Thriller",8.2,34185
tt26470109,movie,Oddity,2024,98,"Horror,Mystery,Thriller",6.7,60562
tt2649554,movie,Midnight Special,2016,112,"Drama,Mystery,Sci-Fi",6.6,86836
tt2650978,movie,The Dark Valley,2014,115,"Action,Drama,Western",7.1,15300
tt2652092,movie,The Good Lie,2014,110,"Biography,Drama",7.4,35875
tt2652118,movie,"Crouching Tiger, Hidden Dragon: Sword of Destiny",2016,96,"Action,Adventure,Drama",6.1,21919
tt26537229,movie,Demon Slayer: Kimetsu No Yaiba - To the Swordsmith Village,2023,110,"Action,Adventure,Animation",7.7,17630
tt26547864,movie,The Conference,2023,100,"Comedy,Horror,Mystery",5.7,16447
tt26548265,movie,Maharaja,2024,141,"Action,Crime,Drama",8.3,83269
tt26581740,movie,Weapons,2025,128,"Horror,Mystery",7.4,375573
tt26584495,movie,Companion,2025,97,"Sci-Fi,Thriller",6.9,181492
tt2659414,movie,Miracle in Cell No. 7,2013,127,"Comedy,Drama",8.1,26289
tt26596953,movie,Forgotten Love,2023,140,"Drama,Romance",7.5,14068
tt2660888,movie,Star Trek Beyond,2016,122,"Action,Adventure,Sci-Fi",7.0,270704
tt26612950,movie,The Teachers' Lounge,2023,98,"Drama,Thriller",7.4,30964
tt26625693,movie,The Order,2024,116,"Crime,Drama,Thriller",6.8,63268
tt26655658,movie,Kaushaljis vs Kaushal,2025,131,Drama,6.1,10923
tt26657236,movie,Backrooms,2026,110,"Horror,Sci-Fi,Thriller",7.0,97858
tt26658104,movie,Imaginary,2024,104,"Horror,Mystery,Thriller",4.8,20203
tt26658272,movie,Amar Singh Chamkila,2024,145,"Biography,Drama,Music",7.8,17482
tt26659814,movie,Auron Mein Kahan Dum Tha,2024,150,"Action,Crime,Drama",6.2,41255
tt26660021,movie,Aavesham,2024,155,"Action,Comedy",7.8,33413
tt26671996,movie,Locked,2025,95,Thriller,5.7,26266
tt2667380,movie,Kill Command,2016,99,"Action,Horror,Sci-Fi",5.7,16224
tt26674627,movie,Resident Evil: Death Island,2023,91,"Action,Animation,Horror",5.7,11667
tt26675491,movie,Bro,2023,134,"Comedy,Drama,Family",6.0,11025
tt26677014,movie,The Penguin Lessons,2024,111,Drama,7.1,12039
tt26678938,movie,Pretty Lethal,2026,88,"Action,Horror,Thriller",5.8,14338
tt2668134,movie,Harlock: Space Pirate,2013,115,"Action,Adventure,Animation",6.4,13376
tt26683420,movie,John Candy: I Like Me,2025,113,"Biography,Comedy,Documentary",8.0,12301
tt2669336,movie,Time Lapse,2014,104,"Mystery,Sci-Fi,Thriller",6.5,53196
tt2671706,movie,Fences,2016,139,Drama,7.2,125805
tt26733317,movie,Jigra,2024,153,"Action,Crime,Drama",6.0,25102
tt26733325,movie,Homebound,2025,119,Drama,7.9,13928
tt26735622,movie,Balls Up,2026,104,"Action,Comedy,Crime",4.7,13814
tt26736843,movie,The Watchers,2024,102,"Fantasy,Horror,Mystery",5.7,71349
tt26743210,movie,How to Train Your Dragon,2025,125,"Action,Adventure,Comedy",7.7,136977
tt2674358,movie,The Hunter's Prayer,2017,91,"Action,Thriller",5.6,11158
tt2674426,movie,Me Before You,2016,110,"Drama,Romance",7.4,338143
tt26744289,movie,Infested,2023,106,Horror,6.2,15127
tt2674454,movie,Churchill,2017,105,"Biography,Drama,History",6.0,16379
tt26745657,movie,Madgaon Express,2024,143,"Comedy,Drama",7.0,42802
tt26753003,movie,Trap,2024,105,"Crime,Horror,Mystery",5.8,168380
tt26757462,movie,Hellboy: The Crooked Man,2024,99,"Action,Adventure,Fantasy",4.5,18044
tt26758372,movie,Meiyazhagan,2024,177,"Drama,Family",8.5,23125
tt2675914,movie,In Order of Disappearance,2014,116,"Action,Comedy,Crime",7.1,31023
tt2677722,movie,City of Lies,2018,112,"Biography,Crime,Drama",6.5,23023
tt26783625,movie,Bone Lake,2024,94,"Horror,Thriller",5.6,14781
tt2678948,movie,Jilla,2014,185,"Action,Crime,Drama",6.2,15274
tt2679042,movie,Hitman: Agent 47,2015,96,"Action,Adventure,Crime",5.7,101710
tt2679552,movie,I.T.,2016,95,"Crime,Drama,Mystery",5.5,17633
tt2690138,movie,The D Train,2015,101,"Comedy,Drama",5.1,12254
tt26903104,movie,Saripodhaa Sanivaaram,2024,166,"Action,Crime,Drama",7.1,13662
tt26915336,movie,Mars Express,2023,88,"Action,Animation,Mystery",7.5,15229
tt2692250,movie,Night at the Museum: Secret of the Tomb,2014,98,"Adventure,Comedy,Family",6.2,150465
tt26926267,movie,Mother of the Bride,2024,88,"Comedy,Drama,Romance",4.9,18297
tt26927452,movie,Hurry Up Tomorrow,2025,105,Thriller,4.2,12653
tt2692904,movie,Locke,2013,85,Drama,7.1,169712
tt26932223,movie,Bhool Bhulaiyaa 3,2024,158,"Comedy,Fantasy,Horror",4.6,79136
tt2693664,movie,Young Ones,2014,100,"Action,Drama,Romance",5.8,10984
tt26936666,movie,Vettaiyan,2024,163,"Action,Crime,Drama",6.8,41276
tt26940324,movie,Jackpot!,2024,106,"Action,Comedy",5.8,35075
tt27012110,movie,Gaslight,2023,111,"Crime,Horror,Mystery",5.8,26444
tt2702724,movie,The Boss,2016,99,Comedy,5.4,51089
tt27028399,movie,Murder Mubarak,2024,140,"Comedy,Horror,Mystery",5.8,51536
tt2702920,movie,The Secret Garden,2020,99,"Drama,Family,Fantasy",5.6,11144
tt27047903,movie,Scream 7,2026,114,"Horror,Mystery,Thriller",5.5,59938
tt2704998,movie,Game Night,2018,100,"Action,Adventure,Comedy",6.9,280799
tt27051027,movie,Love Li,2024,168,"Drama,Romance",6.5,14848
tt27052633,movie,Echo Valley,2025,104,"Drama,Thriller",6.3,24428
tt27056012,movie,Khel Khel Mein,2024,135,"Comedy,Drama",6.5,28528
tt27056066,movie,Sky Force,2025,125,"Action,Drama,Thriller",6.8,13976
tt27075958,movie,Fountain of Youth,2025,125,"Action,Adventure,Fantasy",5.7,53776
tt2707858,movie,Yves Saint Laurent,2014,106,"Biography,Drama",6.2,13778
tt2709692,movie,The Grinch,2018,86,"Animation,Comedy,Family",6.4,114332
tt2709768,movie,The Secret Life of Pets,2016,86,"Adventure,Animation,Comedy",6.5,237003
tt27118357,movie,Amaran,2024,167,"Action,Biography,Drama",8.1,24131
tt27131358,movie,We Live in Time,2024,108,"Drama,Romance",7.0,73333
tt2713180,movie,Fury,2014,134,"Action,Drama,War",7.6,611996
tt27145269,movie,Mr. Monk's Last Case: A Monk Movie,2023,97,"Comedy,Crime,Mystery",6.7,13623
tt2714900,movie,Finding Vivian Maier,2013,83,"Biography,Documentary,History",7.7,15844
tt27155038,movie,Ruby Gillman: Teenage Kraken,2023,91,"Action,Adventure,Animation",5.7,14540
tt27162102,movie,The Bhootnii,2025,130,"Action,Comedy,Horror",3.7,11998
tt2716382,movie,Sea Fever,2019,95,"Drama,Horror,Mystery",5.7,16106
tt2717822,movie,Blackhat,2015,133,"Action,Crime,Thriller",5.5,67657
tt2717860,movie,The Riot Club,2014,107,"Drama,Thriller",6.0,25098
tt2718440,movie,Moonwalkers,2015,96,"Action,Comedy",6.1,10346
tt2718492,movie,Ida,2013,82,Drama,7.4,63328
tt27196021,movie,Small Things Like These,2024,98,Drama,6.7,38724
tt27197387,movie,AKA,2023,122,"Action,Crime,Thriller",6.6,15010
tt2719848,movie,Everest,2015,121,"Adventure,Biography,Drama",7.1,247972
tt2720680,movie,The Salvation,2014,92,"Action,Drama,Thriller",6.7,46625
tt27218960,movie,Y2K,2024,91,"Comedy,Horror,Sci-Fi",4.7,20916
tt27235410,movie,Sitaare Zameen Par,2025,155,"Comedy,Drama,Sport",6.9,34014
tt2725962,movie,What We Did on Our Holiday,2014,95,"Comedy,Drama",6.9,26181
tt2726560,movie,The Longest Ride,2015,123,"Drama,Romance",7.0,94930
tt27367464,movie,Kneecap,2024,105,"Comedy,Drama,Music",7.6,25382
tt2737050,movie,"Two Days, One Night",2014,95,Drama,7.3,52395
tt2737304,movie,Bird Box,2018,124,"Horror,Mystery,Sci-Fi",6.6,423732
tt27403986,movie,Juror #2,2024,114,"Crime,Drama,Mystery",7.0,127888
tt27419292,movie,Killer Heat,2024,95,"Crime,Drama,Mystery",5.6,15821
tt27425164,movie,War 2,2025,170,"Action,Adventure,Thriller",5.2,34096
tt27431598,movie,Bramayugam,2024,139,"Drama,Horror,Thriller",7.7,18071
tt27436132,movie,Identity,2025,157,"Action,Crime,Thriller",7.0,11356
tt27441481,movie,Coolie,2025,168,"Action,Crime,Thriller",6.0,24406
tt27459160,movie,Teri Baaton Mein Aisa Uljha Jiya,2024,141,"Comedy,Drama,Romance",6.2,55824
tt27470893,movie,Chandu Champion,2024,142,"Action,Biography,Drama",7.8,36607
tt27487934,movie,The Greatest of All Time,2024,183,"Action,Thriller",5.7,26306
tt27489557,movie,Abigail,2024,109,"Action,Comedy,Crime",6.5,121620
tt2749296,movie,The Beautiful Risk,2013,91,"Drama,Romance",5.5,10696
tt27501039,movie,Bloody Daddy,2023,121,"Action,Crime,Drama",6.5,23579
tt27503384,movie,Perfect Days,2023,124,Drama,7.9,107726
tt27510174,movie,Stree 2,2024,147,"Comedy,Horror",6.9,47050
tt2752200,movie,Young & Beautiful,2013,95,"Drama,Romance",6.7,41023
tt2752688,movie,Rosewater,2014,103,"Biography,Drama",6.6,11174
tt2752758,movie,Devil's Due,2014,89,"Horror,Mystery",4.2,18552
tt2752772,movie,Sinister 2,2015,97,"Horror,Mystery,Thriller",5.3,67651
tt27534307,movie,Speak No Evil,2024,110,"Drama,Horror,Thriller",6.8,139934
tt27540217,movie,Good Bad Ugly,2025,139,"Action,Crime,Drama",5.3,13527
tt27540542,movie,Lucky Baskhar,2024,148,"Crime,Drama,Thriller",8.0,42608
tt27542289,movie,Por Thozhil,2023,147,"Action,Crime,Thriller",8.0,13103
tt27542448,movie,Take Care of Maya,2023,103,Documentary,7.7,11885
tt27543578,movie,Good Fortune,2025,97,"Comedy,Fantasy,Romance",6.5,48727
tt27543632,movie,The Housemaid,2025,131,"Drama,Mystery,Thriller",6.7,168318
tt27552099,movie,Mike & Nick & Nick & Alice,2026,107,"Action,Comedy,Crime",6.2,22877
tt2756032,movie,The One I Love,2014,91,"Comedy,Drama,Fantasy",7.0,47469
tt27564844,movie,Iron Lung,2026,125,"Horror,Sci-Fi",5.8,28859
tt27578157,movie,Colors of Evil: Red,2024,111,"Crime,Drama,Mystery",6.4,10387
tt2758880,movie,Winter Sleep,2014,196,Drama,8.0,59076
tt27599851,movie,Apocalypse Z: The Beginning of the End,2024,117,"Action,Horror,Sci-Fi",6.1,23898
tt27613895,movie,GOAT,2026,100,"Adventure,Animation,Comedy",6.7,26717
tt27621210,movie,Ice Road: Vengeance,2025,112,"Action,Adventure,Thriller",4.9,18290
tt2762334,movie,Main Tera Hero,2014,128,"Action,Comedy,Romance",5.2,11328
tt2762506,movie,Bacurau,2019,131,"Action,Adventure,Drama",7.3,35047
tt2763304,movie,T2 Trainspotting,2017,117,"Comedy,Crime,Drama",7.1,141954
tt2764784,movie,Phoenix,2014,98,"Drama,History,Music",7.3,22177
tt27657135,movie,Saturday Night,2024,109,"Biography,Comedy,Drama",6.8,39457
tt27673536,movie,Mardaani 3,2026,129,"Action,Crime,Drama",6.1,10863
tt27674982,movie,The Ballad of Wallis Island,2025,99,"Comedy,Drama,Music",7.4,24695
tt27679608,movie,Fateh,2025,127,"Action,Crime,Thriller",6.1,20493
tt27681354,movie,In the Grey,2026,98,"Action,Drama,Thriller",6.3,25494
tt27688034,movie,The Moon,2023,129,"Action,Adventure,Drama",5.8,10279
tt2771200,movie,Beauty and the Beast,2017,129,"Adventure,Family,Fantasy",7.1,360038
tt2771372,movie,Veronica Mars,2014,107,"Crime,Drama,Mystery",6.7,57033
tt27714581,movie,Sentimental Value,2025,133,"Drama,Family",7.7,83393
tt27714946,movie,The Monkey,2025,98,Horror,5.9,95207
tt27719898,movie,Kaiva,2023,138,"Action,Drama,Romance",7.6,69651
tt27726927,movie,Wham!,2023,92,"Biography,Documentary,Music",7.5,10172
tt27729779,movie,The Platform 2,2024,99,"Horror,Sci-Fi,Thriller",4.9,47725
tt27744786,movie,Shaitaan,2024,132,"Drama,Horror,Thriller",6.5,56480
tt27757805,movie,Baby John,2024,159,"Action,Crime,Drama",5.0,19544
tt2776878,movie,Thank You for Your Service,2017,109,"Biography,Drama,War",6.6,17376
tt27802490,movie,Exhuma,2024,134,"Horror,Mystery",6.9,29778
tt27812086,movie,Cleaner,2025,97,"Action,Drama,Thriller",5.2,16726
tt27813235,movie,The Surfer,2024,100,Thriller,5.9,21220
tt27817389,movie,The Last Viking,2025,116,"Comedy,Crime,Drama",7.2,14802
tt2781832,movie,Final Prayer,2013,89,"Horror,Sci-Fi,Thriller",5.8,13274
tt2784512,movie,Zombeavers,2014,77,"Comedy,Horror",4.8,23051
tt2784678,movie,Top Five,2014,102,"Comedy,Romance",6.4,28403
tt27847051,movie,The Secret Agent,2025,161,"Crime,Drama,Mystery",7.2,58447
tt2784936,movie,Backtrack,2015,90,"Drama,Fantasy,Horror",5.9,14864
tt2785032,movie,The Little Death,2014,96,"Comedy,Drama,Romance",7.0,28700
tt27852049,movie,Deva,2025,156,"Action,Crime,Drama",6.6,30107
tt27866781,movie,Kaalidhar Laapata,2025,109,"Comedy,Drama",7.6,10212
tt2788710,movie,The Interview,2014,112,"Action,Adventure,Comedy",6.5,378039
tt2788716,movie,Welcome to Me,2014,87,"Comedy,Drama",5.9,20397
tt2788732,movie,Pete's Dragon,2016,102,"Action,Adventure,Comedy",6.7,64573
tt27902121,movie,Super/Man: The Christopher Reeve Story,2024,104,"Biography,Documentary",8.0,11726
tt27911000,movie,Terrifier 3,2024,125,Horror,6.2,63749
tt27922706,movie,Chhaava,2025,161,"Action,Drama,History",7.3,44693
tt27930683,movie,Agni,2024,122,"Action,Drama",7.1,15444
tt27933364,movie,Mortal World 2,2023,117,Comedy,6.8,11838
tt2793490,movie,Starry Eyes,2014,98,"Horror,Mystery",6.0,24223
tt27940442,movie,Blackout,2024,122,"Comedy,Thriller",6.1,11563
tt27986457,movie,She Rides Shotgun,2025,120,"Action,Drama,Thriller",6.5,14248
tt27989067,movie,Lust Stories 2,2023,132,"Drama,Romance",5.7,52135
tt2798920,movie,Annihilation,2018,115,"Adventure,Drama,Horror",6.8,395587
tt2799166,movie,The Pyramid,2014,89,"Adventure,Horror,Mystery",4.7,29143
tt27995594,movie,Munjya,2024,123,"Comedy,Horror",6.3,28906
tt27996020,movie,Jolly LLB 3,2025,157,"Comedy,Drama",6.4,41368
tt2800240,movie,Serial Bad Weddings,2014,97,Comedy,7.0,48542
tt28015403,movie,Heretic,2024,111,"Horror,Thriller",7.0,230658
tt2802136,movie,Home Sweet Hell,2015,98,"Comedy,Crime,Horror",5.5,17851
tt2802144,movie,Kingsman: The Secret Service,2014,129,"Action,Adventure,Comedy",7.7,779432
tt2802154,movie,Leviathan,2014,140,"Crime,Drama",7.6,60247
tt28037987,movie,Saiyaara,2025,150,"Drama,Musical,Romance",6.3,59372
tt28066777,movie,Orion and the Dark,2024,93,"Adventure,Animation,Comedy",6.3,19457
tt2806788,movie,Fukrey,2013,139,"Comedy,Drama,Romance",6.9,14323
tt28075881,movie,Do Patti,2024,126,"Crime,Drama,Mystery",6.3,70691
tt28082769,movie,September 5,2024,95,"Drama,History,Thriller",7.1,37150
tt28083456,movie,Is This Thing On?,2025,121,"Comedy,Drama",6.7,17439
tt28089700,movie,Raid 2,2025,145,"Crime,Drama,Thriller",6.6,36509
tt28102562,movie,Thamma,2025,150,"Comedy,Horror,Thriller",5.8,49449
tt28142095,movie,Tere Ishk Mein,2025,167,"Action,Drama,Musical",6.2,32077
tt28182736,movie,Puppy Love,2023,106,"Comedy,Romance",6.3,13701
tt28184712,movie,Parking,2023,127,"Drama,Thriller",7.8,13943
tt2820852,movie,Furious 7,2015,137,"Action,Thriller",7.1,441061
tt28218009,movie,Surongo,2023,150,"Crime,Drama,Mystery",6.9,30788
tt28228231,movie,Priyotoma,2023,155,"Action,Drama,Romance",5.9,23649
tt2823054,movie,Mike and Dave Need Wedding Dates,2016,98,"Comedy,Romance",6.0,100989
tt28249919,movie,Presence,2024,84,"Drama,Horror,Thriller",6.1,44118
tt28252563,movie,Madharaasi,2025,160,"Action,Drama,Romance",6.7,10556
tt28254460,movie,Sly,2023,95,"Biography,Documentary",7.0,13084
tt28259207,movie,Kill,2023,105,"Action,Crime,Drama",7.4,47072
tt28277817,movie,Bird,2024,119,Drama,7.0,12958
tt28288786,movie,Premalu,2024,156,"Comedy,Romance",7.8,23893
tt2828996,movie,A Haunted House 2,2014,86,"Comedy,Fantasy,Horror",4.7,26353
tt28309594,movie,Nonnas,2025,111,"Comedy,Drama,Family",6.8,48170
tt2832470,movie,Dead Snow 2: Red vs. Dead,2014,100,"Action,Comedy,Horror",6.8,28659
tt28349451,movie,The Shadow Strays,2024,144,"Action,Crime,Thriller",6.5,11279
tt28358950,movie,Neru,2023,150,"Drama,Thriller",7.5,11278
tt28362963,movie,Checkmate,2023,112,"Action,Comedy",7.5,24770
tt2837574,movie,The Old Man & the Gun,2018,93,"Biography,Comedy,Crime",6.7,52793
tt28443655,movie,Death of a Unicorn,2025,107,"Comedy,Fantasy,Horror",5.8,54406
tt2844798,movie,White God,2014,121,"Adventure,Drama,Thriller",6.8,17696
tt28459771,movie,Oficina do Diabo,2025,124,Drama,7.9,35346
tt28479262,movie,Sing Sing,2023,107,Drama,7.6,30022
tt2848292,movie,Pitch Perfect 2,2015,115,"Comedy,Music",6.4,180918
tt28490044,movie,Evil Does Not Exist,2023,106,Drama,7.0,13463
tt28491891,movie,His Three Daughters,2023,101,Drama,7.1,22025
tt28494829,movie,Officer Black Belt,2024,108,"Action,Comedy,Crime",6.9,10736
tt2850386,movie,The Croods: A New Age,2020,95,"Adventure,Animation,Comedy",6.9,61929
tt28510079,movie,Your Fault,2024,118,"Drama,Romance",5.3,19617
tt2852400,movie,A Touch of Sin,2013,130,"Crime,Drama",7.1,14006
tt2852406,movie,Omar,2013,98,"Crime,Drama,Romance",7.5,16301
tt2852458,movie,Stranger by the Lake,2013,100,"Drama,Romance,Thriller",6.9,17756
tt28540171,movie,Welcome to the Jungle,2026,170,"Action,Adventure,Comedy",4.8,19885
tt2854926,movie,Tag,2018,100,"Action,Comedy",6.5,162243
tt28554013,movie,Naga,2023,111,"Drama,Thriller",5.9,20430
tt2855648,movie,Madras Cafe,2013,130,"Action,Drama,Thriller",7.6,26724
tt28607951,movie,Anora,2024,139,"Comedy,Drama,Romance",7.4,296296
tt28631109,movie,Dharmaveer 2,2024,130,"Biography,Documentary,Drama",5.4,11422
tt28650488,movie,The Super Mario Galaxy Movie,2026,98,"Adventure,Animation,Comedy",6.3,62560
tt2865120,movie,Ratchet & Clank,2016,94,"Action,Adventure,Animation",5.5,12614
tt2866360,movie,Coherence,2013,89,"Mystery,Sci-Fi,Thriller",7.2,175309
tt28671344,movie,The Strangers: Chapter 2,2025,98,"Horror,Mystery",4.7,13434
tt28679253,movie,Eleven,2025,135,"Crime,Mystery,Thriller",7.4,12502
tt2869728,movie,Ride Along 2,2016,102,"Action,Comedy,Crime",5.9,67625
tt2870612,movie,"As Above, So Below",2014,93,"Adventure,Horror,Mystery",6.3,131905
tt2870648,movie,Amy,2015,128,"Biography,Documentary,Music",7.8,57992
tt2870708,movie,Wish I Was Here,2014,106,"Comedy,Drama",6.6,39794
tt2870756,movie,Magic in the Moonlight,2014,97,"Comedy,Drama,Romance",6.5,73777
tt28717622,movie,Bomb,2025,139,"Comedy,Drama",6.2,15018
tt2872462,movie,Mistress America,2015,84,"Comedy,Drama",6.7,29728
tt2872518,movie,The Shack,2017,132,"Drama,Fantasy",6.3,42762
tt2872718,movie,Nightcrawler,2014,117,"Crime,Drama,Thriller",7.8,673498
tt2872732,movie,Lucy,2014,89,"Action,Sci-Fi,Thriller",6.4,581643
tt2872750,movie,Shaun the Sheep Movie,2015,85,"Adventure,Animation,Comedy",7.3,46990
tt2873282,movie,Red Sparrow,2018,140,"Action,Drama,Thriller",6.6,218516
tt2877108,movie,Soodhu Kavvum,2013,135,"Comedy,Crime,Thriller",8.2,13560
tt28802657,movie,De De Pyaar De 2,2025,146,"Comedy,Romance",6.2,13892
tt28812582,movie,Aankhon ki Gustaakhiyan,2025,140,Romance,5.6,29180
tt28814949,movie,Taylor Swift: The Eras Tour,2023,169,"Documentary,Music,Musical",8.0,26007
tt28821371,movie,MadS,2024,89,"Horror,Thriller",6.3,12392
tt2882328,movie,Ugly,2013,128,"Crime,Drama,Mystery",7.9,25430
tt2883434,movie,Black or White,2014,121,Drama,6.7,14547
tt2883512,movie,Chef,2014,114,"Adventure,Comedy,Drama",7.3,252094
tt2884018,movie,Macbeth,2015,113,"Drama,History,War",6.6,61897
tt2884206,movie,I Origins,2014,106,"Drama,Mystery,Romance",7.3,141677
tt2885364,movie,Willow Creek,2013,80,"Adventure,Drama,Horror",5.1,14427
tt2888046,movie,Ip Man 3,2015,105,"Action,Biography,Crime",7.0,64941
tt2891174,movie,99 Homes,2014,112,"Crime,Drama",7.1,41652
tt28996126,movie,Nobody 2,2025,89,"Action,Comedy,Crime",6.3,97811
tt2900624,movie,All Hallows' Eve,2013,83,"Horror,Thriller",5.2,19376
tt29008225,movie,Fackham Hall,2025,97,Comedy,6.4,14114
tt2905772,movie,Thou Gild'st the Even,2013,107,"Drama,Fantasy,Romance",7.6,11351
tt2905838,movie,Bang Bang,2014,153,"Action,Adventure,Comedy",5.7,28148
tt2906216,movie,Dungeons & Dragons: Honor Among Thieves,2023,134,"Action,Adventure,Comedy",7.2,275230
tt2908446,movie,The Divergent Series: Insurgent,2015,119,"Action,Adventure,Romance",6.2,272380
tt2908856,movie,My Old Lady,2014,107,"Comedy,Drama,Romance",6.4,10856
tt2910274,movie,Obvious Child,2014,84,"Comedy,Drama,Romance",6.7,27160
tt2910814,movie,The Signal,2014,97,"Drama,Mystery,Sci-Fi",6.0,73061
tt2910904,movie,The Dressmaker,2015,119,"Comedy,Drama",7.0,71102
tt29114029,movie,The Tearsmith,2024,103,"Drama,Fantasy,Romance",5.2,15196
tt2911666,movie,John Wick,2014,101,"Action,Crime,Thriller",7.5,832309
tt2911668,movie,Beyond the Reach,2014,91,"Action,Adventure,Thriller",5.6,11749
tt2917388,movie,Kidnapping Mr. Heineken,2015,95,"Action,Crime,Drama",6.1,22472
tt2918436,movie,The Lazarus Effect,2015,83,"Horror,Mystery,Sci-Fi",5.2,48904
tt29195603,movie,Family Pack,2024,94,"Adventure,Comedy,Fantasy",5.5,11429
tt2920540,movie,"20,000 Days on Earth",2014,97,"Documentary,Drama,Music",7.4,12356
tt2920808,movie,God's Pocket,2014,88,"Crime,Drama",6.1,13380
tt29232158,movie,Troll 2,2025,105,"Action,Adventure,Drama",5.3,13658
tt2923316,movie,American Heist,2014,94,"Action,Crime,Drama",5.0,18167
tt29242846,movie,The Children's Train,2024,106,"Drama,History",7.4,10204
tt29247040,movie,Baramulla,2025,120,"Crime,Horror,Mystery",7.0,12579
tt2926068,movie,Manam,2014,163,"Comedy,Drama,Fantasy",8.0,13287
tt29268110,movie,Smile 2,2024,127,"Horror,Mystery,Thriller",6.7,146525
tt2932536,movie,47 Meters Down,2017,89,"Horror,Mystery,Thriller",5.6,65665
tt29330913,movie,Vicky Vidya Ka Woh Wala Video,2024,152,Comedy,5.2,12152
tt2933474,movie,Superfast!,2015,99,"Action,Comedy,Crime",4.2,12090
tt2933544,movie,5 Flights Up,2014,88,"Comedy,Drama",6.2,11940
tt29344903,movie,The Ugly Stepsister,2025,109,"Comedy,Drama,Horror",7.0,46411
tt2935390,movie,The Snare,2017,90,"Horror,Mystery,Thriller",5.5,13037
tt2935476,movie,Far from the Madding Crowd,2015,119,"Drama,Romance",7.1,57770
tt2935510,movie,Ad Astra,2019,123,"Adventure,Drama,Mystery",6.5,282260
tt29355505,movie,Toy Story 5,2026,102,"Adventure,Animation,Comedy",7.6,38057
tt2935564,movie,The Connection,2014,135,"Action,Crime,Thriller",7.1,13481
tt2935622,movie,The School for Good and Evil,2022,147,"Action,Comedy,Drama",5.9,42303
tt2937366,movie,Little Evil,2017,94,"Comedy,Fantasy,Horror",5.7,25103
tt2937696,movie,Everybody Wants Some!!,2016,117,Comedy,6.9,64500
tt2937898,movie,A Most Violent Year,2014,125,"Crime,Drama,Thriller",6.9,81974
tt29383379,movie,Marco,2024,145,"Action,Crime,Thriller",6.5,25880
tt2938956,movie,The Transporter Refueled,2015,96,"Action,Thriller",5.2,47641
tt29429860,movie,Son of Sardaar 2,2025,145,Comedy,4.0,38590
tt29439114,movie,The Room Next Door,2024,107,Drama,6.8,28181
tt2944198,movie,Backcountry,2014,92,"Adventure,Drama,Horror",6.0,27262
tt2948356,movie,Zootopia,2016,108,"Action,Adventure,Animation",8.0,641618
tt2948372,movie,Soul,2020,100,"Adventure,Animation,Comedy",8.0,452076
tt2948790,movie,Return to Sender,2015,92,"Drama,Thriller",5.1,16544
tt2950418,movie,Greater,2016,130,"Biography,Family,Sport",7.3,10085
tt2952602,movie,Kung Fu Jungle,2014,100,"Action,Crime,Thriller",6.4,12901
tt2953050,movie,Encanto,2021,102,"Animation,Comedy,Family",7.2,298484
tt29540862,movie,Bhooth Bangla,2026,173,"Comedy,Horror",5.1,22700
tt2954474,movie,Visions,2015,82,"Horror,Mystery",5.3,11711
tt29548562,movie,Pindam,2023,158,Horror,6.6,11147
tt29550683,movie,Whistle,2025,100,Horror,5.2,15493
tt29552248,movie,Swapped,2026,98,"Adventure,Animation,Comedy",7.3,20466
tt2955316,movie,Spanish Affair,2014,98,"Comedy,Romance",6.5,19859
tt29567915,movie,Nuremberg,2025,148,"Biography,Drama,History",7.4,104033
tt29603959,movie,Novocaine,2025,110,"Action,Comedy,Crime",6.5,90659
tt29606526,movie,The Girlfriend,2025,138,"Drama,Romance",6.4,10140
tt2960930,movie,Extraterrestrial,2014,101,"Action,Horror,Mystery",5.0,17743
tt29623480,movie,The Wild Robot,2024,102,"Adventure,Animation,Family",8.2,229168
tt2962876,movie,The Road Within,2014,100,"Adventure,Comedy,Drama",7.0,17131
tt29644189,movie,Black Phone 2,2025,114,Horror,6.0,65566
tt2965412,movie,Comet,2014,91,"Comedy,Drama,Romance",6.7,20402
tt2965466,movie,Last Shift,2014,88,"Horror,Mystery",5.8,28028
tt2967006,movie,The Trip to Italy,2014,108,"Comedy,Drama",6.6,16537
tt2967224,movie,Hot Pursuit,2015,87,"Action,Comedy,Crime",5.2,58089
tt2967286,movie,Steins;Gate: The Movie - Load Region of Déjà Vu,2013,90,"Animation,Mystery,Sci-Fi",7.8,11573
tt29713093,movie,We Bury the Dead,2024,95,"Horror,Thriller",5.6,16672
tt29722855,movie,Badland Hunters,2024,107,"Action,Adventure,Crime",6.0,13823
tt2974918,movie,Alvin and the Chipmunks: The Road Chip,2015,92,"Adventure,Comedy,Family",5.0,26120
tt2975578,movie,The Purge: Anarchy,2014,103,"Action,Horror,Sci-Fi",6.4,173198
tt2975590,movie,Batman v Superman: Dawn of Justice,2016,151,Sci-Fi,6.4,793743
tt29768334,movie,Train Dreams,2025,102,Drama,7.5,109930
tt2978462,movie,Dolphin Tale 2,2014,107,"Drama,Family",6.4,10327
tt2978626,movie,It's Entertainment,2014,140,"Action,Comedy,Drama",4.7,11265
tt2980210,movie,A Hologram for the King,2016,98,"Comedy,Drama,Romance",6.1,49959
tt2980472,movie,Just Before I Go,2014,95,"Comedy,Drama",6.4,20486
tt2980516,movie,The Theory of Everything,2014,123,"Biography,Drama,Romance",7.7,508784
tt2980592,movie,The Guest,2014,100,"Action,Mystery,Thriller",6.7,114697
tt2980648,movie,The Hundred-Foot Journey,2014,122,"Comedy,Drama",7.3,91608
tt2980706,movie,Planes: Fire & Rescue,2014,83,"Adventure,Animation,Comedy",5.9,21985
tt2980794,movie,Highway,2014,133,"Crime,Drama,Romance",7.6,32882
tt29808429,movie,Color of Victory,2024,157,"Drama,History,Sport",6.1,40511
tt2981768,movie,Patema Inverted,2013,98,"Adventure,Animation,Drama",7.3,11356
tt2987732,movie,Suck Me Shakespeer,2013,119,Comedy,6.9,34839
tt2988272,movie,A Pure Desi Romance,2013,141,"Comedy,Drama,Romance",5.8,10741
tt2989524,movie,Carrie Pilby,2016,98,"Comedy,Drama",6.7,14306
tt2990140,movie,The Christmas Chronicles,2018,104,"Adventure,Comedy,Family",7.0,94376
tt2991224,movie,Tangerines,2013,87,"Drama,War",8.1,51830
tt29927663,movie,The Great Flood,2025,109,"Action,Adventure,Drama",5.4,24612
tt29929565,movie,Opus,2025,104,"Drama,Music,Thriller",5.7,14266
tt2994190,movie,Camp X-Ray,2014,117,"Drama,War",6.8,44449
tt30007864,movie,The American Society of Magical Negroes,2024,104,"Comedy,Fantasy",3.9,13205
tt3001638,movie,Mary Kom,2014,122,"Action,Biography,Drama",6.8,12167
tt30017619,movie,The Bad Guys 2,2025,104,"Action,Adventure,Animation",7.0,29995
tt30057084,movie,Babygirl,2024,114,"Drama,Romance,Thriller",5.7,82374
tt3007512,movie,The Water Diviner,2014,111,"Drama,History,War",7.0,81143
tt3011894,movie,Wild Tales,2014,122,"Comedy,Drama,Thriller",8.1,239472
tt3011960,movie,Hangman,2017,98,"Crime,Drama,Horror",5.2,21374
tt3013602,movie,Babysitting,2014,85,Comedy,6.8,13683
tt3014284,movie,The Lego Ninjago Movie,2017,101,"Action,Adventure,Animation",6.1,34912
tt30144381,movie,Nutcrackers,2024,104,"Comedy,Drama",5.5,10515
tt30144839,movie,One Battle After Another,2025,161,"Crime,Thriller",7.6,422806
tt3014666,movie,Moms' Night Out,2014,98,Comedy,5.3,15093
tt3014866,movie,Criminal,2016,113,"Action,Adventure,Drama",6.3,75137
tt3021360,movie,Faults,2014,89,"Drama,Mystery,Thriller",6.7,11594
tt30216176,movie,Lady Ballers,2023,112,"Comedy,Sport",5.6,12939
tt30253036,movie,Kinda Pregnant,2025,97,"Comedy,Drama",4.9,18507
tt30253473,movie,Materialists,2025,116,"Comedy,Drama,Romance",6.2,102087
tt30254719,movie,Omniscient Reader: The Prophecy,2025,116,"Action,Adventure,Drama",5.9,12576
tt3026488,movie,Alone in Berlin,2016,103,"Drama,History,War",6.5,10659
tt30274401,movie,Five Nights at Freddy's 2,2025,104,"Horror,Mystery,Thriller",5.1,42329
tt3029556,movie,Rurouni Kenshin: The Legend Ends,2014,134,"Action,Adventure,Drama",7.5,16268
tt3029558,movie,Rurouni Kenshin Part II: Kyoto Inferno,2014,138,"Action,Adventure,Drama",7.5,20152
tt30319503,movie,Dìdi,2024,93,"Comedy,Drama",7.3,16319
tt30321133,movie,Will & Harper,2024,114,Documentary,7.4,13881
tt30321146,movie,In a Violent Nature,2024,94,"Drama,Horror,Thriller",5.5,31438
tt30343021,movie,Song Sung Blue,2025,132,"Biography,Drama,History",7.3,28420
tt30387012,movie,Border 2,2026,200,"Action,Drama,War",5.9,20961
tt3038708,movie,Iron Sky: The Coming Race,2019,93,"Action,Adventure,Comedy",5.0,12852
tt30395619,movie,Demon Slayer: Kimetsu No Yaiba - To the Hashira Training,2024,104,"Action,Adventure,Animation",7.3,10984
tt3040964,movie,The Jungle Book,2016,106,"Action,Adventure,Animation",7.3,306479
tt30422937,movie,Nadaaniyan,2025,119,"Drama,Romance",3.0,16090
tt3042408,movie,Who Am I,2014,102,"Crime,Drama,Mystery",7.4,67109
tt3042926,movie,Attarintiki Daredi,2013,170,"Action,Comedy,Drama",7.3,10665
tt30445556,movie,The Pickup,2025,94,"Action,Comedy",5.5,18489
tt30446847,movie,Jay Kelly,2025,132,"Comedy,Drama",6.5,40916
tt30447822,movie,Hai Jawani Toh Ishq Hona Hai,2026,136,"Comedy,Drama,Romance",5.5,11749
tt3045616,movie,Mortdecai,2015,107,"Action,Adventure,Comedy",5.5,80149
tt3045628,movie,Holland,2025,110,"Crime,Drama,Mystery",5.0,18556
tt30472557,movie,Chainsaw Man - The Movie: Reze Arc,2025,100,"Action,Adventure,Animation",8.3,61345
tt30496762,movie,Maa,2025,133,Horror,4.9,19014
tt30505698,movie,Friendship,2024,100,Comedy,6.6,40966
tt3053228,movie,Day of the Dead: Bloodline,2017,90,"Action,Drama,Horror",3.5,12923
tt3060492,movie,Before I Disappear,2014,93,"Adventure,Drama",7.2,10764
tt3062096,movie,Inferno,2016,121,"Action,Adventure,Crime",6.2,203048
tt3063516,movie,Jackass Presents: Bad Grandpa,2013,92,Comedy,6.5,100948
tt3064298,movie,Man Up,2015,88,"Comedy,Drama,Romance",6.8,59618
tt30645201,movie,Honey Don't!,2025,89,"Comedy,Crime,Mystery",5.3,28049
tt3065204,movie,The Conjuring 2,2016,134,"Horror,Mystery,Thriller",7.3,345162
tt3068194,movie,Love & Friendship,2016,90,"Comedy,Drama,Romance",6.4,27752
tt3072482,movie,Hardcore Henry,2015,96,"Action,Adventure,Sci-Fi",6.7,109193
tt30742355,movie,Sunny Sanskari Ki Tulsi Kumari,2025,134,"Comedy,Family,Romance",5.2,25519
tt3076658,movie,Creed,2015,133,"Action,Drama,Sport",7.6,336365
tt3077214,movie,Suffragette,2015,106,"Drama,History",6.9,46591
tt3078242,movie,Miss Violence,2013,98,"Drama,Thriller",7.0,11916
tt30783769,movie,Kaam Chalu Hai,2024,82,Drama,7.0,14165
tt30788842,movie,Love Hurts,2025,83,"Action,Comedy,Romance",5.3,18617
tt3079380,movie,Spy,2015,120,"Action,Comedy",7.0,275112
tt30796448,movie,The Greatest Night in Pop,2024,96,"Documentary,Music",7.9,16676
tt30798612,movie,Crazxy,2025,93,"Drama,Thriller",6.6,18039
tt30825738,movie,Star Wars: The Mandalorian and Grogu,2026,132,"Action,Adventure,Family",7.0,69051
tt3082898,movie,Kickboxer: Vengeance,2016,90,"Action,Crime,Drama",4.9,12935
tt3083008,movie,The Program,2015,104,"Biography,Drama,Sport",6.5,20564
tt3083016,movie,Beverly Hills Cop: Axel F,2024,118,"Action,Comedy,Crime",6.4,87656
tt30840798,movie,The Phoenician Scheme,2025,101,"Action,Comedy,Crime",6.6,70815
tt30851137,movie,The Bride!,2026,126,"Drama,Horror,Romance",5.6,33776
tt30852970,movie,Lover Stalker Killer,2024,90,"Crime,Documentary",7.0,14933
tt30858568,movie,Mirai,2025,169,"Action,Adventure,Fantasy",6.9,10681
tt3086442,movie,Goodnight Mommy,2014,99,"Horror,Mystery,Thriller",6.7,64478
tt30876483,movie,Exterritorial,2025,109,"Action,Mystery,Thriller",5.8,18657
tt30889755,movie,The Sabarmati Report,2024,127,"Crime,Drama,Thriller",6.4,25663
tt3089630,movie,Artemis Fowl,2020,95,"Adventure,Family,Fantasy",4.3,31799
tt3089778,movie,The Treatment,2014,131,"Crime,Drama,Mystery",7.1,10903
tt30953759,movie,No Other Land,2024,92,Documentary,8.2,54302
tt30955489,movie,Until Dawn,2025,103,"Drama,Horror,Mystery",5.7,68800
tt3095734,movie,Monster Trucks,2016,104,"Action,Adventure,Comedy",5.7,20575
tt30970235,movie,Article 370,2024,158,"Action,Drama,Thriller",7.8,28548
tt3097204,movie,The Inbetweeners 2,2014,96,Comedy,6.4,49331
tt30988739,movie,Black Bag,2025,93,"Drama,Mystery,Romance",6.7,95591
tt3099498,movie,Tusk,2014,102,"Comedy,Horror",5.4,73913
tt3100274,movie,Manhattan Night,2016,113,"Crime,Drama,Mystery",6.2,14693
tt31015278,movie,My Favourite Cake,2024,97,"Comedy,Drama,Romance",7.4,10373
tt31015496,movie,The Fable,2024,119,Drama,6.2,20928
tt31022050,movie,Our Little Secret,2024,101,"Comedy,Romance",5.7,26949
tt31036941,movie,Jurassic World: Rebirth,2025,133,"Action,Adventure,Sci-Fi",5.8,200287
tt3104988,movie,Crazy Rich Asians,2018,120,"Comedy,Drama,Romance",6.9,209999
tt31050594,movie,Mercy,2026,99,"Action,Crime,Drama",6.2,73390
tt3107166,movie,Pimp,2018,86,"Crime,Drama,Romance",6.4,21731
tt3108894,movie,The Tender Bar,2021,106,"Biography,Drama,Romance",6.7,37484
tt3110958,movie,Now You See Me 2,2016,129,"Action,Adventure,Comedy",6.4,362887
tt3111426,movie,Lost Girls,2020,95,"Crime,Drama,Mystery",6.2,27440
tt31116092,movie,14 Days: Girlfriend Intlo,2025,90,"Comedy,Romance",6.0,12460
tt31121295,movie,Deep Cover,2025,100,"Action,Comedy,Crime",6.7,45934
tt31176520,movie,Eddington,2025,148,"Comedy,Drama,Western",6.6,61986
tt31181421,movie,iHostage,2025,100,"Crime,Drama,Thriller",5.7,13573
tt31184028,movie,Together,2025,102,"Horror,Romance",6.7,83808
tt3118452,movie,Circle,2015,87,"Drama,Horror,Mystery",6.0,72873
tt31189315,movie,Father Mother Sister Brother,2025,110,"Comedy,Drama",6.5,13574
tt31189814,movie,Fuze,2025,98,"Action,Crime,Thriller",6.2,10006
tt31190632,movie,October 8,2025,100,Documentary,4.4,17971
tt31193180,movie,Sinners,2025,137,Horror,7.5,497673
tt31193791,movie,The Last Showgirl,2024,88,Drama,6.5,22031
tt31194612,movie,Highest 2 Lowest,2025,133,"Crime,Drama,Mystery",5.5,34672
tt31195136,movie,Normal,2025,91,"Action,Crime,Thriller",6.3,16828
tt3120280,movie,Sierra Burgess Is a Loser,2018,105,"Comedy,Drama,Romance",5.7,42800
tt31227572,movie,Predator: Badlands,2025,107,"Action,Adventure,Sci-Fi",7.2,158110
tt3125324,movie,Beyond the Lights,2014,116,"Drama,Music,Romance",6.8,18264
tt3127022,movie,The Bookshop,2017,113,Drama,6.5,18960
tt3128900,movie,Miss Meadows,2014,88,"Comedy,Crime,Drama",5.8,12135
tt31314296,movie,The Woman in the Yard,2025,88,"Drama,Horror,Thriller",5.0,21693
tt31322753,movie,Twinless,2025,100,"Comedy,Drama",7.3,15041
tt3137630,movie,David Brent: Life on the Road,2016,96,"Comedy,Music",6.3,23104
tt3138104,movie,The Hungover Games,2014,85,"Adventure,Comedy,Fantasy",3.5,18512
tt3138782,movie,The Miracle,2015,131,"Comedy,Drama,History",7.6,15751
tt31390893,movie,Raja Shivaji,2026,195,"Action,Biography,Drama",7.1,23010
tt31392609,movie,How to Make Millions Before Grandma Dies,2024,125,"Comedy,Drama,Family",7.9,22631
tt3140100,movie,Department Q: The Absent One,2014,119,"Crime,Drama,Mystery",7.1,28976
tt3142232,movie,Heropanti,2014,146,"Action,Drama,Romance",5.2,11654
tt31425731,movie,Playdate,2025,93,"Action,Comedy",5.5,29515
tt3142764,movie,Race Gurram,2014,163,"Action,Comedy",7.4,14695
tt3142872,movie,A Small September Affair,2014,106,"Drama,Mystery,Romance",7.1,11817
tt31433402,movie,Fear Street: Prom Queen,2025,90,"Horror,Mystery,Thriller",5.1,26541
tt31434030,movie,Dracula,2025,129,"Fantasy,Horror,Romance",6.2,40470
tt31434639,movie,Warfare,2025,95,"Action,Drama,War",7.1,113561
tt3147312,movie,Desierto,2015,88,"Action,Adventure,Drama",6.1,11456
tt3148348,movie,Let Us Prey,2014,92,"Drama,Horror,Thriller",5.8,11959
tt3148502,movie,Tamasha,2015,139,"Comedy,Drama,Romance",7.4,36588
tt3149038,movie,A Brilliant Young Mind,2014,111,"Drama,Romance",7.1,31324
tt31495504,movie,The Tank,2025,116,"Action,Drama,Thriller",6.5,15966
tt31511689,movie,Vicious,2025,103,Horror,4.9,11165
tt31514146,movie,I Swear,2025,120,"Biography,Drama",8.4,51859
tt31514262,movie,Wild Wild Punjab,2024,109,"Comedy,Romance",6.2,17743
tt31519456,movie,La Dolce Villa,2025,99,"Comedy,Romance",6.0,12935
tt31522415,movie,Sikandar Ka Muqaddar,2024,142,"Action,Crime,Drama",6.0,26433
tt3152592,movie,Scoob!,2020,94,"Adventure,Animation,Comedy",5.6,33185
tt3152624,movie,Trainwreck,2015,125,"Comedy,Drama,Romance",6.2,147397
tt3153634,movie,Hope,2013,122,Drama,8.2,12148
tt3155298,movie,Luther: The Fallen Sun,2023,129,"Action,Crime,Drama",6.4,72855
tt3155328,movie,Win It All,2017,88,Comedy,6.2,10520
tt31556612,movie,We Will Dance Again,2024,90,Documentary,7.6,11509
tt31567422,movie,Night Always Comes,2025,108,"Crime,Drama,Thriller",5.9,16134
tt31598703,movie,Tanvi: The Great,2025,150,Drama,6.8,11941
tt3164256,movie,Rock the Kasbah,2015,106,"Comedy,Music,War",5.5,13331
tt3165608,movie,Justin Bieber's Believe,2013,92,"Documentary,Music",1.6,18024
tt3165612,movie,Sleeping with Other People,2015,101,"Comedy,Drama,Romance",6.5,51795
tt3168230,movie,Mr. Holmes,2015,104,"Crime,Drama,Family",6.8,70394
tt31688586,movie,Nouvelle Vague,2025,106,"Biography,Comedy,Drama",7.3,11284
tt3169706,movie,Pride,2014,119,"Biography,Comedy,Drama",7.8,65390
tt3169770,movie,Retribution,2015,102,"Action,Adventure,Crime",6.6,11607
tt3170832,movie,Room,2015,118,"Drama,Thriller",8.1,481691
tt3170902,movie,Theeb,2014,100,"Adventure,Drama,Thriller",7.1,11981
tt31711040,movie,Look Back,2024,58,"Animation,Drama",7.8,22894
tt31712434,movie,Sikandar,2025,148,"Action,Drama",3.6,53821
tt3171832,movie,iBoy,2017,90,"Action,Crime,Sci-Fi",5.9,25456
tt3172532,movie,The Diary of a Teenage Girl,2015,102,"Comedy,Drama,Romance",6.8,35609
tt31728330,movie,They Will Kill You,2026,94,"Action,Comedy,Horror",6.3,38985
tt3173594,movie,Hacker,2016,95,"Crime,Drama,Thriller",6.1,12222
tt3173910,movie,Hasee Toh Phasee,2014,141,"Comedy,Romance",6.8,17759
tt3174376,movie,Before I Wake,2016,97,"Drama,Fantasy,Horror",6.2,56435
tt31747163,movie,What Jennifer Did,2024,87,"Crime,Documentary",6.1,13137
tt3175038,movie,The Villain,2014,129,"Action,Crime,Drama",6.6,25398
tt3177316,movie,Honeymoon,2014,87,"Drama,Fantasy,Horror",5.7,28649
tt3179568,movie,"Men, Women & Children",2014,119,"Comedy,Drama",6.6,34996
tt31800329,movie,The Wonderful Story of Henry Sugar and Three More,2024,88,"Comedy,Drama,Fantasy",7.1,12933
tt31806049,movie,Brick,2025,99,"Drama,Mystery,Sci-Fi",5.5,27766
tt3181776,movie,Momentum,2015,96,"Action,Adventure,Crime",5.5,17853
tt3181822,movie,The Boy Next Door,2015,91,Thriller,4.7,48471
tt3183660,movie,Fantastic Beasts and Where to Find Them,2016,132,"Adventure,Family,Fantasy",7.2,542079
tt31844586,movie,Sisu: Road to Revenge,2025,89,"Action,Thriller,War",6.8,36292
tt31852278,movie,Subedaar,2026,145,"Action,Drama",6.1,13732
tt31868189,movie,Happy Gilmore 2,2025,114,"Comedy,Sport",6.1,120088
tt31888477,movie,Downton Abbey: The Grand Finale,2025,123,Drama,7.3,19013
tt31923069,movie,Springsteen: Deliver Me from Nowhere,2025,119,"Biography,Drama,Music",6.6,27756
tt31945132,movie,Retro,2025,168,"Action,Crime,Drama",6.4,17062
tt31956415,movie,Freakier Friday,2025,110,"Comedy,Family,Fantasy",6.2,39909
tt3195644,movie,Insidious: Chapter 3,2015,97,"Horror,Mystery,Thriller",6.1,128922
tt31969600,movie,Thudarum,2025,163,"Action,Drama",7.5,15223
tt31969779,movie,O' Romeo,2026,178,"Action,Crime,Drama",5.2,23858
tt31973693,movie,The Roses,2025,105,Comedy,6.6,59055
tt31998881,movie,Oh. What. Fun.,2025,106,Comedy,5.3,14987
tt3201640,movie,Extinction,2018,95,"Action,Drama,Sci-Fi",5.8,62358
tt3202202,movie,Palm Trees in the Snow,2015,163,"Drama,Romance",7.3,13194
tt3203290,movie,Free to Play,2014,75,"Action,Documentary",7.6,13732
tt3203528,movie,Bad Samaritan,2018,110,"Crime,Drama,Horror",6.5,28359
tt3203606,movie,Trumbo,2015,124,"Biography,Drama",7.4,87760
tt3203616,movie,The Cobbler,2014,99,"Comedy,Drama,Fantasy",5.8,65417
tt3203620,movie,The Dinner,2017,120,"Crime,Drama,Thriller",4.5,10307
tt3205376,movie,Slow West,2015,84,"Adventure,Drama,Romance",6.9,50254
tt32058735,movie,Bhool Chuk Maaf,2025,140,"Comedy,Fantasy,Romance",5.8,26168
tt32063050,movie,Bridget Jones: Mad About the Boy,2025,124,"Comedy,Drama,Romance",6.5,34778
tt32063098,movie,Ballad of a Small Player,2025,101,"Crime,Drama,Mystery",5.9,25598
tt3208026,movie,Black '47,2018,100,"Action,Drama,History",6.8,14278
tt32080876,movie,Dragon,2025,157,"Comedy,Drama,Romance",7.8,18997
tt32086077,movie,All We Imagine as Light,2024,118,"Drama,Romance",7.0,14062
tt32093575,movie,Scary Movie,2026,96,"Comedy,Horror",5.2,30043
tt3210686,movie,Son of God,2014,138,"Biography,Drama,History",5.8,20457
tt3212232,movie,I Am Wrath,2016,92,"Action,Thriller",5.4,17465
tt3212904,movie,Curve,2015,85,"Horror,Thriller",5.4,13980
tt32138452,movie,Ad Vitam,2025,98,"Action,Crime,Drama",5.9,11403
tt32141377,movie,28 Years Later: The Bone Temple,2026,109,"Horror,Sci-Fi,Thriller",7.2,113148
tt32149847,movie,Drop,2025,95,"Drama,Mystery,Thriller",6.1,57531
tt3215824,movie,Those Who Wish Me Dead,2021,100,"Action,Drama,Thriller",6.0,80210
tt32159989,movie,After the Hunt,2025,138,"Crime,Drama,Thriller",5.7,24057
tt3216348,movie,Incarnate,2016,87,"Horror,Thriller",5.3,15009
tt32178949,movie,The Seed of the Sacred Fig,2024,167,"Crime,Drama,Thriller",7.5,20616
tt32204858,movie,Late Shift,2025,92,"Drama,Thriller",7.7,10469
tt32221196,movie,One of Them Days,2025,97,Comedy,6.5,20164
tt32223398,movie,Jaat,2025,158,"Action,Crime,Drama",6.0,13410
tt32226697,movie,Screams Before Silence,2024,57,Documentary,5.9,10048
tt3224458,movie,A Beautiful Day in the Neighborhood,2019,109,"Biography,Drama,Family",7.2,94661
tt32246771,movie,Bring Her Back,2025,104,"Horror,Mystery",7.1,132870
tt32284154,movie,Rekhachithram,2025,147,"Drama,Mystery,Thriller",7.8,17940
tt3228774,movie,Cruella,2021,134,"Adventure,Comedy,Crime",7.3,298216
tt32298285,movie,Sirat,2025,114,"Action,Adventure,Drama",7.0,34718
tt32299316,movie,Dangerous Animals,2025,98,"Horror,Thriller",6.4,36553
tt32306991,movie,Solo Mio,2026,96,"Comedy,Romance",6.7,12065
tt32308617,movie,Savi,2024,126,"Action,Crime,Drama",5.9,36974
tt3231054,movie,Risen,2016,107,"Action,Drama,History",6.4,33681
tt32321317,movie,Pillion,2025,106,"Comedy,Drama,Romance",6.9,20781
tt32323252,movie,Christy,2025,135,"Biography,Drama,History",6.6,17635
tt32332404,movie,Keeper,2025,99,"Horror,Mystery",5.5,20886
tt3233418,movie,Spare Parts,2015,114,"Biography,Drama,History",7.3,12436
tt32357218,movie,Shelter,2026,107,"Action,Thriller",6.2,37198
tt3235888,movie,It Follows,2014,100,"Horror,Mystery,Thriller",6.8,300911
tt32359447,movie,Hot Frosty,2024,92,"Comedy,Fantasy,Romance",5.3,16421
tt32362695,movie,Sarvam Maya,2025,146,"Comedy,Fantasy,Horror",7.7,12084
tt32362890,movie,Thrash,2026,86,"Horror,Thriller",5.0,30720
tt32368345,movie,The Merry Gentlemen,2024,87,"Comedy,Music,Romance",4.9,11505
tt32376165,movie,A House of Dynamite,2025,112,"Drama,Thriller",6.4,119817
tt32430579,movie,Crime 101,2026,140,"Crime,Drama,Thriller",6.8,84631
tt32434379,movie,My Fault: London,2025,120,"Drama,Romance",6.2,17481
tt3247714,movie,Survivor,2015,96,"Action,Crime,Thriller",5.7,37749
tt32495687,movie,Sookshma Darshini,2024,142,"Comedy,Mystery,Thriller",7.8,13116
tt3253624,movie,Soaked in Bleach,2015,90,"Crime,Documentary",7.3,11847
tt32536315,movie,Blue Moon,2025,100,"Biography,Comedy,Drama",6.8,24748
tt3253930,movie,Marshland,2014,105,"Crime,Mystery,Thriller",7.2,39096
tt32547691,movie,Pressure,2026,100,"Drama,History,Thriller",7.3,12428
tt32550101,movie,Straw,2025,105,"Drama,Thriller",6.5,31666
tt3255590,movie,El Camino Christmas,2017,89,"Comedy,Crime,Western",5.7,11946
tt32558992,movie,Heart Eyes,2025,97,"Comedy,Horror,Mystery",6.0,38711
tt3256226,movie,IO,2019,96,"Adventure,Drama,Sci-Fi",4.8,38088
tt32565993,movie,The Sheep Detectives,2026,109,"Comedy,Family,Mystery",7.5,49988
tt32612507,movie,Lee Cronin's The Mummy,2026,134,Horror,6.2,46234
tt3262342,movie,Loving Vincent,2017,94,"Animation,Drama,Mystery",7.8,68486
tt3263614,movie,"Kumiko, The Treasure Hunter",2014,105,Drama,6.6,13058
tt3263904,movie,Sully,2016,96,"Biography,Drama,History",7.4,323632
tt3263946,movie,Trial by Fire,2018,127,"Biography,Drama",7.1,16297
tt32642706,movie,The Rip,2026,113,"Action,Crime,Drama",6.8,135246
tt3266284,movie,November Criminals,2017,86,"Crime,Drama,Mystery",5.3,11599
tt3268458,movie,The Internet's Own Boy: The Story of Aaron Swartz,2014,105,"Biography,Crime,Documentary",8.0,18583
tt3270538,movie,Requiem for the American Dream,2015,73,"Biography,Documentary,News",8.0,10248
tt3272066,movie,Reminiscence,2021,116,"Mystery,Romance,Sci-Fi",5.9,71116
tt32730754,movie,Chasing the Wind,2025,96,"Drama,Romance",5.9,27084
tt32765621,movie,Sipahi,2024,62,Drama,7.1,13878
tt32768323,movie,The Assessment,2024,114,"Drama,Sci-Fi",6.6,24247
tt3276924,movie,Heist,2015,93,"Action,Crime,Drama",6.1,34529
tt3278330,movie,Tale of Tales,2015,134,"Drama,Fantasy,Horror",6.4,33529
tt3280262,movie,Cult of Chucky,2017,91,"Horror,Thriller",5.3,34332
tt3280916,movie,The Atticus Institute,2015,83,Horror,5.5,10200
tt3281548,movie,Little Women,2019,135,"Drama,Romance",7.7,285700
tt32820897,movie,Demon Slayer: Kimetsu No Yaiba Infinity Castle,2025,155,"Action,Adventure,Animation",8.4,74650
tt3282858,movie,Naomi and Ely's No Kiss List,2015,89,"Comedy,Drama,Romance",5.5,10812
tt32832266,movie,Maalik,2025,149,"Action,Crime,Drama",5.7,10879
tt3283714,movie,Behzat Ç.: Ankara Is on Fire,2013,97,"Action,Crime,Drama",7.4,15801
tt32843349,movie,"Sorry, Baby",2025,103,"Comedy,Drama",7.1,24793
tt3286052,movie,The Blackcoat's Daughter,2015,93,"Horror,Mystery,Thriller",5.9,32501
tt32880932,movie,V/H/S/Beyond,2024,114,"Horror,Sci-Fi,Thriller",5.8,12168
tt3289712,movie,Jenny's Wedding,2015,94,"Comedy,Drama,Romance",5.6,12608
tt3289724,movie,Welcome to Marwen,2018,116,"Biography,Comedy,Drama",6.2,27736
tt3289728,movie,Equals,2015,101,"Drama,Romance,Sci-Fi",6.0,34520
tt32897959,movie,Wuthering Heights,2026,136,"Drama,Romance",6.1,82791
tt3289956,movie,The Autopsy of Jane Doe,2016,86,"Horror,Mystery,Thriller",6.8,166306
tt3291150,movie,The Expendables 4,2023,103,"Action,Adventure,Thriller",4.8,56439
tt32916440,movie,Marty Supreme,2025,149,"Comedy,Drama,Sport",7.6,195633
tt3296658,movie,Rams,2015,93,"Comedy,Drama",7.2,15776
tt3296908,movie,The Man with the Iron Heart,2017,120,"Action,Biography,Thriller",6.4,19945
tt3297330,movie,Good Kill,2014,102,"Drama,Thriller,War",6.4,25909
tt32985279,movie,Steve,2025,93,Drama,6.4,20039
tt3300542,movie,London Has Fallen,2016,99,"Action,Adventure,Drama",5.9,181127
tt3300980,movie,The 12th Man,2017,135,"Drama,History,Thriller",7.3,32388
tt33014583,movie,Dhurandhar,2025,214,"Action,Crime,Thriller",8.3,144988
tt3302820,movie,Cowspiracy: The Sustainability Secret,2014,90,Documentary,8.1,27416
tt33028778,movie,Primate,2025,92,Horror,5.8,31421
tt33034103,movie,Am I Racist?,2024,100,"Comedy,Documentary",6.6,17872
tt33039440,movie,The Wrong Paris,2025,105,"Comedy,Drama,Romance",6.1,14800
tt33046197,movie,The Wrecking Crew,2026,124,"Action,Comedy,Crime",6.4,50885
tt33053440,movie,Champagne Problems,2025,99,"Comedy,Romance",6.0,13572
tt33071426,movie,The Drama,2026,105,"Comedy,Drama,Romance",7.2,80461
tt33088452,movie,Regretting You,2025,116,"Drama,Romance",6.0,22705
tt33088887,movie,Hotspot 2 Much,2026,120,Comedy,5.2,13559
tt33100314,movie,Remarkably Bright Creatures,2026,111,"Comedy,Drama",7.7,39532
tt3312830,movie,Youth,2015,124,"Comedy,Drama,Music",7.3,88832
tt3315342,movie,Logan,2017,137,"Action,Drama,Sci-Fi",8.1,930302
tt3316948,movie,American Ultra,2015,96,"Action,Comedy",6.1,100637
tt3316960,movie,Still Alice,2014,101,Drama,7.5,151005
tt3317234,movie,"Game Over, Man!",2018,101,"Action,Comedy",5.5,35804
tt33175825,movie,Attack on Titan: The Last Attack,2024,145,"Action,Adventure,Animation",9.0,31838
tt3319730,movie,The Mercy,2018,112,"Adventure,Biography,Drama",6.0,10466
tt3319920,movie,Regression,2015,106,"Crime,Drama,Mystery",5.6,45120
tt3321300,movie,MI-5,2015,104,"Action,Drama,Thriller",6.2,24765
tt3322364,movie,Concussion,2015,123,"Biography,Drama,Sport",7.1,105218
tt3322420,movie,Queen,2013,146,"Adventure,Comedy,Drama",8.1,71534
tt3322892,movie,XX,2017,80,Horror,4.6,12910
tt3322940,movie,Annabelle,2014,99,"Horror,Mystery,Thriller",5.5,196989
tt33244668,movie,Anaconda,2025,99,"Action,Adventure,Comedy",5.5,67551
tt33247023,movie,Splitsville,2025,104,Comedy,6.4,17040
tt3327624,movie,Infini,2015,110,"Horror,Sci-Fi,Thriller",5.3,15787
tt33292655,movie,"Oh, Hi!",2025,95,Comedy,6.1,10242
tt33296751,movie,Tuner,2025,107,"Crime,Drama,Music",7.3,11901
tt33305312,movie,Borbaad,2025,139,"Action,Romance,Thriller",6.9,18343
tt33307144,movie,Court - State Vs. A Nobody,2025,155,Drama,7.9,12284
tt3331846,movie,Stand by Me Doraemon,2014,95,"Animation,Comedy,Drama",7.4,11197
tt3332064,movie,Pan,2015,111,"Action,Adventure,Comedy",5.7,69742
tt3335606,movie,Berlin Syndrome,2017,116,"Drama,Horror,Mystery",6.3,29331
tt33372494,movie,Lokah Chapter One: Chandra,2025,151,"Action,Fantasy",7.6,21743
tt3339674,movie,Burying the Ex,2014,89,"Comedy,Horror,Romance",5.4,12208
tt33397980,movie,Office Romance,2026,114,"Comedy,Romance",5.8,18967
tt33428606,movie,Solo Leveling: ReAwakening,2024,121,"Action,Adventure,Animation",8.7,17364
tt33455099,movie,The Mastermind,2025,110,Crime,6.2,13577
tt3347976,movie,Dügün Dernek,2013,106,Comedy,6.9,25425
tt33481094,movie,The Menendez Brothers,2024,119,"Crime,Documentary",7.0,11524
tt3348730,movie,Jigsaw,2017,92,"Crime,Drama,Horror",5.7,103360
tt33502160,movie,The Hand That Rocks the Cradle,2025,105,"Horror,Thriller",5.3,10960
tt3352390,movie,Friend Request,2016,92,"Horror,Mystery,Thriller",5.2,29149
tt33549478,movie,The Map That Leads to You,2025,96,"Drama,Romance",6.2,14478
tt3359350,movie,Road House,2024,121,"Action,Drama,Thriller",6.2,187556
tt33612209,movie,The Devil Wears Prada 2,2026,119,"Comedy,Drama",6.5,65922
tt3361792,movie,Tolkien,2019,112,"Biography,Drama,Romance",6.8,51518
tt3369806,movie,Max,2015,111,"Adventure,Drama,Family",6.6,31011
tt3371366,movie,Transformers: The Last Knight,2017,154,"Action,Adventure,Comedy",5.2,187267
tt3381008,movie,The Brothers Grimsby,2016,83,"Action,Adventure,Comedy",6.2,120513
tt3385516,movie,X-Men: Apocalypse,2016,144,"Action,Adventure,Sci-Fi",6.8,493893
tt3385524,movie,Stan & Ollie,2018,98,"Biography,Comedy,Drama",7.2,41724
tt3387266,movie,A United Kingdom,2016,111,"Biography,Drama,History",6.9,17789
tt3387520,movie,Scary Stories to Tell in the Dark,2019,108,"Adventure,Horror,Mystery",6.2,92486
tt3387542,movie,The Forest,2016,93,"Horror,Mystery,Thriller",4.8,47931
tt3387648,movie,The Taking of Deborah Logan,2014,90,"Fantasy,Horror,Mystery",6.0,50479
tt3390572,movie,Haider,2014,160,"Action,Crime,Drama",8.0,61305
tt3393786,movie,Jack Reacher: Never Go Back,2016,118,"Action,Thriller",6.2,193979
tt3394420,movie,Ulidavaru Kandanthe,2014,154,"Crime,Drama,Thriller",8.3,10219
tt3395184,movie,Spring,2014,109,"Drama,Horror,Romance",6.7,34097
tt33978029,movie,Ready or Not 2: Here I Come,2026,108,"Comedy,Horror,Thriller",6.5,50297
tt3397884,movie,Sicario,2015,121,"Action,Crime,Drama",7.7,542130
tt3398268,movie,When Marnie Was There,2014,103,"Animation,Drama,Family",7.6,55653
tt3399024,movie,Samba,2014,118,"Comedy,Drama,Romance",6.7,17949
tt33996113,movie,Param Sundari,2025,152,Romance,5.0,53727
tt3401882,movie,Fist Fight,2017,91,Comedy,5.6,48905
tt3402138,movie,The Naked Gun,2025,85,"Action,Comedy,Crime",6.3,130771
tt3402236,movie,Murder on the Orient Express,2017,114,"Comedy,Crime,Drama",6.5,322304
tt3405236,movie,Raees,2017,143,"Action,Crime,Drama",6.6,55062
tt3409392,movie,Timbuktu,2014,96,"Drama,War",7.1,19035
tt3410408,movie,Rocky Handsome,2016,127,"Action,Crime,Drama",6.8,10075
tt3410834,movie,The Divergent Series: Allegiant,2016,120,"Action,Adventure,Fantasy",5.7,147297
tt3411444,movie,Ferdinand,2017,108,"Adventure,Animation,Comedy",6.7,71621
tt3416532,movie,A Monster Calls,2016,108,"Adventure,Drama,Family",7.4,99174
tt3416536,movie,Hot Summer Nights,2017,107,"Crime,Drama,Romance",6.4,28127
tt3416742,movie,What We Do in the Shadows,2014,86,"Comedy,Horror",7.6,214429
tt3416744,movie,The End of the Tour,2015,106,"Biography,Drama",7.2,34855
tt3416828,movie,Ice Age: Collision Course,2016,94,"Action,Adventure,Animation",5.7,86661
tt3417422,movie,Drishyam,2013,160,"Crime,Drama,Mystery",8.4,48995
tt3420504,movie,Finch,2021,115,"Adventure,Drama,Sci-Fi",6.9,112498
tt3427252,movie,The Boogeyman,2023,98,"Horror,Mystery,Thriller",5.9,54055
tt34276058,movie,The Family Plan 2,2025,106,"Action,Comedy,Family",5.6,17352
tt34365591,movie,Mahavatar Narsimha,2024,130,"Action,Animation,Drama",8.5,47907
tt34378301,movie,Tom Clancy's Jack Ryan: Ghost War,2026,105,"Action,Drama,Thriller",5.7,28060
tt34381258,movie,Heel,2025,110,"Crime,Drama,Horror",6.8,12129
tt3438354,movie,I Can Quit Whenever I Want,2014,100,"Comedy,Crime",7.0,10302
tt34388152,movie,Officer on Duty,2025,134,"Action,Crime,Thriller",7.5,12090
tt3442006,movie,Cake,2014,102,Drama,6.4,40233
tt3444312,movie,Abducted in Plain Sight,2017,91,"Crime,Documentary",6.8,24824
tt3445702,movie,1/1,2018,85,Drama,5.9,11471
tt3447364,movie,Detective Byomkesh Bakshy!,2015,139,"Crime,Drama,Mystery",7.6,25685
tt3447590,movie,Matilda: The Musical,2022,117,"Comedy,Drama,Family",7.0,33479
tt3449292,movie,Manjhi: The Mountain Man,2015,120,"Biography,Drama",8.0,21302
tt3450650,movie,Paul Blart: Mall Cop 2,2015,94,"Action,Comedy,Crime",4.5,45165
tt3450900,movie,The Sea of Trees,2015,110,"Drama,Fantasy,Mystery",6.1,19842
tt3450958,movie,War for the Planet of the Apes,2017,140,"Action,Adventure,Drama",7.4,327980
tt3451230,movie,High Strung,2016,96,"Drama,Music,Romance",6.3,10901
tt3455224,movie,Virunga,2014,100,"Documentary,War",8.1,12806
tt3458254,movie,Patient Zero,2018,93,"Action,Drama,Horror",4.6,11247
tt3460252,movie,The Hateful Eight,2015,168,"Crime,Drama,Mystery",7.8,725161
tt34604827,movie,Fire,2025,132,Crime,5.1,11027
tt34610311,movie,The Shadow's Edge,2025,141,"Action,Crime,Drama",7.0,12904
tt34611082,movie,Ladies First,2026,90,Comedy,5.8,29049
tt3461252,movie,The Blue Elephant,2014,170,"Crime,Drama,Horror",8.0,31217
tt3462710,movie,Unforgettable,2017,100,"Drama,Thriller",5.2,18127
tt3463106,movie,The Cured,2017,95,"Drama,Horror,Sci-Fi",5.6,10316
tt3464902,movie,The Lobster,2015,119,"Drama,Romance,Sci-Fi",7.1,335461
tt3467412,movie,Extinction,2015,112,"Action,Adventure,Drama",5.8,19660
tt34682248,movie,Vini Jr.,2025,106,"Biography,Documentary,Sport",4.0,29626
tt34685692,movie,Over Your Dead Body,2026,105,"Action,Comedy,Thriller",6.3,22068
tt3469046,movie,Despicable Me 3,2017,90,"Adventure,Animation,Comedy",6.3,182912
tt3469244,movie,Phantom,2015,136,"Action,Drama,Thriller",6.0,10440
tt3469910,movie,"Black Coal, Thin Ice",2014,110,"Crime,Drama,Mystery",6.7,10354
tt3470600,movie,Sing,2016,108,"Animation,Comedy,Family",7.1,214254
tt3471098,movie,Maggie's Plan,2015,98,"Comedy,Drama,Romance",6.2,19475
tt3477064,movie,Recep Ivedik 4,2014,117,Comedy,3.9,20240
tt3478962,movie,My King,2015,124,"Drama,Romance",7.1,15185
tt3480796,movie,Vice,2015,96,"Action,Sci-Fi,Thriller",4.2,17533
tt3480822,movie,Black Widow,2021,134,"Action,Adventure,Sci-Fi",6.6,480135
tt3481634,movie,Inconceivable,2017,105,"Drama,Thriller",5.2,11597
tt3488710,movie,The Walk,2015,123,"Adventure,Biography,Drama",7.3,141808
tt34915705,movie,Tourist Family,2025,127,"Comedy,Drama",8.2,15907
tt34936199,movie,Daagi,2025,142,"Action,Romance",6.1,11264
tt3495000,movie,Mardaani,2014,113,"Action,Crime,Drama",7.3,15679
tt3495026,movie,Fan,2016,142,"Action,Drama,Thriller",6.8,53818
tt3495030,movie,Dum Laga Ke Haisha,2015,109,"Comedy,Drama,Romance",7.4,22611
tt34956443,movie,Ne Zha 2,2025,144,"Action,Adventure,Animation",7.9,24942
tt34962891,movie,The Perfect Neighbor,2025,96,"Crime,Documentary,Drama",7.1,32264
tt34965515,movie,Mr. Nobody Against Putin,2025,90,Documentary,7.4,11834
tt3498820,movie,Captain America: Civil War,2016,147,"Action,Sci-Fi",7.8,932530
tt3499096,movie,Race,2016,134,"Biography,Drama,Sport",7.1,44096
tt34992378,movie,A Merry Little Ex-Mas,2025,91,Comedy,5.3,10843
tt3501112,movie,Security,2017,88,"Action,Adventure,Crime",5.8,24717
tt3501632,movie,Thor: Ragnarok,2017,130,"Action,Adventure,Comedy",7.9,899559
tt3503406,movie,The Whole Truth,2016,93,"Crime,Drama,Mystery",6.2,36973
tt3504048,movie,Housebound,2014,107,"Comedy,Horror,Mystery",6.7,40034
tt35064672,movie,Cocktail 2,2026,150,"Comedy,Drama,Romance",7.8,25736
tt3508840,movie,The Assassin,2015,105,"Action,Drama,History",6.3,19034
tt3513498,movie,The Lego Movie 2: The Second Part,2019,107,"Adventure,Animation,Comedy",6.5,85922
tt3513500,movie,Chip 'n Dale: Rescue Rangers,2022,97,"Action,Adventure,Animation",6.9,51089
tt3513548,movie,Richard Jewell,2019,131,"Biography,Crime,Drama",7.5,107359
tt35146696,movie,Tu Meri Main Tera Main Tera Tu Meri,2025,145,"Adventure,Comedy,Romance",4.0,28224
tt3517870,movie,Mine 9,2019,83,"Drama,Thriller",6.0,12354
tt3520418,movie,We Are Still Here,2015,84,"Horror,Mystery",5.7,21336
tt3521126,movie,The Disaster Artist,2017,104,"Biography,Comedy,Drama",7.3,172079
tt3521134,movie,The Look of Silence,2014,103,"Biography,Documentary,History",8.2,14965
tt3521164,movie,Moana,2016,107,"Adventure,Animation,Comedy",7.6,443995
tt35217961,movie,Baida,2025,109,"Adventure,Sci-Fi,Thriller",4.5,11048
tt35222590,movie,Exit 8,2025,95,"Action,Adventure,Horror",6.5,25579
tt3522806,movie,Mechanic: Resurrection,2016,98,"Action,Adventure,Thriller",5.8,103898
tt35291758,movie,Melania,2026,104,Documentary,1.6,69097
tt35295730,movie,A Business Proposal,2025,117,"Comedy,Drama,Romance",2.0,22965
tt3530002,movie,The Night Before,2015,101,"Comedy,Fantasy",6.4,90510
tt35309713,movie,Citizen Vigilante,2026,89,"Action,Crime,Thriller",6.3,25752
tt3531824,movie,Nerve,2016,96,"Adventure,Crime,Drama",6.5,147976
tt3532216,movie,American Made,2017,115,"Action,Comedy,Crime",7.2,233922
tt35396529,movie,Mountainhead,2025,108,"Comedy,Drama",5.4,21804
tt3541262,movie,The Admiral: Roaring Currents,2014,128,"Action,Drama,History",7.1,14157
tt3541524,movie,Line of Duty,2019,98,"Action,Crime,Thriller",5.3,10116
tt3544082,movie,45 Years,2015,95,"Drama,Romance",7.1,36727
tt3544112,movie,Sing Street,2016,106,"Comedy,Drama,Music",7.9,108229
tt3547740,movie,The Bélier Family,2014,106,"Comedy,Drama,Music",7.3,31458
tt35521922,movie,Good Boy,2025,72,"Horror,Thriller",6.1,34558
tt3553442,movie,Whiskey Tango Foxtrot,2016,112,"Biography,Comedy,Drama",6.6,59150
tt3553976,movie,Captain Fantastic,2016,118,"Adventure,Comedy,Drama",7.8,251584
tt3554046,movie,Space Jam: A New Legacy,2021,115,"Adventure,Animation,Comedy",4.5,87468
tt3560686,movie,The Fool,2014,116,"Crime,Drama,Thriller",7.9,18590
tt3562110,movie,Kesari Chapter 2: The Untold Story of Jallianwala Bagh,2025,133,"Drama,History",8.0,16015
tt35628853,movie,Titan: The OceanGate Disaster,2025,111,Documentary,6.7,10723
tt3564472,movie,Girls Trip,2017,122,"Adventure,Comedy,Drama",6.2,43052
tt3566834,movie,A Minecraft Movie,2025,101,"Action,Adventure,Comedy",5.6,163159
tt35672862,movie,Hokum,2026,107,"Horror,Thriller",6.7,42749
tt3567288,movie,The Visit,2015,94,"Horror,Mystery,Thriller",6.3,177308
tt3569230,movie,Legend,2015,132,"Biography,Crime,Drama",6.9,224831
tt3569782,movie,Jigarthanda,2014,171,"Comedy,Crime,Drama",8.2,14818
tt35766629,movie,Goodbye June,2025,114,Drama,6.7,10418
tt3576728,movie,Bilal: A New Breed of Hero,2015,105,"Action,Adventure,Animation",7.5,19331
tt3577624,movie,A Perfect Day,2015,106,"Comedy,Drama,War",6.8,24686
tt3581652,movie,West Side Story,2021,156,"Crime,Drama,Musical",7.1,142580
tt3584496,movie,Mermaid Down,2019,91,"Fantasy,Horror,Mystery",4.3,11318
tt35892608,movie,Undertone,2025,94,"Horror,Sci-Fi,Thriller",5.9,22647
tt3595298,movie,Prem Ratan Dhan Payo,2015,164,"Action,Drama,Musical",4.4,26082
tt3605418,movie,Knock Knock,2015,99,"Crime,Thriller",4.9,115892
tt3606752,movie,Cars 3,2017,102,"Adventure,Animation,Comedy",6.7,153597
tt3606756,movie,Incredibles 2,2018,118,"Action,Adventure,Animation",7.5,373178
tt3606888,movie,A Street Cat Named Bob,2016,103,"Biography,Drama,Family",7.3,37094
tt3608930,movie,In a Valley of Violence,2016,104,"Action,Drama,Western",6.1,22434
tt3610746,movie,Don't Hang Up,2016,83,"Horror,Thriller",5.6,17713
tt3612126,movie,The Grudge,2019,94,"Fantasy,Horror",4.4,32479
tt3612616,movie,Mommy,2014,139,Drama,8.0,65807
tt3614516,movie,Ankhon Dekhi,2013,107,"Comedy,Drama",7.9,13802
tt3616916,movie,The Wave,2015,105,"Action,Drama,Thriller",6.6,46530
tt3622110,movie,Don't Knock Twice,2016,93,"Drama,Fantasy,Horror",5.1,15888
tt3622120,movie,Kilo Two Bravo,2014,108,"Biography,Drama,Thriller",7.1,15681
tt3622592,movie,Paper Towns,2015,109,"Adventure,Comedy,Drama",6.2,111888
tt3623726,movie,Ricki and the Flash,2015,101,"Comedy,Drama,Music",6.0,26006
tt3626476,movie,Vacation Friends,2021,103,"Adventure,Comedy",6.3,34351
tt3628584,movie,Barbershop: The Next Cut,2016,111,"Comedy,Drama",5.9,17163
tt3631112,movie,The Girl on the Train,2016,112,"Crime,Drama,Mystery",6.5,212263
tt36376123,movie,Ajey: The Untold Story of a Yogi,2025,150,"Biography,Drama",5.6,12720
tt3640424,movie,Allied,2016,124,"Action,Drama,Romance",7.1,180671
tt36463894,movie,Predator: Killer of Killers,2025,85,"Action,Adventure,Animation",7.4,61753
tt3646462,movie,Let's Sin,2014,110,"Action,Crime,Drama",7.7,14582
tt3647498,movie,Blood Father,2016,88,"Action,Crime,Drama",6.4,70966
tt36491653,movie,It Was Just an Accident,2025,103,"Crime,Drama,Mystery",7.4,36835
tt3654796,movie,Creep 2,2017,78,"Horror,Thriller",6.4,40593
tt3655326,movie,Life Is a Dream,2014,81,"Documentary,Drama,Family",4.2,31066
tt3655522,movie,Girlhood,2014,113,Drama,6.9,10587
tt3658772,movie,Misconduct,2016,106,"Crime,Drama,Mystery",5.3,19132
tt3659388,movie,The Martian,2015,144,"Adventure,Drama,Sci-Fi",8.0,1017809
tt3661210,movie,The Dig,2021,112,"Biography,Drama,History",7.1,89900
tt3661394,movie,The One and Only Ivan,2020,95,"Adventure,Comedy,Drama",6.6,14229
tt36616410,movie,Eko,2025,125,"Adventure,Mystery",7.7,10538
tt36642456,movie,Haq,2025,134,Drama,7.8,16483
tt3666024,movie,The Red Turtle,2016,80,"Animation,Drama,Family",7.5,42350
tt3668162,movie,Bangalore Days,2014,171,"Comedy,Drama,Musical",8.3,28364
tt3671542,movie,Holding the Man,2015,127,"Biography,Drama,History",7.5,14263
tt3672742,movie,Turbo Kid,2015,93,"Action,Adventure,Comedy",6.7,31259
tt3672840,movie,Dragon Blade,2015,127,"Action,Drama,History",5.9,22574
tt3674140,movie,The Salt of the Earth,2014,110,"Biography,Documentary,History",8.4,25405
tt3678782,movie,Badlapur,2015,134,"Action,Crime,Drama",7.4,28873
tt3678938,movie,Humpty Sharma Ki Dulhania,2014,133,"Comedy,Drama,Romance",6.0,15609
tt3679040,movie,Kisi Ka Bhai Kisi Ki Jaan,2023,145,"Action,Comedy,Drama",3.9,42059
tt3679060,movie,Dishoom,2016,124,"Action,Adventure,Comedy",5.2,10134
tt3682448,movie,Bridge of Spies,2015,142,"Drama,History,Thriller",7.6,345525
tt3685236,movie,Ibiza,2018,94,"Comedy,Romance",5.2,19454
tt3686998,movie,The Red Pill,2016,108,Documentary,7.9,12551
tt3687186,movie,Heaven Knows What,2014,97,"Crime,Drama",6.8,10525
tt3688406,movie,A Christmas Horror Story,2015,99,"Fantasy,Horror,Mystery",5.8,14237
tt3691740,movie,The BFG,2016,117,"Adventure,Family,Fantasy",6.3,100031
tt36943034,movie,The Voice of Hind Rajab,2025,89,"Biography,Drama,War",8.2,19423
tt3696180,movie,The Forgiven,2021,117,Drama,6.1,11935
tt3697626,movie,A Hard Day,2014,111,"Action,Crime,Thriller",7.2,18610
tt3698408,movie,Coming Soon,2014,134,"Comedy,Drama,Romance",7.3,37376
tt3702652,movie,The Other Side of the Door,2016,96,"Horror,Thriller",5.3,20610
tt3702996,movie,Suck Me Shakespeer 2,2015,115,Comedy,5.9,16534
tt3704050,movie,Remember,2015,94,"Drama,Mystery,Thriller",7.5,29894
tt3704428,movie,Elvis,2022,159,"Biography,Drama,Music",7.3,262817
tt3704538,movie,V/H/S Viral,2014,81,"Action,Adventure,Fantasy",4.2,21965
tt3704700,movie,Brain on Fire,2016,88,"Biography,Drama",6.6,26236
tt3705412,movie,Deathgasm,2015,86,"Comedy,Horror,Music",6.3,20910
tt3706352,movie,All the Old Knives,2022,101,"Mystery,Thriller",6.2,32189
tt3707104,movie,Mine,2016,106,"Drama,Thriller,War",5.8,22825
tt3707106,movie,By the Sea,2015,122,"Drama,Romance",5.3,23746
tt3708886,movie,War on Everyone,2016,98,"Action,Comedy,Crime",5.8,21981
tt3713166,movie,Unfriended,2014,83,"Drama,Fantasy,Horror",5.6,87702
tt3714720,movie,The Hollars,2016,88,"Comedy,Drama,Romance",6.6,15669
tt3715320,movie,Irrational Man,2015,95,"Comedy,Crime,Drama",6.6,70764
tt3716530,movie,Elle,2016,130,"Action,Crime,Drama",7.1,74710
tt3717252,movie,Underworld: Blood Wars,2016,91,"Action,Fantasy,Thriller",5.8,86511
tt3717490,movie,Power Rangers,2017,124,"Action,Adventure,Fantasy",5.9,119597
tt3717532,movie,The Last: Naruto the Movie,2014,112,"Action,Adventure,Animation",7.6,20868
tt3720788,movie,The Disappearance of Eleanor Rigby: Her,2013,100,"Drama,Romance",6.8,10132
tt37209937,movie,Pizza Movie,2026,97,Comedy,5.9,10001
tt3721936,movie,American Honey,2016,163,"Adventure,Drama,Romance",7.0,50067
tt3721954,movie,Maudie,2016,115,"Biography,Drama,Romance",7.6,25830
tt3721964,movie,Gringo,2018,111,"Action,Comedy,Crime",6.1,33818
tt3722070,movie,The Lady in the Van,2015,104,"Biography,Comedy,Drama",6.7,34791
tt3722614,movie,Revolt,2017,87,"Action,Adventure,Sci-Fi",5.3,10930
tt3726704,movie,Experimenter,2015,98,"Biography,Drama,History",6.6,20923
tt37287335,movie,Obsession,2025,108,"Horror,Romance,Thriller",8.0,168805
tt3729920,movie,The Disappearance of Eleanor Rigby: Them,2014,123,"Drama,Romance",6.3,13660
tt3731562,movie,Kong: Skull Island,2017,118,"Action,Adventure,Fantasy",6.7,376108
tt3733774,movie,The Trust,2016,92,"Action,Crime,Drama",5.5,22079
tt3733778,movie,Pay the Ghost,2015,94,"Horror,Mystery",5.2,20217
tt3735246,movie,Bajirao Mastani,2015,158,"Action,Drama,History",7.3,42654
tt3741632,movie,The Leisure Seeker,2017,112,"Adventure,Comedy,Drama",6.7,10703
tt3741700,movie,Godzilla: King of the Monsters,2019,132,"Action,Adventure,Fantasy",6.0,230358
tt3741834,movie,Lion,2016,118,"Biography,Drama",8.0,267404
tt3742284,movie,NH 10,2015,115,"Action,Crime,Drama",7.2,14991
tt3742378,movie,The Second Mother,2015,112,"Comedy,Drama",7.8,19421
tt3748172,movie,Gerald's Game,2017,103,"Drama,Horror,Thriller",6.5,142751
tt3748440,movie,Blue Mountain State: The Rise of Thadland,2016,90,"Comedy,Sport",5.7,18057
tt3748528,movie,Rogue One: A Star Wars Story,2016,133,"Action,Adventure,Sci-Fi",7.8,759865
tt3750872,movie,The Wife,2017,99,Drama,7.2,45206
tt37529347,movie,Yan Yana,2025,148,"Comedy,Drama",7.5,10583
tt3754940,movie,Truman,2015,108,"Comedy,Drama",7.3,14745
tt3756788,movie,Our Little Sister,2015,127,"Drama,Family",7.6,19111
tt3758172,movie,Jungle,2017,115,"Adventure,Biography,Drama",6.7,71264
tt3758542,movie,Ferrari,2023,130,"Biography,Drama,History",6.4,68293
tt3758814,movie,The Ice Road,2021,109,"Action,Adventure,Thriller",5.7,57276
tt3759416,movie,Astérix: The Mansions of the Gods,2014,85,"Adventure,Animation,Comedy",6.9,17060
tt3760922,movie,My Big Fat Greek Wedding 2,2016,94,"Comedy,Romance",6.0,37877
tt3766354,movie,The Equalizer 2,2018,121,"Action,Crime,Mystery",6.7,230721
tt3766394,movie,"Hello, My Name Is Doris",2015,90,"Comedy,Drama,Romance",6.6,23458
tt3767372,movie,Piku,2015,123,"Comedy,Drama",7.6,36966
tt37674426,movie,Unknown Number: The High School Catfish,2025,94,"Crime,Documentary",6.7,21741
tt37676033,movie,V/H/S/Halloween,2025,115,Horror,5.7,10233
tt3771536,movie,Shivaay,2016,153,"Action,Crime,Drama",6.1,13643
tt3774114,movie,Snowden,2016,134,"Biography,Crime,Drama",7.3,173232
tt3774466,movie,Ashby,2015,100,"Comedy,Crime,Drama",6.4,16638
tt3774694,movie,Love,2015,135,"Drama,Romance",6.1,74288
tt3774790,movie,400 Days,2015,91,"Mystery,Sci-Fi,Thriller",4.4,11696
tt3775086,movie,They Call Me Jeeg Robot,2015,112,"Action,Comedy,Drama",7.0,17608
tt3778644,movie,Solo: A Star Wars Story,2018,135,"Action,Adventure,Sci-Fi",6.9,411657
tt3780500,movie,Journey's End,2017,107,"Drama,War",6.7,12489
tt3783958,movie,La La Land,2016,128,"Comedy,Drama,Music",8.0,767859
tt3787590,movie,We Are Your Friends,2015,96,"Drama,Music,Romance",6.2,42666
tt3792960,movie,The Brand New Testament,2015,114,"Comedy,Drama,Fantasy",7.1,37151
tt3793788,movie,The Escort,2015,88,"Comedy,Drama,Romance",6.0,14988
tt3794354,movie,Sonic the Hedgehog,2020,99,"Action,Adventure,Comedy",6.5,194223
tt37971394,movie,Blast,2026,142,"Action,Drama",7.4,14313
tt3797512,movie,Barb and Star Go to Vista Del Mar,2021,107,"Comedy,Fantasy",6.4,22152
tt3797868,movie,The Choice,2016,111,"Drama,Romance",6.5,49955
tt3799232,movie,The Kissing Booth,2018,105,"Comedy,Romance",5.9,104753
tt3799372,movie,6 Years,2015,79,"Drama,Romance",5.5,13581
tt3799694,movie,The Nice Guys,2016,116,"Action,Comedy,Crime",7.4,419163
tt3801314,movie,Kaththi,2014,166,"Action,Drama",8.1,33079
tt3802576,movie,Brothers,2015,156,"Action,Drama,Sport",6.4,15622
tt3803860,movie,Puli,2015,155,"Action,Adventure,Fantasy",4.4,11399
tt38063392,movie,Mission Muh Dikhayi,2025,53,"Comedy,Drama,Family",8.6,10788
tt3808342,movie,Son of Saul,2015,107,"Drama,War",7.4,54649
tt3810760,movie,Minimalism: A Documentary About the Important Things,2015,78,Documentary,6.6,17078
tt3811906,movie,Malignant,2021,111,"Crime,Horror,Mystery",6.2,122050
tt3813310,movie,Cop Car,2015,88,"Crime,Thriller",6.3,36721
tt3819668,movie,Dragon Ball Z: Resurrection 'F',2015,94,"Action,Adventure,Animation",7.1,25834
tt3824458,movie,Tangerine,2015,88,"Comedy,Crime,Drama",7.1,43280
tt3824648,movie,Big Time Adolescence,2019,91,"Comedy,Drama",6.9,17653
tt3825638,movie,Labyrinth of Lies,2014,124,"Drama,History",7.3,14682
tt3829266,movie,The Predator,2018,107,"Action,Adventure,Sci-Fi",5.3,163544
tt3829920,movie,Only the Brave,2017,134,"Action,Biography,Drama",7.6,92591
tt3830162,movie,A War,2015,115,"Crime,Drama,Thriller",7.0,11672
tt3832096,movie,Cabin Fever,2016,99,"Horror,Sci-Fi,Thriller",3.8,12274
tt3832914,movie,War Room,2015,120,Drama,6.5,17659
tt3833480,movie,The Outpost,2019,123,"Action,Drama,History",6.9,48195
tt3835080,movie,31,2016,103,"Horror,Thriller",5.1,24893
tt3836512,movie,Ratter,2015,80,"Drama,Horror,Mystery",4.8,11057
tt3838992,movie,Yoga Hosers,2016,88,"Action,Comedy,Horror",4.3,16642
tt3839880,movie,Infinity Chamber,2016,103,"Sci-Fi,Thriller",6.2,12821
tt3841424,movie,Land of Mine,2015,100,"Drama,History,War",7.8,49440
tt3844362,movie,The Overnight,2015,79,"Comedy,Mystery",6.1,18109
tt3846674,movie,To All the Boys I've Loved Before,2018,99,"Comedy,Drama,Romance",7.0,141336
tt3848892,movie,Baby,2015,159,"Action,Thriller",7.9,63380
tt3850214,movie,Dope,2015,103,"Adventure,Comedy,Crime",7.2,92040
tt3850590,movie,Krampus,2015,98,"Comedy,Fantasy,Horror",6.2,94928
tt38525492,movie,Bhagwat Chapter One: Raakshas,2025,127,"Crime,Thriller",6.9,10337
tt3859076,movie,Truth,2015,125,"Biography,Drama,History",6.8,22696
tt3859272,movie,Tragedy Girls,2017,98,"Comedy,Crime,Horror",6.0,13682
tt3859304,movie,The Bronze,2015,100,"Comedy,Drama,Sport",6.1,14523
tt3859310,movie,How to Talk to Girls at Parties,2017,102,"Comedy,Music,Romance",5.7,13307
tt3859980,movie,Mohenjo Daro,2016,155,"Action,Adventure,Drama",5.6,13784
tt3860916,movie,Cargo,2017,105,"Drama,Horror,Sci-Fi",6.3,52720
tt3861390,movie,Dumbo,2019,112,"Adventure,Family,Fantasy",6.2,88664
tt3862750,movie,The Perfect Guy,2015,100,"Drama,Romance,Thriller",5.6,11999
tt3863552,movie,Bajrangi Bhaijaan,2015,163,"Adventure,Comedy,Drama",8.1,112181
tt3864056,movie,The Goldfinch,2019,149,"Crime,Drama,Mystery",6.4,30177
tt3874544,movie,The Boss Baby,2017,97,"Adventure,Animation,Comedy",6.3,159528
tt3876910,movie,Dangerous,2021,99,"Action,Thriller",5.2,11467
tt3877674,movie,Men & Chicken,2015,104,"Comedy,Drama,Mystery",6.7,16076
tt3881784,movie,Stronger,2017,119,"Biography,Drama",6.9,54240
tt3882082,movie,The Boy,2016,97,"Horror,Mystery,Thriller",6.0,108452
tt3890160,movie,Baby Driver,2017,113,"Action,Crime,Drama",7.5,688112
tt3892172,movie,Leave No Trace,2018,109,"Adventure,Drama",7.1,70590
tt3892434,movie,That Sugar Film,2014,90,Documentary,7.4,11436
tt3896198,movie,Guardians of the Galaxy: Vol. 2,2017,136,"Action,Adventure,Comedy",7.6,833417
tt3896738,movie,Hounds of Love,2016,108,"Crime,Drama,Thriller",6.5,14519
tt3901826,movie,The Breadwinner,2017,94,"Animation,Drama,War",7.7,30992
tt3906082,movie,Mary Shelley,2017,120,"Biography,Drama,History",6.4,19733
tt3907584,movie,All the Bright Places,2020,107,"Drama,Romance",6.6,45166
tt3908142,movie,The Love Witch,2016,120,"Comedy,Horror,Romance",6.3,24225
tt39122441,movie,Jockey,2026,147,"Action,Adventure,Drama",8.1,14713
tt39139925,movie,Dhurandhar: The Revenge,2026,235,"Action,Crime,Thriller",8.2,64176
tt3915174,movie,Puss in Boots: The Last Wish,2022,102,"Action,Adventure,Animation",7.9,227254
tt3920820,movie,Brian Banks,2018,99,"Biography,Drama,Sport",7.2,10875
tt3921314,movie,Muhammad: The Messenger of God,2015,162,"Biography,Drama,History",7.2,13042
tt3922798,movie,The Siege of Jadotville,2016,108,"Action,Drama,Thriller",7.2,48403
tt3922818,movie,The Space Between Us,2017,120,"Drama,Romance,Sci-Fi",6.4,58918
tt3923662,movie,The Rezort,2015,91,"Horror,Sci-Fi,Thriller",5.3,10126
tt39328471,movie,Shatak,2026,112,"Drama,History",3.5,20365
tt3949660,movie,Teenage Mutant Ninja Turtles: Out of the Shadows,2016,112,"Action,Adventure,Comedy",5.9,106918
tt3960412,movie,Popstar: Never Stop Never Stopping,2016,87,"Comedy,Drama,Music",6.7,74445
tt3963816,movie,Marauders,2016,107,"Action,Adventure,Crime",5.5,24896
tt3966404,movie,Mustang,2015,97,Drama,7.6,43182
tt3967856,movie,Okja,2017,120,"Action,Adventure,Drama",7.3,142365
tt3976144,movie,The Monster,2016,91,"Drama,Fantasy,Horror",5.4,20973
tt3978720,movie,4th Man Out,2015,86,"Comedy,Drama",6.7,11471
tt39792948,movie,Louis Theroux: Inside the Manosphere,2026,91,Documentary,6.9,16953
tt3986820,movie,The Endless,2017,111,"Horror,Mystery,Sci-Fi",6.5,57358
tt3991412,movie,The 9th Life of Louis Drax,2016,108,"Drama,Mystery,Thriller",6.3,15803
tt4003440,movie,The House That Jack Built,2018,152,"Crime,Drama,Horror",6.8,106732
tt4005402,movie,Colonia,2015,110,"Biography,Drama,History",7.0,59857
tt4006302,movie,Level 16,2018,102,"Drama,Mystery,Thriller",6.1,19400
tt4009278,movie,Intruders,2015,90,"Drama,Horror,Thriller",5.7,15361
tt4009460,movie,Saving Christmas,2014,79,"Comedy,Family",1.3,17337
tt4015500,movie,The Tale,2018,114,"Biography,Drama,Mystery",7.2,21604
tt4016312,movie,The Book of Vision,2020,99,"Drama,Mystery",7.1,18154
tt4016934,movie,The Handmaiden,2016,145,"Drama,Romance,Thriller",8.1,205345
tt4019560,movie,Exposed,2016,102,"Crime,Drama,Mystery",4.4,18063
tt4025514,movie,Suburra,2015,130,"Action,Crime,Drama",7.4,23253
tt4028464,movie,The Innocents,2021,117,"Drama,Fantasy,Horror",7.0,30100
tt4030600,movie,The Bye Bye Man,2017,96,"Drama,Fantasy,Horror",4.3,27793
tt4034228,movie,Manchester by the Sea,2016,137,Drama,7.8,358962
tt4034354,movie,Swiss Army Man,2016,97,"Comedy,Drama,Fantasy",6.9,141795
tt4034452,movie,Hyena Road,2015,120,"Drama,War",6.5,10059
tt4044364,movie,Citizenfour,2014,114,"Biography,Documentary",8.0,60154
tt4045450,movie,I Know What You Did Last Summer,2025,111,"Horror,Mystery",5.1,49470
tt4046784,movie,Maze Runner: The Scorch Trials,2015,131,"Action,Adventure,Sci-Fi",6.3,309363
tt4048272,movie,Toni Erdmann,2016,162,"Comedy,Drama",7.3,55342
tt4052050,movie,He's Out There,2018,89,"Horror,Thriller",5.3,10472
tt4052882,movie,The Shallows,2016,86,"Drama,Horror,Thriller",6.3,154136
tt4054654,movie,Dog Eat Dog,2016,93,"Action,Crime,Thriller",4.8,10517
tt4059702,movie,AmeriGeddon,2016,90,"Action,Adventure,Drama",3.8,13494
tt4061010,movie,Blackway,2015,90,"Action,Mystery,Thriller",5.3,11381
tt4061620,movie,Firebird,2021,107,"Biography,Drama,Romance",7.1,15059
tt4062536,movie,Green Room,2015,95,"Horror,Thriller",6.9,154430
tt4065552,movie,The Unknown Soldier,2017,132,"Drama,War",7.7,14839
tt4068576,movie,The Nightingale,2018,136,"Adventure,Drama,Thriller",7.3,41122
tt4072326,movie,Ali and Nino,2016,100,"Drama,Romance,War",6.8,11707
tt4073790,movie,The Darkest Minds,2018,104,"Action,Adventure,Drama",5.7,40644
tt40792117,movie,The Crash,2026,92,"Crime,Documentary",6.5,11427
tt4080728,movie,A Man Called Ove,2015,116,"Comedy,Drama,Romance",7.7,75099
tt4080956,movie,A Prayer Before Dawn,2017,116,"Action,Biography,Crime",6.8,29116
tt4081630,movie,The Valet,2022,124,"Comedy,Drama,Romance",6.7,18886
tt4082068,movie,Dheepan,2015,115,"Crime,Drama",7.2,18014
tt4084744,movie,Battle for Sevastopol,2015,110,"Action,Biography,Drama",7.0,15420
tt4088268,movie,Department Q: A Conspiracy of Faith,2016,112,"Crime,Drama,Mystery",7.0,24864
tt4094724,movie,The Purge: Election Year,2016,108,"Action,Horror,Sci-Fi",6.0,119456
tt4103724,movie,Forever My Girl,2018,108,"Comedy,Drama,Music",6.6,25461
tt4104022,movie,People Places Things,2015,85,"Comedy,Romance",6.8,11603
tt4106376,movie,American Renegades,2017,106,"Action,Adventure,Crime",5.5,12563
tt4106514,movie,The Postcard Killings,2020,104,"Crime,Drama,Mystery",5.8,18543
tt4107858,movie,MSG: The Messenger of God,2015,197,"Action,Comedy,Drama",5.8,11424
tt4110568,movie,Dil Dhadakne Do,2015,170,"Comedy,Drama,Romance",7.1,22191
tt41110859,movie,Aakhri Sawal,2026,150,"Drama,History,Thriller",6.6,12879
tt4114744,movie,Whisper If I Forget,2014,118,"Drama,Music,Romance",7.5,19154
tt4116284,movie,The Lego Batman Movie,2017,104,"Action,Adventure,Animation",7.3,194921
tt4120176,movie,Things to Come,2016,102,Drama,6.9,15434
tt4123430,movie,Fantastic Beasts: The Crimes of Grindelwald,2018,134,"Adventure,Family,Fantasy",6.5,332688
tt4123432,movie,Fantastic Beasts: The Secrets of Dumbledore,2022,142,"Adventure,Fantasy",6.2,193656
tt4126304,movie,Cartel Land,2015,100,Documentary,7.3,19201
tt4126438,movie,The Ones Below,2015,87,"Drama,Thriller",6.1,11717
tt4126476,movie,After,2019,105,"Drama,Romance",5.3,76600
tt4129428,movie,Jagga Jasoos,2017,161,"Adventure,Comedy,Musical",6.4,13941
tt4129870,movie,White Girl,2016,88,"Crime,Drama",5.7,12475
tt4131496,movie,The Vanishing,2018,107,"Drama,Mystery,Thriller",5.9,22804
tt4136084,movie,Florence Foster Jenkins,2016,111,"Biography,Comedy,Drama",6.8,62427
tt4136456,movie,The Virtuoso,2021,110,"Action,Drama,Thriller",5.0,10769
tt4139124,movie,Keanu,2016,100,"Action,Comedy,Crime",6.2,55401
tt4139588,movie,Polar,2019,118,"Action,Crime,Thriller",6.3,107784
tt4139928,movie,The Legend of Maula Jatt,2022,153,"Action,Drama,Fantasy",8.4,11708
tt4144190,movie,Wiener-Dog,2016,88,"Comedy,Drama",5.9,11812
tt4154664,movie,Captain Marvel,2019,123,"Action,Adventure,Sci-Fi",6.7,662080
tt4154756,movie,Avengers: Infinity War,2018,149,"Action,Adventure,Sci-Fi",8.4,1381736
tt4154796,movie,Avengers: Endgame,2019,181,"Action,Adventure,Sci-Fi",8.4,1457106
tt4154916,movie,Replicas,2018,107,"Action,Drama,Sci-Fi",5.5,45422
tt4158096,movie,Free Fire,2016,91,"Action,Comedy,Crime",6.3,53677
tt4158876,movie,Other People,2016,97,"Comedy,Drama",6.8,13059
tt4160708,movie,Don't Breathe,2016,88,"Crime,Horror,Thriller",7.1,332427
tt4163020,movie,Tales of Halloween,2015,97,"Adventure,Comedy,Fantasy",5.5,15595
tt4169250,movie,M.S. Dhoni: The Untold Story,2016,184,"Biography,Drama,Sport",8.0,76461
tt4172430,movie,13 Hours,2016,144,"Action,Adventure,Biography",7.3,180973
tt4176826,movie,Look Who's Back,2015,116,"Comedy,Drama,Fantasy",7.0,54234
tt4178092,movie,The Gift,2015,108,"Drama,Mystery,Thriller",7.0,186241
tt4180560,movie,Otherhood,2019,100,Comedy,6.1,13503
tt4181052,movie,Special Correspondents,2016,101,Comedy,5.9,27576
tt4190530,movie,Anthropoid,2016,120,"Action,Drama,History",7.2,59876
tt4191054,movie,Strange Magic,2015,99,"Adventure,Animation,Comedy",5.8,13782
tt4191580,movie,Meet the Blacks,2016,94,"Comedy,Horror",4.8,38652
tt4192740,movie,Lemonade,2015,110,"Comedy,Drama",7.3,15385
tt4193394,movie,Indignation,2016,110,"Drama,Romance",6.7,13047
tt4195278,movie,Telling Tales,2015,103,"Comedy,Fantasy,Romance",7.3,17462
tt4196450,movie,The Birth of a Nation,2016,120,"Biography,Drama,History",6.6,22700
tt4196566,movie,The Deliverance,2024,112,"Drama,Horror,Mystery",5.1,25561
tt4196776,movie,Jason Bourne,2016,123,"Action,Thriller",6.6,258383
tt4196848,movie,Mr. Church,2016,104,"Comedy,Drama",7.6,34316
tt4209788,movie,Molly's Game,2017,140,"Biography,Crime,Drama",7.4,204538
tt4216984,movie,Wolf Man,2025,103,"Horror,Sci-Fi",5.6,44192
tt4217392,movie,Kung Fu Yoga,2017,107,"Action,Adventure,Comedy",5.2,12376
tt4218572,movie,Widows,2018,129,"Crime,Drama,Thriller",6.8,109337
tt4218696,movie,The Wall,2017,88,"Action,Drama,Thriller",6.2,34918
tt4225622,movie,The Babysitter,2017,85,"Comedy,Horror",6.4,123160
tt4226388,movie,Victoria,2015,138,"Crime,Drama,Romance",7.5,67426
tt4229236,movie,Cobain: Montage of Heck,2015,132,"Biography,Documentary,Music",7.5,33450
tt4244162,movie,Beta Test,2016,88,"Action,Sci-Fi,Thriller",4.6,21852
tt4244994,movie,The Last Duel,2021,152,"Drama,History,Thriller",7.3,207764
tt4244998,movie,Alpha,2018,96,"Adventure,Drama",6.6,72044
tt4255304,movie,The Void,2016,90,"Horror,Mystery,Sci-Fi",5.9,47893
tt4257858,movie,Going Clear: Scientology & the Prison of Belief,2015,119,Documentary,8.0,42528
tt4257926,movie,Miracles from Heaven,2016,109,"Biography,Drama,Family",7.1,32013
tt4258292,movie,Yennai Arindhaal,2015,168,"Action,Crime,Drama",7.3,11158
tt4262980,movie,Shin Godzilla,2016,120,"Action,Drama,Horror",6.9,46289
tt4263482,movie,The Witch,2015,92,"Drama,Fantasy,Horror",7.0,354677
tt4266076,movie,The Night Eats the World,2018,93,"Drama,Horror,Thriller",6.0,19361
tt4266638,movie,Krisha,2015,83,Drama,7.1,10913
tt4267026,movie,Hell House LLC,2015,93,"Horror,Mystery",6.4,36665
tt4270516,movie,Grandma,2015,79,"Comedy,Drama",6.7,18031
tt4272866,movie,The Boy and the Beast,2015,119,"Action,Adventure,Animation",7.6,30056
tt4273292,movie,Under the Shadow,2016,84,"Drama,Fantasy,Horror",6.8,32732
tt4273800,movie,The Good Nurse,2022,121,"Biography,Crime,Drama",6.8,91210
tt4276820,movie,The Founder,2016,115,"Biography,Drama",7.2,206486
tt4281724,movie,Terrifier,2016,85,Horror,5.5,96202
tt4284010,movie,"What Happened, Miss Simone?",2015,101,"Biography,Documentary,Music",7.6,15467
tt4285496,movie,Embrace of the Serpent,2015,125,"Adventure,Biography,Drama",7.8,25960
tt4287320,movie,The Circle,2017,110,"Drama,Mystery,Sci-Fi",5.4,105618
tt4291600,movie,Lady Macbeth,2016,89,"Drama,Romance",6.8,30058
tt4298958,movie,Sweet Bean,2015,113,Drama,7.4,14286
tt4302938,movie,Kubo and the Two Strings,2016,101,"Action,Adventure,Animation",7.7,147389
tt4303340,movie,I Am Not a Serial Killer,2016,104,"Crime,Drama,Horror",6.2,17074
tt4309356,movie,Ivy,2015,104,"Drama,Fantasy,Thriller",7.9,14825
tt4323594,movie,I'm No Longer Here,2019,112,"Drama,Music",7.3,10474
tt4326444,movie,Julieta,2016,99,"Drama,Mystery,Romance",7.1,35515
tt4330758,movie,Black Hawk Down,1997,57,Documentary,7.9,34860
tt4332232,movie,Fractured,2019,99,"Drama,Mystery,Thriller",6.5,114386
tt4334266,movie,The Bad Batch,2016,118,"Action,Horror,Mystery",5.2,37994
tt4341582,movie,Queen of Katwe,2016,124,"Biography,Drama,Sport",7.4,20092
tt4348012,movie,Mayhem,2017,86,"Action,Comedy,Horror",6.4,30074
tt4353250,movie,The Last Black Man in San Francisco,2019,121,Drama,7.2,23158
tt4353996,movie,The King's Choice,2016,133,"Biography,Drama,History",7.1,11124
tt4357198,movie,How to Make a Killing,2026,105,"Comedy,Drama,Thriller",6.5,32454
tt4357394,movie,Tau,2018,97,"Horror,Sci-Fi,Thriller",5.8,37518
tt4359416,movie,Taxi,2015,82,"Comedy,Drama",7.3,18448
tt4361050,movie,Ouija: Origin of Evil,2016,99,"Drama,Horror,Mystery",6.2,82735
tt4364194,movie,The Peanut Butter Falcon,2019,97,"Adventure,Comedy,Drama",7.6,120218
tt4370784,movie,The Innocents,2016,115,"Drama,History",7.3,12302
tt4375438,movie,The Club,2015,98,"Drama,Mystery,Thriller",7.2,12677
tt4382552,movie,Hot Girls Wanted,2015,84,Documentary,6.1,19146
tt4382872,movie,Extraction,2015,82,"Action,Thriller",4.1,12469
tt4383594,movie,Nine Lives,2016,87,"Comedy,Drama,Family",5.3,25916
tt4385888,movie,20th Century Women,2016,119,"Comedy,Drama",7.3,52499
tt4387040,movie,Airlift,2016,130,"Drama,History",7.9,61635
tt4399952,movie,The Lodgers,2017,92,"Drama,Horror,Mystery",5.1,10134
tt4411504,movie,The Clan,2015,108,"Biography,Crime,Drama",6.9,15255
tt4411584,movie,The Secret: Dare to Dream,2020,107,"Drama,Romance",6.6,20147
tt4411596,movie,My Cousin Rachel,2017,106,"Drama,Mystery,Romance",6.0,22354
tt4419364,movie,Holidays,2016,105,"Comedy,Fantasy,Horror",5.1,12370
tt4419684,movie,In the Lost Lands,2025,101,"Action,Adventure,Fantasy",4.7,17604
tt4420704,movie,Kedi,2016,79,Documentary,7.6,16855
tt4425200,movie,John Wick: Chapter 2,2017,122,"Action,Crime,Thriller",7.4,573150
tt4429194,movie,Paris Can Wait,2016,92,"Comedy,Drama,Romance",5.8,10356
tt4430136,movie,Pyaar Ka Punchnama 2,2015,137,"Comedy,Drama,Romance",7.2,17632
tt4430212,movie,Drishyam,2015,163,"Crime,Drama,Mystery",8.2,109766
tt4432480,movie,RangiTaranga,2015,149,"Mystery,Thriller",8.1,16007
tt4434004,movie,Udta Punjab,2016,148,"Crime,Drama",7.7,34240
tt4435072,movie,Liger,2022,140,"Action,Drama,Romance",2.6,49291
tt4438848,movie,Neighbors 2: Sorority Rising,2016,92,Comedy,5.7,137779
tt4439620,movie,Redemption Day,2021,99,"Action,Drama,Thriller",4.5,24634
tt4443658,movie,Better Watch Out,2016,89,"Comedy,Horror,Thriller",6.5,52971
tt4457344,movie,Dave Made a Maze,2017,80,"Adventure,Comedy,Fantasy",6.3,10381
tt4458206,movie,Code Name: K.O.Z.,2015,114,"Action,Crime,Mystery",1.7,27569
tt4463816,movie,Terminal,2018,95,"Action,Comedy,Crime",5.4,27450
tt4463894,movie,Shaft,2019,111,"Action,Comedy,Crime",6.4,62449
tt4465564,movie,Fifty Shades Darker,2017,118,"Drama,Mystery,Romance",4.6,122142
tt4468634,movie,Certain Women,2016,107,Drama,6.4,17371
tt4468740,movie,Paddington 2,2017,103,"Adventure,Comedy,Family",7.8,114897
tt4477536,movie,Fifty Shades Freed,2018,105,"Drama,Mystery,Romance",4.6,83748
tt4479380,movie,SAS: Rise of the Black Swan,2021,124,"Action,Adventure,Drama",5.3,23469
tt4481066,movie,Giant Little Ones,2018,93,Drama,7.2,11068
tt4481414,movie,Gifted,2017,101,Drama,7.6,160127
tt4481514,movie,The House,2017,88,"Comedy,Crime",5.6,50647
tt4486986,movie,All I See Is You,2016,109,"Drama,Mystery",5.4,14744
tt4495098,movie,Gran Turismo,2023,134,"Action,Adventure,Drama",7.1,136776
tt4500922,movie,Maze Runner: The Death Cure,2018,143,"Action,Adventure,Sci-Fi",6.3,193220
tt4501244,movie,Why Him?,2016,111,Comedy,6.2,136034
tt4501268,movie,Maharaj,2024,131,"Biography,Crime,Drama",6.5,15925
tt4501454,movie,The Meddler,2015,103,"Comedy,Drama,Romance",6.3,15256
tt4503598,movie,Emelie,2015,82,"Horror,Mystery,Thriller",5.4,15802
tt4504044,movie,The Prodigy,2019,92,"Fantasy,Horror,Mystery",5.9,31465
tt4513674,movie,Café Society,2016,96,"Comedy,Drama,Romance",6.6,84948
tt4513678,movie,Ghostbusters: Afterlife,2021,124,"Adventure,Comedy,Fantasy",7.0,241834
tt4520364,movie,Morgan,2016,92,"Action,Horror,Sci-Fi",5.9,49863
tt4520988,movie,Frozen II,2019,103,"Adventure,Animation,Comedy",6.8,220616
tt4530422,movie,Overlord,2018,110,"Action,Horror,Sci-Fi",6.6,116290
tt4530884,movie,I Spit on Your Grave: Vengeance Is Mine,2015,92,"Horror,Thriller",5.1,17848
tt4532038,movie,The War with Grandpa,2020,94,"Comedy,Drama,Family",5.7,28242
tt4532826,movie,Robin Hood,2018,116,"Action,Adventure,Drama",5.4,86898
tt4535650,movie,Dilwale,2015,158,"Action,Comedy,Drama",5.1,42172
tt4537896,movie,White Boy Rick,2018,111,"Crime,Drama",6.5,49068
tt4540710,movie,Miss Sloane,2016,132,Drama,7.5,89138
tt4547056,movie,The Girl with All the Gifts,2016,111,"Action,Adventure,Drama",6.6,69268
tt4547194,movie,I Kill Giants,2017,106,"Drama,Fantasy,Thriller",6.1,33505
tt4550098,movie,Nocturnal Animals,2016,116,"Drama,Thriller",7.4,340145
tt4552524,movie,Jeruzalem,2015,94,"Action,Adventure,Fantasy",4.8,12420
tt4555426,movie,Darkest Hour,2017,125,"Biography,Drama,History",7.4,244258
tt4558362,movie,Our Story,2015,97,Drama,5.3,18114
tt4558376,movie,Downhill,2020,86,"Comedy,Drama",4.9,16053
tt4559006,movie,Ae Dil Hai Mushkil,2016,158,"Drama,Musical,Romance",5.9,29167
tt4559046,movie,Housefull 3,2016,140,Comedy,5.0,12719
tt4560008,movie,This Beautiful Fantastic,2016,92,"Comedy,Drama,Romance",6.9,14553
tt4560436,movie,Mile 22,2018,94,"Action,Crime,Thriller",6.1,94003
tt4562518,movie,The Distinguished Citizen,2016,118,"Comedy,Drama",7.5,14395
tt4565520,movie,The Layover,2017,88,"Comedy,Romance",4.8,18221
tt4566758,movie,Mulan,2020,115,"Action,Adventure,Drama",5.8,167760
tt4572514,movie,Patriots Day,2016,133,"Action,Crime,Drama",7.3,122501
tt4572792,movie,The Book of Henry,2017,105,"Crime,Drama,Thriller",6.6,30789
tt4573394,movie,Endless Corridor,2014,52,"Documentary,History",8.0,42269
tt4575328,movie,2036 Origin Unknown,2018,94,"Action,Sci-Fi,Thriller",4.3,10073
tt4575576,movie,Christopher Robin,2018,104,"Adventure,Comedy,Drama",7.2,91104
tt4581576,movie,Aftermath,2017,94,"Drama,Mystery,Thriller",5.7,28625
tt4587656,movie,The Star,2017,86,"Adventure,Animation,Comedy",6.3,10912
tt4589218,movie,Five Nights at Freddy's,2023,109,"Horror,Mystery,Thriller",5.4,140634
tt4590256,movie,He's All That,2021,88,"Comedy,Romance",4.4,32743
tt4593060,movie,Pinocchio,2022,105,"Adventure,Animation,Comedy",5.1,46821
tt4594834,movie,Chi-Raq,2015,127,"Comedy,Crime,Drama",5.9,11345
tt4595186,movie,Luckiest Girl Alive,2022,113,"Drama,Mystery,Thriller",6.4,60473
tt4595882,movie,Can You Ever Forgive Me?,2018,106,"Biography,Comedy,Crime",7.1,58878
tt4600952,movie,Guardians,2017,89,"Action,Adventure,Comedy",4.1,15249
tt4602066,movie,The Catcher Was a Spy,2018,94,"Biography,Drama,War",6.3,13772
tt4610378,movie,The Resistance Banker,2018,123,"Biography,Drama,War",6.9,11745
tt4614584,movie,Purple Hearts,2022,122,"Drama,Music,Romance",6.7,72668
tt4618398,movie,Boruto: Naruto the Movie,2015,95,"Action,Adventure,Animation",7.7,13745
tt4621630,movie,Boy Missing,2016,105,"Crime,Drama,Mystery",6.4,10111
tt4621872,movie,Like Crazy,2016,116,"Comedy,Drama",7.1,10772
tt4622512,movie,Battle of the Sexes,2017,121,"Biography,Comedy,Drama",6.7,63901
tt4624424,movie,Storks,2016,87,"Adventure,Animation,Comedy",6.8,72914
tt4627382,movie,Roofman,2025,126,"Biography,Crime,Drama",6.9,80645
tt4630550,movie,The Unknown Girl,2016,113,"Crime,Drama,Mystery",6.5,11039
tt4630562,movie,The Fate of the Furious,2017,136,"Action,Crime,Thriller",6.6,275500
tt4633690,movie,Shot Caller,2017,121,"Crime,Drama,Thriller",7.3,114265
tt4633694,movie,Spider-Man: Into the Spider-Verse,2018,117,"Action,Adventure,Animation",8.4,796881
tt4635372,movie,Masaan,2015,109,Drama,8.1,35740
tt4645330,movie,Denial,2016,109,"Biography,Drama",6.8,25363
tt4645368,movie,It's Only the End of the World,2016,97,Drama,6.8,26363
tt4648786,movie,Harriet,2019,125,"Action,Biography,Drama",6.8,36699
tt4649466,movie,Kingsman: The Golden Circle,2017,141,"Action,Adventure,Comedy",6.7,403024
tt4651410,movie,Precious Cargo,2016,90,"Action,Comedy,Thriller",4.6,10291
tt4651466,movie,Joe Bell,2020,94,"Biography,Drama",6.3,10555
tt4651520,movie,Bad Moms,2016,100,Comedy,6.2,141561
tt4652650,movie,Please Stand By,2017,93,"Comedy,Drama",6.7,17373
tt4666726,movie,Christine,2016,119,"Biography,Drama",6.9,17979
tt4667094,movie,Fifty Shades of Black,2016,92,Comedy,3.6,24808
tt4669186,movie,Kevin Hart: What Now?,2016,96,"Comedy,Documentary",6.0,10308
tt4669264,movie,Beirut,2018,109,"Action,Adventure,Crime",6.5,27094
tt4669296,movie,Lords of Chaos,2018,118,"Biography,Drama,Horror",6.6,22587
tt4669788,movie,On the Basis of Sex,2018,120,"Biography,Drama,History",7.1,42468
tt4669986,movie,Loving,2016,123,"Biography,Drama,Romance",7.0,38627
tt4679210,movie,Premam,2015,156,"Comedy,Drama,Musical",8.3,28531
tt4680182,movie,Colossal,2016,109,"Comedy,Drama,Fantasy",6.2,74969
tt4682266,movie,The New Mutants,2020,94,"Action,Horror,Mystery",5.3,101986
tt4682786,movie,Collateral Beauty,2016,97,"Drama,Romance",6.8,109547
tt4682788,movie,Loving Pablo,2017,123,"Biography,Crime,Drama",6.4,24129
tt4685762,movie,The Craft: Legacy,2020,97,"Comedy,Drama,Fantasy",4.6,19006
tt4686844,movie,The Death of Stalin,2017,107,"Comedy,Drama,History",7.3,127250
tt4687108,movie,In the Tall Grass,2019,101,"Horror,Mystery,Sci-Fi",5.5,74123
tt4693358,movie,OtherLife,2017,96,"Crime,Drama,Mystery",6.2,17981
tt4694544,movie,Once Upon a Time in Venice,2017,94,"Adventure,Comedy,Crime",5.3,22107
tt4695012,movie,It Comes at Night,2017,91,"Drama,Horror,Mystery",6.1,111302
tt4698584,movie,Neruda,2016,107,"Biography,Crime,Drama",6.8,11507
tt4698684,movie,Hunt for the Wilderpeople,2016,101,"Adventure,Comedy,Drama",7.8,153763
tt4699388,movie,Up for Love,2016,98,"Comedy,Romance",6.3,10003
tt4701182,movie,Bumblebee,2018,114,"Action,Adventure,Sci-Fi",6.7,209563
tt4701660,movie,The Mermaid,2016,94,"Comedy,Drama,Fantasy",6.2,11012
tt4701724,movie,Early Man,2018,89,"Adventure,Animation,Comedy",6.1,25450
tt4703048,movie,6 Days,2017,94,"Action,Drama,History",6.2,27033
tt4712810,movie,Now You See Me: Now You Don't,2025,113,"Crime,Thriller",5.9,71645
tt4714568,movie,The Young Offenders,2016,83,"Adventure,Comedy,Crime",7.1,13914
tt4714782,movie,Personal Shopper,2016,105,"Drama,Mystery,Thriller",6.1,45937
tt4720702,movie,Bushwick,2017,94,"Action,Thriller",5.2,14900
tt4721124,movie,The Exception,2016,107,"Drama,History,Romance",6.8,17065
tt4727512,movie,Srimanthudu,2015,158,"Action,Drama",7.5,14429
tt4728338,movie,Ali Baba and the Seven Dwarfs,2015,114,"Adventure,Comedy",5.6,22273
tt4728386,movie,Killing Ground,2016,88,"Horror,Thriller",5.8,11033
tt4729430,movie,Klaus,2019,96,"Adventure,Animation,Comedy",8.2,238824
tt4730986,movie,Divines,2016,105,"Crime,Drama",7.3,11066
tt4731136,movie,A Cure for Wellness,2016,146,"Drama,Fantasy,Horror",6.4,125390
tt4731148,movie,Attraction,2017,132,"Action,Drama,Romance",5.6,15558
tt4733624,movie,Fatherhood,2021,109,"Comedy,Drama",6.6,46927
tt4733640,movie,The Limehouse Golem,2016,109,"Crime,Mystery,Thriller",6.3,25101
tt4736550,movie,The Great Hack,2019,114,"Biography,Documentary,History",7.0,25851
tt4758646,movie,War Machine,2017,122,"Comedy,Drama,War",6.0,53304
tt4761112,movie,The Mauritanian,2021,129,"Biography,Drama,Thriller",7.5,72244
tt4761916,movie,Unfriended: Dark Web,2018,92,"Horror,Mystery,Thriller",6.1,43240
tt4765284,movie,Pitch Perfect 3,2017,93,"Comedy,Music",5.8,79089
tt4769824,movie,In This Corner of the World,2016,129,"Animation,Drama,History",7.8,13988
tt4769836,movie,The Do-Over,2016,108,"Action,Adventure,Comedy",5.7,57401
tt4771896,movie,The Fury of a Patient Man,2016,92,"Crime,Drama,Thriller",6.7,13112
tt4772188,movie,Flow,2024,85,"Adventure,Animation,Family",7.9,148931
tt4776998,movie,The Promise,2016,133,"Action,Adventure,Drama",6.1,180449
tt4777008,movie,Maleficent: Mistress of Evil,2019,119,"Adventure,Drama,Family",6.6,132913
tt4779682,movie,The Meg,2018,113,"Action,Adventure,Horror",5.7,229432
tt4781612,movie,Imperium,2016,109,"Crime,Drama,Mystery",6.5,53909
tt4786282,movie,Lights Out,2016,81,"Horror,Mystery",6.3,153019
tt4795124,movie,How to Be a Latin Lover,2017,115,"Comedy,Drama",6.0,19116
tt4799050,movie,Rough Night,2017,101,Comedy,5.3,59066
tt4799064,movie,Mindhorn,2016,89,"Action,Adventure,Comedy",6.3,14496
tt4799066,movie,Midnight Sun,2018,91,"Drama,Romance",6.6,39989
tt4805316,movie,A Dark Song,2016,100,"Drama,Horror",6.2,25829
tt4807408,movie,The Best of Enemies,2019,133,"Biography,Drama,History",7.3,22126
tt4814290,movie,Te3n,2016,136,"Crime,Drama,Mystery",7.2,15148
tt4815122,movie,Time Trap,2017,87,"Action,Adventure,Mystery",6.2,50193
tt4823434,movie,Tigers Are Not Afraid,2017,83,"Fantasy,Horror,Mystery",6.9,10546
tt4823776,movie,The SpongeBob Movie: Sponge on the Run,2020,91,"Adventure,Animation,Comedy",5.9,25848
tt4824302,movie,Mother's Day,2016,118,"Comedy,Drama,Romance",5.7,43016
tt4824308,movie,God's Not Dead 2,2016,120,Drama,4.4,14246
tt4827558,movie,High Life,2018,113,"Drama,Sci-Fi,Thriller",5.7,45534
tt4832640,movie,Sultan,2016,170,"Action,Drama,Romance",7.1,59568
tt4844140,movie,True History of the Kelly Gang,2019,124,"Action,Biography,Crime",6.0,14608
tt4846232,movie,Good Time,2017,102,"Crime,Drama,Thriller",7.3,157084
tt4846318,movie,Into the Inferno,2016,104,Documentary,7.2,10890
tt4846340,movie,Hidden Figures,2016,127,"Biography,Drama,History",7.8,291014
tt4849438,movie,Baahubali 2: The Conclusion,2017,167,"Action,Drama",8.2,135036
tt4851630,movie,Maheshinte Prathikaaram,2016,120,"Comedy,Drama,Romance",8.3,11913
tt4853102,movie,Batman: The Killing Joke,2016,76,"Action,Animation,Crime",6.4,65986
tt4857264,movie,The Invisible Guest,2016,106,"Crime,Drama,Mystery",8.0,214540
tt4859168,movie,Then Came You,2018,97,"Comedy,Drama,Romance",6.9,14921
tt4864932,movie,Baaghi,2016,133,"Action,Drama,Romance",5.4,11823
tt4867110,movie,Swiped,2018,93,"Comedy,Romance",2.8,12457
tt4873118,movie,The Covenant,2023,123,"Action,Drama,Thriller",7.5,212242
tt4876134,movie,The Misfits,2021,94,"Action,Adventure,Comedy",4.5,15507
tt4877122,movie,The Emoji Movie,2017,86,"Adventure,Animation,Comedy",3.5,80292
tt4878482,movie,Dumplin',2018,110,"Comedy,Drama",6.5,40307
tt4881806,movie,Jurassic World: Fallen Kingdom,2018,128,"Action,Adventure,Sci-Fi",6.2,383381
tt4882376,movie,First They Killed My Father,2017,136,"Biography,Drama,History",7.2,22283
tt4897822,movie,Where to Invade Next,2015,120,"Comedy,Documentary",7.5,26533
tt4899370,movie,Megan Leavey,2017,116,"Action,Biography,Drama",7.1,30334
tt4900148,movie,Elio,2025,98,"Adventure,Animation,Comedy",6.6,46554
tt4900716,movie,Kapoor & Sons,2016,132,"Comedy,Drama,Family",7.7,33966
tt4901306,movie,Perfect Strangers,2016,96,"Comedy,Drama,Thriller",7.7,77624
tt4908644,movie,Winter on Fire: Ukraine's Fight for Freedom,2015,102,"Documentary,History",8.3,21517
tt4911940,movie,Goodbye Berlin,2016,93,"Comedy,Drama",6.9,12066
tt4912910,movie,Mission: Impossible - Fallout,2018,147,"Action,Adventure,Thriller",7.7,421486
tt4913966,movie,The Curse of La Llorona,2019,93,"Horror,Mystery,Thriller",5.3,66340
tt4914580,movie,The Age of Shadows,2016,140,"Action,History,Thriller",7.1,12076
tt4916630,movie,Just Mercy,2019,137,"Biography,Crime,Drama",7.6,85103
tt4919268,movie,Bad Boys: Ride or Die,2024,115,"Action,Adventure,Comedy",6.5,114816
tt4924942,movie,The Invisible Guardian,2017,129,"Crime,Mystery,Thriller",6.4,19348
tt4925292,movie,Lady Bird,2017,94,"Comedy,Drama",7.4,365451
tt4934950,movie,Talvar,2015,132,"Crime,Drama,Mystery",8.1,43664
tt4935334,movie,Southbound,2015,89,Horror,5.9,23142
tt4935372,movie,The Devil's Candy,2015,79,"Drama,Horror,Thriller",6.3,24040
tt4935418,movie,Baskin,2015,97,"Horror,Thriller",5.8,14397
tt4936450,movie,Graduation,2016,128,"Crime,Drama",7.3,15601
tt4943322,movie,The Ottoman Lieutenant,2017,106,"Drama,History,War",6.4,27224
tt4944596,movie,May God Save Us,2016,127,"Crime,Drama,Thriller",7.1,13488
tt4951982,movie,The Command,2018,117,"Action,Adventure,Drama",6.6,23806
tt4954522,movie,Raw,2016,99,"Drama,Horror",6.9,96945
tt4960748,movie,Till,2022,130,"Biography,Crime,Drama",7.2,17913
tt4964788,movie,Everybody Knows,2018,133,"Crime,Drama,Mystery",6.9,40413
tt4971344,movie,The Sisters Brothers,2018,122,"Drama,Western",6.9,75618
tt4971408,movie,Await Further Instructions,2018,91,"Horror,Mystery,Sci-Fi",4.9,10345
tt4972062,movie,Don't Think Twice,2016,92,"Comedy,Drama",6.7,18767
tt4972582,movie,Split,2016,117,"Horror,Thriller",7.3,624886
tt4974684,movie,Kara Bela,2015,105,"Action,Adventure,Comedy",6.7,10440
tt4975722,movie,Moonlight,2016,111,Drama,7.4,353616
tt4975920,movie,The Kid,2019,100,"Biography,Drama,Western",5.9,10521
tt4976192,movie,211,2018,86,"Action,Drama,Thriller",4.4,10580
tt4978342,movie,My Oxford Year,2025,112,"Comedy,Drama,Romance",5.9,30297
tt4978420,movie,Borderlands,2024,101,"Action,Adventure,Comedy",4.7,58889
tt4981636,movie,Middle School: The Worst Years of My Life,2016,92,"Comedy,Family",6.1,11106
tt4981966,movie,24,2016,164,"Action,Drama,Sci-Fi",7.9,26871
tt4983780,movie,Maanaadu,2021,147,"Action,Adventure,Sci-Fi",8.1,27931
tt4986098,movie,The Titan,2018,97,"Drama,Mystery,Romance",4.8,35379
tt4986134,movie,Rebel in the Rye,2017,106,"Biography,Drama,Romance",6.7,11566
tt4987556,movie,Thani Oruvan,2015,160,"Action,Crime,Drama",8.4,24245
tt4991384,movie,Visaaranai,2015,117,"Crime,Drama,Thriller",8.4,15590
tt4995540,movie,Being the Ricardos,2021,131,"Biography,Drama",6.5,47248
tt4995776,movie,The Red Sea Diving Resort,2019,129,"Drama,History,Thriller",6.6,35266
tt4995790,movie,The Square,2017,151,"Comedy,Drama",7.1,83059
tt4996328,movie,Ordinary Angels,2024,118,"Biography,Drama",7.4,20929
tt4998632,movie,Ambulance,2022,136,"Action,Adventure,Crime",6.1,113755
tt5001718,movie,"Everything, Everything",2017,96,"Drama,Romance",6.3,44830
tt5001754,movie,Braven,2018,94,"Action,Thriller",5.9,43635
tt5013056,movie,Dunkirk,2017,106,"Action,Drama,History",7.8,810916
tt5013984,movie,Gully,2019,84,"Crime,Drama",2.7,23943
tt5016946,movie,Handsome Devil,2016,95,"Comedy,Drama,Sport",7.0,18806
tt5022702,movie,Hush,2016,82,"Horror,Thriller",6.6,170484
tt5023260,movie,The Last Word,2017,108,"Comedy,Drama",6.6,10096
tt5027774,movie,"Three Billboards Outside Ebbing, Missouri",2017,115,"Comedy,Crime,Drama",8.1,610433
tt5028340,movie,Mary Poppins Returns,2018,130,"Adventure,Comedy,Family",6.6,101296
tt5029608,movie,Frantz,2016,113,"Drama,History,Romance",7.5,18834
tt5033998,movie,Charlie's Angels,2019,118,"Action,Adventure,Comedy",5.0,85251
tt5034266,movie,Our Souls at Night,2017,103,"Drama,Romance",6.9,16815
tt5034838,movie,Godzilla vs. Kong,2021,113,"Action,Sci-Fi,Thriller",6.3,268467
tt5040012,movie,Nosferatu,2024,132,"Fantasy,Horror,Mystery",7.1,269301
tt5052448,movie,Get Out,2017,104,"Horror,Mystery,Thriller",7.8,824580
tt5052474,movie,Sicario: Day of the Soldado,2018,122,"Action,Crime,Drama",7.1,192710
tt5057140,movie,Hold the Dark,2018,125,"Action,Crime,Drama",5.6,43360
tt5059406,movie,I Am the Pretty Thing That Lives in the House,2016,89,"Drama,Horror,Mystery",4.6,18264
tt5065822,movie,Ronaldo,2015,92,"Biography,Documentary,Sport",6.3,17887
tt5071886,movie,Kabali,2016,153,"Action,Crime,Drama",6.1,15543
tt5073620,movie,Below Her Mouth,2016,92,"Drama,Romance",5.5,16240
tt5073642,movie,Color Out of Space,2019,111,"Horror,Mystery,Sci-Fi",6.1,65368
tt5074352,movie,Dangal,2016,161,"Action,Biography,Drama",8.3,245060
tt5075662,movie,The Isle,2018,96,"Fantasy,Mystery,Thriller",4.9,11290
tt5076214,movie,Delibal,2015,117,"Drama,Romance",6.7,13326
tt5078204,movie,Two Is a Family,2016,118,"Comedy,Drama",7.3,30358
tt5078852,movie,Lansky,2021,119,"Biography,Crime,Drama",6.2,11309
tt5080556,movie,2.0,2018,148,"Action,Fantasy,Sci-Fi",6.0,30560
tt5082014,movie,Charlie,2015,130,"Adventure,Drama,Romance",8.1,15192
tt5083738,movie,The Favourite,2018,119,"Biography,Comedy,Drama",7.5,259603
tt5084170,movie,Blade of the Immortal,2017,140,"Action,Drama,History",6.7,20683
tt5085924,movie,Wildling,2018,92,"Drama,Fantasy,Horror",5.5,14895
tt5090568,movie,Transformers: Rise of the Beasts,2023,127,"Action,Adventure,Sci-Fi",6.0,132110
tt5093026,movie,Papillon,2017,133,"Adventure,Biography,Crime",7.2,96278
tt5095030,movie,Ant-Man and the Wasp,2018,118,"Action,Adventure,Comedy",7.0,498072
tt5096470,movie,Love Wedding Repeat,2020,100,"Comedy,Romance",5.6,23331
tt5097410,movie,Noelle,2019,100,"Comedy,Family,Fantasy",6.3,31363
tt5098128,movie,Nannaku Prematho,2016,168,"Action,Drama,Thriller",7.5,12046
tt5104604,movie,Isle of Dogs,2018,101,"Adventure,Animation,Comedy",7.8,212473
tt5108870,movie,Morbius,2022,104,"Action,Adventure,Horror",5.1,172561
tt5109280,movie,Raya and the Last Dragon,2021,107,"Action,Adventure,Animation",7.3,188577
tt5109784,movie,Mother!,2017,121,"Drama,Horror,Mystery",6.6,269198
tt5111874,movie,My Scientology Movie,2015,99,Documentary,6.6,14239
tt5112578,movie,Super Dark Times,2017,103,"Crime,Drama,Thriller",6.6,27586
tt5112584,movie,Lee,2023,117,"Biography,Drama,History",6.9,35281
tt5113040,movie,The Secret Life of Pets 2,2019,86,"Adventure,Animation,Comedy",6.4,78964
tt5113044,movie,Minions: The Rise of Gru,2022,87,"Adventure,Animation,Comedy",6.5,106874
tt5114588,movie,Dügün Dernek 2: Sünnet,2015,112,Comedy,6.3,12478
tt5116302,movie,Togo,2019,113,"Adventure,Biography,Drama",7.9,62665
tt5117428,movie,Wild Rose,2018,101,"Drama,Music",7.1,17010
tt5117670,movie,Peter Rabbit,2018,95,"Adventure,Animation,Comedy",6.6,53516
tt5119116,movie,Pyewacket,2017,88,"Drama,Horror,Mystery",5.8,12565
tt5121816,movie,The Bar,2017,102,Thriller,6.3,30236
tt5126922,movie,The Pirates of Somalia,2017,116,"Biography,Drama",6.7,12084
tt5129682,movie,King Cobra,2016,91,"Crime,Drama",5.6,10015
tt5133308,movie,At the End of the Tunnel,2016,120,"Crime,Drama,Thriller",7.0,16838
tt5140878,movie,Annabelle: Creation,2017,109,"Horror,Mystery,Thriller",6.5,170992
tt5143226,movie,12 Feet Deep,2017,85,"Horror,Thriller",5.2,17891
tt5144174,movie,The Dry,2020,117,"Crime,Drama,Mystery",6.8,41080
tt5147214,movie,Headshot,2016,118,"Action,Drama,Thriller",6.3,17504
tt5151570,movie,Mrs. Harris Goes to Paris,2022,115,"Comedy,Drama",7.1,37556
tt5155780,movie,The Discovery,2017,102,"Drama,Romance,Sci-Fi",6.2,40691
tt5159414,movie,Escape Room,2017,81,"Horror,Thriller",4.2,15421
tt5160938,movie,Lizzie,2018,105,"Biography,Crime,Drama",5.9,10483
tt5164184,movie,In Darkness,2018,110,"Mystery,Thriller",5.8,15481
tt5164214,movie,Ocean's Eight,2018,110,"Comedy,Crime,Thriller",6.3,262418
tt5164432,movie,"Love, Simon",2018,110,"Comedy,Drama,Romance",7.5,134999
tt5164438,movie,The Starling,2021,102,"Comedy,Drama",6.4,17286
tt5165344,movie,Rustom,2016,148,"Crime,Drama,Thriller",7.0,31528
tt5168192,movie,"I, Daniel Blake",2016,100,Drama,7.8,68556
tt5173032,movie,Buster's Mal Heart,2016,96,"Crime,Drama,Mystery",6.1,12154
tt5175450,movie,Mark Felt: The Man Who Brought Down the White House,2017,103,"Biography,Drama,History",6.4,16086
tt5177088,movie,The Girl in the Spider's Web,2018,115,"Action,Adventure,Crime",6.1,55672
tt5177114,movie,Young Woman and the Sea,2024,129,"Biography,Drama,Romance",7.5,20258
tt5177120,movie,The Ministry of Ungentlemanly Warfare,2024,122,"Action,Comedy,War",6.8,162165
tt5179598,movie,Billionaire Boys Club,2018,108,"Biography,Drama,Thriller",5.6,16028
tt5181830,movie,Wendell & Wild,2022,105,"Adventure,Animation,Comedy",6.4,15015
tt5186714,movie,The Salesman,2016,124,"Drama,Thriller",7.7,69021
tt5195412,movie,Wakefield,2016,106,Drama,6.3,19353
tt5198068,movie,Wolfwalkers,2020,103,"Action,Adventure,Animation",8.0,45497
tt5198890,movie,Eileen,2023,97,"Drama,Mystery,Romance",5.9,20635
tt5206260,movie,The Willoughbys,2020,90,"Adventure,Animation,Comedy",6.4,23635
tt5207158,movie,South Wind,2018,130,"Crime,Drama,Thriller",7.8,13221
tt5208216,movie,Wonderstruck,2017,116,"Adventure,Drama,Mystery",6.2,11565
tt5208252,movie,Operation Finale,2018,122,"Biography,Drama,History",6.6,54461
tt5213534,movie,Oasis: Supersonic,2016,122,"Biography,Documentary,Music",7.8,13949
tt5215088,movie,A.I. Rising,2018,85,"Drama,Romance,Sci-Fi",4.9,10933
tt5215952,movie,The Wailing,2016,156,"Drama,Horror",7.4,100259
tt5220122,movie,Hotel Transylvania 3: Summer Vacation,2018,97,"Adventure,Animation,Comedy",6.3,100634
tt5221584,movie,Aquarius,2016,146,Drama,7.4,22201
tt5221894,movie,The Other Me,2016,101,"Crime,Drama,Mystery",7.9,14246
tt5222918,movie,The Other Side of Hope,2017,100,"Comedy,Drama",7.2,14864
tt5225338,movie,The Eyes of My Mother,2016,76,"Drama,Horror,Thriller",6.2,15883
tt5229228,movie,61 Days,2016,115,"Drama,History",7.3,17329
tt5246700,movie,How It Ends,2018,113,"Action,Drama,Horror",5.1,63758
tt5247022,movie,Paterson,2016,118,"Comedy,Drama,Romance",7.3,95944
tt5254610,movie,Final Score,2018,104,"Action,Adventure,Drama",5.8,15426
tt5254868,movie,The Thinning,2016,81,"Action,Drama,Horror",5.3,11198
tt5255710,movie,Sanam Teri Kasam,2016,154,"Drama,Musical,Romance",7.6,23106
tt5258850,movie,See You Up There,2017,117,"Comedy,Crime,Drama",7.4,12233
tt5259822,movie,Tesla,2020,102,"Biography,Drama",5.1,11521
tt5270948,movie,Chappaquiddick,2017,106,"Biography,Drama,History",6.4,15449
tt5275828,movie,Lo and Behold: Reveries of the Connected World,2016,98,Documentary,7.0,13901
tt5275892,movie,O.J.: Made in America,2016,467,"Biography,Crime,Documentary",8.9,23993
tt5278506,movie,Tickled,2016,92,"Crime,Documentary,Mystery",7.4,23029
tt5278596,movie,Weiner,2016,96,Documentary,7.6,10850
tt5278832,movie,The Lure,2015,92,"Drama,Fantasy,Horror",6.2,11211
tt5286444,movie,Neerja,2016,122,"Biography,Drama,Thriller",7.6,25247
tt5290524,movie,Where Am I Going?,2016,86,Comedy,6.7,14499
tt5294518,movie,Eli,2019,98,"Drama,Horror,Mystery",5.8,45269
tt5294550,movie,All the Money in the World,2017,132,"Biography,Crime,Drama",6.8,96684
tt5294966,movie,After the Storm,2016,118,"Comedy,Drama",7.4,14313
tt5297256,movie,Pulimurugan,2016,161,Action,6.7,10394
tt5301662,movie,Marshall,2017,118,"Biography,Crime,Drama",7.3,29108
tt5301942,movie,Jersey,2022,170,"Drama,Sport",7.3,15727
tt5302918,movie,Nyad,2023,121,"Biography,Drama,History",7.1,45025
tt5304464,movie,Happy End,2017,107,Drama,6.6,18088
tt5304992,movie,Set It Up,2018,105,"Comedy,Romance",6.5,76439
tt5306972,movie,Kannappa,2025,183,"Action,Drama,Fantasy",4.6,27960
tt5308322,movie,Happy Death Day,2017,96,"Comedy,Horror,Mystery",6.6,187248
tt5310090,movie,Irudhi Suttru,2016,109,"Drama,Sport",7.6,12990
tt5311514,movie,Your Name.,2016,106,"Animation,Drama,Fantasy",8.4,396927
tt5311542,movie,Never Look Away,2018,189,"Biography,Drama,Romance",7.7,28296
tt5312232,movie,Sairat,2016,174,"Drama,Romance",8.3,16462
tt5315210,movie,Lou,2022,107,"Action,Adventure,Crime",6.2,39019
tt5315212,movie,Senior Year,2022,111,"Comedy,Drama",5.5,48413
tt5316540,movie,Close,2019,94,"Action,Drama,Thriller",5.7,28857
tt5322012,movie,Wish Upon,2017,90,"Drama,Fantasy,Horror",5.1,26049
tt5323662,movie,A Silent Voice: The Movie,2016,130,"Animation,Drama",8.2,145063
tt5325452,movie,Boo! A Madea Halloween,2016,103,"Comedy,Drama,Horror",4.7,10282
tt5334704,movie,Twin Peaks: The Missing Pieces,2014,91,"Drama,Horror,Mystery",7.5,15731
tt5340300,movie,Lean on Pete,2017,121,"Adventure,Drama,Sport",7.1,14928
tt5354160,movie,Mirror Game,2016,147,"Crime,Mystery,Thriller",8.9,31064
tt5360952,movie,The Hurricane Heist,2018,103,"Action,Adventure,Crime",5.2,23764
tt5360996,movie,Mary Magdalene,2018,120,"Biography,Drama,History",5.9,12317
tt5362988,movie,Wind River,2017,107,"Crime,Drama,Mystery",7.7,316990
tt5363618,movie,Sound of Metal,2019,120,"Drama,Music",7.7,187134
tt5390504,movie,Detroit,2017,143,"Crime,Drama,History",7.3,59117
tt5397194,movie,Anon,2018,100,"Crime,Mystery,Sci-Fi",6.1,52109
tt5420210,movie,The Comeback Trail,2020,104,"Comedy,Crime",5.7,14716
tt5431890,movie,Official Secrets,2019,112,"Biography,Crime,Drama",7.3,60945
tt5433114,movie,Diego Maradona,2019,130,"Biography,Documentary,Sport",7.7,19398
tt5433138,movie,F9: The Fast Saga,2021,143,"Action,Crime,Thriller",5.2,181210
tt5433140,movie,Fast X,2023,141,"Action,Adventure,Crime",5.7,147355
tt5437928,movie,Colette,2018,111,"Biography,Drama,History",6.7,28231
tt5439796,movie,Logan Lucky,2017,118,"Action,Comedy,Crime",7.0,177324
tt5439812,movie,Zola,2020,86,"Comedy,Crime,Drama",6.4,20546
tt5440700,movie,Theri,2016,157,"Action,Crime,Drama",7.4,26571
tt5442430,movie,Life,2017,104,"Horror,Sci-Fi,Thriller",6.6,278190
tt5442456,movie,24 Hours to Live,2017,93,"Action,Sci-Fi,Thriller",5.8,17443
tt5446858,movie,Zero Days,2016,116,Documentary,7.7,11053
tt5456546,movie,Judwaa 2,2017,145,"Action,Comedy,Romance",3.7,12816
tt5460276,movie,Kaabil,2017,139,"Action,Crime,Drama",7.2,33408
tt5460530,movie,Vengeance: A Love Story,2017,99,"Action,Adventure,Crime",5.2,10018
tt5460658,movie,Life and a Day,2016,112,Drama,8.1,19700
tt5460880,movie,Ideal Home,2018,91,"Comedy,Drama",6.4,12167
tt5461944,movie,Hotel Mumbai,2018,123,"Action,Drama,History",7.6,79590
tt5462326,movie,Mom and Dad,2017,86,"Comedy,Horror,Thriller",5.6,29767
tt5462602,movie,The Big Sick,2017,120,"Comedy,Drama,Romance",7.5,150859
tt5463162,movie,Deadpool 2,2018,119,"Action,Adventure,Comedy",7.6,748379
tt5466186,movie,7 Days in Entebbe,2018,107,"Action,Drama,History",5.9,18299
tt5478478,movie,Hostiles,2017,134,"Drama,Western",7.2,107885
tt5498354,movie,Horizon Line,2020,92,"Adventure,Drama,Horror",4.8,12739
tt5500218,movie,Samaritan,2022,102,"Action,Drama,Fantasy",5.7,61704
tt5501104,movie,Border,2018,110,"Crime,Drama,Fantasy",7.0,37529
tt5503686,movie,Hustlers,2019,110,"Comedy,Crime,Drama",6.3,113284
tt5516328,movie,Ghost Stories,2017,98,"Drama,Horror,Mystery",6.4,40204
tt5519340,movie,Bright,2017,117,"Action,Fantasy,Thriller",6.3,210176
tt5523010,movie,The Nutcracker and the Four Realms,2018,99,"Adventure,Family,Fantasy",5.6,40682
tt5525650,movie,The Goat Life,2024,173,"Adventure,Drama",7.1,50389
tt5533370,movie,Lamborghini: The Legend,2022,97,"Biography,Drama,Sport",5.5,17760
tt5535276,movie,Maestro,2023,129,"Biography,Drama,History",6.5,69737
tt5536610,movie,Private Life,2018,123,"Comedy,Drama",7.2,23840
tt5536736,movie,The Meyerowitz Stories,2017,112,"Comedy,Drama",6.9,56864
tt5537002,movie,Killers of the Flower Moon,2023,206,"Crime,Drama,History",7.5,309423
tt5539052,movie,The Polka King,2017,95,"Biography,Comedy,Drama",6.0,12785
tt5539054,movie,You Get Me,2017,89,"Crime,Drama,Mystery",4.7,15241
tt5540188,movie,The Nile Hilton Incident,2017,111,"Crime,Drama,Mystery",6.8,10361
tt5541240,movie,To the Bone,2017,107,Drama,6.7,59542
tt5541848,movie,What the Health,2017,97,Documentary,7.2,31126
tt5544384,movie,Sword Art Online the Movie: Ordinal Scale,2017,119,"Action,Adventure,Animation",7.3,10169
tt5555502,movie,The African Doctor,2016,96,"Biography,Comedy,Drama",7.0,12282
tt5562070,movie,Wish Dragon,2021,98,"Adventure,Animation,Comedy",7.2,39299
tt5563324,movie,Intrusion,2021,92,"Action,Drama,Mystery",5.3,25060
tt5563334,movie,The Good Liar,2019,109,"Crime,Drama,Mystery",6.7,54585
tt5566790,movie,A Futile and Stupid Gesture,2018,101,"Biography,Comedy",6.7,18935
tt5571734,movie,Pink,2016,136,"Crime,Drama,Thriller",8.0,52386
tt5580036,movie,"I, Tonya",2017,119,"Biography,Comedy,Drama",7.5,262350
tt5580266,movie,The Hate U Give,2018,133,"Crime,Drama",7.5,43871
tt5580390,movie,The Shape of Water,2017,123,"Drama,Fantasy,Romance",7.3,477488
tt5585272,movie,Through the Glass Darkly,2020,103,Thriller,5.6,10327
tt5591666,movie,The Domestics,2018,95,"Action,Horror,Sci-Fi",5.7,12644
tt5592248,movie,The Beguiled,2017,93,"Drama,History,Thriller",6.3,66311
tt5592878,movie,Errementari,2017,98,"Fantasy,Horror",6.4,14833
tt5595168,movie,Kingsglaive: Final Fantasy XV,2016,110,"Action,Adventure,Animation",6.7,24372
tt5598102,movie,Faces Places,2017,94,"Adventure,Documentary",7.8,14471
tt5598292,movie,Polaroid,2019,88,"Drama,Horror,Mystery",5.2,19135
tt5606664,movie,Doctor Sleep,2019,152,"Drama,Fantasy,Horror",7.3,245942
tt5607028,movie,Fullmetal Alchemist,2017,135,"Action,Adventure,Fantasy",5.3,21657
tt5607096,movie,"Juliet, Naked",2018,97,"Comedy,Drama,Music",6.6,26476
tt5607714,movie,On Body and Soul,2017,116,"Drama,Fantasy,Mystery",7.5,31638
tt5610554,movie,Tully,2018,95,"Comedy,Drama,Mystery",6.9,66626
tt5613484,movie,Mid90s,2018,85,"Comedy,Drama",7.4,88758
tt5616176,movie,2 Hearts,2020,101,"Drama,Romance",6.3,12249
tt5616294,movie,Spinning Man,2018,100,"Drama,Mystery,Thriller",5.7,14563
tt5619332,movie,Life of the Party,2018,105,Comedy,5.6,42834
tt5628302,movie,Beast,2017,107,"Crime,Drama,Mystery",6.8,18625
tt5635026,movie,Peter Pan & Wendy,2023,106,"Adventure,Family,Fantasy",4.4,30523
tt5635086,movie,God's Own Country,2017,104,"Drama,Romance",7.6,41629
tt5636228,movie,Lumina,2024,113,"Adventure,Horror,Sci-Fi",2.9,10457
tt5638642,movie,The Ritual,2017,94,"Horror,Mystery,Thriller",6.4,145413
tt5639354,movie,A Fantastic Woman,2017,104,Drama,7.2,28562
tt5640450,movie,ARQ,2016,88,"Action,Sci-Fi,Thriller",6.3,44303
tt5648882,movie,The Burial,2023,126,"Drama,History",7.1,43191
tt5649108,movie,Thoroughbreds,2017,92,"Comedy,Crime,Drama",6.6,49372
tt5649144,movie,The Florida Project,2017,111,Drama,7.6,147755
tt5655222,movie,The Hero,2017,96,"Drama,Romance",6.5,10948
tt5657028,movie,Alibi.com,2016,89,"Comedy,Romance",6.5,11577
tt5657846,movie,Daddy's Home 2,2017,100,Comedy,6.1,93116
tt5657856,movie,Brawl in Cell Block 99,2017,132,"Crime,Drama,Thriller",7.1,83544
tt5662932,movie,Psycho Raman,2016,133,"Crime,Drama,Thriller",7.3,17482
tt5664636,movie,Goosebumps 2: Haunted Halloween,2018,90,"Adventure,Comedy,Fantasy",5.6,26613
tt5666304,movie,The Little Hours,2017,89,"Comedy,Romance",5.8,28812
tt5668770,movie,Mardaani 2,2019,103,"Action,Crime,Drama",7.3,12206
tt5670152,movie,Traffik,2018,96,"Action,Thriller",5.9,22574
tt5672290,movie,The First Omen,2024,119,Horror,6.5,71927
tt5688068,movie,Above Suspicion,2019,104,"Action,Biography,Crime",5.8,10153
tt5688932,movie,Sorry to Bother You,2018,112,"Comedy,Drama,Fantasy",6.9,94977
tt5688996,movie,Alex Strangelove,2018,99,"Comedy,Drama,Romance",6.3,20688
tt5689068,movie,Killing Gunther,2017,92,"Action,Comedy,Thriller",4.8,16457
tt5690142,movie,Mom,2017,146,"Crime,Drama,Thriller",7.2,13329
tt5690360,movie,Slender Man,2018,93,"Horror,Mystery,Thriller",3.3,43226
tt5690810,movie,Ophelia,2018,106,"Drama,Romance,Thriller",6.5,14942
tt5691670,movie,Under the Silver Lake,2018,139,"Crime,Mystery,Thriller",6.5,61590
tt5697572,movie,Cats,2019,110,"Comedy,Drama,Family",2.8,59309
tt5699154,movie,C'est la vie!,2017,117,"Comedy,Drama,Romance",6.9,13775
tt5700224,movie,Two Lottery Tickets,2016,86,Comedy,7.5,12360
tt5700672,movie,Train to Busan,2016,118,"Action,Horror,Thriller",7.6,309719
tt5709188,movie,A-X-L,2018,98,"Action,Adventure,Drama",5.3,14644
tt5710514,movie,I Don't Feel at Home in This World Anymore,2017,93,"Comedy,Crime,Drama",6.9,67802
tt5711148,movie,Film Stars Don't Die in Liverpool,2017,105,"Biography,Drama,Romance",6.7,11208
tt5713232,movie,Madaari,2016,133,"Drama,Thriller",7.6,16264
tt5715066,movie,Mortal,2020,104,"Action,Adventure,Drama",5.9,11902
tt5715874,movie,The Killing of a Sacred Deer,2017,121,"Drama,Horror,Mystery",7.0,216555
tt5716464,movie,Breathe,2017,118,"Biography,Drama,Romance",7.2,26673
tt5719700,movie,Home Again,2017,97,"Comedy,Drama,Romance",5.8,37190
tt5719748,movie,Cold Pursuit,2019,119,"Action,Comedy,Crime",6.2,84729
tt5723272,movie,In the Fade,2017,106,"Crime,Drama,Mystery",7.1,37915
tt5723286,movie,Wheelman,2017,82,"Action,Thriller",6.4,23815
tt5726086,movie,Insidious: The Last Key,2018,103,"Horror,Mystery,Thriller",5.7,80761
tt5726616,movie,Call Me by Your Name,2017,132,"Drama,Romance",7.8,361216
tt5727208,movie,Uncut Gems,2019,135,"Crime,Drama,Thriller",7.4,358433
tt5727282,movie,Borg vs. McEnroe,2017,107,"Biography,Drama,Sport",6.9,36514
tt5729348,movie,Memoir of a Murderer,2017,118,"Action,Crime,Mystery",7.2,15406
tt5734576,movie,The Possession of Hannah Grace,2018,86,"Horror,Mystery,Thriller",5.2,29571
tt5742374,movie,You Were Never Really Here,2017,89,"Crime,Drama,Thriller",6.7,135834
tt5748448,movie,Copshop,2021,107,"Action,Thriller",6.2,46187
tt5751998,movie,Small Town Crime,2017,91,"Action,Crime,Drama",6.6,13346
tt5752192,movie,Meander,2020,90,"Drama,Horror,Mystery",5.4,12773
tt5755238,movie,Leo,2023,102,"Adventure,Animation,Comedy",7.0,46518
tt5758778,movie,Skyscraper,2018,102,"Action,Adventure,Thriller",5.8,145936
tt5761544,movie,Kandahar,2023,119,"Action,Adventure,Drama",6.1,47085
tt5764096,movie,Hindi Medium,2017,132,"Comedy,Drama",7.9,36203
tt5770864,movie,The Man from Earth: Holocene,2017,98,"Drama,Fantasy,Sci-Fi",5.2,11774
tt5774060,movie,Underwater,2020,95,"Action,Adventure,Horror",5.9,109028
tt5774062,movie,Spontaneous,2020,101,"Comedy,Drama,Horror",6.5,19282
tt5774450,movie,Summer of 84,2018,105,"Crime,Drama,Horror",6.7,51734
tt5776208,movie,Resident Evil: Vendetta,2017,97,"Action,Adventure,Animation",6.2,17566
tt5776858,movie,Phantom Thread,2017,130,"Drama,Romance",7.4,162866
tt5779228,movie,The Garfield Movie,2024,101,"Adventure,Animation,Comedy",5.7,28433
tt5783956,movie,When We First Met,2018,97,"Comedy,Fantasy,Romance",6.4,57304
tt5785170,movie,Toilet: A Love Story,2017,155,"Comedy,Drama,Romance",7.2,26097
tt5789976,movie,King of Thieves,2018,108,"Biography,Crime,Drama",5.6,17852
tt5792656,movie,Running with the Devil,2019,100,"Crime,Drama,Thriller",5.4,11506
tt5797184,movie,Escape from Pretoria,2020,106,"Action,Biography,Crime",6.8,50195
tt5804038,movie,I Am Not Your Negro,2016,93,"Documentary,History",7.9,24852
tt5805752,movie,Brigsby Bear,2017,97,"Comedy,Drama",7.3,18858
tt5813366,movie,Bleeding Steel,2017,109,"Action,Sci-Fi,Thriller",5.2,12109
tt5813916,movie,The Mountain II,2016,135,"Action,Drama,War",8.1,112855
tt5814060,movie,The Nun,2018,96,"Horror,Mystery,Thriller",5.4,196985
tt5814534,movie,Spies in Disguise,2019,102,"Action,Adventure,Animation",6.8,63170
tt5814592,movie,The Party,2017,71,"Comedy,Drama",6.6,22927
tt5816682,movie,Victoria & Abdul,2017,111,"Biography,Comedy,Drama",6.8,40155
tt5822536,movie,Paddington in Peru,2024,106,"Adventure,Comedy,Family",6.6,35843
tt5822564,movie,The Kitchen,2019,102,"Action,Crime,Drama",5.6,24224
tt5824826,movie,Pelli Choopulu,2016,125,"Comedy,Drama,Romance",8.2,12545
tt5825380,movie,Wonder Wheel,2017,101,"Drama,Romance",6.2,32862
tt5827916,movie,A Hidden Life,2019,174,"Biography,Drama,Romance",7.4,32334
tt5834262,movie,Hotel Artemis,2018,94,"Action,Crime,Drama",6.1,62675
tt5834426,movie,Moonfall,2022,130,"Action,Adventure,Sci-Fi",5.2,113449
tt5834760,movie,Look Away,2018,103,"Drama,Fantasy,Horror",5.8,23350
tt5834874,movie,Trigger Warning,2024,106,"Action,Crime,Thriller",4.6,20765
tt5842616,movie,Veere Di Wedding,2018,135,Comedy,3.4,13787
tt5843876,movie,Chemical Hearts,2020,93,"Drama,Romance",6.3,18381
tt5848272,movie,Ralph Breaks the Internet,2018,112,"Adventure,Animation,Comedy",7.0,206882
tt5859238,movie,Lucky,2017,88,"Comedy,Drama,Western",7.3,28520
tt5862166,movie,The Poison Rose,2019,98,"Crime,Mystery,Thriller",4.8,12159
tt5862312,movie,Veronica,2017,105,"Horror,Mystery",6.2,53749
tt5865326,movie,The Laundromat,2019,96,"Comedy,Crime,Drama",6.3,58281
tt5867314,movie,The Empty Man,2020,137,"Drama,Horror,Mystery",6.2,50350
tt5867800,movie,Aruvi,2016,130,Drama,8.3,15118
tt5871080,movie,The Whiskey Bandit,2017,126,"Action,Biography,Crime",7.3,10059
tt5882970,movie,Tubelight,2017,136,"Drama,War",4.0,24046
tt5884052,movie,Pokémon: Detective Pikachu,2019,104,"Adventure,Comedy,Family",6.5,198043
tt5884230,movie,Brad's Status,2017,102,"Comedy,Drama,Music",6.5,20168
tt5884234,movie,First Kill,2017,97,"Action,Thriller",5.0,13016
tt5884784,movie,The Super,2017,90,"Horror,Mystery,Thriller",5.2,21812
tt5884796,movie,Plane,2023,107,"Action,Adventure,Drama",6.5,104415
tt5886046,movie,Escape Room,2019,99,"Action,Adventure,Horror",6.4,160699
tt5886440,movie,Marrowbone,2017,110,"Drama,Horror,Mystery",6.7,50708
tt5893332,movie,Sandy Wexler,2017,130,"Comedy,Drama,Music",5.3,20645
tt5895028,movie,13th,2016,100,"Crime,Documentary,History",8.2,39446
tt5910280,movie,Tunnel,2016,126,"Drama,Thriller",6.8,12191
tt5912454,movie,Blue Jay,2016,80,"Drama,Romance",7.2,22900
tt5913798,movie,Wounds,2019,95,"Drama,Horror,Mystery",4.1,23708
tt5918982,movie,Possessor,2020,103,"Horror,Mystery,Sci-Fi",6.5,54266
tt5923962,movie,Gantz: O,2016,95,"Action,Animation,Drama",7.1,17943
tt5927352,movie,Red Istanbul,2017,110,Drama,6.2,21276
tt5929750,movie,Beatriz at Dinner,2017,82,"Comedy,Drama",6.0,11385
tt5929754,movie,Wildlife,2018,105,Drama,6.8,33807
tt5929776,movie,Before the Flood,2016,96,"Documentary,News",8.2,29699
tt5932728,movie,The Professor and the Madman,2019,124,"Biography,Drama,History",7.2,55238
tt5934922,movie,For Both of Us,2016,126,"Drama,Romance",6.2,18221
tt5935704,movie,Padmaavat,2018,163,"Drama,History,War",7.1,41323
tt5941692,movie,Miss Bala,2019,104,"Action,Crime,Drama",5.8,14438
tt5946128,movie,Dear Zindagi,2016,151,"Drama,Romance",7.4,47647
tt5950044,movie,Superman,2025,129,"Action,Adventure,Sci-Fi",7.0,425878
tt5951188,movie,The Balkan Line,2019,130,"Action,War",6.6,11073
tt5952138,movie,We Have Always Lived in the Castle,2018,95,"Drama,Horror,Mystery",5.6,11186
tt5952332,movie,Amanda Knox,2016,92,"Crime,Documentary",6.9,27590
tt5952594,movie,The Mustang,2019,96,Drama,6.8,15359
tt5956100,movie,Tiger Zinda Hai,2017,161,"Action,Adventure,Thriller",5.9,37003
tt5959980,movie,Vada Chennai,2018,164,"Action,Crime,Drama",8.4,24543
tt5960374,movie,Vox Lux,2018,114,"Drama,Music",5.9,21493
tt5962210,movie,Ingrid Goes West,2017,98,"Comedy,Drama,Horror",6.6,51966
tt5968274,movie,The Angel,2018,114,"Action,Biography,Drama",6.7,16677
tt5968394,movie,Captive State,2019,109,"Sci-Fi,Thriller",6.0,60604
tt5970844,movie,Thugs of Hindostan,2018,164,"Action,Adventure",4.1,23087
tt5971474,movie,The Little Mermaid,2023,135,"Adventure,Family,Fantasy",7.2,179135
tt5977276,movie,The Aftermath,2019,108,"Drama,Romance,War",6.4,26010
tt5979872,movie,Bleach,2018,108,"Action,Adventure,Fantasy",6.3,13810
tt5979874,movie,Godzilla: Planet of the Monsters,2017,89,"Action,Animation,Sci-Fi",6.0,10459
tt5982852,movie,Jolly LLB 2,2017,137,"Comedy,Crime,Drama",7.2,31059
tt5988370,movie,Reis,2017,108,"Biography,Drama",1.0,74714
tt5989218,movie,Life Itself,2018,117,"Drama,Romance",6.9,27191
tt5990474,movie,Columbus,2017,100,Drama,7.2,24508
tt5997666,movie,Jab Harry Met Sejal,2017,143,"Comedy,Drama,Romance",5.1,24352
tt6000478,movie,"Roman J. Israel, Esq.",2017,122,"Crime,Drama,Thriller",6.5,48614
tt6002232,movie,Custody,2017,93,"Drama,Thriller",7.5,11397
tt6003368,movie,Diary of a Wimpy Kid: The Long Haul,2017,91,"Adventure,Comedy,Family",4.3,13088
tt6010628,movie,Zoe,2018,104,"Drama,Romance,Sci-Fi",6.1,11002
tt6016744,movie,The Edge of Democracy,2019,121,"Documentary,History",7.3,16589
tt6017756,movie,Radioactive,2019,109,"Biography,Drama,Romance",6.3,24311
tt6017942,movie,Kin,2018,102,"Action,Adventure,Crime",5.8,20414
tt6018306,movie,Last Flag Flying,2017,125,"Comedy,Drama,War",6.9,30793
tt6019206,movie,Kill Bill: The Whole Bloody Affair,2004,253,"Action,Crime,Thriller",8.7,46252
tt6020800,movie,Gold,2022,97,"Action,Adventure,Drama",5.4,14363
tt6038600,movie,Smolensk,2016,120,"Drama,Thriller",1.2,37489
tt6040662,movie,The Children Act,2017,105,Drama,6.7,16947
tt6043142,movie,Skin,2018,118,"Biography,Crime,Drama",6.8,21299
tt6048922,movie,Greyhound,2020,91,"Action,Drama,History",7.0,134785
tt6048930,movie,Naked,2017,96,"Comedy,Fantasy,Romance",5.4,23578
tt6053438,movie,First Reformed,2017,113,"Drama,Mystery,Thriller",7.1,67958
tt6060156,movie,Toc Toc,2017,90,Comedy,6.8,23188
tt6062774,movie,Monos,2019,102,"Adventure,Drama,Thriller",6.8,19914
tt6063050,movie,Acrimony,2018,120,"Drama,Horror,Romance",5.9,10915
tt6063090,movie,Light of My Life,2019,119,"Drama,Sci-Fi,Thriller",6.6,17153
tt6067752,movie,Lucifer,2019,175,"Action,Crime,Drama",7.5,16135
tt6079516,movie,I See You,2019,98,"Horror,Mystery,Thriller",6.8,76701
tt6079772,movie,The Protégé,2021,109,"Action,Adventure,Crime",6.1,42767
tt6081670,movie,Possum,2018,85,"Drama,Horror,Mystery",5.8,12332
tt6087226,movie,Coma,2019,111,"Action,Adventure,Mystery",6.3,13043
tt6095472,movie,The Angry Birds Movie 2,2019,97,"Action,Adventure,Animation",6.4,43193
tt6097798,movie,Radius,2017,93,"Drama,Horror,Mystery",6.2,22405
tt6101820,movie,Perfect Strangers,2017,97,"Comedy,Drama",6.9,16536
tt6105098,movie,The Lion King,2019,118,"Adventure,Animation,Drama",6.8,292902
tt6107548,movie,Late Night,2019,102,"Comedy,Drama",6.5,43686
tt6108090,movie,Secret Superstar,2017,150,"Drama,Music",7.7,32426
tt6108178,movie,Disobedience,2017,114,Drama,6.6,40320
tt6111574,movie,The Woman in the Window,2021,100,"Crime,Drama,Mystery",5.7,90718
tt6113488,movie,The Case for Christ,2017,112,"Biography,Drama",6.4,11998
tt6116856,movie,The Night Comes for Us,2018,121,"Action,Crime,Thriller",6.9,33072
tt6119856,movie,Irreplaceable You,2018,96,"Comedy,Drama,Romance",6.4,10920
tt6127004,movie,Paradise Hills,2019,95,"Fantasy,Mystery,Sci-Fi",5.3,18724
tt6129302,movie,Bhavesh Joshi Superhero,2018,154,"Action,Drama",7.6,11564
tt6133130,movie,Professor Marston & the Wonder Women,2017,108,"Biography,Drama,History",7.0,30570
tt6133466,movie,The First Purge,2018,97,"Action,Horror,Sci-Fi",5.2,78578
tt6135348,movie,120 BPM (Beats Per Minute),2017,143,Drama,7.4,17722
tt6139732,movie,Aladdin,2019,128,"Adventure,Comedy,Family",6.9,316257
tt6141246,movie,The Aeronauts,2019,100,"Action,Adventure,Drama",6.6,40195
tt6143568,movie,The Humanity Bureau,2017,95,"Action,Sci-Fi,Thriller",4.5,12322
tt6146586,movie,John Wick: Chapter 3 - Parabellum,2019,130,"Action,Crime,Thriller",7.4,483108
tt6148156,movie,Vikram Vedha,2017,147,"Action,Crime,Drama",8.2,55651
tt6149154,movie,Waiting for the Barbarians,2019,112,"Drama,History",6.0,16544
tt6155172,movie,Roma,2018,135,Drama,7.6,178898
tt6160448,movie,White Noise,2022,136,"Comedy,Drama,Horror",5.7,47857
tt6166392,movie,Wonka,2023,116,"Adventure,Comedy,Family",6.9,194877
tt6169694,movie,I Think We're Alone Now,2018,99,"Drama,Mystery,Sci-Fi",5.8,14636
tt6173990,movie,Gold,2018,151,"Drama,History,Sport",7.3,15584
tt6182908,movie,Smallfoot,2018,96,"Adventure,Animation,Comedy",6.6,45781
tt6189022,movie,Angel Has Fallen,2019,121,"Action,Adventure,Drama",6.4,123437
tt6193408,movie,A Shaun the Sheep Movie: Farmageddon,2019,86,"Adventure,Animation,Comedy",6.8,17475
tt6195094,movie,Incident in a Ghostland,2018,91,"Drama,Horror,Mystery",6.4,47349
tt6198946,movie,The Hole in the Ground,2019,90,"Drama,Horror,Mystery",5.7,24954
tt6199572,movie,Capone,2020,103,"Biography,Crime,Drama",4.7,25365
tt6201292,movie,Bairavaa,2017,169,Action,5.8,13852
tt6204340,movie,Bullet Head,2017,93,"Crime,Drama,Thriller",5.4,12015
tt6205872,movie,Assassination Nation,2018,108,"Comedy,Horror,Thriller",6.0,23512
tt6206564,movie,Trapped,2016,105,"Drama,Thriller",7.5,15107
tt6208148,movie,Snow White,2025,109,"Adventure,Family,Fantasy",2.2,396701
tt6210996,movie,10x10,2018,88,"Drama,Mystery,Thriller",5.2,13845
tt6211976,movie,A Vigilante,2018,91,"Crime,Drama,Mystery",5.7,11462
tt6212478,movie,American Animals,2018,116,"Biography,Crime,Drama",7.0,53361
tt6214928,movie,1922,2017,102,"Crime,Drama,Horror",6.2,78924
tt6217306,movie,Apostle,2018,130,"Drama,Fantasy,Horror",6.3,66582
tt6217608,movie,The Rider,2017,104,"Drama,Western",7.4,22222
tt6217926,movie,Annette,2021,141,"Drama,Musical,Romance",6.3,24400
tt6218010,movie,Iron Mask,2019,120,"Action,Adventure,Fantasy",4.8,10361
tt6218358,movie,Calibre,2018,101,"Drama,Thriller",6.8,38866
tt6225520,movie,The Man Who Invented Christmas,2017,104,"Biography,Comedy,Drama",7.0,22126
tt6237612,movie,Accident Man,2018,105,"Action,Adventure,Comedy",6.2,15490
tt6243140,movie,Ravenous,2017,100,"Action,Adventure,Drama",5.8,11068
tt6246322,movie,Don't Breathe 2,2021,98,"Action,Crime,Horror",6.0,82465
tt6251024,movie,Office Uprising,2018,92,"Action,Comedy,Fantasy",5.6,17651
tt6257174,movie,The Miseducation of Cameron Post,2018,91,"Comedy,Drama",6.6,27746
tt6259380,movie,Code 8,2019,98,"Action,Crime,Drama",6.1,58184
tt6263850,movie,Deadpool & Wolverine,2024,128,"Action,Adventure,Comedy",7.5,575465
tt6264654,movie,Free Guy,2021,115,"Action,Adventure,Comedy",7.1,491538
tt6264938,movie,Kesari,2019,150,"Action,Drama,History",7.4,26335
tt6265828,movie,A Ghost Story,2017,92,"Drama,Fantasy,Mystery",6.8,86985
tt6266538,movie,Vice,2018,132,"Biography,Comedy,Drama",7.2,175642
tt6269368,movie,The Clovehitch Killer,2018,109,"Crime,Drama,Horror",6.5,41068
tt6270534,movie,The Translators,2019,105,"Mystery,Thriller",6.5,10672
tt6277440,movie,The Bride of Badrinath,2017,139,"Comedy,Drama,Romance",6.1,14931
tt6277462,movie,Brahmastra Part One: Shiva,2022,167,"Action,Adventure,Fantasy",5.6,115902
tt6285944,movie,The Banker,2020,120,"Biography,Drama",7.3,43177
tt6288124,movie,"Don't Worry, He Won't Get Far on Foot",2018,114,"Biography,Comedy,Drama",6.8,33350
tt6288250,movie,Patti Cake$,2017,109,"Drama,Music",6.8,10848
tt6288694,movie,Acts of Vengeance,2017,87,"Action,Drama,Thriller",5.7,14712
tt6290798,movie,UFO,2018,88,"Drama,Mystery,Sci-Fi",6.2,13154
tt6292852,movie,I Am Mother,2019,113,"Drama,Mystery,Sci-Fi",6.7,106535
tt6294822,movie,The Post,2017,116,"Biography,Drama,History",7.2,172684
tt6299040,movie,The Ghazi Attack,2017,116,"Action,Drama,Thriller",7.5,16087
tt6303866,movie,Beach Rats,2017,98,Drama,6.4,18068
tt6304046,movie,Thelma,2017,116,"Drama,Fantasy,Horror",6.9,39980
tt6304162,movie,Loveless,2017,127,Drama,7.6,37783
tt6306064,movie,Adrift,2018,96,"Action,Adventure,Biography",6.6,66257
tt6316138,movie,Ayla: The Daughter of War,2017,125,"Biography,Drama,History",8.2,48623
tt6317656,movie,Penguin Bloom,2020,95,"Biography,Drama,Family",6.8,13698
tt6320628,movie,Spider-Man: Far from Home,2019,129,"Action,Adventure,Comedy",7.3,644962
tt6324278,movie,Abominable,2019,97,"Adventure,Animation,Comedy",7.0,47038
tt6333060,movie,Icarus,2017,120,"Documentary,Sport",7.9,58287
tt6334354,movie,The Suicide Squad,2021,132,"Action,Adventure,Comedy",7.2,460853
tt6336356,movie,Mary and the Witch's Flower,2017,103,"Adventure,Animation,Family",6.8,19451
tt6338498,movie,Vivo,2021,95,"Adventure,Animation,Comedy",6.7,23749
tt6341832,movie,Oxygen,2021,100,"Drama,Fantasy,Sci-Fi",6.5,48575
tt6343314,movie,Creed II,2018,130,"Action,Drama,Sport",7.1,171736
tt6348138,movie,Missing Link,2019,94,"Adventure,Animation,Comedy",6.7,30982
tt6359554,movie,Raajakumara,2017,148,"Action,Drama",7.9,10204
tt6359956,movie,A Bad Moms Christmas,2017,104,Comedy,5.6,62611
tt6367558,movie,Double Lover,2017,107,"Drama,Romance,Thriller",6.2,14844
tt6372694,movie,Prisoners of the Ghostland,2021,103,"Fantasy,Horror,Thriller",4.2,15808
tt6378710,movie,Villains,2019,90,"Comedy,Horror,Thriller",6.3,24521
tt6380520,movie,Dhuruvangal Pathinaaru,2016,105,"Crime,Drama,Mystery",8.2,19080
tt6386748,movie,Birds of Passage,2018,125,"Crime,Drama",7.5,13946
tt6390668,movie,Invisible Life,2019,139,Drama,7.7,10834
tt6394270,movie,Bombshell,2019,109,"Biography,Drama",6.8,136539
tt6398184,movie,Downton Abbey,2019,122,"Drama,Romance",7.4,71673
tt6402468,movie,Blood Red Sky,2021,121,"Action,Drama,Horror",6.1,60936
tt6408226,movie,Newness,2017,117,"Drama,Romance",6.3,18633
tt6412452,movie,The Ballad of Buster Scruggs,2018,133,"Comedy,Drama,Musical",7.2,185302
tt6421110,movie,Proud Mary,2018,89,"Action,Crime,Drama",5.1,11540
tt6428676,movie,Wonder Park,2019,85,"Adventure,Animation,Comedy",5.9,13774
tt6432466,movie,Moxie,2021,111,"Comedy,Drama",6.7,30798
tt6433880,movie,Anna and the Apocalypse,2017,93,"Comedy,Horror,Musical",6.1,17562
tt6436620,movie,White Men Can't Jump,2023,101,"Comedy,Drama,Sport",5.2,11890
tt6436726,movie,7500,2019,93,"Drama,Thriller",6.3,36648
tt6439020,movie,The Personal History of David Copperfield,2019,119,"Comedy,Drama",6.4,24068
tt6439558,movie,Recep Ivedik 5,2017,114,Comedy,3.4,19645
tt6442978,movie,Mommy Dead and Dearest,2017,82,"Crime,Documentary",7.3,13656
tt6443346,movie,Black Adam,2022,125,"Action,Adventure,Fantasy",6.1,305345
tt6445414,movie,The Coldest Game,2019,102,"History,Sport,Thriller",6.2,13227
tt6450186,movie,I Can Only Imagine,2018,110,"Biography,Drama,Family",7.3,20865
tt6450804,movie,Terminator: Dark Fate,2019,128,"Action,Adventure,Sci-Fi",6.2,213180
tt6452574,movie,Sanju,2018,155,"Biography,Comedy,Drama",7.6,67744
tt6455162,movie,Bhool Bhulaiyaa 2,2022,143,"Comedy,Horror",5.7,36341
tt6462958,movie,I Want You Back,2022,116,"Comedy,Romance",6.5,27438
tt6467266,movie,Sing 2,2021,110,"Adventure,Animation,Comedy",7.3,101967
tt6472976,movie,Five Feet Apart,2019,116,"Drama,Romance",7.2,97657
tt6473066,movie,Clouds,2020,121,"Biography,Drama,Music",7.5,12941
tt6474040,movie,Stockholm,2018,92,"Biography,Comedy,Crime",6.1,15960
tt6475714,movie,Monster Hunter,2020,103,"Action,Adventure,Fantasy",5.2,75550
tt6476140,movie,Serenity,2019,106,"Drama,Mystery,Thriller",5.4,49637
tt6483364,movie,Teen Spirit,2018,93,"Drama,Music",6.1,10440
tt6484982,movie,Newton,2017,106,"Comedy,Drama",7.6,22476
tt6485666,movie,Mersal,2017,172,"Action,Crime,Fantasy",7.5,42301
tt6491178,movie,Dragged Across Concrete,2018,159,"Action,Crime,Drama",6.9,62470
tt6494418,movie,Siberia,2018,104,"Crime,Drama,Romance",4.3,18717
tt6495056,movie,Migration,2023,83,"Adventure,Animation,Comedy",6.6,47737
tt6495770,movie,Action Point,2018,85,Comedy,5.2,12768
tt6499752,movie,Upgrade,2018,100,"Action,Sci-Fi,Thriller",7.5,235438
tt6506264,movie,The Colony,2021,104,"Action,Adventure,Sci-Fi",5.4,14332
tt6508228,movie,Ghosts of War,2020,94,"Fantasy,Horror,Thriller",5.6,13657
tt6511932,movie,The Beach Bum,2019,95,"Comedy,Drama",5.5,26726
tt6513120,movie,Fighting with My Family,2019,108,"Biography,Comedy,Drama",7.0,93431
tt6513656,movie,Escape Plan 2: Hades,2018,93,"Action,Crime,Mystery",3.9,38449
tt6521876,movie,Jay and Silent Bob Reboot,2019,105,"Action,Adventure,Comedy",5.6,30705
tt6522546,movie,Spyder,2017,155,"Action,Crime,Thriller",6.3,12473
tt6523720,movie,The Quake,2018,106,"Action,Drama,Thriller",6.2,16553
tt6527426,movie,Zero,2018,164,"Comedy,Drama,Romance",5.2,33189
tt6528290,movie,Knights of the Zodiac,2023,112,"Action,Adventure,Drama",4.4,18446
tt6533240,movie,Night Hunter,2018,98,"Action,Adventure,Crime",6.0,32522
tt6535880,movie,Haunt,2019,92,"Horror,Thriller",6.3,45979
tt6537238,movie,Salyut-7: The True Story of the Soviet 'Apollo 13',2017,111,"Adventure,Drama,History",7.2,13096
tt6543652,movie,Cold War,2018,89,"Drama,Music,Romance",7.5,65689
tt6556670,movie,Serial (Bad) Weddings 2,2019,99,Comedy,6.1,11026
tt6556890,movie,Batman and Harley Quinn,2017,74,"Action,Adventure,Animation",5.9,16717
tt6560164,movie,Sweetheart,2019,82,"Adventure,Horror,Sci-Fi",5.8,11322
tt6565702,movie,X-Men: Dark Phoenix,2019,113,"Action,Adventure,Sci-Fi",5.7,229081
tt6566576,movie,Fear Street: Part One - 1994,2021,107,"Drama,Horror,Mystery",6.2,110849
tt6571548,movie,The White Tiger,2021,125,"Crime,Drama",7.1,70320
tt6574146,movie,Blame!,2017,106,"Action,Animation,Drama",6.6,10089
tt6587046,movie,The Boy and the Heron,2023,124,"Adventure,Animation,Drama",7.3,147470
tt6587640,movie,Trolls World Tour,2020,91,"Adventure,Animation,Comedy",6.1,33188
tt6588966,movie,Hichki,2018,116,"Comedy,Drama",7.5,15457
tt6598238,movie,Life in a Year,2020,107,"Drama,Romance",6.3,12036
tt6604188,movie,Tron: Ares,2025,119,"Action,Adventure,Sci-Fi",6.1,82686
tt6610158,movie,Rust Creek,2018,108,"Action,Crime,Drama",5.9,15707
tt6628102,movie,The Wild Pear Tree,2018,188,Drama,8.0,30806
tt6628394,movie,Bad Times at the El Royale,2018,141,"Crime,Drama,Mystery",7.1,179525
tt6643972,movie,Triple Threat,2019,96,"Action,Thriller",5.6,13869
tt6644200,movie,A Quiet Place,2018,90,"Drama,Horror,Sci-Fi",7.5,662354
tt6654210,movie,Infinite,2021,106,"Action,Sci-Fi,Thriller",5.5,70862
tt6663582,movie,The Spy Who Dumped Me,2018,117,"Action,Adventure,Comedy",6.1,87539
tt6673612,movie,Dolittle,2020,101,"Adventure,Comedy,Family",5.6,79466
tt6675244,movie,Transit,2018,101,"Drama,Sci-Fi",6.9,12897
tt6679794,movie,Outlaw King,2018,121,"Action,Biography,Drama",6.9,88625
tt6684714,movie,Acts of Violence,2018,86,"Action,Crime,Thriller",5.3,14084
tt6689014,movie,She Came to Me,2023,102,"Comedy,Drama,Music",6.0,10028
tt6692354,movie,Ittefaq,2017,105,"Mystery,Thriller",7.2,17241
tt6697582,movie,Arif V 216,2018,125,"Comedy,Sci-Fi",6.9,41808
tt6704776,movie,The Photographer of Mauthausen,2018,110,"Biography,Drama,History",6.8,14130
tt6708668,movie,Black Crab,2022,114,"Action,Adventure,Drama",5.7,28872
tt6710474,movie,Everything Everywhere All at Once,2022,139,"Action,Adventure,Comedy",7.7,652945
tt6718170,movie,The Super Mario Bros. Movie,2023,92,"Adventure,Animation,Comedy",7.0,298226
tt6720802,movie,Trance,2020,170,"Drama,Thriller",7.3,10535
tt6722030,movie,The Intruder,2019,102,"Horror,Thriller",5.6,21906
tt6722400,movie,Fast Charlie,2023,90,"Action,Crime,Drama",6.0,29828
tt6722802,movie,Marlowe,2022,109,"Crime,Drama,Mystery",5.4,14914
tt6723592,movie,Tenet,2020,150,"Action,Sci-Fi,Thriller",7.3,689786
tt6725014,movie,Scenes from a Marriage,1974,169,Drama,8.3,10492
tt6738136,movie,Revenge,2017,108,"Action,Drama,Horror",6.4,65689
tt6742252,movie,The Guilty,2018,85,"Crime,Drama,Thriller",7.5,69470
tt6745550,movie,Exit 0,2019,95,"Mystery,Thriller",6.1,25379
tt6751668,movie,Parasite,2019,132,"Drama,Thriller",8.5,1174481
tt6752992,movie,Happy as Lazzaro,2018,128,"Drama,Fantasy,Mystery",7.5,23348
tt6760876,movie,Wasp Network,2019,127,"Crime,Drama,Thriller",5.9,13002
tt6763252,movie,The Captain,2017,118,"Drama,History,Thriller",7.3,24243
tt6768578,movie,Dogman,2018,103,"Crime,Drama,Thriller",7.2,31739
tt6769280,movie,Time Freak,2018,104,"Comedy,Drama,Romance",5.8,10545
tt6772802,movie,Hillbilly Elegy,2020,116,"Biography,Drama",6.7,61395
tt6772804,movie,Escape Plan: The Extractors,2019,87,"Action,Crime,Thriller",4.4,19442
tt6772950,movie,Truth or Dare,2018,100,"Horror,Mystery,Thriller",5.3,74528
tt6774786,movie,Occupation,2018,119,"Action,Drama,Sci-Fi",4.5,15921
tt6777338,movie,The Villainess,2017,124,"Action,Thriller",6.6,18662
tt6781982,movie,Night School,2018,111,Comedy,5.6,49398
tt6788942,movie,Bad Genius,2017,130,"Comedy,Crime,Drama",7.6,25601
tt6791096,movie,I Feel Pretty,2018,110,"Comedy,Romance",5.7,60788
tt6791350,movie,Guardians of the Galaxy Vol. 3,2023,150,"Action,Adventure,Comedy",7.9,475465
tt6792282,movie,A Twelve-Year Night,2018,122,"Adventure,Biography,Crime",7.5,11773
tt6793580,movie,Champions,2018,124,"Comedy,Drama,Family",7.2,13067
tt6802308,movie,The 15:17 to Paris,2018,94,"Biography,Drama,Thriller",5.3,37842
tt6802400,movie,Coming 2 America,2021,110,"Comedy,Music",5.3,81497
tt6803046,movie,The Vast of Night,2019,91,"Drama,Mystery,Sci-Fi",6.7,50562
tt6803212,movie,Don't Let Go,2019,103,"Drama,Horror,Mystery",6.4,15619
tt6806448,movie,Fast & Furious Presents: Hobbs & Shaw,2019,137,"Action,Adventure,Thriller",6.4,258260
tt6811018,movie,The Kid Who Would Be King,2019,120,"Action,Adventure,Family",6.1,20586
tt6820256,movie,Arctic,2018,98,"Adventure,Drama",6.8,63616
tt6821012,movie,The Week Of,2018,116,Comedy,5.3,26874
tt6823148,movie,Benedetta,2021,131,"Biography,Drama,Romance",6.7,30266
tt6823368,movie,Glass,2019,129,"Drama,Fantasy,Horror",6.6,305169
tt6826438,movie,Parmanu: The Story of Pokhran,2018,129,"Drama,History,Thriller",7.6,26759
tt6828390,movie,Mr. Jones,2019,119,"Biography,Drama,Thriller",6.9,18632
tt6836936,movie,Saaho,2019,170,"Action,Thriller",5.1,26941
tt6841122,movie,Summerland,2020,99,"Drama,Romance,War",7.1,10800
tt6842770,movie,Wild Mountain Thyme,2020,102,"Comedy,Drama,Romance",5.8,14193
tt6843812,movie,Baaghi 2,2018,137,"Action,Crime,Drama",4.7,12999
tt6850820,movie,Peppermint,2018,101,"Action,Thriller",6.5,76171
tt6852872,movie,Elizabeth Harvest,2018,108,"Horror,Sci-Fi,Thriller",5.8,10544
tt6856242,movie,The King's Man,2021,131,"Action,Adventure,Thriller",6.3,196966
tt6857112,movie,Us,2019,116,"Horror,Mystery,Thriller",6.8,395400
tt6857166,movie,Book Club,2018,104,"Comedy,Drama,Romance",6.1,35043
tt6857376,movie,Palmer,2021,110,Drama,7.3,51762
tt6857988,movie,I Am Not an Easy Man,2018,98,"Comedy,Fantasy,Romance",6.3,16675
tt6859762,movie,The Little Stranger,2018,111,"Drama,Horror,Mystery",5.5,11002
tt6864046,movie,Shadow,2018,116,"Action,Adventure,Fantasy",7.0,19962
tt6865690,movie,The Professor,2018,90,"Comedy,Drama",6.7,41575
tt6866224,movie,The Hummingbird Project,2018,111,"Drama,Thriller",6.2,18067
tt6874690,movie,The Rule of Jenny Pen,2024,104,"Horror,Mystery,Thriller",6.1,11330
tt6878038,movie,A Taxi Driver,2017,137,"Action,Drama,History",7.9,38442
tt6878306,movie,News of the World,2020,118,"Action,Adventure,Drama",6.8,101474
tt6878378,movie,Vivegam,2017,149,"Action,Thriller",6.1,17868
tt6879446,movie,Hidden Strike,2023,102,"Action,Adventure,Comedy",5.4,22258
tt6882604,movie,Archive,2020,109,"Drama,Mystery,Sci-Fi",6.4,29984
tt6892400,movie,The Girl in the Fog,2017,128,"Crime,Drama,Mystery",6.8,14757
tt6900448,movie,Mirai,2018,98,"Adventure,Animation,Drama",7.0,19929
tt6902332,movie,The Marksman,2021,108,"Action,Drama,Thriller",5.7,49332
tt6902676,movie,Guns Akimbo,2019,98,"Action,Comedy,Crime",6.3,78121
tt6902696,movie,Gloria Bell,2018,102,"Comedy,Drama,Music",6.3,14010
tt6903440,movie,Manikarnika: The Queen of Jhansi,2019,148,"Action,Biography,Drama",6.4,16730
tt6905696,movie,Slaughterhouse Rulez,2018,104,"Action,Comedy,Fantasy",5.3,17267
tt6906292,movie,Retribution,2023,91,"Action,Mystery,Thriller",5.4,28651
tt6908274,movie,Mirage,2018,128,"Drama,Fantasy,Mystery",7.4,71852
tt6910020,movie,Nothing to Lose,2018,134,"Biography,Drama",2.4,23215
tt6910282,movie,Bergman Island,2021,112,"Comedy,Drama,Romance",6.6,11703
tt6911608,movie,Mamma Mia! Here We Go Again,2018,114,"Comedy,Musical,Romance",6.6,121533
tt6914122,movie,Resistance,2020,120,"Biography,Drama,History",6.6,10184
tt6915770,movie,Starfish,2023,121,"Drama,Romance,Thriller",4.3,19962
tt6916362,movie,Journal 64,2018,119,"Crime,Mystery,Thriller",7.4,22380
tt6920084,movie,Resident Evil: Welcome to Raccoon City,2021,107,"Action,Horror,Sci-Fi",5.2,72537
tt6920356,movie,The Souvenir,2019,120,"Drama,Romance",6.4,15730
tt6921996,movie,Johnny English Strikes Again,2018,89,"Action,Adventure,Comedy",6.2,91137
tt6924650,movie,Midway,2019,138,"Action,Drama,History",6.7,105837
tt6929642,movie,Kaala,2018,162,"Action,Crime,Drama",6.5,11614
tt6932874,movie,The Boss Baby: Family Business,2021,107,"Adventure,Animation,Comedy",5.8,26811
tt6938828,movie,At Eternity's Gate,2018,111,"Biography,Drama,History",6.9,44491
tt6950476,movie,Tejas,2023,112,"Action,Drama,Thriller",4.3,25263
tt6952960,movie,The Kindergarten Teacher,2018,96,"Drama,Thriller",6.7,18922
tt6957966,movie,Little Italy,2018,102,"Comedy,Romance",5.7,19994
tt6958212,movie,Sweet Country,2017,113,"Adventure,Crime,Drama",6.9,10097
tt6966692,movie,Green Book,2018,130,"Biography,Comedy,Drama",8.2,692377
tt6967980,movie,Seeking True Love,2017,116,"Comedy,Romance",7.5,28699
tt6968614,movie,The Mother,2023,115,"Action,Thriller",5.7,53096
tt6971752,movie,Shubh Mangal Savdhan,2017,119,"Comedy,Romance",6.9,12251
tt6972140,movie,Blackmail,2018,138,"Comedy,Drama,Thriller",7.2,13503
tt6977338,movie,Good Boys,2019,90,"Adventure,Comedy",6.7,90099
tt6980546,movie,Bharath Ane Nenu,2018,173,"Action,Drama,Thriller",7.4,20169
tt6987770,movie,Destination Wedding,2018,87,"Comedy,Drama,Romance",6.0,36746
tt6988116,movie,Kalank,2019,166,"Drama,Romance",3.8,21888
tt6990206,movie,Crimea,2017,99,"Action,Drama",3.4,33673
tt6998518,movie,Mandy,2018,121,"Action,Fantasy,Horror",6.5,99051
tt7008872,movie,Boy Erased,2018,115,"Biography,Drama",6.9,46310
tt7014006,movie,Eighth Grade,2018,93,"Comedy,Drama",7.3,87053
tt7014378,movie,The Summit of the Gods,2021,95,"Adventure,Animation,Drama",7.5,11404
tt7019842,movie,96,2018,158,"Drama,Romance",8.5,45755
tt7019942,movie,Super Deluxe,2019,176,"Comedy,Crime,Drama",8.2,20085
tt7026488,movie,Come True,2020,105,"Horror,Sci-Fi",5.9,13276
tt7026666,movie,Kurup,2021,140,"Biography,Crime,Drama",7.0,18290
tt7026672,movie,Every Day,2018,97,"Drama,Fantasy,Romance",6.5,25812
tt7027278,movie,Kedarnath,2018,116,"Drama,Romance",6.8,16316
tt7038762,movie,Best. Christmas. Ever!,2023,82,"Comedy,Romance",4.5,12238
tt7040874,movie,A Simple Favor,2018,117,"Comedy,Crime,Mystery",6.7,190799
tt7042862,movie,The Man Who Killed Hitler and Then the Bigfoot,2018,98,"Adventure,Drama,Sci-Fi",5.7,14940
tt7043012,movie,Velvet Buzzsaw,2019,113,"Horror,Mystery,Thriller",5.7,69099
tt7048622,movie,The Insult,2017,113,"Crime,Drama,Thriller",7.6,19146
tt7056732,movie,Midnight Runners,2017,109,"Action,Comedy",7.3,11884
tt7057496,movie,Forgotten,2017,108,"Crime,Mystery,Thriller",7.4,62509
tt7058080,movie,Angel of Mine,2019,98,"Drama,Mystery,Thriller",6.4,13191
tt7059844,movie,Dabangg 3,2019,160,"Action,Comedy,Crime",3.0,23128
tt7060344,movie,Ratsasan,2018,146,"Crime,Drama,Mystery",8.3,60293
tt7060460,movie,Theeran Adhigaram Ondru,2017,157,"Action,Crime,Thriller",8.2,19701
tt7063210,movie,The Place,2017,105,"Drama,Mystery,Thriller",7.0,13720
tt7068946,movie,The Accountant 2,2025,132,"Action,Crime,Drama",6.6,132134
tt7069210,movie,The Conjuring: The Devil Made Me Do It,2021,112,"Horror,Mystery,Thriller",6.2,170895
tt7073710,movie,What Keeps You Alive,2018,98,"Horror,Thriller",5.7,10877
tt7074886,movie,The Front Runner,2018,113,"Biography,Drama,History",6.1,15076
tt7076834,movie,Satan's Slaves,2017,107,"Drama,Horror,Mystery",6.5,13725
tt7083526,movie,Breakthrough,2019,116,"Biography,Drama",6.3,11969
tt7095482,movie,The Candidate,2018,132,"Drama,Mystery,Thriller",7.1,10351
tt7097896,movie,Venom: Let There Be Carnage,2021,97,"Action,Adventure,Crime",5.9,305921
tt7098658,movie,Raazi,2018,138,"Action,Drama,Thriller",7.7,37491
tt7121252,movie,On My Skin: The Last Seven Days of Stefano Cucchi,2018,100,"Biography,Drama",7.3,10885
tt7125774,movie,Balloon,2018,125,"Drama,History,Thriller",7.5,15028
tt7125860,movie,If Beale Street Could Talk,2018,119,"Drama,Romance",7.1,55231
tt7126948,movie,Wonder Woman 1984,2020,151,"Action,Adventure,Fantasy",5.3,312232
tt7130300,movie,The Woman in Cabin 10,2025,92,"Drama,Mystery,Thriller",5.8,72516
tt7131622,movie,Once Upon a Time in... Hollywood,2019,161,"Comedy,Drama",7.6,967562
tt7133686,movie,Next Gen,2018,106,"Action,Adventure,Animation",6.6,21193
tt7134096,movie,The Rhythm Section,2020,109,"Action,Drama,Mystery",5.4,21433
tt7137380,movie,Destroyer,2018,121,"Action,Crime,Drama",6.2,33839
tt7137846,movie,Breaking In,2018,88,"Action,Thriller",5.5,17972
tt7139936,movie,A Rainy Day in New York,2019,92,"Comedy,Romance",6.4,58645
tt7144666,movie,The Black Phone,2021,103,"Horror,Mystery,Thriller",6.9,267028
tt7146812,movie,Onward,2020,102,"Adventure,Animation,Comedy",7.4,187249
tt7147540,movie,Sui Dhaaga: Made in India,2018,122,"Comedy,Drama",6.8,11389
tt7149730,movie,The Silencing,2020,93,"Action,Crime,Mystery",6.3,38655
tt7153766,movie,Unsane,2018,98,"Drama,Horror,Mystery",6.4,54207
tt7158430,movie,Hearts Beat Loud,2018,97,"Comedy,Drama,Music",6.9,12482
tt7160070,movie,Along With the Gods: The Two Worlds,2017,139,"Action,Adventure,Drama",7.2,22254
tt7160372,movie,The Zone of Interest,2023,105,"Drama,History,War",7.3,188608
tt7170950,movie,Like Father,2018,98,Drama,6.1,24602
tt7178640,movie,Superintelligence,2020,106,"Action,Comedy,Romance",5.5,14659
tt7181546,movie,Ballerina,2025,124,"Action,Adventure,Crime",6.8,157037
tt7204348,movie,El Angel,2018,118,"Biography,Crime,Drama",6.9,12416
tt7209472,movie,Aiyai: Wrathful Soul,2020,83,"Mystery,Thriller",4.1,12874
tt7212726,movie,Simmba,2018,158,"Action,Crime,Drama",5.5,23781
tt7212754,movie,Ludo,2020,150,"Action,Comedy,Drama",7.6,46298
tt7214762,movie,Jim & Andy: The Great Beyond,2017,94,Documentary,7.6,29087
tt7214954,movie,Luck,2022,105,"Adventure,Animation,Comedy",6.5,35892
tt7218518,movie,Pad Man,2018,140,"Comedy,Drama",7.8,32824
tt7220754,movie,Heavy Trip,2018,92,"Comedy,Music",7.0,12809
tt7221896,movie,Cumali Ceber,2017,100,Comedy,1.0,40022
tt7236034,movie,I Want to Eat Your Pancreas,2018,109,"Animation,Drama,Family",8.1,36849
tt7238392,movie,Taxi 5,2018,102,"Action,Comedy,Crime",4.6,12290
tt7242142,movie,Blindspotting,2018,95,"Comedy,Crime,Drama",7.4,34353
tt7255568,movie,Student of the Year 2,2019,146,"Action,Comedy,Drama",2.3,23320
tt7256866,movie,Father of the Year,2018,94,Comedy,5.2,13607
tt7262882,movie,Master Z: The Ip Man Legacy,2018,107,"Action,Biography,Crime",6.5,10873
tt7268738,movie,Minnal Murali,2021,143,"Action,Comedy,Drama",7.8,35239
tt7279188,movie,Woman at War,2018,101,"Adventure,Comedy,Drama",7.4,12105
tt7280898,movie,22 July,2018,143,"Crime,Drama,History",6.8,40931
tt7282468,movie,Burning,2018,148,"Crime,Drama,Mystery",7.4,86445
tt7286456,movie,Joker,2019,122,Drama,8.3,1703446
tt7286916,movie,The Dawn Wall,2017,100,"Adventure,Biography,Documentary",8.1,22404
tt7291268,movie,Gaga: Five Foot Two,2017,100,"Documentary,Music",7.0,14238
tt7294534,movie,Arjun Reddy,2017,182,"Drama,Romance",7.9,30268
tt7298400,movie,Ash Is Purest White,2018,136,"Crime,Drama,Romance",7.0,11610
tt7304802,movie,The Legacy of the Bones,2019,121,"Crime,Mystery,Thriller",6.4,11296
tt7312940,movie,Singularity,2017,92,"Action,Adventure,Drama",3.6,11837
tt7315484,movie,The Silence,2019,90,"Drama,Horror,Sci-Fi",5.4,56259
tt7318202,movie,Butterflies,2018,117,"Comedy,Drama",7.3,21348
tt7322224,movie,Triangle of Sadness,2022,147,"Comedy,Drama",7.2,217937
tt7329656,movie,47 Meters Down: Uncaged,2019,90,"Adventure,Drama,Horror",5.0,33964
tt7334528,movie,Uncle Drew,2018,103,"Comedy,Drama,Sport",5.8,17153
tt7339248,movie,The Art of Self-Defense,2019,104,"Action,Comedy,Crime",6.6,43714
tt7339826,movie,Maquia: When the Promised Flower Blooms,2018,115,"Adventure,Animation,Drama",7.4,10979
tt7347846,movie,The Lodge,2019,108,"Drama,Horror,Mystery",6.0,65311
tt7349662,movie,BlacKkKlansman,2018,135,"Biography,Comedy,Crime",7.5,315525
tt7349950,movie,It: Chapter Two,2019,169,"Drama,Fantasy,Horror",6.5,357637
tt7363076,movie,Raid,2018,122,"Crime,Drama,Thriller",7.4,23882
tt7363104,movie,Khuda Haafiz,2020,134,"Action,Crime,Drama",7.1,22880
tt7374948,movie,Always Be My Maybe,2019,101,"Comedy,Romance",6.7,66776
tt7378922,movie,Black Woodstock,2021,118,"Documentary,History,Music",8.0,15362
tt7388562,movie,"Paul, Apostle of Christ",2018,108,"Adventure,Biography,Drama",6.7,11556
tt7390588,movie,Little Monsters,2019,93,"Comedy,Horror,Sci-Fi",6.3,21543
tt7390646,movie,Black and Blue,2019,108,"Action,Crime,Drama",6.4,30152
tt7391996,movie,C/o Kancharapalem,2018,152,Drama,8.8,10919
tt7392212,movie,Rangasthalam,2018,170,"Action,Drama",8.2,31262
tt7394816,movie,Primal,2019,97,"Action,Thriller",4.9,12513
tt7395114,movie,The Devil All the Time,2020,138,"Crime,Drama,Thriller",7.1,170390
tt7399138,movie,Recep Ivedik 6,2019,110,Comedy,3.0,10575
tt7399470,movie,Qarib Qarib Single,2017,125,"Comedy,Romance",7.2,11690
tt7401588,movie,Instant Family,2018,118,"Comedy,Drama",7.3,136413
tt7405458,movie,A Man Called Otto,2022,126,"Comedy,Drama",7.5,212774
tt7420342,movie,Killerman,2019,112,"Action,Thriller",5.4,11510
tt7424200,movie,Teen Titans GO! To the Movies,2018,84,"Action,Adventure,Animation",6.7,23981
tt7430722,movie,War,2019,151,"Action,Adventure,Thriller",6.6,40390
tt7431594,movie,Race 3,2018,160,"Action,Thriller",1.9,50358
tt7451284,movie,Batman Ninja,2018,85,"Action,Animation,Sci-Fi",5.6,24249
tt7455754,movie,The Game Changers,2018,86,"Documentary,Sport",7.8,22629
tt7456310,movie,Anna,2019,118,"Action,Adventure,Drama",6.7,108513
tt7456312,movie,The Last Thing He Wanted,2020,115,"Crime,Drama,Mystery",4.4,17489
tt7458762,movie,The Wolf's Call,2019,115,"Action,Thriller",6.9,24327
tt7461686,movie,Daddio,2023,100,Drama,6.7,16220
tt7464188,movie,In Fabric,2018,118,"Comedy,Drama,Fantasy",6.1,15669
tt7465992,movie,Mahanati,2018,177,"Biography,Drama",8.4,16640
tt7466442,movie,The Bob's Burgers Movie,2022,102,"Adventure,Animation,Comedy",7.0,24384
tt7466810,movie,777 Charlie,2022,164,"Adventure,Comedy,Drama",8.7,47939
tt7468056,movie,The Outlaws,2017,121,"Action,Crime,Thriller",7.2,16751
tt7469726,movie,Shaadi Mein Zaroor Aana,2017,137,"Comedy,Drama,Romance",7.5,20016
tt7475578,movie,Munich: The Edge of War,2021,130,"Biography,Drama,History",6.8,39821
tt7476116,movie,Sink or Swim,2018,121,"Comedy,Drama,Sport",6.9,13197
tt7476236,movie,Minding the Gap,2018,93,"Documentary,Sport",8.0,11104
tt7485048,movie,Super 30,2019,154,"Biography,Drama",7.9,42396
tt7488208,movie,Over the Moon,2020,95,"Adventure,Animation,Comedy",6.3,27187
tt7489816,movie,Nothing to Hide,2018,90,"Comedy,Drama",6.8,18651
tt7504726,movie,The Call of the Wild,2020,100,"Adventure,Drama,Family",6.7,64561
tt7504818,movie,Ron's Gone Wrong,2021,107,"Adventure,Animation,Comedy",7.1,45987
tt7510222,movie,Despicable Me 4,2024,94,"Adventure,Animation,Comedy",6.2,81658
tt7510346,movie,The Turning,2020,94,"Drama,Horror,Mystery",3.9,17663
tt7518786,movie,'83,2021,162,"Drama,History,Sport",7.5,43156
tt7525778,movie,The Package,2018,94,"Comedy,Thriller",5.6,24342
tt7529298,movie,Attack,2022,121,"Action,Sci-Fi,Thriller",6.8,17417
tt7533152,movie,The Boy Who Harnessed the Wind,2019,113,"Biography,Drama,History",7.6,52727
tt7541106,movie,1BR,2019,90,"Drama,Horror,Thriller",5.8,17177
tt7545266,movie,Like a Boss,2020,83,Comedy,4.7,16265
tt7545524,movie,Ben Is Back,2018,103,Drama,6.7,25626
tt7547410,movie,Dora and the Lost City of Gold,2019,102,"Action,Adventure,Comedy",6.1,39505
tt7549892,movie,Terrified,2017,87,Horror,6.5,31086
tt7549996,movie,Judy,2019,118,"Biography,Drama,Music",6.8,58648
tt7550000,movie,Project Power,2020,113,"Action,Crime,Sci-Fi",6.0,103966
tt7550014,movie,No Exit,2022,95,"Drama,Mystery,Thriller",6.2,39414
tt7556122,movie,The Old Guard,2020,125,"Action,Fantasy,Thriller",6.7,211246
tt7557108,movie,Saint Maud,2019,84,"Drama,Horror,Mystery",6.6,56265
tt7574556,movie,Dead of Winter,2025,98,"Action,Thriller",6.1,22035
tt7581902,movie,Sonu Ke Titu Ki Sweety,2018,138,"Comedy,Romance",7.1,27276
tt7589524,movie,Aniara,2018,106,"Drama,Sci-Fi",6.3,15916
tt7599146,movie,Sound of Freedom,2023,131,"Biography,Crime,Drama",7.6,138176
tt7601480,movie,Major Grom: Plague Doctor,2021,136,"Action,Comedy,Crime",6.3,15066
tt7605074,movie,The Wandering Earth,2019,125,"Action,Adventure,Sci-Fi",5.9,39615
tt7608028,movie,The Open House,2018,94,"Horror,Thriller",3.3,39444
tt7608418,movie,A Christmas Prince,2017,92,"Comedy,Family,Romance",5.8,23565
tt7608534,movie,Christmas Inheritance,2017,104,"Comedy,Drama,Romance",5.7,14516
tt7615302,movie,Red Joan,2018,101,"Biography,Drama,History",6.4,15792
tt7616148,movie,Luce,2019,109,"Drama,Mystery,Thriller",6.6,16262
tt7616798,movie,A Dog's Way Home,2019,96,"Adventure,Drama,Family",6.7,22831
tt7618184,movie,Mulk,2018,140,Drama,7.2,22547
tt7634968,movie,What Men Want,2019,117,"Comedy,Fantasy,Romance",5.4,34818
tt7638344,movie,Dhadak,2018,138,"Drama,Romance",4.8,12913
tt7638348,movie,Boss Level,2020,100,"Action,Adventure,Comedy",6.8,90822
tt7642818,movie,Between Family,2017,124,Comedy,7.6,28959
tt7645122,movie,Plus One,2019,98,"Comedy,Drama,Romance",6.6,20116
tt7653254,movie,Marriage Story,2019,137,"Drama,Romance",7.9,373017
tt7657566,movie,Death on the Nile,2022,127,"Crime,Drama,Mystery",6.3,210960
tt7664504,movie,Three Identical Strangers,2018,96,"Biography,Documentary,Drama",7.6,45131
tt7668842,movie,Enes Batur: Imagination or Reality?,2018,110,\N,2.0,56785
tt7668870,movie,Searching,2018,102,"Drama,Mystery,Thriller",7.6,193436
tt7670212,movie,The Golden Glove,2019,115,"Crime,Drama,Horror",6.7,22233
tt7671064,movie,Brittany Runs a Marathon,2019,104,"Comedy,Drama",6.8,23944
tt7681902,movie,Won't You Be My Neighbor?,2018,95,"Biography,Documentary,History",8.3,28181
tt7689964,movie,RBG,2018,98,"Biography,Documentary",7.6,15646
tt7689966,movie,Robin Williams: Come Inside My Mind,2018,116,"Biography,Comedy,Documentary",7.9,10358
tt7693316,movie,Devotion,2022,139,"Action,Adventure,Biography",6.6,32921
tt7700730,movie,October,2018,115,"Drama,Romance",7.6,21113
tt7711170,movie,Alone,2020,98,"Drama,Mystery,Thriller",6.2,36227
tt7713068,movie,Birds of Prey and the Fantabulous Emancipation of One Harley Quinn,2020,109,"Action,Comedy,Crime",6.1,283445
tt7715202,movie,Sarkar,2018,163,"Action,Drama",6.7,23951
tt7721800,movie,Bharat,2019,150,"Action,Comedy,Drama",4.7,33632
tt7721946,movie,Housefull 4,2019,145,"Action,Comedy,Drama",3.7,16386
tt7725596,movie,Badhaai Ho,2018,124,"Comedy,Drama",7.9,40928
tt7725626,movie,Viswasam,2019,153,"Action,Drama",7.1,15254
tt7734218,movie,Stuber,2019,93,"Action,Comedy,Crime",6.2,54686
tt7736478,movie,The Traitor,2019,153,"Biography,Crime,Drama",7.1,14577
tt7736496,movie,Jingle Jangle: A Christmas Journey,2020,122,"Family,Fantasy,Musical",6.4,22213
tt7737528,movie,Kate,2021,106,"Action,Adventure,Crime",6.3,77336
tt7737786,movie,Greenland,2020,119,"Action,Adventure,Thriller",6.4,173015
tt7737800,movie,Woman of the Hour,2023,95,"Crime,Drama,Mystery",6.6,75533
tt7738450,movie,Thunder Road,2018,92,"Comedy,Drama",7.0,20770
tt7738784,movie,Resurrection,2018,147,"Drama,Family",8.7,18847
tt7740496,movie,Nightmare Alley,2021,150,"Crime,Drama,Thriller",7.0,183288
tt7740510,movie,Antlers,2021,99,"Drama,Horror,Mystery",5.9,49862
tt7745068,movie,My Hero Academia: Two Heroes,2018,96,"Action,Adventure,Animation",7.3,15860
tt7748244,movie,Mortal World,2018,107,"Action,Comedy,Crime",7.6,34901
tt7752126,movie,Brightburn,2019,90,"Drama,Fantasy,Horror",6.1,121897
tt7758160,movie,Goodachari,2018,147,"Action,Thriller",7.8,12951
tt7765910,movie,Aravindha Sametha,2018,162,"Action,Drama",7.3,10682
tt7766378,movie,The Electric State,2025,128,"Action,Adventure,Comedy",5.9,85976
tt7772580,movie,The Perfection,2018,90,"Drama,Horror,Thriller",6.2,53911
tt7772582,movie,Never Rarely Sometimes Always,2020,101,Drama,7.3,29852
tt7775622,movie,Free Solo,2018,100,"Adventure,Documentary,Sport",8.1,87805
tt7781432,movie,The Mortuary Collection,2019,108,"Fantasy,Horror",6.4,16465
tt7784604,movie,Hereditary,2018,127,"Drama,Horror,Mystery",7.3,460756
tt7798604,movie,We Have a Ghost,2023,126,"Adventure,Comedy,Family",6.1,37121
tt7798634,movie,Ready or Not,2019,95,"Comedy,Horror,Mystery",6.9,254761
tt7805960,movie,Torbaaz,2020,133,"Drama,Thriller",5.3,20791
tt7825208,movie,Marighella,2019,155,"Action,Biography,Drama",7.1,48299
tt7832124,movie,Müslüm,2018,136,"Biography,Drama,Music",7.6,21814
tt7838252,movie,K.G.F: Chapter 1,2018,154,"Action,Crime,Drama",8.1,111836
tt7838536,movie,Awoken,2019,88,"Horror,Mystery,Thriller",4.8,10583
tt7846844,movie,Enola Holmes,2020,123,"Adventure,Crime,Drama",6.7,249030
tt7851428,movie,First Signal,2021,102,"Drama,Sci-Fi",3.3,12168
tt7862330,movie,Stranger in My Pocket,2018,95,"Comedy,Drama",6.8,11152
tt7869070,movie,The Fanatic,2019,88,"Crime,Drama,Mystery",4.2,13375
tt7886848,movie,Sadak 2,2020,133,"Action,Drama",1.2,97224
tt7888964,movie,Nobody,2021,92,"Action,Crime,Drama",7.4,397113
tt7897330,movie,Deadly Illusions,2021,114,"Crime,Drama,Mystery",3.8,14393
tt7905466,movie,They Shall Not Grow Old,2018,99,"Documentary,History,War",8.2,40914
tt7914416,movie,One Cut of the Dead,2017,96,"Comedy,Drama,Horror",7.6,35703
tt7917178,movie,Caveat,2020,88,"Horror,Mystery,Thriller",6.0,15362
tt7919680,movie,Karwaan,2018,114,"Adventure,Comedy,Drama",7.6,20642
tt7923220,movie,Inheritance,2020,111,"Drama,Mystery,Thriller",5.6,23639
tt7939766,movie,I'm Thinking of Ending Things,2020,134,"Drama,Thriller",6.5,110920
tt7945440,movie,The Lie,2018,97,"Crime,Drama,Mystery",5.8,23247
tt7946422,movie,Prospect,2018,100,"Adventure,Drama,Sci-Fi",6.3,40848
tt7957694,movie,The Last Summer,2019,109,"Comedy,Romance",5.6,15421
tt7958736,movie,Ma,2019,99,"Horror,Mystery,Thriller",5.6,71029
tt7959026,movie,The Mule,2018,116,"Crime,Drama,Thriller",7.0,169543
tt7959216,movie,Utoya: July 22,2018,93,"Drama,Thriller",7.2,17167
tt7961060,movie,Dragon Ball Super: Broly,2018,100,"Action,Adventure,Animation",7.7,37414
tt7975244,movie,Jumanji: The Next Level,2019,123,"Action,Adventure,Comedy",6.6,321288
tt7978758,movie,Apollo 10½: A Space Age Childhood,2022,97,"Adventure,Animation,Drama",7.2,13562
tt7979142,movie,The Night Clerk,2020,90,"Crime,Drama,Mystery",5.6,21971
tt7979580,movie,The Mitchells vs. the Machines,2021,114,"Adventure,Animation,Comedy",7.6,143383
tt7983894,movie,Ammonite,2020,117,"Drama,History,Romance",6.5,26818
tt7984734,movie,The Lighthouse,2019,109,"Drama,Fantasy,Horror",7.4,304574
tt7984766,movie,The King,2019,140,"Biography,Drama,History",7.3,179892
tt7985648,movie,The Legend of Tomiris,2019,156,"Action,Drama,Fantasy",6.3,43846
tt7985704,movie,Operation Fortune: Ruse de Guerre,2023,114,"Action,Adventure,Comedy",6.3,111876
tt7991508,movie,Finestkind,2023,126,"Crime,Drama,Thriller",6.1,13855
tt7991608,movie,Red Notice,2021,118,"Action,Comedy,Thriller",6.3,356213
tt8001346,movie,Asterix: The Secret of the Magic Potion,2018,87,"Adventure,Animation,Comedy",6.7,12924
tt8002382,movie,The Marsh King's Daughter,2023,109,"Crime,Drama,Mystery",5.9,15785
tt8004664,movie,Come Play,2020,96,"Drama,Horror,Mystery",5.8,20300
tt8008948,movie,Den of Thieves: Pantera,2025,144,"Action,Crime,Drama",6.3,44889
tt8009428,movie,Hustle,2022,117,"Comedy,Drama,Sport",7.3,165386
tt8009744,movie,Worth,2020,118,"Biography,Drama,History",6.8,20752
tt8009906,movie,The Cleansing Hour,2019,94,"Drama,Fantasy,Horror",6.0,11177
tt8011276,movie,Laila Majnu,2018,140,"Drama,Romance",7.6,10039
tt8036976,movie,Send Help,2026,113,"Adventure,Horror,Thriller",6.7,130999
tt8041270,movie,Jurassic World: Dominion,2022,147,"Action,Adventure,Sci-Fi",5.6,247873
tt8041276,movie,Paddleton,2019,89,"Comedy,Drama",7.2,16507
tt8045906,movie,Words on Bathroom Walls,2020,110,"Drama,Romance",7.2,15784
tt8058874,movie,We Summon the Darkness,2019,91,"Drama,Horror,Music",5.2,13296
tt8066940,movie,Indian 2,2024,165,"Action,Drama,Musical",3.8,17052
tt8075016,movie,The Courier,2019,99,"Action,Crime,Drama",4.8,12341
tt8075192,movie,Shoplifters,2018,121,"Crime,Drama,Thriller",7.9,95788
tt8075260,movie,Someone Great,2019,92,"Comedy,Romance",6.2,27593
tt8079248,movie,Yesterday,2019,116,"Comedy,Fantasy,Music",6.8,185627
tt8080204,movie,Hypnotic,2023,93,"Action,Drama,Mystery",5.5,47458
tt8085790,movie,Little,2019,109,"Comedy,Fantasy,Romance",5.6,16157
tt8093700,movie,The Woman King,2022,135,"Action,Drama,History",6.9,83460
tt8096832,movie,Lady and the Tramp,2019,111,"Adventure,Comedy,Family",6.2,26670
tt8097030,movie,Turning Red,2022,100,"Action,Adventure,Animation",6.9,175001
tt8105234,movie,Flamin' Hot,2023,99,"Biography,Drama,History",6.8,21490
tt8106160,movie,The American Meme,2018,98,Documentary,6.1,13049
tt8106534,movie,6 Underground,2019,128,"Action,Adventure,Comedy",6.1,211997
tt8108198,movie,Andhadhun,2018,139,"Comedy,Crime,Mystery",8.2,116928
tt8108200,movie,Sonchiriya,2019,143,"Action,Crime,Drama",7.9,13619
tt8108202,movie,Stree,2018,128,"Comedy,Horror",7.5,48083
tt8108268,movie,The Tashkent Files,2019,134,"Drama,Mystery,Thriller",8.0,39207
tt8108274,movie,Tanhaji: The Unsung Warrior,2020,135,"Action,Biography,Drama",7.5,38770
tt8110232,movie,The Many Saints of Newark,2021,120,"Crime,Drama",6.2,68966
tt8110330,movie,Dil Bechara,2020,101,"Comedy,Drama,Romance",8.3,137931
tt8110640,movie,In the Shadow of the Moon,2019,115,"Action,Crime,Mystery",6.2,68037
tt8110652,movie,Bodies Bodies Bodies,2022,94,"Comedy,Horror,Mystery",6.1,90890
tt8114980,movie,Willy's Wonderland,2021,88,"Action,Comedy,Horror",5.5,44493
tt8115900,movie,The Bad Guys,2022,100,"Adventure,Animation,Comedy",6.9,81234
tt8116428,movie,Along With the Gods: The Last 49 Days,2018,142,"Action,Adventure,Drama",7.1,10764
tt8119752,movie,Gonjiam: Haunted Asylum,2018,95,"Horror,Mystery",6.5,25667
tt8129806,movie,To Leslie,2022,119,Drama,7.1,19575
tt8130968,movie,Badla,2019,118,"Crime,Drama,Mystery",7.8,34962
tt8132700,movie,Behind the Curve,2018,96,Documentary,6.5,11217
tt8134742,movie,3 from Hell,2019,115,"Action,Horror,Western",5.4,20331
tt8143990,movie,Kajillionaire,2020,104,"Comedy,Crime,Drama",6.4,24089
tt8144834,movie,Section 375,2019,124,"Crime,Drama,Mystery",8.1,21461
tt8150814,movie,There's Someone Inside Your House,2021,96,"Horror,Mystery,Thriller",4.9,22795
tt8151874,movie,Honey Boy,2019,94,Drama,7.2,43117
tt8155288,movie,Happy Death Day 2U,2019,100,"Comedy,Horror,Mystery",6.2,96563
tt8160834,movie,Follow Me,2020,91,"Adventure,Horror,Mystery",5.5,14600
tt8169446,movie,Wine Country,2019,103,"Adventure,Comedy,Drama",5.5,24780
tt8176054,movie,Pariyerum Perumal,2018,154,Drama,8.6,20581
tt8178486,movie,Earthquake Bird,2019,107,"Crime,Drama,Mystery",6.0,16433
tt8178634,movie,RRR,2022,187,"Action,Adventure,Drama",7.8,223838
tt8179388,movie,Rim of the World,2019,98,"Action,Adventure,Comedy",5.3,27540
tt8185182,movie,Long Day's Journey Into Night,2018,138,"Drama,Mystery,Romance",7.1,10883
tt8193790,movie,Deerskin,2019,77,"Comedy,Drama,Horror",6.6,13148
tt8195518,movie,Cuck,2019,115,"Crime,Drama,Thriller",4.4,13775
tt8201170,movie,The Perfect Date,2019,89,"Comedy,Romance",5.8,46802
tt8201852,movie,You Should Have Left,2020,93,"Horror,Mystery,Thriller",5.4,31600
tt8206668,movie,Bad Education,2019,108,"Biography,Comedy,Crime",7.1,46220
tt8228288,movie,The Platform,2019,94,"Horror,Mystery,Sci-Fi",7.0,326241
tt8231668,movie,Good on Paper,2021,92,"Comedy,Romance",5.6,15194
tt8233874,movie,Extra Ordinary,2019,94,"Comedy,Fantasy,Horror",6.4,12711
tt8236336,movie,The Report,2019,119,"Biography,Crime,Drama",7.2,57012
tt8239946,movie,Tumbbad,2018,108,"Drama,Fantasy,Horror",8.2,76066
tt8242084,movie,My Spy,2020,99,"Action,Comedy",6.4,42250
tt8244784,movie,The Hunt,2020,90,"Action,Horror,Thriller",6.6,156046
tt8254556,movie,Girl,2018,105,Drama,7.2,18114
tt8258074,movie,Fantastic Fungi,2019,81,Documentary,7.4,12591
tt8258502,movie,Foe,2023,110,"Drama,Romance,Sci-Fi",5.4,13582
tt8262802,movie,The Holiday Calendar,2018,95,"Drama,Fantasy,Romance",5.7,12442
tt8266310,movie,Blinded by the Light,2019,118,"Comedy,Drama,Music",6.9,28624
tt8267604,movie,Capernaum,2018,126,Drama,8.4,125198
tt8269248,movie,Vakeel Saab,2021,153,"Action,Drama,Thriller",6.9,12994
tt8291224,movie,Uri: The Surgical Strike,2019,138,"Action,Drama,History",8.2,84405
tt8291806,movie,Pain and Glory,2019,113,Drama,7.5,67371
tt8296030,movie,You Won't Be Alone,2022,108,"Drama,Fantasy,Horror",6.4,13958
tt8299768,movie,Blow the Man Down,2019,91,"Comedy,Crime,Drama",6.4,13540
tt8305806,movie,The Wretched,2019,95,"Drama,Horror,Mystery",5.8,21967
tt8310474,movie,Bruised,2020,129,"Drama,Sport",6.2,16920
tt8310486,movie,Miller's Girl,2024,93,"Comedy,Drama,Thriller",5.2,27720
tt8323668,movie,Jerry & Marge Go Large,2022,96,"Biography,Comedy,Drama",6.9,35639
tt8328716,movie,Doom: Annihilation,2019,96,"Action,Adventure,Horror",3.8,11287
tt8332922,movie,A Quiet Place Part II,2020,97,"Drama,Horror,Sci-Fi",7.2,325107
tt8333746,movie,Pinocchio,2019,125,"Drama,Family,Fantasy",6.3,15955
tt8333978,movie,Maharshi,2019,176,"Action,Drama",7.1,11306
tt8337158,movie,Rumble,2021,95,"Animation,Comedy,Family",6.0,10041
tt8337264,movie,Chicken Run: Dawn of the Nugget,2023,98,"Adventure,Animation,Comedy",6.3,29345
tt8337290,movie,Absolution,2024,112,"Action,Crime,Drama",5.2,11077
tt8338762,movie,The Nest,2020,107,"Drama,Romance,Thriller",6.2,20808
tt8350360,movie,Annabelle Comes Home,2019,106,"Horror,Mystery,Thriller",5.9,102666
tt8356942,movie,The 355,2022,122,"Action,Drama,Thriller",5.6,43827
tt8359816,movie,Sorry We Missed You,2019,101,Drama,7.6,28341
tt8359848,movie,Climax,2018,97,"Drama,Horror,Music",6.9,90313
tt8361028,movie,Cam,2018,94,"Drama,Horror,Mystery",5.9,39788
tt8364368,movie,Crawl,2019,87,"Action,Horror,Thriller",6.1,103243
tt8366590,movie,Baaghi 3,2020,143,"Action,Thriller",2.3,18049
tt8367814,movie,The Gentlemen,2019,113,"Action,Comedy,Crime",7.8,460020
tt8368368,movie,The Apprentice,2024,122,"Biography,Drama,History",7.1,74287
tt8368406,movie,Vivarium,2019,97,"Horror,Mystery,Sci-Fi",5.9,92786
tt8368408,movie,Gunpowder Milkshake,2021,114,"Action,Crime,Thriller",6.1,55997
tt8368512,movie,The Courier,2020,112,"Drama,History,Mystery",7.2,81992
tt8372298,movie,Swallow,2019,94,"Drama,History,Thriller",6.5,32547
tt8373206,movie,About My Father,2023,90,Comedy,5.8,19335
tt8376234,movie,Peter Rabbit 2: The Runaway,2021,93,"Adventure,Animation,Comedy",6.2,17171
tt8378126,movie,Queen of Hearts,2019,127,Drama,7.0,17141
tt8385148,movie,Hitman's Wife's Bodyguard,2021,100,"Action,Adventure,Comedy",6.1,120005
tt8385474,movie,A Dog's Journey,2019,109,"Adventure,Comedy,Drama",7.5,33099
tt8388508,movie,Dear Comrade,2019,169,"Action,Drama,Romance",7.3,11620
tt8399288,movie,Memoria,2021,136,"Drama,Mystery,Sci-Fi",6.4,12869
tt8399664,movie,Babyteeth,2019,118,"Comedy,Drama,Romance",7.2,20771
tt8402090,movie,Cumali Ceber 2,2018,100,Comedy,1.2,10572
tt8404256,movie,Snake Eyes,2021,121,"Action,Adventure,Crime",5.4,48730
tt8404614,movie,The Two Popes,2019,125,"Biography,Drama",7.6,147186
tt8413338,movie,Kumbalangi Nights,2019,135,"Comedy,Drama,Romance",8.5,21871
tt8426594,movie,The Wind,2018,88,"Drama,Horror,Mystery",5.6,10725
tt8426926,movie,Shamshera,2022,178,"Action,Adventure,Drama",4.7,57766
tt8430054,movie,Flee,2021,89,"Animation,Biography,Documentary",7.9,21260
tt8430598,movie,Shirley,2020,107,"Biography,Drama,Mystery",6.1,14318
tt8433210,movie,A Dark Foe,2020,114,"Crime,Drama,Horror",4.0,11837
tt8439854,movie,Lust Stories,2018,120,"Drama,Romance",6.3,14125
tt8442644,movie,Money Trap,2019,121,"Comedy,Crime",6.1,17634
tt8456098,movie,Karakomik Filmler: 2 Arada,2019,60,"Comedy,Drama",6.4,14569
tt8461224,movie,The Tax Collector,2020,95,"Action,Crime,Drama",4.9,17355
tt8485364,movie,The Room,2019,100,"Drama,Fantasy,Horror",6.1,26678
tt8488126,movie,The Inventor: Out for Blood in Silicon Valley,2019,119,"Crime,Documentary",7.2,16474
tt8503618,movie,Hamilton,2020,160,"Biography,Drama,History",8.3,140552
tt8504014,movie,Good Newwz,2019,134,"Comedy,Drama",6.8,23661
tt8508734,movie,His House,2020,93,"Drama,Horror,Thriller",6.4,55126
tt8510488,movie,Holiday in the Wild,2019,85,"Comedy,Drama,Romance",6.2,19075
tt8521718,movie,The United States vs. Billie Holiday,2021,126,"Biography,Drama,Music",6.3,15763
tt8521778,movie,Bob Marley: One Love,2024,107,"Biography,Drama,Music",6.2,39573
tt8521876,movie,Yes Day,2021,86,"Comedy,Family",5.7,35301
tt8522006,movie,Happiest Season,2020,102,"Comedy,Romance",6.6,53463
tt8526872,movie,Dolemite Is My Name,2019,118,"Biography,Comedy,Drama",7.2,68294
tt8535968,movie,System Crasher,2019,125,Drama,7.8,16698
tt8542964,movie,Sleeping Dogs,2024,110,"Crime,Mystery,Thriller",6.2,27364
tt8544498,movie,The Way Back,2020,108,"Drama,Sport",6.7,56932
tt8550054,movie,Pleasure,2021,109,Drama,6.3,26648
tt8574252,movie,The Witch: Part 1 - The Subversion,2018,125,"Action,Mystery,Sci-Fi",7.2,22855
tt8579674,movie,1917,2019,119,"Drama,War",8.2,775995
tt8580274,movie,Eurovision Song Contest: The Story of Fire Saga,2020,123,"Comedy,Music",6.5,109971
tt8589698,movie,Teenage Mutant Ninja Turtles: Mutant Mayhem,2023,99,"Action,Adventure,Animation",7.2,78490
tt8590896,movie,Geetha Govindam,2018,142,"Comedy,Drama,Romance",7.7,17786
tt8593824,movie,The Old Way,2023,95,"Action,Drama,Western",5.6,11579
tt8593904,movie,Rifkin's Festival,2020,88,"Comedy,Romance",6.1,10855
tt8597594,movie,Adverse,2020,94,"Crime,Thriller",4.2,16271
tt8613070,movie,Portrait of a Lady on Fire,2019,122,"Drama,Romance",8.0,128533
tt8615822,movie,Occupation: Rainfall,2020,128,"Action,Sci-Fi",4.7,16036
tt8623904,movie,Last Christmas,2019,103,"Comedy,Drama,Fantasy",6.5,106576
tt8629748,movie,Spenser Confidential,2020,111,"Action,Comedy,Crime",6.2,106913
tt8632862,movie,Fahrenheit 11/9,2018,128,Documentary,7.2,21572
tt8633462,movie,"Quo Vadis, Aida?",2020,101,"Drama,History,War",8.0,42017
tt8633464,movie,After Yang,2021,96,"Drama,Sci-Fi",6.6,26484
tt8633478,movie,Run,2020,90,"Drama,Horror,Mystery",6.7,113780
tt8637428,movie,The Farewell,2019,100,"Comedy,Drama",7.5,75837
tt8647400,movie,De De Pyaar De,2019,135,"Comedy,Drama,Romance",6.5,11212
tt8649186,movie,Corpus Christi,2019,115,Drama,7.7,24209
tt8652728,movie,Waves,2019,135,"Drama,Romance,Sport",7.5,38646
tt8652818,movie,Violet Evergarden: The Movie,2020,140,"Animation,Drama,Fantasy",8.3,14741
tt8655470,movie,The Specials,2019,114,"Comedy,Drama",7.4,12361
tt8663516,movie,Child's Play,2019,90,"Drama,Horror,Sci-Fi",5.7,60718
tt8664988,movie,The Blackout,2019,127,"Action,Sci-Fi,Thriller",6.0,12349
tt8672856,movie,Tu Jhoothi Main Makkaar,2023,150,"Comedy,Romance",6.0,30672
tt8688634,movie,21 Bridges,2019,99,"Action,Adventure,Crime",6.7,81194
tt8695030,movie,The Dead Don't Die,2019,104,"Action,Comedy,Crime",5.4,102720
tt8707374,movie,Hell House LLC II: The Abaddon Hotel,2018,89,"Horror,Mystery",5.4,10488
tt8707922,movie,Can You Keep a Secret?,2019,94,"Comedy,Romance",5.4,23179
tt8709036,movie,A Christmas Prince: The Royal Wedding,2018,92,"Comedy,Drama,Romance",5.4,12987
tt8718158,movie,The Hating Game,2021,102,"Comedy,Romance",6.2,35825
tt8721424,movie,"tick, tick... BOOM!",2021,115,"Biography,Comedy,Drama",7.5,129206
tt8722346,movie,Queen & Slim,2019,132,"Crime,Drama,Romance",7.1,37376
tt8737152,movie,Toma,2021,140,"Biography,Drama,Music",8.6,13371
tt8739752,movie,The Collini Case,2019,123,"Crime,Drama,Thriller",7.3,15498
tt8743064,movie,See You Yesterday,2019,84,"Action,Adventure,Crime",5.3,12282
tt8745676,movie,The Swimmers,2022,134,"Biography,Drama,Sport",7.4,40678
tt8745960,movie,Daniel Isn't Real,2019,100,"Drama,Fantasy,Horror",6.0,11802
tt8747160,movie,The Block Island Sound,2020,99,"Horror,Mystery,Sci-Fi",5.4,10703
tt8747450,movie,Chaman Bahaar,2020,111,"Comedy,Drama",6.9,11304
tt8750570,movie,Sergio,2020,118,"Biography,Drama,History",6.2,12084
tt8752474,movie,Justice League vs the Fatal Five,2019,77,"Action,Animation,Fantasy",6.5,11566
tt8760280,movie,Finding You,2020,119,"Comedy,Drama,Romance",6.4,10407
tt8760684,movie,Apollo 11,2019,93,"Documentary,History",8.1,28917
tt8760708,movie,M3GAN,2022,102,"Horror,Sci-Fi,Thriller",6.3,182969
tt8767908,movie,Matthias & Maxime,2019,119,"Drama,Romance",6.8,10365
tt8772262,movie,Midsommar,2019,148,"Drama,Horror,Mystery",7.1,489342
tt8781414,movie,Freaks,2018,105,"Drama,Fantasy,Mystery",6.7,44912
tt8784956,movie,Ava,2020,96,"Action,Crime,Drama",5.5,68420
tt8790086,movie,Kraven the Hunter,2024,127,"Action,Adventure,Thriller",5.5,83669
tt8800266,movie,Ema,2019,107,"Drama,Music,Romance",6.7,10010
tt8814476,movie,Supergirl,2026,108,"Action,Adventure,Drama",6.1,40753
tt8816194,movie,Come to Daddy,2019,96,"Comedy,Mystery,Thriller",6.0,22332
tt8820590,movie,T-34,2018,139,"Action,War",6.8,17095
tt8829830,movie,Fatale,2020,102,"Drama,Mystery,Romance",5.5,16162
tt8836988,movie,Avengement,2019,87,"Action,Crime,Thriller",6.6,24305
tt8846176,movie,Concrete Cowboy,2020,111,"Drama,Western",6.3,10547
tt8847712,movie,The French Dispatch,2021,107,"Comedy,Drama,Romance",7.1,168662
tt8850222,movie,Peninsula,2020,116,"Action,Drama,Horror",5.5,43973
tt8851148,movie,The In Between,2022,115,"Drama,Fantasy,Romance",6.0,12340
tt8851668,movie,The Lovebirds,2020,86,"Action,Comedy,Crime",6.1,29287
tt8858104,movie,Guava Island,2019,55,"Comedy,Drama,Music",6.7,12211
tt8864596,movie,Transformers One,2024,104,"Action,Adventure,Animation",7.6,66911
tt8865546,movie,Karakomik Filmler: Kaçamak,2019,60,"Adventure,Comedy,Fantasy",5.5,11473
tt8866456,movie,The Legend of Ochi,2025,95,"Adventure,Family,Fantasy",5.8,10018
tt8869978,movie,Batla House,2019,146,"Action,Crime,Drama",7.2,13308
tt8879928,movie,Cold Storage,2026,99,"Comedy,Horror,Sci-Fi",6.0,22735
tt8883486,movie,Medieval,2022,125,"Action,Drama,History",5.9,15035
tt8883524,movie,Bloodline,2018,97,"Crime,Horror,Thriller",6.0,10235
tt8893974,movie,Passing,2021,98,"Drama,Mystery,Thriller",6.6,17747
tt8902990,movie,The Sky Is Pink,2019,143,"Drama,Romance",7.6,10797
tt8907986,movie,Angrezi Medium,2020,145,"Comedy,Drama",7.2,19053
tt8907992,movie,The Girl on the Train,2021,120,"Crime,Drama,Mystery",4.0,15350
tt8908002,movie,Luka Chuppi,2019,126,"Comedy,Romance",6.4,15672
tt8912936,movie,DC League of Super-Pets,2022,105,"Action,Adventure,Animation",6.8,80324
tt8936646,movie,Extraction,2020,116,"Action,Crime,Thriller",6.8,291123
tt8946378,movie,Knives Out,2019,130,"Comedy,Crime,Drama",7.9,882241
tt8948790,movie,Jersey,2019,157,"Drama,Sport",8.5,28909
tt8949056,movie,"Yes, God, Yes",2019,78,"Comedy,Drama",6.1,20493
tt8954732,movie,The Princess Switch,2018,101,"Comedy,Drama,Family",6.1,34536
tt8959820,movie,Petta,2019,171,"Action,Drama",7.2,15135
tt8960382,movie,Radhe Shyam,2022,138,Romance,5.2,33501
tt8963708,movie,And Then We Danced,2019,113,"Drama,Romance",7.6,15735
tt8964540,movie,Stream,2024,123,Horror,5.7,10991
tt8976576,movie,Vampires vs. the Bronx,2020,85,"Comedy,Horror",5.7,12062
tt8976710,movie,Sextuplets,2019,97,Comedy,4.5,10610
tt8980602,movie,The Kid Detective,2020,100,"Comedy,Crime,Drama",7.0,25661
tt8983164,movie,Chhalaang,2020,136,"Comedy,Drama,Sport",6.6,20508
tt8983202,movie,Kabir Singh,2019,173,"Drama,Romance",7.0,45859
tt8983228,movie,Jhund,2022,176,"Biography,Drama,Sport",7.4,26234
tt8991268,movie,Honeyland,2019,89,Documentary,8.0,20546
tt8999762,movie,The Brutalist,2024,216,Drama,7.2,158556
tt9000184,movie,Goodnight Mommy,2022,92,"Crime,Drama,Horror",5.7,19595
tt9000224,movie,The Assistant,2019,87,Drama,6.3,29691
tt9005184,movie,Dual,2022,94,"Comedy,Drama,Sci-Fi",5.8,14788
tt9006564,movie,2018,2023,150,"Action,Drama,Thriller",8.3,16855
tt9016974,movie,Synchronic,2019,102,"Drama,Horror,Mystery",6.2,46507
tt9023964,movie,Silent Zone,2025,119,"Action,Horror,Thriller",5.9,11212
tt9024106,movie,Unplanned,2019,109,"Biography,Drama",5.5,12152
tt9026184,movie,Girl on the Third Floor,2019,93,"Drama,Horror,Mystery",4.7,11870
tt9032400,movie,Eternals,2021,156,"Action,Adventure,Fantasy",6.2,429452
tt9048804,movie,Birth/Rebirth,2023,98,"Drama,Horror,Thriller",6.2,10146
tt9051908,movie,Living,2022,102,Drama,7.2,40021
tt9052870,movie,Chhichhore,2019,143,"Comedy,Drama,Romance",8.3,73398
tt9054192,movie,Queenpins,2021,110,"Comedy,Crime",6.4,29762
tt9054970,movie,Doctor G,2022,124,"Comedy,Drama",6.6,19611
tt9058654,movie,Dinner in America,2020,106,"Comedy,Drama,Music",7.5,16679
tt9059704,movie,An American Pickle,2020,88,"Comedy,Fantasy",5.7,29792
tt9071322,movie,Dark Waters,2019,126,"Biography,Drama,History",7.6,122208
tt9071456,movie,The People We Hate at the Wedding,2022,99,Comedy,5.8,12640
tt9072352,movie,Relic,2020,89,"Drama,Horror,Mystery",6.0,33261
tt9076562,movie,Irresistible,2020,101,"Comedy,Drama",6.3,24885
tt9086228,movie,Gretel & Hansel,2020,87,"Fantasy,Horror,Mystery",5.6,39632
tt9098872,movie,The Rescue,2021,107,"Action,Documentary,Mystery",8.3,23628
tt9098938,movie,Sharmaji Namkeen,2022,119,"Comedy,Drama,Family",7.4,13818
tt9100018,movie,Cobweb,2023,88,"Horror,Mystery,Thriller",5.9,46879
tt9100054,movie,The Lost Daughter,2021,121,Drama,6.7,82229
tt9104736,movie,Housefull 5,2025,163,"Comedy,Mystery,Thriller",3.3,18832
tt9110170,movie,Wrong Turn,2021,109,"Drama,Horror,Mystery",5.6,42620
tt9114286,movie,Black Panther: Wakanda Forever,2022,161,"Action,Adventure,Drama",6.6,391877
tt9115530,movie,The Eyes of Tammy Faye,2021,126,"Biography,Drama,Romance",6.7,78035
tt9124428,movie,Champion,2018,130,"Biography,Drama,Romance",8.2,14371
tt9130508,movie,Cherry,2021,142,"Biography,Crime,Drama",6.6,42307
tt9134216,movie,Playing with Fire,2019,96,"Comedy,Family",5.2,17909
tt9139586,movie,Arkansas,2020,117,"Action,Crime,Mystery",6.1,16860
tt9148706,movie,Misbehaviour,2020,106,"Comedy,Drama,History",6.4,11824
tt9150192,movie,A Working Man,2025,116,"Action,Thriller",5.7,78932
tt9170516,movie,The Shadow in My Eye,2021,107,"Drama,History,War",7.3,19255
tt9172422,movie,La belle époque,2019,115,"Comedy,Drama,Fantasy",7.4,21936
tt9173418,movie,Brahms: The Boy II,2020,86,"Drama,Horror,Mystery",4.7,22714
tt9177882,movie,Constantine: City of Demons,2018,90,"Action,Animation,Fantasy",7.3,10988
tt9179096,movie,Minamata,2020,115,Drama,7.2,25097
tt9179430,movie,Vikram,2022,175,"Action,Crime,Thriller",8.3,90074
tt9185206,movie,"Are You There God? It's Me, Margaret.",2023,106,"Comedy,Drama,Family",7.3,38719
tt9196192,movie,Cuties,2020,96,Drama,3.6,33321
tt9198364,movie,Three Thousand Years of Longing,2022,108,"Drama,Fantasy,Romance",6.7,73054
tt9203694,movie,Stowaway,2021,116,"Adventure,Sci-Fi,Thriller",5.7,57155
tt9204204,movie,Little Joe,2019,105,"Drama,Horror,Mystery",5.8,10070
tt9204328,movie,Dark Harvest,2023,96,"Fantasy,Horror",5.5,10547
tt9207700,movie,Made in Italy,2020,94,"Comedy,Drama,Romance",6.0,12874
tt9214772,movie,Monkey Man,2024,121,"Action,Crime,Thriller",6.8,100443
tt9214832,movie,Emma.,2020,124,"Comedy,Drama,Romance",6.7,72173
tt9218128,movie,Gladiator II,2024,148,"Adventure,Drama",6.4,304222
tt9224104,movie,Meg 2: The Trench,2023,116,"Action,Adventure,Horror",5.0,103224
tt9231040,movie,First Cow,2019,122,"Drama,Western",7.1,24631
tt9243804,movie,The Green Knight,2021,130,"Adventure,Drama,Fantasy",6.6,132672
tt9243946,movie,El Camino,2019,122,"Crime,Drama,Thriller",7.3,346940
tt9244554,movie,Last Looks,2021,110,"Action,Comedy,Crime",5.8,14501
tt9248940,movie,Dream Girl,2019,132,"Comedy,Romance",7.0,18714
tt9248972,movie,Mission Mangal,2019,130,"Drama,History",6.6,20785
tt9252468,movie,Mosul,2019,101,"Action,Drama,Thriller",7.1,33365
tt9252508,movie,Tall Girl,2019,101,"Comedy,Drama,Family",5.2,30067
tt9257484,movie,Rattlesnake,2019,85,"Drama,Horror,Mystery",4.7,10145
tt9260636,movie,Bigil,2019,179,"Action,Drama,Sport",6.7,27327
tt9263550,movie,Rocketry: The Nambi Effect,2022,157,"Biography,Drama",8.6,62294
tt9271672,movie,Prey for the Devil,2022,93,"Horror,Mystery,Thriller",5.4,21218
tt9288046,movie,The Sea Beast,2022,115,"Action,Adventure,Animation",7.0,65810
tt9288692,movie,Werewolves Within,2021,97,"Comedy,Horror,Mystery",6.0,29448
tt9288822,movie,The Wonder,2022,108,"Drama,Mystery,Thriller",6.6,49829
tt9308382,movie,The High Note,2020,113,"Drama,Music,Romance",6.4,14654
tt9340860,movie,Let Him Go,2020,113,"Crime,Drama,Thriller",6.7,40881
tt9345754,movie,The Occupant,2020,103,"Drama,Thriller",6.4,21674
tt9347730,movie,Candyman,2021,91,"Horror,Thriller",5.9,83890
tt9351980,movie,American Factory,2019,110,Documentary,7.4,25132
tt9354842,movie,To All the Boys: P.S. I Still Love You,2020,101,"Comedy,Drama,Romance",6.1,54298
tt9354944,movie,Jexi,2019,84,"Comedy,Romance,Sci-Fi",6.0,33795
tt9357050,movie,Dear Evan Hansen,2021,137,"Drama,Musical",6.1,21121
tt9358052,movie,Knock Down the House,2019,87,Documentary,7.4,10553
tt9362722,movie,Spider-Man: Across the Spider-Verse,2023,140,"Action,Adventure,Animation",8.5,532790
tt9362736,movie,Die My Love,2025,119,"Drama,Thriller",6.0,46469
tt9362930,movie,Blue Beetle,2023,127,"Action,Adventure,Sci-Fi",5.9,117722
tt9376612,movie,Shang-Chi and the Legend of the Ten Rings,2021,132,"Action,Adventure,Fantasy",7.3,491219
tt9387250,movie,Skylines,2020,113,"Action,Adventure,Sci-Fi",4.8,10340
tt9389998,movie,Pushpa: The Rise - Part 1,2021,179,"Action,Crime,Drama",7.6,100608
tt9398640,movie,Between Two Ferns: The Movie,2019,82,Comedy,6.1,39251
tt9411972,movie,Where the Crawdads Sing,2022,125,"Drama,Mystery,Romance",7.2,159458
tt9412098,movie,Fyre,2019,97,"Crime,Documentary,Music",7.2,54744
tt9419056,movie,The Unholy,2021,99,"Drama,Horror,Mystery",5.1,31206
tt9419834,movie,Secret Obsession,2019,97,"Crime,Drama,Mystery",4.5,26938
tt9419884,movie,Doctor Strange in the Multiverse of Madness,2022,126,"Action,Adventure,Fantasy",6.8,548595
tt9420648,movie,Bala,2019,133,Comedy,7.3,18191
tt9421570,movie,The Guilty,2021,90,"Crime,Drama,Thriller",6.3,177022
tt9426210,movie,Weathering with You,2019,112,"Animation,Drama,Fantasy",7.5,70984
tt9466114,movie,The Idea of You,2024,115,"Comedy,Drama,Music",6.3,86706
tt9466814,movie,Cobra,2022,183,"Action,Crime,Thriller",6.0,10206
tt9477520,movie,Asuran,2019,141,"Action,Drama",8.4,37444
tt9484998,movie,Palm Springs,2020,90,"Comedy,Fantasy,Mystery",7.4,216023
tt9495224,movie,Black Mirror: Bandersnatch,2018,90,"Drama,Fantasy,Mystery",7.1,143469
tt9500372,movie,Pocket Hercules: Naim Süleymanoglu,2019,141,"Biography,Drama,History",8.2,15708
tt9506474,movie,The Hater,2020,135,"Drama,Thriller",7.1,18752
tt9531772,movie,Sooryavanshi,2021,145,"Action,Crime,Drama",5.8,81429
tt9537292,movie,Ala Vaikunthapurramuloo,2020,163,"Action,Comedy,Drama",7.3,26787
tt9541602,movie,Extreme Job,2019,111,"Action,Comedy,Crime",7.1,15651
tt9580138,movie,Mortal Kombat Legends: Scorpion's Revenge,2020,80,"Action,Adventure,Animation",7.4,21355
tt9586294,movie,Better Days,2019,135,"Crime,Drama,Romance",7.6,17197
tt9592496,movie,Pogaru,2021,160,Action,3.6,10532
tt9601220,movie,Black Bear,2020,104,Drama,6.5,18140
tt9603060,movie,Star Trek: Section 31,2025,95,"Action,Adventure,Drama",3.8,19009
tt9603208,movie,Mission: Impossible - The Final Reckoning,2025,169,"Action,Adventure,Thriller",7.1,234741
tt9603212,movie,Mission: Impossible - Dead Reckoning Part One,2023,163,"Action,Adventure,Thriller",7.6,329402
tt9606374,movie,On the Rocks,2020,96,"Comedy,Drama,Romance",6.4,39938
tt9608818,movie,Our Friend,2019,124,"Drama,Romance",7.3,18142
tt9614452,movie,The Big Bull,2021,153,"Biography,Crime,Drama",5.6,17074
tt9614460,movie,Chhapaak,2020,120,"Biography,Drama",5.4,28176
tt9617456,movie,For Sama,2019,100,"Biography,Documentary,War",8.5,13819
tt9619798,movie,The Wrong Missy,2020,90,"Comedy,Romance",5.8,50976
tt9619824,movie,Final Destination: Bloodlines,2025,110,"Horror,Thriller",6.7,166151
tt9620288,movie,King Richard,2021,144,"Biography,Drama,Sport",7.5,190679
tt9620292,movie,Promising Young Woman,2020,113,"Crime,Drama,Mystery",7.5,256945
tt9624766,movie,Jiu Jitsu,2020,102,"Action,Sci-Fi,Thriller",2.9,11429
tt9625664,movie,Trauma Center,2019,87,"Action,Thriller",4.0,12190
tt9637132,movie,Samrat Prithviraj,2022,135,"Action,Drama,History",5.5,53981
tt9639470,movie,Last Night in Soho,2021,116,"Drama,Horror,Mystery",7.0,200518
tt9660502,movie,Close,2022,104,Drama,7.8,48438
tt9663764,movie,Aquaman and the Lost Kingdom,2023,124,"Action,Adventure,Fantasy",5.6,119386
tt9664108,movie,Voyagers,2021,108,"Adventure,Mystery,Sci-Fi",5.5,30060
tt9675274,movie,Cinayet Süsü,2019,112,"Comedy,Crime,Mystery",6.7,21492
tt9675716,movie,Nerkonda Paarvai,2019,157,"Action,Crime,Drama",7.7,11383
tt9682428,movie,Night Swim,2024,98,"Horror,Mystery,Thriller",4.7,32507
tt9683478,movie,The Half of It,2020,104,"Comedy,Drama",6.9,47665
tt9684220,movie,Bad Trip,2021,86,Comedy,6.5,29243
tt9686708,movie,The King of Staten Island,2020,136,"Comedy,Drama",7.1,82328
tt9686790,movie,Shotgun Wedding,2022,101,"Action,Comedy,Romance",5.5,42955
tt9689696,movie,Wander,2020,94,Thriller,4.9,10449
tt9691136,movie,Shadow in the Cloud,2020,83,"Action,Horror,War",5.0,34484
tt9701940,movie,Fear Street: Part Two - 1978,2021,109,"Drama,Horror,Mystery",6.7,91242
tt9701942,movie,Fear Street: Part Three - 1666,2021,114,"Horror,Mystery",6.6,76234
tt9731386,movie,Rogue Agent,2022,115,"Action,Adventure,Drama",6.5,16803
tt9731534,movie,The Night House,2020,107,"Horror,Mystery,Thriller",6.4,78626
tt9731598,movie,Bros,2022,115,"Comedy,Romance",6.3,39700
tt9731682,movie,Crisis,2021,118,"Drama,Thriller",6.2,15379
tt9737876,movie,Narvik: Hitler's First Defeat,2022,108,"Drama,History,War",6.6,20999
tt9738716,movie,The World to Come,2020,105,"Drama,History,Romance",6.4,13166
tt9738784,movie,Persian Lessons,2020,127,"Drama,War",7.4,15655
tt9742794,movie,The Vault,2021,118,"Action,Thriller",6.4,35590
tt9764362,movie,The Menu,2022,107,"Comedy,Horror,Thriller",7.1,505396
tt9766332,movie,Atrangi Re,2021,138,"Comedy,Drama,Fantasy",6.5,29424
tt9770150,movie,Nomadland,2020,107,Drama,7.3,220145
tt9772374,movie,Bloody Hell,2020,93,"Comedy,Horror,Mystery",6.6,12509
tt9777644,movie,Da 5 Bloods,2020,154,"Adventure,Drama,War",6.5,57716
tt9777666,movie,The Tomorrow War,2021,138,"Action,Adventure,Drama",6.6,255294
tt9779516,movie,I Still Believe,2020,116,"Biography,Drama,Music",6.5,15435
tt9783600,movie,Spiderhead,2022,106,"Action,Crime,Drama",5.5,73673
tt9784456,movie,The Kissing Booth 2,2020,134,"Comedy,Romance",5.7,44364
tt9784798,movie,Judas and the Black Messiah,2021,126,"Biography,Crime,Drama",7.4,115575
tt9793334,movie,Athiran,2019,136,"Drama,Mystery,Romance",6.7,10510
tt9794630,movie,The Vanished,2020,115,"Action,Crime,Thriller",5.8,13281
tt9806192,movie,I Lost My Body,2019,81,"Animation,Drama,Fantasy",7.5,38847
tt9806322,movie,Isi & Ossi,2020,113,"Comedy,Romance",6.4,11643
tt9806370,movie,The Owners,2020,92,"Comedy,Crime,Horror",5.0,10800
tt9812474,movie,Lamb,2021,106,"Drama,Fantasy,Horror",6.3,44959
tt9815554,movie,Not to Forget,2021,84,Drama,5.2,11315
tt9817070,movie,Law of Tehran,2019,131,"Action,Crime,Drama",7.7,21216
tt9820556,movie,Breach,2020,92,"Action,Horror,Sci-Fi",2.9,20966
tt9844522,movie,Escape Room: Tournament of Champions,2021,88,"Action,Adventure,Horror",5.8,68962
tt9845564,movie,Below Zero,2021,106,"Action,Adventure,Crime",6.2,23060
tt9848626,movie,Hotel Transylvania 4: Transformania,2022,87,"Adventure,Animation,Comedy",6.0,48112
tt9851854,movie,Major,2022,150,"Action,Biography,Drama",8.1,34397
tt9853500,movie,Bandit,2022,126,"Biography,Crime,Drama",6.5,18152
tt9860566,movie,Brothers,2024,89,"Action,Comedy,Crime",5.4,15601
tt9860728,movie,Falling Inn Love,2019,98,"Comedy,Romance",5.7,24249
tt9866072,movie,Holidate,2020,104,"Comedy,Romance",6.2,88290
tt9873892,movie,They Cloned Tyrone,2023,122,"Comedy,Mystery,Sci-Fi",6.7,48407
tt9877170,movie,Malang: Unleash the Madness,2020,135,"Action,Crime,Drama",6.5,13351
tt9881586,movie,Rascal Does Not Dream of a Dreaming Girl,2019,89,"Animation,Drama,Fantasy",8.3,10350
tt9883832,movie,Moonage Daydream,2022,135,"Biography,Documentary,Music",7.6,16522
tt9893250,movie,I Care a Lot,2020,118,"Comedy,Crime,Drama",6.4,159556
tt9894470,movie,VFW,2019,92,"Action,Crime,Horror",6.1,10378
tt9898858,movie,Coffee & Kareem,2020,88,"Action,Comedy,Crime",5.2,15463
tt9900782,movie,Kaithi,2019,145,"Action,Crime,Thriller",8.4,52041
tt9907782,movie,The Cursed,2021,111,"Fantasy,Horror,Mystery",6.2,22975
