tconst,titleType,primaryTitle,startYear,runtimeMinutes,genres,averageRating,numVotes,original_language,is_franchise,budget,revenue,saga_position
tt0004972,movie,The Birth of a Nation,1915,195,"Drama,War",6.1,28372,en,True,100000.0,11000000.0,1.0
tt0020629,movie,All Quiet on the Western Front,1930,152,"Drama,War",8.1,72260,en,True,1448864.0,3270000.0,1.0
tt0021814,movie,Dracula,1931,74,"Drama,Fantasy,Horror",7.3,64994,en,True,355000.0,700000.0,1.0
tt0021884,movie,Frankenstein,1931,70,"Drama,Horror,Sci-Fi",7.7,88142,en,True,291000.0,12000000.0,1.0
tt0023245,movie,The Mummy,1932,73,"Fantasy,Horror",6.9,33453,en,True,196000.0,1408.0,1.0
tt0023563,movie,The Testament of Dr. Mabuse,1933,122,"Crime,Mystery,Thriller",7.9,14638,de,True,0.0,27690.0,2.0
tt0024184,movie,The Invisible Man,1933,71,"Horror,Sci-Fi",7.6,44319,en,True,328000.0,27105.0,1.0
tt0024216,movie,King Kong,1933,100,"Adventure,Horror",7.9,96179,en,True,672000.0,10001781.0,1.0
tt0025878,movie,The Thin Man,1934,91,"Comedy,Crime,Mystery",7.9,35351,en,True,226408.0,1423000.0,1.0
tt0026138,movie,Bride of Frankenstein,1935,75,"Drama,Horror,Sci-Fi",7.8,59183,en,True,393750.0,2000000.0,2.0
tt0027260,movie,After the Thin Man,1936,112,"Comedy,Crime,Mystery",7.6,13213,en,True,673000.0,3165000.0,2.0
tt0031448,movie,The Hound of the Baskervilles,1939,80,"Crime,Mystery,Thriller",7.4,12982,en,True,0.0,0.0,1.0
tt0031951,movie,Son of Frankenstein,1939,99,"Drama,Horror,Sci-Fi",7.1,13478,en,True,420000.0,0.0,3.0
tt0032455,movie,Fantasia,1940,124,"Animation,Family,Fantasy",7.7,111626,en,True,2280000.0,76411819.0,1.0
tt0034398,movie,The Wolf Man,1941,70,"Horror,Mystery,Romance",7.2,34537,en,True,180000.0,0.0,1.0
tt0034492,movie,Bambi,1942,69,"Adventure,Animation,Drama",7.3,165826,en,True,858000.0,267447150.0,1.0
tt0034587,movie,Cat People,1942,73,"Fantasy,Horror,Thriller",7.2,28762,en,True,134000.0,4000000.0,1.0
tt0035093,movie,Mrs. Miniver,1942,134,"Drama,Romance,War",7.6,21390,en,True,1344000.0,13500000.0,1.0
tt0035899,movie,Frankenstein Meets the Wolf Man,1943,74,"Fantasy,Horror,Sci-Fi",6.4,11085,en,True,1200000.0,0.0,2.0
tt0036872,movie,Going My Way,1944,126,"Comedy,Drama,Music",7.0,14868,en,True,0.0,16300000.0,1.0
tt0037536,movie,The Bells of St. Mary's,1945,126,Drama,7.2,10602,en,True,0.0,21300000.0,2.0
tt0037824,movie,"Ivan the Terrible, Part I",1944,95,"Biography,Drama,History",7.6,11807,ru,True,0.0,0.0,1.0
tt0038166,movie,The Three Caballeros,1944,71,"Animation,Comedy,Family",6.3,17260,en,True,0.0,6710000.0,2.0
tt0041719,movie,Orpheus,1950,112,"Drama,Fantasy,Romance",7.8,14588,fr,True,0.0,0.0,2.0
tt0042286,movie,Broken Arrow,1950,93,"Drama,Romance,Western",7.1,10847,en,True,0.0,3600000.0,1.0
tt0042332,movie,Cinderella,1950,74,"Animation,Family,Fantasy",7.3,187986,en,True,2900000.0,263600000.0,1.0
tt0042451,movie,Father of the Bride,1950,92,"Comedy,Drama,Romance",7.1,13569,en,True,0.0,0.0,1.0
tt0043067,movie,Treasure Island,1950,96,"Adventure,Drama,Family",6.9,10820,en,True,0.0,4419657.0,1.0
tt0045920,movie,It Came from Outer Space,1953,81,"Horror,Sci-Fi",6.5,12893,en,True,800000.0,1600000.0,1.0
tt0046183,movie,Peter Pan,1953,77,"Adventure,Animation,Family",7.2,166288,en,True,4000000.0,87400000.0,1.0
tt0046247,movie,The Robe,1953,135,"Drama,History,Romance",6.7,12982,en,True,4350000.0,36000000.0,1.0
tt0046876,movie,Creature from the Black Lagoon,1954,79,"Horror,Sci-Fi",6.9,38551,en,True,0.0,1300000.0,1.0
tt0047034,movie,Godzilla,1954,96,"Horror,Sci-Fi",7.6,45654,ja,True,60000.0,2250000.0,1.0
tt0047444,movie,Samurai I: Musashi Miyamoto,1954,93,"Action,Adventure,Biography",7.4,10398,ja,True,0.0,0.0,1.0
tt0048280,movie,Lady and the Tramp,1955,76,"Adventure,Animation,Comedy",7.3,162559,en,True,4000000.0,36359037.0,1.0
tt0048380,movie,Mister Roberts,1955,123,"Comedy,Drama,War",7.6,19747,en,True,0.0,0.0,1.0
tt0048473,movie,Pather Panchali,1955,125,"Drama,History",8.2,41820,bn,True,0.0,536364.0,1.0
tt0048624,movie,Sissi,1955,102,"Comedy,Drama,History",7.0,11168,de,True,6000000.0,0.0,1.0
tt0048956,movie,Aparajito,1956,110,Drama,8.2,19804,bn,True,0.0,170215.0,2.0
tt0048977,movie,The Bad Seed,1956,129,"Drama,Horror,Thriller",7.4,17829,en,True,1000000.0,0.0,1.0
tt0050280,movie,The Curse of Frankenstein,1957,83,"Horror,Sci-Fi,Thriller",7.0,14879,en,True,270000.0,8000000.0,1.0
tt0050798,movie,Old Yeller,1957,83,"Adventure,Drama,Family",7.2,16764,en,True,21909000.0,0.0,1.0
tt0051337,movie,The 7th Voyage of Sinbad,1958,88,"Action,Adventure,Family",7.0,16400,en,True,650000.0,0.0,1.0
tt0051418,movie,The Blob,1958,86,"Horror,Sci-Fi",6.3,32375,en,True,110000.0,4000000.0,1.0
tt0051554,movie,Horror of Dracula,1958,82,"Drama,Horror",7.2,30020,en,True,104880.0,3500000.0,1.0
tt0051622,movie,The Fly,1958,94,"Drama,Horror,Sci-Fi",7.1,28052,en,True,700000.0,3000000.0,1.0
tt0052216,movie,Big Deal on Madonna Street,1958,106,"Comedy,Crime",7.9,12899,it,True,0.0,0.0,1.0
tt0052572,movie,The World of Apu,1959,105,Drama,8.4,20131,bn,True,0.0,134241.0,3.0
tt0053084,movie,The Mouse That Roared,1959,83,"Adventure,Comedy",6.9,10201,en,True,0.0,0.0,1.0
tt0053085,movie,The Mummy,1959,88,"Adventure,Horror",6.6,12795,en,True,0.0,0.0,1.0
tt0053114,movie,The Human Condition I: No Greater Love,1959,208,"Drama,History,War",8.5,11397,ja,True,0.0,0.0,1.0
tt0053198,movie,The 400 Blows,1959,99,"Crime,Drama",8.0,134913,fr,True,0.0,0.0,1.0
tt0053677,movie,The Brides of Dracula,1960,85,Horror,6.6,10147,en,True,0.0,0.0,2.0
tt0054047,movie,The Magnificent Seven,1960,128,"Action,Adventure,Drama",7.7,110861,en,True,2000000.0,19500000.0,1.0
tt0054215,movie,Psycho,1960,109,"Drama,Horror,Mystery",8.5,788241,en,True,806947.0,50000000.0,1.0
tt0054443,movie,Village of the Damned,1960,77,"Horror,Sci-Fi",7.3,21429,en,True,200000.0,2175000.0,1.0
tt0054594,movie,The Absent Minded Professor,1961,97,"Comedy,Family,Sci-Fi",6.7,10127,en,True,2000000.0,0.0,1.0
tt0054953,movie,The Guns of Navarone,1961,158,"Action,Adventure,Drama",7.5,59901,en,True,6000000.0,28900000.0,1.0
tt0054997,movie,The Hustler,1961,134,"Drama,Sport",7.9,90089,en,True,2000000.0,7600000.0,1.0
tt0055254,movie,One Hundred and One Dalmatians,1961,79,"Adventure,Animation,Comedy",7.3,197415,en,True,3600000.0,303000000.0,1.0
tt0055277,movie,The Parent Trap,1961,129,"Comedy,Family,Romance",7.2,26455,en,True,0.0,29650385.0,
tt0055630,movie,Yojimbo,1961,110,"Action,Drama,Thriller",8.2,143635,ja,True,0.0,0.0,1.0
tt0055928,movie,Dr. No,1962,110,"Action,Adventure,Thriller",7.2,196595,en,True,1000000.0,59000000.0,1.0
tt0056142,movie,King Kong vs. Godzilla,1963,91,"Action,Adventure,Comedy",5.7,12161,en,True,12000.0,2700000.0,3.0
tt0056443,movie,Sanjuro,1962,96,"Action,Drama,Thriller",8.0,43378,ja,True,0.0,0.0,2.0
tt0056869,movie,The Birds,1963,119,"Drama,Horror,Mystery",7.6,220878,en,True,2500000.0,11500000.0,1.0
tt0057076,movie,From Russia with Love,1963,115,"Action,Adventure,Thriller",7.3,159623,en,True,2000000.0,78900000.0,2.0
tt0057115,movie,The Great Escape,1963,172,"Adventure,Drama,Thriller",8.2,278267,en,True,4000000.0,11700000.0,1.0
tt0057251,movie,Lilies of the Field,1963,94,"Comedy,Drama",7.5,15489,en,True,247000.0,7000000.0,1.0
tt0057413,movie,The Pink Panther,1963,115,"Comedy,Crime,Romance",7.0,62040,en,True,0.0,10878107.0,1.0
tt0058089,movie,Fantomas,1964,104,"Adventure,Comedy,Crime",6.9,13720,fr,True,0.0,0.0,1.0
tt0058135,movie,The Gendarme of Saint-Tropez,1964,90,"Comedy,Crime",7.1,15376,fr,True,230769.0,10500000.0,1.0
tt0058150,movie,Goldfinger,1964,110,"Action,Adventure,Thriller",7.7,218565,en,True,3000000.0,124900000.0,3.0
tt0058331,movie,Mary Poppins,1964,139,"Comedy,Family,Fantasy",7.8,199296,en,True,4650000.0,103100000.0,1.0
tt0058379,movie,Mothra vs. Godzilla,1964,89,"Adventure,Fantasy,Sci-Fi",6.5,11839,ja,True,0.0,10000000.0,4.0
tt0058586,movie,A Shot in the Dark,1964,102,"Comedy,Crime,Mystery",7.3,34205,en,True,0.0,12368234.0,2.0
tt0058777,movie,Zulu,1964,138,"Drama,History,War",7.7,46422,en,True,1720000.0,8000000.0,1.0
tt0058898,movie,Alphaville,1965,99,"Comedy,Drama,Mystery",6.9,30196,fr,True,220000.0,46585.0,8.0
tt0059127,movie,Dracula: Prince of Darkness,1966,90,Horror,6.6,12002,en,True,280379.0,364937.0,3.0
tt0059319,movie,The Ipcress File,1965,109,"Drama,Thriller",7.1,19684,en,True,0.0,0.0,1.0
tt0059800,movie,Thunderball,1965,130,"Action,Adventure,Thriller",6.9,138418,en,True,9000000.0,141200000.0,4.0
tt0060086,movie,Alfie,1966,114,"Comedy,Drama",7.0,16903,en,True,0.0,0.0,1.0
tt0060315,movie,Django,1966,91,"Action,Drama,Western",7.2,34318,it,True,0.0,17277.0,1.0
tt0060490,movie,Harper,1966,121,"Crime,Drama,Mystery",6.8,12274,en,True,3500000.0,12000000.0,1.0
tt0060666,movie,Manos: The Hands of Fate,1966,70,Horror,1.7,38504,en,True,19000.0,0.0,3.0
tt0061101,movie,Tokyo Drifter,1966,82,"Action,Crime",7.1,10624,ja,True,0.0,0.0,1.0
tt0061138,movie,A Man and a Woman,1966,102,"Drama,Romance",7.5,13666,fr,True,0.0,0.0,1.0
tt0061369,movie,Asterix the Gaul,1967,68,"Action,Adventure,Animation",6.6,13202,fr,True,0.0,1325312.0,1.0
tt0061578,movie,The Dirty Dozen,1967,150,"Action,Adventure,War",7.7,84326,en,True,5400000.0,45300000.0,1.0
tt0061811,movie,In the Heat of the Night,1967,110,"Drama,Mystery,Thriller",7.9,91653,en,True,2000000.0,27379978.0,1.0
tt0061852,movie,The Jungle Book,1967,78,"Adventure,Animation,Comedy",7.6,214147,en,True,4000000.0,378000000.0,1.0
tt0062168,movie,Five Million Years to Earth,1967,97,"Horror,Mystery,Sci-Fi",7.0,12649,en,True,367085.0,750000.0,3.0
tt0062376,movie,"To Sir, with Love",1967,105,Drama,7.6,22084,en,True,625000.0,42432803.0,1.0
tt0062512,movie,You Only Live Twice,1967,117,"Action,Adventure,Thriller",6.8,127971,en,True,9500000.0,111600000.0,5.0
tt0062622,movie,2001: A Space Odyssey,1968,149,"Adventure,Sci-Fi",8.3,786065,en,True,12000000.0,71923560.0,1.0
tt0062687,movie,Asterix and Cleopatra,1968,72,"Adventure,Animation,Comedy",7.2,16031,fr,True,0.0,1090041.0,2.0
tt0062695,movie,Stolen Kisses,1968,91,"Comedy,Drama,Romance",7.5,16645,fr,True,350000.0,1500000.0,3.0
tt0062994,movie,Funny Girl,1968,151,"Biography,Comedy,Drama",7.4,27518,en,True,14100000.0,58707416.0,1.0
tt0063350,movie,Night of the Living Dead,1968,96,"Horror,Thriller",7.8,151529,en,True,114000.0,30236452.0,1.0
tt0063374,movie,The Odd Couple,1968,105,Comedy,7.6,40122,en,True,1200000.0,44527234.0,1.0
tt0063442,movie,Planet of the Apes,1968,112,"Adventure,Sci-Fi",8.0,210148,en,True,5800000.0,32589624.0,1.0
tt0063522,movie,Rosemary's Baby,1968,137,"Drama,Horror",8.0,259088,en,True,3200000.0,33395426.0,1.0
tt0063850,movie,If....,1968,111,"Crime,Drama",7.4,26529,en,True,500000.0,4600000.0,1.0
tt0064115,movie,Butch Cassidy and the Sundance Kid,1969,110,"Adventure,Biography,Crime",8.0,238670,en,True,6000000.0,102308889.0,1.0
tt0064276,movie,Easy Rider,1969,95,"Adventure,Drama",7.2,122814,en,True,400000.0,60000000.0,1.0
tt0064603,movie,The Love Bug,1968,108,"Comedy,Family,Sport",6.5,19127,en,True,0.0,51264022.0,1.0
tt0064757,movie,On Her Majesty's Secret Service,1969,142,"Action,Adventure,Thriller",6.7,109248,en,True,7000000.0,82000000.0,6.0
tt0065126,movie,True Grit,1969,128,"Adventure,Drama,Western",7.4,54163,en,True,0.0,37659900.0,1.0
tt0065377,movie,Airport,1970,137,"Action,Drama,Thriller",6.6,24803,en,True,10000000.0,100489151.0,1.0
tt0065462,movie,Beneath the Planet of the Apes,1970,95,"Action,Adventure,Sci-Fi",6.0,56657,en,True,3000000.0,18999718.0,2.0
tt0065651,movie,Bed & Board,1970,97,"Comedy,Drama,Romance",7.4,11642,fr,True,0.0,0.0,4.0
tt0066011,movie,Love Story,1970,100,"Drama,Romance",6.9,40422,en,True,2200000.0,136400000.0,1.0
tt0066049,movie,A Man Called Horse,1970,114,"Adventure,Drama,Western",6.8,10260,en,True,0.0,0.0,1.0
tt0066206,movie,Patton,1970,172,"Biography,Drama,War",7.9,113426,en,True,12000000.0,89800000.0,1.0
tt0066740,movie,The Abominable Dr. Phibes,1971,94,"Comedy,Horror",7.0,18155,en,True,0.0,1827000.0,1.0
tt0066995,movie,Diamonds Are Forever,1971,120,"Action,Adventure,Thriller",6.5,123779,en,True,7200000.0,116019547.0,7.0
tt0066999,movie,Dirty Harry,1971,102,"Action,Crime,Thriller",7.7,181656,en,True,4000000.0,35976000.0,1.0
tt0067065,movie,Escape from the Planet of the Apes,1971,98,"Action,Sci-Fi",6.3,44851,en,True,2500000.0,12348905.0,3.0
tt0067116,movie,The French Connection,1971,104,"Action,Crime,Drama",7.6,151138,en,True,1800000.0,41200000.0,1.0
tt0067328,movie,The Last Picture Show,1971,118,"Drama,Romance",8.0,57151,en,True,1300000.0,29133000.0,1.0
tt0067355,movie,They Call Me Trinity,1970,115,"Comedy,Western",7.4,28424,it,True,0.0,0.0,1.0
tt0067741,movie,Shaft,1971,100,"Action,Crime,Thriller",6.6,23084,en,True,1125000.0,12121618.0,1.0
tt0067803,movie,Summer of '42,1971,104,"Drama,Romance",7.2,10107,en,True,0.0,0.0,1.0
tt0068154,movie,Trinity Is Still My Name,1971,117,"Comedy,Western",7.2,19330,it,True,0.0,2100000.0,2.0
tt0068408,movie,Conquest of the Planet of the Apes,1972,88,"Action,Sci-Fi",6.1,40651,en,True,1700000.0,9700000.0,4.0
tt0068612,movie,Fritz the Cat,1972,78,"Animation,Comedy,Drama",6.2,16187,en,True,700000.0,90000000.0,1.0
tt0068646,movie,The Godfather,1972,175,"Crime,Drama",9.2,2234631,en,True,6000000.0,245066411.0,1.0
tt0068655,movie,The Tall Blond Man with One Black Shoe,1972,90,"Comedy,Mystery",7.2,10230,fr,True,0.0,4300000.0,1.0
tt0068767,movie,Fist of Fury,1972,107,"Action,Drama,Romance",7.2,37401,zh,True,100000.0,100000000.0,1.0
tt0069113,movie,The Poseidon Adventure,1972,117,"Action,Adventure,Drama",7.1,54259,en,True,5000000.0,84563118.0,1.0
tt0069341,movie,Tales from the Crypt,1972,92,"Drama,Horror,Mystery",6.8,14708,en,True,0.0,0.0,1.0
tt0069704,movie,American Graffiti,1973,110,"Comedy,Drama",7.4,105886,en,True,777000.0,140000000.0,1.0
tt0069768,movie,Battle for the Planet of the Apes,1973,93,"Action,Sci-Fi",5.4,37988,en,True,1700000.0,8844595.0,5.0
tt0070016,movie,Charlotte's Web,1973,94,"Adventure,Animation,Drama",6.9,22957,en,True,0.0,5232000.0,1.0
tt0070047,movie,The Exorcist,1973,122,Horror,8.1,499846,en,True,12000000.0,441306145.0,1.0
tt0070328,movie,Live and Let Die,1973,121,"Action,Adventure,Thriller",6.7,125200,en,True,7000000.0,126400000.0,8.0
tt0070355,movie,Magnum Force,1973,124,"Action,Crime,Mystery",7.2,71977,en,True,0.0,39768000.0,2.0
tt0070735,movie,The Sting,1973,129,"Comedy,Crime,Drama",8.2,303120,en,True,5500000.0,159616327.0,1.0
tt0070909,movie,Westworld,1973,88,"Action,Drama,Sci-Fi",6.9,67724,en,True,1200000.0,10000000.0,1.0
tt0071110,movie,Airport 1975,1974,107,"Action,Drama,Thriller",5.8,13520,en,True,3000000.0,102985152.0,2.0
tt0071315,movie,Chinatown,1974,130,"Drama,Mystery,Thriller",8.1,377428,en,True,6000000.0,30000000.0,1.0
tt0071402,movie,Death Wish,1974,93,"Action,Crime,Drama",6.9,48371,en,True,3000000.0,76600000.0,1.0
tt0071464,movie,Emmanuelle,1974,95,"Drama,Romance",5.2,12347,fr,True,500000.0,20200000.0,1.0
tt0071562,movie,The Godfather Part II,1974,202,"Crime,Drama",9.0,1499665,en,True,13000000.0,102600000.0,2.0
tt0071569,movie,The Golden Voyage of Sinbad,1973,105,"Action,Adventure,Fantasy",6.8,11981,en,True,0.0,11000000.0,2.0
tt0071571,movie,Gone in 60 Seconds,1974,98,"Action,Crime,Drama",6.3,10841,en,True,1000000.0,40000000.0,1.0
tt0071807,movie,The Man with the Golden Gun,1974,125,"Action,Adventure,Thriller",6.7,122299,en,True,7000000.0,97600000.0,9.0
tt0072081,movie,The Return of the Pink Panther,1975,113,"Comedy,Crime,Mystery",7.0,32578,en,True,5000000.0,41833347.0,4.0
tt0072271,movie,The Texas Chain Saw Massacre,1974,83,Horror,7.4,213418,en,True,140000.0,30922680.0,1.0
tt0072281,movie,The Three Musketeers,1973,106,"Action,Adventure,Romance",7.1,20632,en,True,4500000.0,22018000.0,1.0
tt0072856,movie,Death Race 2000,1975,80,"Action,Comedy,Sci-Fi",6.2,32921,en,True,300000.0,8000000.0,1.0
tt0072901,movie,The Twelve Tasks of Asterix,1976,82,"Adventure,Animation,Comedy",7.7,21457,fr,True,0.0,0.0,3.0
tt0072951,movie,Escape to Witch Mountain,1975,97,"Adventure,Family,Fantasy",6.3,12429,en,True,0.0,20000000.0,1.0
tt0072973,movie,"Farewell, My Lovely",1975,95,"Crime,Drama,Mystery",7.0,10964,en,True,2500000.0,2000000.0,1.0
tt0073012,movie,The Four Musketeers,1974,108,"Action,Adventure,Romance",6.9,12773,en,True,0.0,8760000.0,2.0
tt0073018,movie,French Connection II,1975,119,"Action,Crime,Drama",6.7,23254,en,True,4300000.0,12500000.0,2.0
tt0073076,movie,Grey Gardens,1975,95,"Comedy,Documentary,Drama",7.5,16938,en,True,0.0,30966.0,1.0
tt0073195,movie,Jaws,1975,124,"Adventure,Drama,Horror",8.1,741611,en,True,7000000.0,470653000.0,1.0
tt0073629,movie,The Rocky Horror Picture Show,1975,100,"Comedy,Horror,Musical",7.4,184469,en,True,1400000.0,171181400.0,1.0
tt0073636,movie,Rooster Cogburn,1975,108,"Adventure,Drama,Western",6.8,14490,en,True,10000000.0,17594566.0,2.0
tt0073747,movie,The Stepford Wives,1975,115,"Horror,Mystery,Sci-Fi",6.9,21804,en,True,500000.0,8700000.0,1.0
tt0074174,movie,The Bad News Bears,1976,102,"Comedy,Drama,Family",7.3,27627,en,True,9000000.0,42349782.0,1.0
tt0074285,movie,Carrie,1976,98,Horror,7.4,229375,en,True,1800000.0,33800000.0,1.0
tt0074483,movie,The Enforcer,1976,96,"Action,Crime,Thriller",6.7,53252,en,True,9000000.0,46236000.0,3.0
tt0074559,movie,Futureworld,1976,108,"Sci-Fi,Thriller",5.7,13053,en,True,2500000.0,4200000.0,2.0
tt0074695,movie,Cross of Iron,1977,119,"Drama,War",7.4,31710,en,True,6000000.0,1509000.0,1.0
tt0074751,movie,King Kong,1976,134,"Adventure,Horror",6.0,38463,en,True,23000000.0,90614445.0,1.0
tt0075005,movie,The Omen,1976,111,"Horror,Mystery",7.5,146731,en,True,2800000.0,60922980.0,1.0
tt0075029,movie,The Outlaw Josey Wales,1976,135,"Drama,Western",7.8,87186,en,True,3700000.0,31800000.0,1.0
tt0075066,movie,The Pink Panther Strikes Again,1976,103,"Comedy,Crime",7.1,34584,en,True,6000000.0,33833201.0,5.0
tt0075148,movie,Rocky,1976,120,"Drama,Sport",8.1,692919,en,True,1000000.0,117253345.0,1.0
tt0075342,movie,The Town That Dreaded Sundown,1976,90,"Crime,Drama,Horror",6.0,11305,en,True,400000.0,0.0,1.0
tt0075648,movie,Airport '77,1977,114,"Action,Drama,Thriller",5.8,13920,en,True,6000000.0,91100000.0,3.0
tt0075809,movie,The Car,1977,96,"Action,Fantasy,Horror",6.2,13073,en,True,0.0,0.0,1.0
tt0076009,movie,Exorcist II: The Heretic,1977,117,Horror,3.8,30935,en,True,14000000.0,30749142.0,2.0
tt0076327,movie,Looking for Mr. Goodbar,1977,136,Drama,6.7,10015,en,True,0.0,22512655.0,1.0
tt0076489,movie,"Oh, God!",1977,98,"Comedy,Fantasy",6.6,11671,en,True,0.0,41687243.0,1.0
tt0076578,movie,Pumping Iron,1977,86,"Documentary,Sport",7.3,26746,en,True,1000000.0,0.0,1.0
tt0076618,movie,The Rescuers,1977,77,"Adventure,Animation,Comedy",6.9,75598,en,True,7500000.0,169015869.0,1.0
tt0076666,movie,Saturday Night Fever,1977,119,"Drama,Music",6.8,95069,en,True,3500000.0,237113184.0,1.0
tt0076723,movie,Slap Shot,1977,123,"Comedy,Drama,Sport",7.2,45424,en,True,6000000.0,28000000.0,1.0
tt0076729,movie,Smokey and the Bandit,1977,96,"Action,Adventure,Comedy",7.0,63114,en,True,4300000.0,126700000.0,1.0
tt0076752,movie,The Spy Who Loved Me,1977,125,"Action,Adventure,Thriller",7.0,125785,en,True,13500000.0,185438673.0,10.0
tt0076759,movie,Star Wars: Episode IV - A New Hope,1977,121,"Action,Adventure,Fantasy",8.6,1575894,en,True,11000000.0,775398007.0,1.0
tt0077215,movie,Battlestar Galactica,1978,148,"Action,Adventure,Sci-Fi",6.8,11788,en,True,3000000.0,0.0,1.0
tt0077288,movie,La Cage aux Folles,1978,97,Comedy,7.2,13163,fr,True,1100000.0,20424259.0,1.0
tt0077394,movie,Damien: Omen II,1978,107,Horror,6.2,40173,en,True,6800000.0,26518355.0,2.0
tt0077402,movie,Dawn of the Dead,1978,127,"Horror,Thriller",7.8,136922,en,True,640000.0,55000000.0,2.0
tt0077413,movie,Death on the Nile,1978,140,"Crime,Drama,Mystery",7.3,44727,en,True,7920000.0,14560084.0,1.0
tt0077523,movie,Every Which Way But Loose,1978,114,"Action,Comedy",6.3,31354,en,True,5000000.0,85196485.0,1.0
tt0077572,movie,Force 10 from Navarone,1978,118,"Action,Drama,War",6.4,21462,en,True,5000000.0,7230000.0,2.0
tt0077631,movie,Grease,1978,110,"Comedy,Musical,Romance",7.2,327378,en,True,6000000.0,396271103.0,1.0
tt0077651,movie,Halloween,1978,91,"Horror,Thriller",7.7,340313,en,True,325000.0,70260597.0,1.0
tt0077681,movie,The Hills Have Eyes,1977,90,"Horror,Thriller",6.3,42871,en,True,350000.0,25000000.0,1.0
tt0077713,movie,I Spit on Your Grave,1978,101,"Horror,Thriller",5.7,34469,en,True,80000.0,0.0,1.0
tt0077766,movie,Jaws 2,1978,116,"Adventure,Horror,Thriller",5.8,91738,en,True,20000000.0,187884000.0,2.0
tt0078087,movie,Piranha,1978,94,"Comedy,Horror,Sci-Fi",5.9,28125,en,True,660000.0,16000000.0,1.0
tt0078163,movie,Revenge of the Pink Panther,1978,99,"Comedy,Crime,Mystery",6.6,25146,en,True,12000000.0,49579269.0,6.0
tt0078243,movie,The 36th Chamber of Shaolin,1978,116,"Action,Adventure,Drama",7.6,20563,zh,True,0.0,0.0,1.0
tt0078346,movie,Superman,1978,143,"Action,Adventure,Sci-Fi",7.4,207412,en,True,55000000.0,300478449.0,1.0
tt0078446,movie,Up in Smoke,1978,86,"Adventure,Comedy,Music",6.9,43680,en,True,0.0,41590893.0,1.0
tt0078492,movie,The Wild Geese,1978,134,"Action,Adventure,Drama",6.8,15793,en,True,11600000.0,9900000.0,1.0
tt0078748,movie,Alien,1979,117,"Horror,Sci-Fi",8.4,1067947,en,True,11000000.0,104931801.0,1.0
tt0078767,movie,The Amityville Horror,1979,117,Horror,6.2,49274,en,True,4700000.0,86432488.0,1.0
tt0078872,movie,The Black Stallion,1979,118,"Adventure,Family,Sport",7.4,15384,en,True,2700000.0,37799643.0,1.0
tt0078907,movie,French Fried Vacation 2,1979,90,Comedy,7.4,10218,fr,True,0.0,0.0,2.0
tt0079200,movie,The Gendarme and the Extra-Terrestrials,1979,96,"Comedy,Crime,Sci-Fi",6.3,10485,fr,True,0.0,0.0,5.0
tt0079367,movie,The Jerk,1979,94,Comedy,7.1,68964,en,True,4000000.0,100000000.0,1.0
tt0079501,movie,Mad Max,1979,88,"Action,Adventure,Sci-Fi",6.8,245612,en,True,350000.0,100000000.0,1.0
tt0079540,movie,Meatballs,1979,94,Comedy,6.2,26201,en,True,1207520.0,0.0,1.0
tt0079574,movie,Moonraker,1979,126,"Action,Adventure,Sci-Fi",6.3,118096,en,True,34000000.0,210308099.0,11.0
tt0079588,movie,The Muppet Movie,1979,95,"Adventure,Comedy,Family",7.6,42800,en,True,8000000.0,75161953.0,1.0
tt0079714,movie,Phantasm,1979,89,"Horror,Sci-Fi",6.6,45129,en,True,300000.0,11988469.0,1.0
tt0079813,movie,Rock 'n' Roll High School,1979,93,"Comedy,Music",6.6,12287,en,True,200000.0,0.0,1.0
tt0079817,movie,Rocky II,1979,119,"Drama,Sport",7.3,251178,en,True,7000000.0,200182160.0,2.0
tt0079833,movie,Lupin III: The Castle of Cagliostro,1979,102,"Adventure,Animation,Comedy",7.6,36031,ja,True,7202188.0,8194857.0,2.0
tt0079945,movie,Star Trek: The Motion Picture,1979,143,"Adventure,Mystery,Sci-Fi",6.4,101551,en,True,44000000.0,139346243.0,1.0
tt0080040,movie,Tourist Trap,1979,90,Horror,6.0,15120,en,True,800000.0,0.0,1.0
tt0080057,movie,Zombie,1979,91,Horror,6.8,33465,it,True,497000.0,1925000.0,1.0
tt0080130,movie,When a Stranger Calls,1979,97,"Horror,Mystery,Thriller",6.4,15999,en,True,1500000.0,25000000.0,1.0
tt0080179,movie,Drunken Master,1978,111,"Action,Comedy",7.4,47968,cn,True,0.0,16483650.0,1.0
tt0080339,movie,Airplane!,1980,88,Comedy,7.7,289736,en,True,3500000.0,83453539.0,1.0
tt0080354,movie,Alligator,1980,91,"Horror,Sci-Fi,Thriller",6.1,18512,en,True,1500000.0,0.0,1.0
tt0080377,movie,Any Which Way You Can,1980,116,"Action,Comedy",6.1,22630,en,True,15000000.0,70687344.0,2.0
tt0080391,movie,Attack of the Killer Tomatoes!,1978,83,"Adventure,Comedy,Horror",4.6,16518,en,True,100420.0,567000.0,1.0
tt0080453,movie,The Blue Lagoon,1980,104,"Adventure,Drama,Romance",5.8,83652,en,True,4500000.0,58853106.0,1.0
tt0080455,movie,The Blues Brothers,1980,133,"Adventure,Comedy,Crime",7.9,230346,en,True,27000000.0,115229890.0,1.0
tt0080487,movie,Caddyshack,1980,98,"Comedy,Sport",7.2,133676,en,True,6000000.0,39846344.0,1.0
tt0080491,movie,Caligula,1979,156,"Drama,History",5.4,41933,it,True,17500000.0,23400000.0,1.0
tt0080520,movie,Cheech and Chong's Next Movie,1980,99,"Comedy,Crime",6.0,14621,en,True,0.0,41675194.0,2.0
tt0080684,movie,Star Wars: Episode V - The Empire Strikes Back,1980,124,"Adventure,Fantasy,Sci-Fi",8.7,1510600,en,True,18000000.0,538400000.0,2.0
tt0080761,movie,Friday the 13th,1980,95,"Horror,Mystery,Thriller",6.4,175344,en,True,550000.0,39925100.0,1.0
tt0080801,movie,The Gods Must Be Crazy,1980,109,"Adventure,Comedy",7.3,63279,en,True,5000000.0,200000000.0,1.0
tt0081383,movie,Prom Night,1980,92,"Horror,Mystery,Thriller",5.3,24061,en,True,1500000.0,14796236.0,1.0
tt0081455,movie,Scanners,1981,103,"Horror,Sci-Fi,Thriller",6.7,67919,en,True,4100000.0,14225876.0,1.0
tt0081505,movie,The Shining,1980,146,"Drama,Horror",8.4,1231307,en,True,19000000.0,44781695.0,1.0
tt0081529,movie,Smokey and the Bandit II,1980,100,"Action,Adventure,Comedy",5.3,19183,en,True,17000000.0,66100000.0,2.0
tt0081573,movie,Superman II,1980,127,"Action,Adventure,Sci-Fi",6.8,123989,en,True,54000000.0,216385706.0,2.0
tt0082010,movie,An American Werewolf in London,1981,97,"Comedy,Horror",7.5,135204,en,True,10000000.0,31973249.0,1.0
tt0082031,movie,Arthur,1981,97,"Comedy,Romance",6.9,33766,en,True,7000000.0,95461682.0,1.0
tt0082100,movie,The Party,1980,100,"Comedy,Drama,Romance",6.7,11938,fr,True,0.0,0.0,1.0
tt0082136,movie,The Cannonball Run,1981,95,"Action,Comedy,Sport",6.2,43897,en,True,18000000.0,72179579.0,1.0
tt0082198,movie,Conan the Barbarian,1982,129,"Adventure,Fantasy",6.9,174437,en,True,20000000.0,68851475.0,1.0
tt0082250,movie,Death Wish II,1982,89,"Action,Crime,Drama",6.0,20423,en,True,8000000.0,45000000.0,2.0
tt0082340,movie,Escape from New York,1981,99,"Action,Adventure,Sci-Fi",7.1,173728,en,True,6000000.0,50244700.0,1.0
tt0082377,movie,The Final Conflict,1981,108,Horror,5.5,25742,en,True,5000000.0,20471382.0,3.0
tt0082398,movie,For Your Eyes Only,1981,127,"Action,Adventure,Thriller",6.7,116900,en,True,28000000.0,195300000.0,12.0
tt0082406,movie,The Fox and the Hound,1981,83,"Adventure,Animation,Drama",7.2,110837,en,True,12000000.0,29800000.0,1.0
tt0082418,movie,Friday the 13th: Part 2,1981,87,"Horror,Mystery,Thriller",6.1,87802,en,True,1250000.0,21724205.0,2.0
tt0082474,movie,The Great Muppet Caper,1981,97,"Adventure,Comedy,Crime",7.1,18426,en,True,14000000.0,31206251.0,2.0
tt0082477,movie,Gregory's Girl,1980,91,"Comedy,Drama,Romance",7.1,10096,en,True,0.0,7710.0,1.0
tt0082495,movie,Halloween II,1981,92,Horror,6.5,112461,en,True,2500000.0,25533818.0,2.0
tt0082509,movie,Heavy Metal,1981,86,"Adventure,Animation,Fantasy",6.6,41837,en,True,9300000.0,20118654.0,1.0
tt0082533,movie,The Howling,1981,91,Horror,6.5,44867,en,True,1000000.0,17985893.0,1.0
tt0082694,movie,The Road Warrior,1981,96,"Action,Adventure,Sci-Fi",7.6,213893,en,True,2000000.0,24600832.0,2.0
tt0082910,movie,Piranha II: The Spawning,1982,94,"Horror,Sci-Fi,Thriller",3.8,10935,en,True,145786.0,0.0,2.0
tt0082971,movie,Raiders of the Lost Ark,1981,115,Adventure,8.4,1113302,en,True,18000000.0,389925971.0,1.0
tt0083109,movie,The Cabbage Soup,1981,102,"Comedy,Sci-Fi",6.5,10671,fr,True,0.0,0.0,1.0
tt0083511,movie,48 Hrs.,1982,96,"Action,Comedy,Crime",6.9,93686,en,True,12000000.0,78868508.0,1.0
tt0083530,movie,Airplane II: The Sequel,1982,85,"Comedy,Sci-Fi",6.2,61125,en,True,15000000.0,27150534.0,2.0
tt0083550,movie,Amityville II: The Possession,1982,104,Horror,5.6,14266,en,True,5000000.0,12534817.0,2.0
tt0083564,movie,Annie,1982,127,"Comedy,Drama,Family",6.6,53699,en,True,35000000.0,57063861.0,1.0
tt0083624,movie,Basket Case,1982,91,"Comedy,Horror",6.2,24214,en,True,35000.0,0.0,1.0
tt0083630,movie,The Beastmaster,1982,118,"Action,Adventure,Fantasy",6.2,27432,en,True,8000000.0,14056528.0,1.0
tt0083658,movie,Blade Runner,1982,117,"Action,Drama,Sci-Fi",8.1,884057,en,True,28000000.0,41722424.0,1.0
tt0083739,movie,Class of 1984,1982,98,"Action,Crime,Drama",6.5,14847,en,True,4300000.0,0.0,1.0
tt0083767,movie,Creepshow,1982,120,"Comedy,Fantasy,Horror",6.8,57915,en,True,8000000.0,21028755.0,1.0
tt0083907,movie,The Evil Dead,1981,85,Horror,7.3,252789,en,True,350000.0,29612367.0,1.0
tt0083908,movie,Evil Under the Sun,1982,117,"Crime,Drama,Mystery",7.1,24086,en,True,10000000.0,6110804.0,2.0
tt0083944,movie,First Blood,1982,93,"Action,Adventure,Thriller",7.7,302760,en,True,15000000.0,125212904.0,1.0
tt0083972,movie,Friday the 13th: Part 3,1982,95,"Horror,Thriller",5.6,68159,en,True,2300000.0,36697702.0,3.0
tt0084021,movie,Grease 2,1982,115,"Comedy,Music,Musical",4.6,41468,en,True,13200000.0,15172313.0,2.0
tt0084296,movie,The Man from Snowy River,1982,102,"Adventure,Drama,Romance",7.2,10848,en,True,3500000.0,20659423.0,1.0
tt0084516,movie,Poltergeist,1982,114,"Horror,Thriller",7.3,195636,en,True,10700000.0,121733131.0,1.0
tt0084522,movie,Porky's,1981,94,Comedy,6.2,49081,en,True,4000000.0,159989673.0,1.0
tt0084602,movie,Rocky III,1982,99,"Drama,Sport",6.9,229703,en,True,17000000.0,125052898.0,3.0
tt0084649,movie,The Secret of NIMH,1982,82,"Adventure,Animation,Drama",7.5,48996,en,True,7000000.0,14665733.0,1.0
tt0084695,movie,The Slumber Party Massacre,1982,77,Horror,5.6,21350,en,True,220000.0,3600000.0,1.0
tt0084726,movie,Star Trek II: The Wrath of Khan,1982,113,"Action,Adventure,Sci-Fi",7.7,136209,en,True,12000000.0,96594943.0,2.0
tt0084745,movie,Swamp Thing,1982,91,"Horror,Sci-Fi",5.3,18737,en,True,3000000.0,0.0,1.0
tt0084787,movie,The Thing,1982,109,"Horror,Mystery,Sci-Fi",8.2,528871,en,True,15000000.0,19629760.0,1.0
tt0084814,movie,Trail of the Pink Panther,1982,96,"Comedy,Crime,Mystery",4.8,12232,en,True,0.0,9056073.0,7.0
tt0084827,movie,Tron,1982,96,"Action,Adventure,Sci-Fi",6.7,146720,en,True,17000000.0,33002371.0,1.0
tt0085127,movie,Project A,1983,105,"Action,Adventure,Comedy",7.2,20546,cn,True,0.0,18044470.0,1.0
tt0085218,movie,Barefoot Gen,1983,83,"Animation,Biography,Drama",8.0,10463,ja,True,0.0,0.0,1.0
tt0085334,movie,A Christmas Story,1983,93,"Comedy,Family",7.9,179705,en,True,3300000.0,20700000.0,1.0
tt0085636,movie,Halloween III: Season of the Witch,1982,98,"Horror,Mystery,Sci-Fi",5.2,67996,en,True,2500000.0,14402425.0,3.0
tt0085750,movie,Jaws 3-D,1983,99,"Adventure,Horror,Thriller",3.8,53002,en,True,20500000.0,87987056.0,3.0
tt0085809,movie,Koyaanisqatsi,1982,86,"Documentary,Music",8.2,44817,en,True,600000.0,3200000.0,1.0
tt0085995,movie,National Lampoon's Vacation,1983,98,"Adventure,Comedy",7.3,128869,en,True,15000000.0,61418063.0,1.0
tt0086006,movie,Never Say Never Again,1983,134,"Action,Adventure,Thriller",6.1,78698,en,True,36000000.0,160000000.0,14.0
tt0086034,movie,Octopussy,1983,131,"Action,Adventure,Thriller",6.5,120369,en,True,27500000.0,187500000.0,13.0
tt0086129,movie,Porky's II: The Next Day,1983,98,Comedy,5.0,13562,en,True,6500000.0,54959266.0,2.0
tt0086154,movie,Psycho II,1983,113,"Crime,Horror,Mystery",6.6,35316,en,True,5000000.0,34725000.0,2.0
tt0086190,movie,Star Wars: Episode VI - Return of the Jedi,1983,131,"Action,Adventure,Fantasy",8.3,1214247,en,True,32350000.0,572700000.0,3.0
tt0086320,movie,Sleepaway Camp,1983,84,Horror,6.2,44189,en,True,350000.0,11000000.0,1.0
tt0086325,movie,Smokey and the Bandit Part 3,1983,85,"Action,Comedy,Crime",3.5,10328,en,True,9000000.0,7000000.0,3.0
tt0086361,movie,Staying Alive,1983,93,"Drama,Music,Romance",4.8,18835,en,True,22000000.0,126041474.0,2.0
tt0086383,movie,Sudden Impact,1983,117,"Action,Crime,Thriller",6.6,52521,en,True,22000000.0,150000000.0,4.0
tt0086393,movie,Superman III,1983,125,"Action,Adventure,Comedy",5.0,80544,en,True,39000000.0,80250623.0,3.0
tt0086425,movie,Terms of Endearment,1983,132,"Comedy,Drama",7.4,70885,en,True,8000000.0,108423749.0,1.0
tt0086567,movie,WarGames,1983,114,"Action,Drama,Sci-Fi",7.1,122290,en,True,12000000.0,124600000.0,1.0
tt0086837,movie,2010: The Year We Make Contact,1984,116,"Adventure,Mystery,Sci-Fi",6.7,61256,en,True,28000000.0,40400000.0,2.0
tt0086927,movie,Bachelor Party,1984,105,Comedy,6.3,43782,en,True,6000000.0,38435947.0,1.0
tt0086960,movie,Beverly Hills Cop,1984,105,"Action,Comedy,Crime",7.4,233149,en,True,14000000.0,316360478.0,1.0
tt0087015,movie,C.H.U.D.,1984,88,"Horror,Sci-Fi",5.6,15466,en,True,1250000.0,3412497.0,1.0
tt0087032,movie,Cannonball Run II,1984,108,"Action,Comedy",5.1,18961,en,True,20000000.0,56278073.0,2.0
tt0087050,movie,Children of the Corn,1984,92,"Horror,Thriller",5.6,62983,en,True,800000.0,14568989.0,1.0
tt0087078,movie,Conan the Destroyer,1984,103,"Action,Adventure,Fantasy",5.9,90831,en,True,18000000.0,31042035.0,2.0
tt0087298,movie,Friday the 13th: The Final Chapter,1984,91,"Horror,Thriller",6.0,66802,en,True,2600000.0,32984636.0,4.0
tt0087332,movie,Ghostbusters,1984,105,"Action,Comedy,Fantasy",7.8,487746,en,True,30000000.0,296640120.0,1.0
tt0087363,movie,Gremlins,1984,106,"Comedy,Fantasy,Horror",7.3,275481,en,True,11000000.0,153083102.0,1.0
tt0087469,movie,Indiana Jones and the Temple of Doom,1984,118,"Action,Adventure",7.5,570137,en,True,28000000.0,333000000.0,2.0
tt0087538,movie,The Karate Kid,1984,126,"Action,Drama,Family",7.3,272531,en,True,8000000.0,91138075.0,1.0
tt0087727,movie,Missing in Action,1984,101,"Action,Adventure,Drama",5.5,18741,en,True,2550000.0,22812411.0,1.0
tt0087755,movie,The Muppets Take Manhattan,1984,94,"Adventure,Comedy,Drama",6.9,24341,en,True,8000000.0,25535829.0,3.0
tt0087800,movie,A Nightmare on Elm Street,1984,91,Horror,7.4,292267,en,True,1800000.0,57004513.0,1.0
tt0087910,movie,The Philadelphia Experiment,1984,102,"Adventure,Drama,Romance",6.1,18238,en,True,9000000.0,8103330.0,1.0
tt0087928,movie,Police Academy,1984,96,Comedy,6.7,149630,en,True,4500000.0,81198894.0,1.0
tt0087957,movie,Purple Rain,1984,111,"Drama,Music,Romance",6.5,26596,en,True,7200000.0,68392977.0,1.0
tt0087995,movie,Repo Man,1984,92,"Comedy,Crime,Sci-Fi",6.8,45664,en,True,1500000.0,2300000.0,1.0
tt0088000,movie,Revenge of the Nerds,1984,90,Comedy,6.6,62453,en,True,6000000.0,40900000.0,1.0
tt0088011,movie,Romancing the Stone,1984,106,"Action,Adventure,Comedy",6.9,112474,en,True,10000000.0,86572238.0,1.0
tt0088117,movie,"Silent Night, Deadly Night",1984,79,"Horror,Thriller",5.8,22288,en,True,1065000.0,2491460.0,1.0
tt0088161,movie,Splash,1984,111,"Comedy,Fantasy,Romance",6.3,88538,en,True,8000000.0,69800000.0,1.0
tt0088170,movie,Star Trek III: The Search for Spock,1984,105,"Action,Adventure,Sci-Fi",6.7,90972,en,True,18000000.0,87000000.0,3.0
tt0088194,movie,Streets of Fire,1984,93,"Action,Crime,Drama",6.7,27569,en,True,14500000.0,8089290.0,1.0
tt0088247,movie,The Terminator,1984,107,"Action,Adventure,Sci-Fi",8.1,1008666,en,True,6400000.0,78371200.0,1.0
tt0088258,movie,This Is Spinal Tap,1984,82,"Comedy,Music",7.9,160767,en,True,2500000.0,6051884.0,1.0
tt0088323,movie,The NeverEnding Story,1984,102,"Adventure,Drama,Family",7.3,171125,de,True,27000000.0,20158808.0,1.0
tt0088708,movie,American Ninja,1985,95,"Action,Adventure,Romance",5.5,18663,en,True,1000000.0,10499694.0,1.0
tt0088748,movie,Asterix Versus Caesar,1985,79,"Adventure,Animation,Comedy",6.8,11478,fr,True,0.0,0.0,4.0
tt0088763,movie,Back to the Future,1985,116,"Adventure,Comedy,Sci-Fi",8.5,1459873,en,True,19000000.0,381109762.0,1.0
tt0088933,movie,Cocoon,1985,117,"Comedy,Drama,Sci-Fi",6.7,73648,en,True,17500000.0,85300000.0,1.0
tt0088944,movie,Commando,1985,90,"Action,Adventure,Thriller",6.7,188409,en,True,10000000.0,57500000.0,1.0
tt0088993,movie,Day of the Dead,1985,101,"Horror,Thriller",7.1,80011,en,True,3750000.0,34000000.0,3.0
tt0089003,movie,Death Wish 3,1985,90,"Action,Crime,Drama",5.8,19297,en,True,9000000.0,16116878.0,3.0
tt0089013,movie,Demons,1985,88,Horror,6.6,29756,it,True,1800000.0,0.0,1.0
tt0089118,movie,F/X,1986,109,"Action,Thriller",6.7,25045,en,True,10000000.0,20603715.0,1.0
tt0089155,movie,Fletch,1985,98,"Comedy,Crime,Mystery",6.9,61616,en,True,8000000.0,59612888.0,1.0
tt0089173,movie,Friday the 13th: A New Beginning,1985,92,"Horror,Mystery,Thriller",4.8,49744,en,True,2200000.0,21930715.0,5.0
tt0089175,movie,Fright Night,1985,106,Horror,7.0,88505,en,True,9000000.0,24922237.0,1.0
tt0089200,movie,Ghoulies,1984,81,"Comedy,Fantasy,Horror",4.2,11577,en,True,5500000.0,35000000.0,1.0
tt0089280,movie,Hobgoblins,1988,88,"Comedy,Horror,Sci-Fi",2.3,12777,en,True,15000.0,0.0,1.0
tt0089370,movie,The Jewel of the Nile,1985,106,"Action,Adventure,Comedy",6.1,66425,en,True,25000000.0,96800000.0,2.0
tt0089374,movie,Police Story,1985,100,"Action,Comedy,Crime",7.5,46645,cn,True,0.0,18724000.0,1.0
tt0089421,movie,King Solomon's Mines,1985,100,"Action,Adventure,Comedy",5.2,16757,en,True,12500000.0,15057465.0,1.0
tt0089530,movie,Mad Max: Beyond Thunderdome,1985,107,"Action,Adventure,Sci-Fi",6.2,162716,en,True,10000000.0,36230219.0,3.0
tt0089604,movie,Missing in Action 2: The Beginning,1985,100,"Action,Drama,Thriller",5.4,10556,en,True,2410000.0,10755447.0,2.0
tt0089670,movie,National Lampoon's European Vacation,1985,95,"Adventure,Comedy",6.2,75147,en,True,17000000.0,49364621.0,2.0
tt0089686,movie,A Nightmare on Elm Street Part 2: Freddy's Revenge,1985,87,Horror,5.5,86507,en,True,3000000.0,30000121.0,2.0
tt0089695,movie,"No Retreat, No Surrender",1986,85,"Action,Comedy,Crime",5.6,20669,en,True,0.0,4662137.0,1.0
tt0089791,movie,Pee-wee's Big Adventure,1985,91,"Adventure,Comedy,Family",7.1,63672,en,True,6000000.0,40900000.0,1.0
tt0089822,movie,Police Academy 2: Their First Assignment,1985,87,Comedy,5.8,63638,en,True,7600000.0,55600000.0,2.0
tt0089880,movie,Rambo: First Blood Part II,1985,96,"Action,Adventure,Thriller",6.5,196714,en,True,44000000.0,300400432.0,2.0
tt0089885,movie,Re-Animator,1985,84,"Comedy,Horror,Sci-Fi",7.1,78947,en,True,900000.0,2027771.0,1.0
tt0089907,movie,The Return of the Living Dead,1985,91,"Comedy,Horror,Sci-Fi",7.3,77989,en,True,4000000.0,14241310.0,1.0
tt0089927,movie,Rocky IV,1985,91,"Drama,Sport",6.9,246551,en,True,31000000.0,300473716.0,4.0
tt0090060,movie,St. Elmo's Fire,1985,108,"Drama,Romance",6.4,50761,en,True,10000000.0,37803872.0,1.0
tt0090142,movie,Teen Wolf,1985,91,"Comedy,Fantasy,Romance",6.1,65859,en,True,1200000.0,80000000.0,1.0
tt0090190,movie,The Toxic Avenger,1984,82,"Action,Comedy,Horror",6.2,36069,en,True,500000.0,800000.0,1.0
tt0090248,movie,Vampire Hunter D,1985,80,"Action,Animation,Fantasy",7.0,19227,ja,True,0.0,0.0,1.0
tt0090264,movie,A View to a Kill,1985,131,"Action,Adventure,Thriller",6.3,113250,en,True,30000000.0,152427960.0,15.0
tt0090555,movie,Crocodile Dundee,1986,97,"Adventure,Comedy",6.7,124746,en,True,5000000.0,328203506.0,1.0
tt0090605,movie,Aliens,1986,137,"Action,Adventure,Horror",8.4,842373,en,True,18500000.0,183316455.0,2.0
tt0090633,movie,An American Tail,1986,80,"Adventure,Animation,Comedy",6.9,61761,en,True,9000000.0,84542002.0,1.0
tt0090667,movie,Asterix in Britain,1986,79,"Adventure,Animation,Comedy",7.1,13619,fr,True,0.0,0.0,5.0
tt0090849,movie,Class of Nuke 'Em High,1986,85,"Comedy,Horror,Sci-Fi",5.6,10559,en,True,2000000.0,0.0,1.0
tt0090863,movie,The Color of Money,1986,119,"Drama,Sport",7.0,101794,en,True,13800000.0,52293982.0,2.0
tt0090887,movie,Critters,1986,86,"Comedy,Horror,Sci-Fi",6.1,41613,en,True,2000000.0,13167232.0,1.0
tt0090927,movie,The Delta Force,1986,125,"Action,Adventure,Drama",5.7,24511,en,True,9000000.0,17768900.0,1.0
tt0090930,movie,Demons 2,1986,92,Horror,5.9,13385,it,True,1500000.0,0.0,2.0
tt0091064,movie,The Fly,1986,96,"Drama,Horror,Sci-Fi",7.6,225447,en,True,15000000.0,60629159.0,1.0
tt0091080,movie,Friday the 13th Part VI: Jason Lives,1986,86,"Horror,Thriller",6.0,57661,en,True,3000000.0,19476736.0,6.0
tt0091203,movie,Highlander,1986,110,"Action,Adventure,Fantasy",7.0,159650,en,True,19000000.0,12900000.0,1.0
tt0091209,movie,The Hitcher,1986,97,"Mystery,Thriller",7.2,59369,en,True,6000000.0,5844868.0,1.0
tt0091223,movie,House,1985,93,"Comedy,Fantasy,Horror",6.1,32925,en,True,3000000.0,19444631.0,1.0
tt0091278,movie,Iron Eagle,1986,117,"Action,Thriller,War",5.6,17176,en,True,18000000.0,24159872.0,1.0
tt0091288,movie,Jean de Florette,1986,120,Drama,8.1,29454,fr,True,4940939.0,0.0,1.0
tt0091326,movie,The Karate Kid Part II,1986,113,"Action,Family,Sport",6.2,110122,en,True,13000000.0,115103979.0,2.0
tt0091431,movie,Armour of God,1986,88,"Action,Adventure,Comedy",6.9,24474,cn,True,0.0,16300000.0,1.0
tt0091480,movie,Manon of the Spring,1986,113,Drama,8.0,25845,fr,True,0.0,0.0,2.0
tt0091635,movie,9½ Weeks,1986,117,"Drama,Romance",5.9,47150,en,True,17000000.0,6740470.0,1.0
tt0091777,movie,Police Academy 3: Back in Training,1986,83,Comedy,5.4,52115,en,True,12000000.0,107600000.0,3.0
tt0091778,movie,Poltergeist II: The Other Side,1986,91,Horror,5.7,32915,en,True,19000000.0,40996665.0,2.0
tt0091799,movie,Psycho III,1986,93,"Horror,Mystery,Thriller",5.5,18471,en,True,8400000.0,14481606.0,3.0
tt0091949,movie,Short Circuit,1986,98,"Comedy,Family,Sci-Fi",6.6,70937,en,True,10000000.0,40697761.0,1.0
tt0092007,movie,Star Trek IV: The Voyage Home,1986,119,"Adventure,Comedy,Sci-Fi",7.3,96976,en,True,21000000.0,133000000.0,4.0
tt0092076,movie,The Texas Chainsaw Massacre 2,1986,101,"Comedy,Horror",5.6,44027,en,True,4500000.0,8027706.0,2.0
tt0092099,movie,Top Gun,1986,109,"Action,Drama",7.0,556069,en,True,15000000.0,356830601.0,1.0
tt0092115,movie,Troll,1986,82,"Comedy,Fantasy,Horror",4.6,12856,en,True,1100000.0,5450815.0,1.0
tt0092263,movie,A Better Tomorrow,1986,95,"Action,Crime,Drama",7.4,29204,cn,True,1402445.0,4459629.0,1.0
tt0092493,movie,Crocodile Dundee II,1988,111,"Action,Adventure,Comedy",5.7,64562,en,True,14000000.0,239606210.0,2.0
tt0092501,movie,Project A 2,1987,101,"Action,Comedy,Crime",7.0,12629,cn,True,0.0,18681490.0,2.0
tt0092534,movie,Allan Quatermain and the Lost City of Gold,1986,99,"Action,Adventure,Comedy",4.6,11556,en,True,0.0,3751285.0,2.0
tt0092548,movie,American Ninja 2: The Confrontation,1987,90,"Action,Comedy,Drama",5.0,10751,en,True,350000.0,4000000.0,2.0
tt0092644,movie,Beverly Hills Cop II,1987,103,"Action,Comedy,Crime",6.6,147478,en,True,28000000.0,299965036.0,2.0
tt0092675,movie,Bloodsport,1988,92,"Action,Drama,Sport",6.8,103674,en,True,1500000.0,63500000.0,1.0
tt0092695,movie,The Brave Little Toaster,1987,90,"Adventure,Animation,Family",7.2,29634,en,True,2300000.0,2300000.0,1.0
tt0092796,movie,Creepshow 2,1987,92,"Fantasy,Horror",6.1,30954,en,True,3500000.0,14000000.0,2.0
tt0092857,movie,Death Wish 4: The Crackdown,1987,99,"Action,Crime,Drama",5.5,12532,en,True,5000000.0,6880310.0,4.0
tt0092890,movie,Dirty Dancing,1987,100,"Drama,Music,Romance",7.1,281488,en,True,6000000.0,214577242.0,1.0
tt0092974,movie,Ernest Goes to Camp,1987,92,"Comedy,Family",5.5,13377,en,True,3000000.0,23509382.0,1.0
tt0092991,movie,Evil Dead II,1987,84,"Comedy,Horror",7.6,197304,en,True,3500000.0,10900000.0,2.0
tt0093075,movie,The Gate,1987,85,"Fantasy,Horror",6.1,21923,en,True,2500000.0,13539458.0,1.0
tt0093177,movie,Hellraiser,1987,94,"Horror,Thriller",6.9,154474,en,True,1000000.0,14580380.0,1.0
tt0093185,movie,The Hidden,1987,97,"Crime,Horror,Sci-Fi",7.0,25752,en,True,5000000.0,9747988.0,1.0
tt0093191,movie,Wings of Desire,1987,128,"Drama,Fantasy,Romance",7.9,84261,de,True,2500000.0,3548590.0,1.0
tt0093209,movie,Hope and Glory,1987,113,"Comedy,Drama,Romance",7.3,15927,en,True,0.0,0.0,1.0
tt0093220,movie,House II: The Second Story,1987,88,"Comedy,Fantasy,Horror",5.4,13376,en,True,3000000.0,10000000.0,2.0
tt0093300,movie,Jaws: The Revenge,1987,89,"Adventure,Horror,Thriller",3.1,52658,en,True,23000000.0,51881012.0,4.0
tt0093409,movie,Lethal Weapon,1987,109,"Action,Crime,Thriller",7.6,296863,en,True,15000000.0,120207127.0,1.0
tt0093428,movie,The Living Daylights,1987,130,"Action,Adventure,Thriller",6.7,115119,en,True,40000000.0,191185897.0,16.0
tt0093437,movie,The Lost Boys,1987,97,"Comedy,Horror",7.2,178527,en,True,8500000.0,32222567.0,1.0
tt0093493,movie,Mannequin,1987,90,"Comedy,Fantasy,Romance",6.0,39913,en,True,6000000.0,42700000.0,1.0
tt0093608,movie,Nekromantik,1988,71,Horror,4.8,12299,de,True,0.0,0.0,1.0
tt0093624,movie,Night of the Demons,1988,90,"Comedy,Fantasy,Horror",6.1,21854,en,True,1200000.0,3109904.0,1.0
tt0093629,movie,A Nightmare on Elm Street 3: Dream Warriors,1987,96,"Fantasy,Horror",6.7,100257,en,True,4450000.0,44793222.0,3.0
tt0093756,movie,Police Academy 4: Citizens on Patrol,1987,88,"Comedy,Crime",5.0,48774,en,True,17000000.0,76800000.0,4.0
tt0093773,movie,Predator,1987,107,"Action,Adventure,Horror",7.8,502843,en,True,15000000.0,98267558.0,1.0
tt0093857,movie,Revenge of the Nerds II: Nerds in Paradise,1987,88,Comedy,5.1,16340,en,True,10000000.0,30142033.0,2.0
tt0093870,movie,RoboCop,1987,102,"Action,Crime,Sci-Fi",7.6,309898,en,True,13000000.0,53424681.0,1.0
tt0093974,movie,"Silent Night, Deadly Night Part 2",1987,88,"Horror,Thriller",3.9,10533,en,True,250000.0,154323.0,2.0
tt0093978,movie,A Chinese Ghost Story,1987,98,"Action,Fantasy,Horror",7.3,12718,cn,True,1250000.0,0.0,1.0
tt0094012,movie,Spaceballs,1987,96,"Adventure,Comedy,Sci-Fi",7.1,227283,en,True,22700000.0,38120460.0,1.0
tt0094025,movie,Stakeout,1987,117,"Action,Comedy,Crime",6.7,30502,en,True,14500000.0,65673233.0,1.0
tt0094035,movie,The Stepfather,1987,89,"Horror,Thriller",6.7,20867,en,True,1200000.0,2488740.0,1.0
tt0094074,movie,Superman IV: The Quest for Peace,1987,90,"Action,Adventure,Sci-Fi",3.8,57694,en,True,17000000.0,36700000.0,4.0
tt0094118,movie,Teen Wolf Too,1987,95,"Comedy,Fantasy",3.5,13217,en,True,3000000.0,7900000.0,2.0
tt0094137,movie,Three Men and a Baby,1987,102,"Comedy,Drama,Family",6.1,61800,en,True,11000000.0,242780960.0,1.0
tt0094291,movie,Wall Street,1987,126,"Crime,Drama",7.3,175179,en,True,15000000.0,43900000.0,1.0
tt0094357,movie,A Better Tomorrow II,1987,105,"Action,Crime,Drama",7.1,12807,cn,True,0.0,2904714.0,2.0
tt0094651,movie,Amsterdamned,1988,114,"Action,Crime,Horror",6.6,11221,nl,True,98003.0,0.0,1.0
tt0094721,movie,Beetlejuice,1988,92,"Comedy,Fantasy",7.4,419724,en,True,15000000.0,84554197.0,1.0
tt0094744,movie,Big Top Pee-wee,1988,86,"Adventure,Comedy,Romance",5.2,10857,en,True,20000000.0,15122000.0,2.0
tt0094746,movie,Biloxi Blues,1988,106,"Comedy,Drama",6.7,17547,en,True,20000000.0,51684798.0,2.0
tt0094824,movie,Caddyshack II,1988,98,"Comedy,Sport",3.8,17291,en,True,0.0,0.0,2.0
tt0094862,movie,Child's Play,1988,87,"Horror,Thriller",6.7,132711,en,True,9000000.0,44196684.0,1.0
tt0094890,movie,Cocoon: The Return,1988,116,"Adventure,Comedy,Mystery",5.4,18290,en,True,17500000.0,25000000.0,2.0
tt0094898,movie,Coming to America,1988,117,"Comedy,Romance",7.1,240891,en,True,30000000.0,288752301.0,1.0
tt0094919,movie,Critters 2: The Main Course,1988,86,"Comedy,Horror,Sci-Fi",5.6,18416,en,True,4500000.0,3813293.0,2.0
tt0094963,movie,The Dead Pool,1988,91,"Action,Crime,Mystery",6.3,51302,en,True,20000000.0,37900000.0,5.0
tt0095016,movie,Die Hard,1988,132,"Action,Thriller",8.2,1032469,en,True,28000000.0,140767956.0,1.0
tt0095088,movie,Elvira: Mistress of the Dark,1988,96,"Comedy,Horror",6.6,23141,en,True,7500000.0,5596267.0,1.0
tt0095107,movie,Ernest Saves Christmas,1988,91,"Comedy,Family,Fantasy",5.8,14378,en,True,6000000.0,28202109.0,2.0
tt0095179,movie,Friday the 13th: The New Blood,1988,88,"Horror,Thriller",5.2,47794,en,True,2800000.0,19170001.0,7.0
tt0095271,movie,Halloween 4: The Return of Michael Myers,1988,88,"Horror,Thriller",5.8,64787,en,True,5000000.0,17768757.0,4.0
tt0095294,movie,Hellbound: Hellraiser II,1988,97,"Horror,Thriller",6.4,61014,en,True,3000000.0,12090735.0,2.0
tt0095403,movie,Police Story 2,1988,101,"Action,Comedy,Crime",7.0,25316,cn,True,750000.0,11477301.0,2.0
tt0095489,movie,The Land Before Time,1988,69,"Adventure,Animation,Drama",7.4,107722,en,True,12500000.0,84704291.0,1.0
tt0095583,movie,Maniac Cop,1988,85,"Action,Crime,Horror",6.0,23640,en,True,1100000.0,671382.0,1.0
tt0095631,movie,Midnight Run,1988,126,"Action,Comedy,Crime",7.5,104250,en,True,30000000.0,38413606.0,1.0
tt0095705,movie,The Naked Gun: From the Files of Police Squad!,1988,85,"Comedy,Crime",7.6,223506,en,True,12000000.0,152356177.0,1.0
tt0095742,movie,A Nightmare on Elm Street 4: The Dream Master,1988,93,Horror,5.6,68285,en,True,6500000.0,49369899.0,4.0
tt0095863,movie,Phantasm II,1988,97,"Fantasy,Horror,Sci-Fi",6.4,18137,en,True,3000000.0,7282851.0,2.0
tt0095882,movie,Police Academy 5: Assignment: Miami Beach,1988,90,"Comedy,Crime",4.6,39674,en,True,14000000.0,19510371.0,5.0
tt0095889,movie,Poltergeist III,1988,98,"Horror,Thriller",4.7,22518,en,True,10500000.0,14144000.0,3.0
tt0095925,movie,Pumpkinhead,1988,86,"Fantasy,Horror",6.2,31485,en,True,3500000.0,4400000.0,1.0
tt0095956,movie,Rambo III,1988,102,"Action,Adventure,Thriller",5.8,150116,en,True,63000000.0,189015611.0,3.0
tt0095990,movie,Return of the Living Dead II,1988,89,"Comedy,Horror,Sci-Fi",5.7,23516,en,True,6000000.0,9205924.0,2.0
tt0096101,movie,Short Circuit 2,1988,110,"Comedy,Drama,Family",5.8,28314,en,True,15000000.0,21630088.0,2.0
tt0096118,movie,Sleepaway Camp II: Unhappy Campers,1988,80,"Comedy,Horror",5.5,15084,en,True,465000.0,0.0,2.0
tt0096119,movie,Sleepaway Camp III: Teenage Wasteland,1989,80,"Comedy,Horror",5.0,10625,en,True,465000.0,0.0,3.0
tt0096251,movie,Tetsuo: The Iron Man,1989,67,"Horror,Sci-Fi",6.9,29234,ja,True,55500.0,0.0,1.0
tt0096283,movie,My Neighbor Totoro,1988,86,"Adventure,Animation,Comedy",8.1,434366,ja,True,3700000.0,41000000.0,1.0
tt0096426,movie,Waxwork,1988,95,"Comedy,Horror",6.1,15631,en,True,3000000.0,808114.0,1.0
tt0096487,movie,Young Guns,1988,107,"Action,Drama,Western",6.8,74130,en,True,13000000.0,44700000.0,1.0
tt0096787,movie,All Dogs Go to Heaven,1989,84,"Adventure,Animation,Comedy",6.8,49760,en,True,13800000.0,27100027.0,1.0
tt0096874,movie,Back to the Future Part II,1989,108,"Adventure,Comedy,Sci-Fi",7.8,624299,en,True,40000000.0,332000000.0,2.0
tt0096895,movie,Batman,1989,126,Crime,7.5,433037,en,True,35000000.0,411348924.0,1.0
tt0096913,movie,Best of the Best,1989,97,"Action,Drama,Sport",6.4,16750,en,True,5000000.0,1700000.0,1.0
tt0096928,movie,Bill & Ted's Excellent Adventure,1989,90,"Adventure,Comedy,Music",6.9,149980,en,True,10000000.0,40510984.0,1.0
tt0097138,movie,Cyborg,1989,86,"Action,Sci-Fi,Thriller",5.1,37186,en,True,500000.0,10166459.0,1.0
tt0097366,movie,Fletch Lives,1989,95,"Comedy,Crime,Mystery",6.1,24562,en,True,8000000.0,35150960.0,2.0
tt0097368,movie,The Fly II,1989,105,"Drama,Horror,Sci-Fi",5.2,26451,en,True,16500000.0,38900000.0,2.0
tt0097388,movie,Friday the 13th Part VIII: Jason Takes Manhattan,1989,100,"Adventure,Horror,Thriller",4.5,48483,en,True,5000000.0,14343976.0,8.0
tt0097390,movie,Fright Night Part 2,1988,104,"Comedy,Horror,Thriller",6.0,15709,en,True,0.0,2983784.0,2.0
tt0097428,movie,Ghostbusters II,1989,108,"Action,Comedy,Fantasy",6.6,240356,en,True,37000000.0,215394738.0,2.0
tt0097443,movie,The Gods Must Be Crazy II,1989,98,Comedy,6.8,19138,en,True,7500000.0,9600000.0,2.0
tt0097474,movie,Halloween 5: The Revenge of Michael Myers,1989,96,"Horror,Thriller",4.9,52209,en,True,3000000.0,11642254.0,5.0
tt0097523,movie,"Honey, I Shrunk the Kids",1989,93,"Adventure,Comedy,Family",6.4,177900,en,True,18000000.0,222724172.0,1.0
tt0097576,movie,Indiana Jones and the Last Crusade,1989,127,Adventure,8.2,865594,en,True,48000000.0,474171806.0,3.0
tt0097637,movie,K-9,1989,101,"Action,Comedy,Crime",6.1,37747,en,True,17000000.0,78247647.0,1.0
tt0097647,movie,The Karate Kid Part III,1989,112,"Action,Drama,Family",5.4,77969,en,True,12500000.0,38956288.0,3.0
tt0097659,movie,Kickboxer,1989,97,"Action,Sport,Thriller",6.4,66722,en,True,1500000.0,50000000.0,1.0
tt0097733,movie,Lethal Weapon 2,1989,114,"Action,Crime,Thriller",7.3,201925,en,True,25000000.0,227853986.0,2.0
tt0097742,movie,Licence to Kill,1989,133,"Action,Adventure,Thriller",6.7,121001,en,True,32000000.0,156167015.0,17.0
tt0097757,movie,The Little Mermaid,1989,83,"Adventure,Animation,Family",7.6,313218,en,True,40000000.0,211343479.0,1.0
tt0097778,movie,Look Who's Talking,1989,93,"Comedy,Romance",6.0,90100,en,True,7500000.0,296999813.0,1.0
tt0097815,movie,Major League,1989,107,"Comedy,Sport",7.3,83489,en,True,11000000.0,75000000.0,1.0
tt0097958,movie,National Lampoon's Christmas Vacation,1989,97,Comedy,7.5,247761,en,True,27000000.0,74542088.0,3.0
tt0097981,movie,A Nightmare on Elm Street: The Dream Child,1989,89,"Fantasy,Horror",5.1,56169,en,True,8000000.0,22168359.0,5.0
tt0098084,movie,Pet Sematary,1989,103,"Fantasy,Horror,Thriller",6.5,124456,en,True,11500000.0,57500000.0,1.0
tt0098105,movie,Police Academy 6: City Under Siege,1989,84,"Comedy,Crime",4.4,34018,en,True,15000000.0,33200000.0,6.0
tt0098180,movie,Red Scorpion,1988,97,"Action,Adventure",5.2,10738,en,True,16000000.0,4192440.0,1.0
tt0098206,movie,Road House,1989,114,"Action,Thriller",6.7,112435,en,True,15000000.0,30100000.0,1.0
tt0098213,movie,Roger & Me,1989,91,Documentary,7.5,28265,en,True,160000.0,6706368.0,1.0
tt0098382,movie,Star Trek V: The Final Frontier,1989,107,"Action,Adventure,Fantasy",5.5,68176,en,True,33000000.0,63000000.0,5.0
tt0098622,movie,Warlock,1989,103,"Action,Fantasy,Horror",6.2,20973,en,True,7000000.0,9094451.0,1.0
tt0098627,movie,Weekend at Bernie's,1989,97,"Adventure,Comedy,Crime",6.5,68504,en,True,6500000.0,30218387.0,1.0
tt0098966,movie,Three Men and a Little Lady,1990,104,"Comedy,Drama,Family",5.5,28733,en,True,0.0,71600000.0,2.0
tt0099044,movie,Another 48 Hrs.,1990,95,"Action,Comedy,Crime",5.9,47888,en,True,38000000.0,153518974.0,2.0
tt0099088,movie,Back to the Future Part III,1990,118,"Adventure,Comedy,Sci-Fi",7.5,522291,en,True,40000000.0,244527583.0,3.0
tt0099180,movie,Bride of Re-Animator,1990,96,"Comedy,Horror,Sci-Fi",6.2,19192,en,True,2500000.0,1215.0,2.0
tt0099253,movie,Child's Play 2,1990,84,"Horror,Thriller",6.0,64646,en,True,13000000.0,35763605.0,2.0
tt0099365,movie,Darkman,1990,96,"Action,Sci-Fi,Thriller",6.4,75072,en,True,14000000.0,48878502.0,1.0
tt0099423,movie,Die Hard 2,1990,124,"Action,Thriller",7.2,408009,en,True,70000000.0,240031094.0,2.0
tt0099512,movie,Ernest Goes to Jail,1990,81,"Comedy,Crime,Family",5.5,10720,en,True,0.0,25029791.0,3.0
tt0099528,movie,The Exorcist III,1990,110,"Drama,Horror,Mystery",6.5,42276,en,True,9300000.0,39024251.0,3.0
tt0099558,movie,Armour of God 2: Operation Condor,1991,80,"Action,Adventure,Comedy",7.2,24827,cn,True,15000000.0,24119223.0,2.0
tt0099674,movie,The Godfather Part III,1990,162,"Crime,Drama",7.5,457180,en,True,54000000.0,136766062.0,3.0
tt0099700,movie,Gremlins 2: The New Batch,1990,106,"Comedy,Fantasy,Horror",6.5,119694,en,True,50000000.0,41482207.0,2.0
tt0099763,movie,Henry: Portrait of a Serial Killer,1986,83,"Biography,Crime,Drama",7.0,44596,en,True,111000.0,609939.0,1.0
tt0099785,movie,Home Alone,1990,103,"Comedy,Family",7.8,747956,en,True,18000000.0,476684675.0,1.0
tt0099800,movie,House Party,1990,100,"Comedy,Music",6.5,18180,en,True,2500000.0,26385628.0,2.0
tt0099810,movie,The Hunt for Red October,1990,135,"Action,Adventure,Thriller",7.5,231815,en,True,30000000.0,200512643.0,1.0
tt0099938,movie,Kindergarten Cop,1990,111,"Action,Comedy,Crime",6.3,176435,en,True,15000000.0,201957688.0,1.0
tt0099994,movie,Leatherface: Texas Chainsaw Massacre III,1990,85,"Horror,Thriller",5.0,21951,en,True,2000000.0,5765562.0,3.0
tt0100050,movie,Look Who's Talking Too,1990,81,"Comedy,Family,Romance",4.7,51215,en,True,12000000.0,120889074.0,2.0
tt0100240,movie,The NeverEnding Story II: The Next Chapter,1990,89,"Adventure,Drama,Family",5.1,29101,de,True,32000000.0,16283667.0,2.0
tt0100403,movie,Predator 2,1990,108,"Action,Horror,Sci-Fi",6.3,202909,en,True,35000000.0,57120318.0,2.0
tt0100419,movie,Problem Child,1990,81,"Comedy,Family",5.5,35606,en,True,10000000.0,72000000.0,1.0
tt0100477,movie,The Rescuers Down Under,1990,77,"Adventure,Animation,Comedy",6.8,51456,en,True,38000000.0,47431461.0,2.0
tt0100502,movie,RoboCop 2,1990,117,"Action,Crime,Sci-Fi",5.8,100232,en,True,35000000.0,45681173.0,2.0
tt0100507,movie,Rocky V,1990,104,"Drama,Sport",5.4,162266,en,True,42000000.0,119946358.0,5.0
tt0100758,movie,Teenage Mutant Ninja Turtles,1990,93,"Action,Adventure,Comedy",6.8,112975,en,True,13500000.0,201965915.0,1.0
tt0100814,movie,Tremors,1990,96,"Comedy,Horror",7.2,166556,en,True,11000000.0,48572000.0,1.0
tt0100828,movie,The Two Jakes,1990,137,"Crime,Drama,Mystery",6.1,15705,en,True,19000000.0,10005969.0,2.0
tt0100934,movie,Wild Orchid,1989,105,"Drama,Romance",4.5,13732,en,True,7000000.0,11060485.0,1.0
tt0100994,movie,Young Guns II,1990,104,"Action,Drama,Western",6.5,40676,en,True,20000000.0,59000000.0,2.0
tt0101272,movie,The Addams Family,1991,99,"Comedy,Fantasy",7.0,201889,en,True,30000000.0,191502426.0,1.0
tt0101329,movie,An American Tail: Fievel Goes West,1991,75,"Adventure,Animation,Comedy",6.5,30318,en,True,0.0,40766041.0,2.0
tt0101393,movie,Backdraft,1991,137,"Action,Drama,Mystery",6.7,94018,en,True,75000000.0,152368585.0,1.0
tt0101414,movie,Beauty and the Beast,1991,84,"Animation,Family,Fantasy",8.0,506860,en,True,25000000.0,424967620.0,1.0
tt0101420,movie,Begotten,1989,72,"Fantasy,Horror",5.5,12799,en,True,33000.0,0.0,1.0
tt0101452,movie,Bill & Ted's Bogus Journey,1991,93,"Adventure,Comedy,Fantasy",6.3,85246,en,True,20000000.0,38040268.0,2.0
tt0101507,movie,Boyz n the Hood,1991,112,"Crime,Drama",7.7,169418,en,True,6500000.0,57504069.0,1.0
tt0101587,movie,City Slickers,1991,113,"Comedy,Western",6.8,67480,en,True,27000000.0,179033791.0,1.0
tt0101605,movie,The Commitments,1991,118,"Comedy,Drama,Music",7.6,42994,en,True,12000000.0,14919570.0,1.0
tt0101627,movie,Critters 3,1991,86,"Comedy,Horror,Sci-Fi",4.5,14452,en,True,0.0,0.0,3.0
tt0101821,movie,Ernest Scared Stupid,1991,91,"Comedy,Family,Fantasy",5.8,14261,en,True,0.0,0.0,4.0
tt0101846,movie,F/X2,1991,108,"Action,Thriller",5.9,11498,en,True,18000000.0,21082165.0,2.0
tt0101862,movie,Father of the Bride,1991,105,"Comedy,Family,Romance",6.6,93549,en,True,20000000.0,89325780.0,1.0
tt0101917,movie,Freddy's Dead: The Final Nightmare,1991,89,"Fantasy,Horror",4.7,55973,en,True,10000000.0,34872033.0,6.0
tt0102034,movie,Highlander II: The Quickening,1991,91,"Action,Adventure,Drama",4.2,50635,en,True,34000000.0,15556340.0,2.0
tt0102059,movie,Hot Shots!,1991,85,"Action,Comedy",6.7,125390,en,True,26000000.0,181096164.0,1.0
tt0102492,movie,My Girl,1991,102,"Comedy,Drama,Family",6.9,98487,en,True,17000000.0,59490000.0,1.0
tt0102510,movie,The Naked Gun 2½: The Smell of Fear,1991,85,"Comedy,Crime",6.9,141981,en,True,23000000.0,192030411.0,2.0
tt0102719,movie,Problem Child 2,1991,90,"Comedy,Family",5.0,25250,en,True,15000000.0,32704700.0,2.0
tt0102782,movie,Return to the Blue Lagoon,1991,102,"Adventure,Drama,Romance",5.2,23378,en,True,11000000.0,2807854.0,2.0
tt0102803,movie,The Rocketeer,1991,108,"Action,Adventure,Family",6.6,66033,en,True,42000000.0,46704056.0,1.0
tt0102926,movie,The Silence of the Lambs,1991,118,"Crime,Drama,Horror",8.6,1730941,en,True,19000000.0,272742922.0,1.0
tt0102975,movie,Star Trek VI: The Undiscovered Country,1991,110,"Action,Adventure,Sci-Fi",7.3,85419,en,True,27000000.0,96888996.0,6.0
tt0103060,movie,Teenage Mutant Ninja Turtles II: The Secret of the Ooze,1991,88,"Action,Adventure,Comedy",6.0,64860,en,True,25000000.0,78656813.0,2.0
tt0103064,movie,Terminator 2: Judgment Day,1991,137,"Action,Adventure,Sci-Fi",8.6,1288451,en,True,102000000.0,517778573.0,2.0
tt0103247,movie,White Fang,1991,107,"Adventure,Drama,Family",6.7,24290,en,True,14000000.0,34793160.0,1.0
tt0103285,movie,Once Upon a Time in China,1991,134,Action,7.2,21480,cn,True,0.0,3826459.0,1.0
tt0103596,movie,3 Ninjas,1992,84,"Action,Comedy,Family",5.4,25139,en,True,6500000.0,29000301.0,1.0
tt0103639,movie,Aladdin,1992,90,"Adventure,Animation,Comedy",8.0,502300,en,True,28000000.0,504050219.0,1.0
tt0103644,movie,Alien³,1992,114,"Action,Horror,Sci-Fi",6.4,353613,en,True,50000000.0,159773545.0,3.0
tt0103772,movie,Basic Instinct,1992,127,"Drama,Mystery,Romance",7.1,244763,en,True,49000000.0,352927224.0,1.0
tt0103776,movie,Batman Returns,1992,126,"Action,Crime,Fantasy",7.1,350608,en,True,80000000.0,280000000.0,2.0
tt0103786,movie,Beethoven,1992,87,"Comedy,Drama,Family",5.8,81726,en,True,0.0,147214049.0,1.0
tt0103919,movie,Candyman,1992,99,"Horror,Thriller",6.8,109737,en,True,6000000.0,25792310.0,1.0
tt0103956,movie,Child's Play 3,1991,90,"Horror,Thriller",5.2,51517,en,True,13000000.0,20560255.0,3.0
tt0104040,movie,The Cutting Edge,1992,101,"Comedy,Drama,Romance",6.9,25368,en,True,0.0,25105517.0,1.0
tt0104187,movie,Encino Man,1992,88,Comedy,5.9,49022,en,True,7000000.0,40700000.0,1.0
tt0104254,movie,FernGully: The Last Rainforest,1992,76,"Adventure,Animation,Family",6.6,37608,en,True,24000000.0,32710894.0,1.0
tt0104409,movie,Hellraiser III: Hell on Earth,1992,93,Horror,5.5,38232,en,True,5000000.0,12534961.0,3.0
tt0104431,movie,Home Alone 2: Lost in New York,1992,120,"Adventure,Comedy,Crime",6.9,457945,en,True,18000000.0,358994850.0,2.0
tt0104437,movie,"Honey, I Blew Up the Kid",1992,89,"Adventure,Comedy,Family",4.9,49592,en,True,40000000.0,58662452.0,2.0
tt0104558,movie,Police Story 3: Supercop,1992,91,"Action,Comedy,Crime",7.0,26864,cn,True,0.0,34391494.0,3.0
tt0104692,movie,The Lawnmower Man,1992,108,"Horror,Sci-Fi",5.5,42401,en,True,10000000.0,32100816.0,1.0
tt0104714,movie,Lethal Weapon 3,1992,118,"Action,Crime,Thriller",6.7,189041,en,True,35000000.0,321731527.0,3.0
tt0104815,movie,El Mariachi,1992,81,"Action,Crime,Thriller",6.8,74962,es,True,7225.0,2040920.0,1.0
tt0104860,movie,We Are Not Angels,1992,98,"Comedy,Fantasy,Romance",8.3,10232,sr,True,0.0,0.0,1.0
tt0104868,movie,The Mighty Ducks,1992,104,"Comedy,Drama,Family",6.6,77082,en,True,10000000.0,50752337.0,1.0
tt0104940,movie,The Muppet Christmas Carol,1992,85,"Comedy,Drama,Family",7.8,82296,en,True,12000000.0,27300000.0,4.0
tt0105112,movie,Patriot Games,1992,117,"Action,Thriller",6.8,128769,en,True,45000000.0,178051587.0,2.0
tt0105128,movie,Pet Sematary II,1992,100,"Fantasy,Horror,Thriller",5.0,25378,en,True,8000000.0,17092453.0,2.0
tt0105156,movie,Poison Ivy,1992,93,"Drama,Thriller",5.4,21596,en,True,3000000.0,1829804.0,1.0
tt0105414,movie,Single White Female,1992,107,"Drama,Thriller",6.4,46708,en,True,16000000.0,48017402.0,1.0
tt0105417,movie,Sister Act,1992,100,"Comedy,Family,Music",6.6,118969,en,True,31000000.0,231605150.0,1.0
tt0105643,movie,Troll 2,1990,95,"Comedy,Fantasy,Horror",3.0,36499,en,True,65000.0,0.0,2.0
tt0105690,movie,Under Siege,1992,103,"Action,Thriller",6.5,103224,en,True,35000000.0,156563139.0,1.0
tt0105698,movie,Universal Soldier,1992,102,"Action,Sci-Fi",6.1,102054,en,True,23000000.0,119200000.0,1.0
tt0105793,movie,Wayne's World,1992,94,"Comedy,Music",7.0,182780,en,True,20000000.0,183097323.0,1.0
tt0105839,movie,Once Upon a Time in China II,1992,113,"Action,Adventure,Biography",7.3,11443,cn,True,0.0,30399676.0,2.0
tt0106220,movie,Addams Family Values,1993,94,"Comedy,Fantasy",6.9,123893,en,True,47000000.0,48919043.0,2.0
tt0106292,movie,Another Stakeout,1993,108,"Comedy,Crime",5.6,16262,en,True,30000000.0,30008496.0,2.0
tt0106308,movie,Army of Darkness,1992,81,"Comedy,Horror",7.4,209555,en,True,11000000.0,21502976.0,3.0
tt0106364,movie,Batman: Mask of the Phantasm,1993,76,"Action,Adventure,Animation",7.8,64079,en,True,6000000.0,5617391.0,1.0
tt0106375,movie,Beethoven's 2nd,1993,89,"Comedy,Family,Romance",5.0,31585,en,True,15000000.0,118243066.0,2.0
tt0106519,movie,Carlito's Way,1993,144,"Crime,Drama,Thriller",7.9,248832,en,True,30000000.0,63848322.0,1.0
tt0106557,movie,Children of the Corn II: The Final Sacrifice,1992,92,"Horror,Thriller",4.4,10472,en,True,900000.0,6980986.0,2.0
tt0106701,movie,Dennis the Menace,1993,94,"Comedy,Family",5.7,69422,en,True,35000000.0,117270765.0,1.0
tt0106950,movie,Fortress,1992,95,"Action,Crime,Sci-Fi",5.9,32210,en,True,8000000.0,6739141.0,1.0
tt0106965,movie,Free Willy,1993,112,"Adventure,Drama,Family",6.1,89631,en,True,20000000.0,153698625.0,1.0
tt0106977,movie,The Fugitive,1993,130,"Action,Crime,Drama",7.8,347781,en,True,44000000.0,353808222.0,1.0
tt0107007,movie,Gettysburg,1993,254,"Drama,History,War",7.6,32338,en,True,20000000.0,10769960.0,1.0
tt0107050,movie,Grumpy Old Men,1993,103,"Comedy,Drama,Romance",7.0,57669,en,True,35100000.0,70172621.0,1.0
tt0107076,movie,Hard Target,1993,97,"Action,Crime,Thriller",6.2,60110,en,True,18000000.0,74189677.0,1.0
tt0107120,movie,Hocus Pocus,1993,96,"Comedy,Family,Fantasy",6.9,172988,en,True,28000000.0,51663767.0,1.0
tt0107131,movie,Homeward Bound: The Incredible Journey,1993,84,"Adventure,Comedy,Drama",7.0,55629,en,True,24000000.0,57333324.0,1.0
tt0107144,movie,Hot Shots! Part Deux,1993,86,"Action,Comedy",6.6,104118,en,True,25000000.0,133752825.0,2.0
tt0107254,movie,Jason Goes to Hell: The Final Friday,1993,87,"Fantasy,Horror,Mystery",4.1,41225,en,True,3000000.0,15935068.0,9.0
tt0107290,movie,Jurassic Park,1993,127,"Adventure,Sci-Fi",8.2,1184029,en,True,63000000.0,920100000.0,1.0
tt0107387,movie,Leprechaun,1992,92,"Comedy,Fantasy,Horror",4.8,33902,en,True,1000000.0,8600000.0,1.0
tt0107438,movie,Look Who's Talking Now,1993,96,"Comedy,Family,Romance",4.4,32669,en,True,22000000.0,10340263.0,3.0
tt0107840,movie,Poetic Justice,1993,109,"Drama,Romance",6.2,18487,en,True,14000000.0,27515786.0,2.0
tt0107953,movie,Return of the Living Dead III,1993,97,Horror,5.9,18601,en,True,2000000.0,54207.0,3.0
tt0107978,movie,RoboCop 3,1993,104,"Action,Crime,Sci-Fi",4.2,57356,en,True,22000000.0,10696210.0,3.0
tt0108037,movie,The Sandlot,1993,101,"Comedy,Drama,Family",7.8,115886,en,True,7000000.0,34348444.0,1.0
tt0108147,movie,Sister Act 2: Back in the Habit,1993,107,"Comedy,Family,Music",5.8,63925,en,True,38000000.0,57319029.0,2.0
tt0108148,movie,Iron Monkey,1993,85,"Action,Crime,Drama",7.5,18170,cn,True,11000000.0,14694904.0,1.0
tt0108171,movie,Sniper,1993,98,"Action,Thriller,War",6.1,26976,en,True,0.0,18994652.0,1.0
tt0108308,movie,Teenage Mutant Ninja Turtles III,1993,96,"Action,Adventure,Comedy",4.8,38851,en,True,21000000.0,42273609.0,3.0
tt0108394,movie,Three Colors: Blue,1993,98,"Drama,Music,Mystery",7.8,118300,fr,True,0.0,1527572.0,1.0
tt0108500,movie,The Visitors,1993,107,"Comedy,Fantasy",7.0,41217,fr,True,9500000.0,98800000.0,1.0
tt0108525,movie,Wayne's World 2,1993,95,"Comedy,Music",6.2,92374,en,True,40000000.0,48198019.0,2.0
tt0108539,movie,Weekend at Bernie's II,1993,97,"Adventure,Comedy,Fantasy",4.9,15262,en,True,7000000.0,12741891.0,2.0
tt0109015,movie,3 Ninjas Kick Back,1994,93,"Action,Comedy,Family",4.6,10699,en,True,20000000.0,11798854.0,2.0
tt0109040,movie,Ace Ventura: Pet Detective,1994,86,Comedy,6.9,355427,en,True,15000000.0,107217396.0,1.0
tt0109045,movie,"The Adventures of Priscilla, Queen of the Desert",1994,104,"Comedy,Music",7.5,61750,en,True,2000000.0,29700000.0,1.0
tt0109127,movie,Angels in the Outfield,1994,102,"Comedy,Drama,Family",6.2,37891,en,True,31000000.0,50236831.0,1.0
tt0109254,movie,Beverly Hills Cop III,1994,104,"Action,Comedy,Crime",5.5,100752,en,True,50000000.0,119208989.0,3.0
tt0109439,movie,City Slickers II: The Legend of Curly's Gold,1994,116,"Comedy,Western",5.6,21767,en,True,40000000.0,72000000.0,2.0
tt0109444,movie,Clear and Present Danger,1994,141,"Action,Crime,Drama",6.9,116978,en,True,62000000.0,215887717.0,3.0
tt0109445,movie,Clerks,1994,92,Comedy,7.7,240951,en,True,27575.0,3158707.0,1.0
tt0109506,movie,The Crow,1994,102,"Action,Crime,Drama",7.5,231960,en,True,23000000.0,93722164.0,1.0
tt0109520,movie,D2: The Mighty Ducks,1994,106,"Comedy,Drama,Family",6.1,45967,en,True,0.0,45610410.0,2.0
tt0109686,movie,Dumb and Dumber,1994,107,Comedy,7.3,444526,en,True,16000000.0,247275374.0,1.0
tt0109813,movie,The Flintstones,1994,91,"Comedy,Family,Fantasy",5.1,92509,en,True,46000000.0,341631208.0,1.0
tt0110027,movie,Highlander: The Final Dimension,1994,99,"Action,Fantasy,Romance",4.5,23355,en,True,30000000.0,36738574.0,3.0
tt0110148,movie,Interview with the Vampire: The Vampire Chronicles,1994,123,"Drama,Fantasy,Horror",7.5,378161,en,True,60000000.0,223664608.0,1.0
tt0110213,movie,The Jungle Book,1994,111,"Adventure,Family,Fantasy",6.1,20081,en,True,27000000.0,53508356.0,1.0
tt0110308,movie,The Last Seduction,1994,110,"Crime,Drama,Romance",7.0,28881,en,True,2500000.0,5842603.0,1.0
tt0110329,movie,Leprechaun 2,1994,85,"Comedy,Fantasy,Horror",4.7,13372,en,True,2000000.0,2300000.0,2.0
tt0110357,movie,The Lion King,1994,88,"Adventure,Animation,Drama",8.5,1264807,en,True,45000000.0,763455561.0,1.0
tt0110366,movie,The Little Rascals,1994,82,"Comedy,Family,Romance",6.4,61757,en,True,0.0,67308282.0,1.0
tt0110442,movie,Major League II,1994,105,"Comedy,Sport",5.7,29851,en,True,25000000.0,30626182.0,2.0
tt0110475,movie,The Mask,1994,101,"Comedy,Crime,Fantasy",7.0,472886,en,True,23000000.0,351583407.0,1.0
tt0110613,movie,My Girl 2,1994,99,"Comedy,Drama,Family",5.3,22253,en,True,0.0,28000000.0,2.0
tt0110622,movie,Naked Gun 33 1/3: The Final Insult,1994,83,"Comedy,Crime",6.5,128762,en,True,30000000.0,132032598.0,3.0
tt0110631,movie,Nightwatch,1994,107,Thriller,7.2,20619,da,True,0.0,0.0,1.0
tt0110647,movie,The NeverEnding Story III,1994,95,"Adventure,Comedy,Family",3.2,13219,de,True,17000000.0,0.0,3.0
tt0110657,movie,The Next Karate Kid,1994,107,"Action,Drama,Family",4.6,38308,en,True,12000000.0,15876353.0,4.0
tt0110729,movie,Once Were Warriors,1994,102,"Crime,Drama",7.9,39475,en,True,950000.0,6700000.0,1.0
tt0110823,movie,Phantasm III: Lord of the Dead,1994,91,"Action,Fantasy,Horror",6.0,11613,en,True,2500000.0,0.0,3.0
tt0110857,movie,Police Academy: Mission to Moscow,1994,83,"Comedy,Crime",3.5,38244,en,True,10000000.0,126247.0,7.0
tt0110978,movie,Texas Chainsaw Massacre: The Next Generation,1994,87,"Comedy,Horror,Thriller",3.4,28880,en,True,600000.0,185898.0,4.0
tt0110989,movie,Richie Rich,1994,95,"Comedy,Family",5.5,79533,en,True,40000000.0,38087756.0,1.0
tt0111070,movie,The Santa Clause,1994,97,"Comedy,Drama,Family",6.6,147907,en,True,22000000.0,189833357.0,1.0
tt0111143,movie,The Shadow,1994,108,"Action,Adventure,Crime",6.1,29190,en,True,25000000.0,48063465.0,8.0
tt0111257,movie,Speed,1994,116,"Action,Adventure,Thriller",7.3,423912,en,True,30000000.0,350448145.0,1.0
tt0111280,movie,Star Trek: Generations,1994,118,"Action,Adventure,Mystery",6.6,91559,en,True,38000000.0,118071125.0,1.0
tt0111333,movie,The Swan Princess,1994,90,"Adventure,Animation,Comedy",6.5,29465,en,True,20000000.0,9771658.0,1.0
tt0111438,movie,Timecop,1994,99,"Action,Crime,Sci-Fi",6.0,70164,en,True,28000000.0,128953581.0,1.0
tt0111495,movie,Three Colors: Red,1994,99,"Drama,Mystery,Romance",8.1,116112,fr,True,0.0,4127033.0,3.0
tt0111507,movie,Three Colors: White,1994,92,"Comedy,Drama,Romance",7.6,84763,fr,True,0.0,1273525.0,2.0
tt0111512,movie,Drunken Master II,1994,102,"Action,Comedy",7.5,51828,cn,True,10000000.0,34300528.0,2.0
tt0111579,movie,Burnt by the Sun,1994,135,"Drama,War",7.8,17332,ru,True,2800000.0,2616503.0,1.0
tt0111686,movie,New Nightmare,1994,112,"Fantasy,Horror,Mystery",6.4,69887,en,True,8000000.0,19721741.0,7.0
tt0112281,movie,Ace Ventura: When Nature Calls,1995,90,"Adventure,Comedy,Crime",6.4,250078,en,True,30000000.0,212385533.0,2.0
tt0112431,movie,Babe,1995,91,"Comedy,Drama,Family",6.9,142786,en,True,30000000.0,254100000.0,1.0
tt0112442,movie,Bad Boys,1995,119,"Action,Comedy,Crime",6.8,316655,en,True,19000000.0,141407024.0,1.0
tt0112453,movie,Balto,1995,78,"Adventure,Animation,Drama",7.1,52097,en,True,31000000.0,11348324.0,1.0
tt0112462,movie,Batman Forever,1995,121,"Action,Adventure",5.5,283139,en,True,100000000.0,336529144.0,3.0
tt0112471,movie,Before Sunrise,1995,101,"Comedy,Drama,Romance",8.1,380037,en,True,2500000.0,5987386.0,1.0
tt0112541,movie,Blue in the Face,1995,83,Comedy,6.6,10615,en,True,2000000.0,1300000.0,2.0
tt0112572,movie,The Brady Bunch Movie,1995,90,Comedy,6.3,26343,en,True,12000000.0,46576136.0,1.0
tt0112573,movie,Braveheart,1995,178,"Drama,War",8.3,1164664,en,True,72000000.0,213216216.0,1.0
tt0112625,movie,Candyman: Farewell to the Flesh,1995,95,"Horror,Thriller",5.3,15766,en,True,0.0,13940383.0,2.0
tt0112642,movie,Casper,1995,100,"Comedy,Family,Fantasy",6.2,160053,en,True,50000000.0,287928194.0,1.0
tt0112851,movie,Desperado,1995,104,"Action,Crime,Drama",7.1,208946,en,True,7000000.0,25405445.0,2.0
tt0112864,movie,Die Hard with a Vengeance,1995,128,"Action,Adventure,Thriller",7.6,431387,en,True,90000000.0,366101666.0,3.0
tt0113041,movie,Father of the Bride Part II,1995,106,"Comedy,Family,Romance",6.1,45506,en,True,0.0,76594107.0,2.0
tt0113114,movie,Free Willy 2: The Adventure Home,1995,95,"Adventure,Drama,Family",5.1,20775,en,True,31000000.0,30077111.0,2.0
tt0113118,movie,Friday,1995,91,"Comedy,Drama",7.2,137748,en,True,3500000.0,28215918.0,1.0
tt0113161,movie,Get Shorty,1995,105,"Comedy,Crime,Thriller",6.9,96569,en,True,30250000.0,115101622.0,1.0
tt0113189,movie,GoldenEye,1995,130,"Action,Adventure,Thriller",7.2,287295,en,True,60000000.0,352194034.0,18.0
tt0113198,movie,A Goofy Movie,1995,78,"Adventure,Animation,Comedy",7.0,70121,en,True,18000000.0,35348597.0,1.0
tt0113228,movie,Grumpier Old Men,1995,101,"Comedy,Romance",6.7,31765,en,True,25000000.0,71518503.0,2.0
tt0113253,movie,Halloween: The Curse of Michael Myers,1995,87,"Horror,Thriller",4.7,46836,en,True,5000000.0,15116634.0,6.0
tt0113277,movie,Heat,1995,170,"Action,Crime,Drama",8.3,809245,en,True,60000000.0,187400000.0,1.0
tt0113497,movie,Jumanji,1995,104,"Adventure,Comedy,Family",7.1,415351,en,True,65000000.0,262821940.0,1.0
tt0113568,movie,Ghost in the Shell,1995,83,"Action,Animation,Crime",7.9,174734,ja,True,3000000.0,10000000.0,1.0
tt0113762,movie,The Mangler,1995,106,"Drama,Horror,Mystery",4.5,10826,en,True,0.0,1781383.0,1.0
tt0113820,movie,Mighty Morphin Power Rangers: The Movie,1995,95,"Action,Adventure,Family",5.3,32093,en,True,15000000.0,66433194.0,1.0
tt0113855,movie,Mortal Kombat,1995,101,"Action,Adventure,Fantasy",5.9,134893,en,True,18000000.0,122195920.0,1.0
tt0113957,movie,The Net,1995,114,"Action,Crime,Drama",6.0,80136,en,True,22000000.0,110627965.0,1.0
tt0114148,movie,Pocahontas,1995,81,"Adventure,Animation,Drama",6.7,218555,en,True,55000000.0,346079773.0,1.0
tt0114194,movie,The Prophecy,1995,98,"Action,Crime,Drama",6.4,35748,en,True,8000000.0,16115878.0,1.0
tt0114367,movie,Screamers,1995,108,"Horror,Sci-Fi,Thriller",6.3,31846,en,True,20000000.0,5781885.0,1.0
tt0114436,movie,Showgirls,1995,131,Drama,5.2,82467,en,True,45000000.0,20367472.0,1.0
tt0114478,movie,Smoke,1995,112,"Comedy,Drama",7.4,38840,en,True,7000000.0,8349430.0,1.0
tt0114508,movie,Species,1995,108,"Action,Horror,Sci-Fi",5.9,91092,en,True,35000000.0,113400000.0,1.0
tt0114563,movie,Street Fighter II: The Animated Movie,1994,102,"Action,Adventure,Animation",7.2,11231,ja,True,6000000.0,29000000.0,1.0
tt0114608,movie,Tales from the Crypt: Demon Knight,1995,92,"Action,Fantasy,Horror",6.7,28696,en,True,13000000.0,21089146.0,1.0
tt0114609,movie,Tales from the Hood,1995,98,"Crime,Drama,Horror",6.6,11226,en,True,6000000.0,12000000.0,1.0
tt0114709,movie,Toy Story,1995,81,"Adventure,Animation,Comedy",8.3,1183556,en,True,30000000.0,401157969.0,1.0
tt0114781,movie,Under Siege 2: Dark Territory,1995,100,"Action,Adventure,Thriller",5.6,53501,en,True,60000000.0,104324083.0,2.0
tt0115433,movie,101 Dalmatians,1996,103,"Adventure,Comedy,Crime",5.8,123717,en,True,54000000.0,320689294.0,1.0
tt0115571,movie,The Arrival,1996,115,"Mystery,Sci-Fi,Thriller",6.2,41929,en,True,25000000.0,14063331.0,1.0
tt0115641,movie,Beavis and Butt-Head Do America,1996,81,"Adventure,Animation,Comedy",6.8,63063,en,True,12000000.0,63118386.0,1.0
tt0115693,movie,Black Mask,1996,99,"Action,Adventure,Comedy",6.0,13005,cn,True,8000000.0,60004461.0,1.0
tt0115783,movie,Bulletproof,1996,84,"Action,Comedy,Crime",5.8,41358,en,True,25000000.0,22611954.0,1.0
tt0115963,movie,The Craft,1996,101,"Drama,Fantasy,Horror",6.5,119648,en,True,15000000.0,24800000.0,1.0
tt0115986,movie,The Crow: City of Angels,1996,84,"Action,Crime,Fantasy",4.6,23454,en,True,13000000.0,25317287.0,2.0
tt0116000,movie,D3: The Mighty Ducks,1996,104,"Action,Comedy,Drama",5.5,30484,en,True,0.0,22955097.0,3.0
tt0116075,movie,The Dentist,1996,92,"Horror,Thriller",5.4,11547,en,True,700000.0,0.0,1.0
tt0116136,movie,DragonHeart,1996,103,"Action,Adventure,Fantasy",6.4,104908,en,True,57000000.0,115267375.0,1.0
tt0116213,movie,Eraser,1996,115,"Action,Crime,Thriller",6.2,124585,en,True,100000000.0,242295562.0,1.0
tt0116225,movie,Escape from L.A.,1996,101,"Action,Adventure,Sci-Fi",5.7,86327,en,True,50000000.0,42277365.0,2.0
tt0116361,movie,Freeway,1996,104,"Crime,Drama,Thriller",6.8,34377,en,True,3100000.0,295493.0,1.0
tt0116367,movie,From Dusk Till Dawn,1996,108,"Action,Crime,Horror",7.2,371625,en,True,19000000.0,25800000.0,1.0
tt0116483,movie,Happy Gilmore,1996,92,"Comedy,Sport",7.0,309100,en,True,12000000.0,41422354.0,1.0
tt0116514,movie,Hellraiser: Bloodline,1996,85,"Horror,Sci-Fi",5.1,26994,en,True,4000000.0,16675000.0,4.0
tt0116552,movie,Homeward Bound II: Lost in San Francisco,1996,88,"Adventure,Comedy,Family",5.9,17384,en,True,0.0,32709423.0,2.0
tt0116583,movie,The Hunchback of Notre Dame,1996,91,"Animation,Drama,Family",7.0,185244,en,True,100000000.0,325300000.0,1.0
tt0116629,movie,Independence Day,1996,145,"Action,Adventure,Sci-Fi",7.0,649795,en,True,75000000.0,817400891.0,1.0
tt0116630,movie,Indian,1996,185,"Action,Drama,Musical",8.1,16105,ta,True,1800000.0,4200000.0,1.0
tt0116704,movie,First Strike,1996,107,"Action,Adventure,Comedy",6.6,24296,cn,True,0.0,53168876.0,4.0
tt0116705,movie,Jingle All the Way,1996,89,"Adventure,Comedy,Family",5.8,130407,en,True,60000000.0,129832389.0,1.0
tt0116736,movie,The Hunters,1996,113,"Crime,Thriller",7.0,10238,sv,True,17500000.0,0.0,1.0
tt0116839,movie,Lawnmower Man 2: Beyond Cyberspace,1995,93,"Action,Sci-Fi,Thriller",2.6,10763,en,True,15000000.0,2409225.0,2.0
tt0117060,movie,Mission: Impossible,1996,110,"Action,Adventure,Thriller",7.2,519644,en,True,80000000.0,457696391.0,1.0
tt0117110,movie,Muppet Treasure Island,1996,99,"Action,Adventure,Comedy",6.9,29437,en,True,31000000.0,34327766.0,5.0
tt0117218,movie,The Nutty Professor,1996,95,"Comedy,Romance,Sci-Fi",5.7,131355,en,True,54000000.0,128769345.0,1.0
tt0117293,movie,Paradise Lost: The Child Murders at Robin Hood Hills,1996,150,"Crime,Documentary",8.2,19626,en,True,0.0,0.0,1.0
tt0117407,movie,Pusher,1996,110,"Crime,Thriller",7.3,52217,da,True,965000.0,0.0,1.0
tt0117571,movie,Scream,1996,111,"Horror,Mystery",7.4,448755,en,True,14000000.0,173046663.0,1.0
tt0117705,movie,Space Jam,1996,88,"Adventure,Animation,Comedy",6.5,229907,en,True,80000000.0,250200000.0,1.0
tt0117731,movie,Star Trek: First Contact,1996,111,"Action,Adventure,Drama",7.6,138254,en,True,46000000.0,146027888.0,2.0
tt0117774,movie,The Substitute,1996,114,"Action,Crime,Drama",6.1,18398,en,True,0.0,14818176.0,1.0
tt0117826,movie,Bordello of Blood,1996,87,"Comedy,Fantasy,Horror",5.4,16964,en,True,15000000.0,5600000.0,2.0
tt0117951,movie,Trainspotting,1996,93,"Crime,Drama",8.1,769980,en,True,4000000.0,71981823.0,1.0
tt0117998,movie,Twister,1996,113,"Action,Adventure,Thriller",6.6,252057,en,True,92000000.0,494471524.0,1.0
tt0118073,movie,A Very Brady Sequel,1996,90,Comedy,5.9,12661,en,True,12000000.0,21440752.0,2.0
tt0118539,movie,3 Ninjas: High Noon at Mega Mountain,1998,93,"Action,Adventure,Comedy",3.0,12982,en,True,0.0,375805.0,4.0
tt0118570,movie,Air Bud,1997,98,"Comedy,Drama,Family",5.4,21511,en,True,3000000.0,23144499.0,1.0
tt0118583,movie,Alien: Resurrection,1997,109,"Action,Horror,Sci-Fi",6.2,292843,en,True,70000000.0,162000000.0,4.0
tt0118604,movie,An American Werewolf in Paris,1997,98,"Comedy,Fantasy,Horror",5.1,29092,en,True,22000000.0,26570463.0,2.0
tt0118615,movie,Anaconda,1997,89,"Action,Adventure,Horror",5.0,126019,en,True,45000000.0,136885767.0,1.0
tt0118617,movie,Anastasia,1997,94,"Adventure,Animation,Drama",7.2,147531,en,True,53000000.0,139804348.0,1.0
tt0118655,movie,Austin Powers: International Man of Mystery,1997,89,"Adventure,Comedy",7.0,274570,en,True,16500000.0,67711748.0,1.0
tt0118665,movie,Baby Geniuses,1999,97,"Comedy,Crime,Family",2.6,28428,en,True,12000000.0,36450736.0,1.0
tt0118688,movie,Batman & Robin,1997,125,"Action,Sci-Fi",3.8,283374,en,True,125000000.0,238207122.0,4.0
tt0118689,movie,Bean,1997,89,"Adventure,Comedy,Family",6.5,116806,en,True,18000000.0,251212670.0,1.0
tt0118747,movie,Blues Brothers 2000,1998,123,"Action,Comedy,Crime",4.9,36268,en,True,28000000.0,14051384.0,2.0
tt0118751,movie,Border,1997,176,"Action,Drama,History",8.0,20357,hi,True,700000.0,37000000.0,1.0
tt0118767,movie,Brother,1997,99,"Crime,Drama,Thriller",7.8,28922,ru,True,10000.0,1360000.0,1.0
tt0118998,movie,Doctor Dolittle,1998,85,"Comedy,Family,Fantasy",5.4,106935,en,True,71000000.0,294500000.0,1.0
tt0119152,movie,Free Willy 3: The Rescue,1997,86,"Adventure,Drama,Family",4.8,11321,en,True,35000000.0,3446539.0,3.0
tt0119190,movie,George of the Jungle,1997,92,"Action,Adventure,Comedy",5.6,90586,en,True,55000000.0,174463257.0,1.0
tt0119215,movie,Good Burger,1997,95,"Comedy,Family",5.8,36334,en,True,8500000.0,23712993.0,1.0
tt0119273,movie,Heavy Metal 2000,2000,88,"Action,Adventure,Animation",5.4,10269,en,True,15000000.0,0.0,2.0
tt0119282,movie,Hercules,1997,93,"Action,Adventure,Animation",7.3,281019,en,True,85000000.0,252712101.0,1.0
tt0119303,movie,Home Alone 3,1997,102,"Action,Comedy,Crime",4.6,138701,en,True,32000000.0,79082515.0,3.0
tt0119345,movie,I Know What You Did Last Summer,1997,101,"Horror,Mystery",5.9,181673,en,True,17000000.0,125586134.0,1.0
tt0119468,movie,Kiss the Girls,1997,115,"Crime,Drama,Mystery",6.6,100665,en,True,27000000.0,60527873.0,1.0
tt0119567,movie,The Lost World: Jurassic Park,1997,129,"Action,Adventure,Sci-Fi",6.6,479087,en,True,73000000.0,618638999.0,2.0
tt0119654,movie,Men in Black,1997,98,"Action,Adventure,Comedy",7.3,666765,en,True,90000000.0,589390539.0,1.0
tt0119675,movie,Mimic,1997,105,"Horror,Sci-Fi",6.0,60174,en,True,30000000.0,25480490.0,1.0
tt0119707,movie,Mortal Kombat: Annihilation,1997,95,"Action,Adventure,Fantasy",3.6,61946,en,True,30000000.0,51376861.0,2.0
tt0120032,movie,Romy and Michele's High School Reunion,1997,92,Comedy,6.4,58275,en,True,20000000.0,29235353.0,1.0
tt0120082,movie,Scream 2,1997,120,"Horror,Mystery",6.4,238039,en,True,24000000.0,172363301.0,2.0
tt0120179,movie,Speed 2: Cruise Control,1997,121,"Action,Adventure,Crime",4.0,89264,en,True,160000000.0,164508066.0,2.0
tt0120201,movie,Starship Troopers,1997,129,"Action,Adventure,Sci-Fi",7.3,347764,en,True,105000000.0,121214377.0,1.0
tt0120347,movie,Tomorrow Never Dies,1997,119,"Action,Adventure,Thriller",6.5,216666,en,True,110000000.0,333011068.0,19.0
tt0120363,movie,Toy Story 2,1999,92,"Adventure,Animation,Comedy",7.9,675996,en,True,90000000.0,497375404.0,2.0
tt0120389,movie,Turbo: A Power Rangers Movie,1997,99,"Action,Adventure,Family",3.7,10479,en,True,10000000.0,9615840.0,2.0
tt0120390,movie,Turbulence,1997,100,"Action,Thriller",5.0,13559,en,True,55000000.0,11466088.0,1.0
tt0120434,movie,Vegas Vacation,1997,93,Comedy,6.0,56505,en,True,25000000.0,36400360.0,4.0
tt0120524,movie,Wishmaster,1997,90,"Fantasy,Horror",5.9,29004,en,True,5000000.0,15738769.0,1.0
tt0120595,movie,Babe: Pig in the City,1998,97,"Adventure,Comedy,Drama",5.9,37638,en,True,90000000.0,69100000.0,2.0
tt0120611,movie,Blade,1998,120,"Action,Horror,Sci-Fi",7.1,331922,en,True,45000000.0,131183530.0,1.0
tt0120616,movie,The Mummy,1999,124,"Action,Adventure,Fantasy",7.1,504511,en,True,80000000.0,415885488.0,1.0
tt0120630,movie,Chicken Run,2000,84,"Adventure,Animation,Comedy",7.1,225593,en,True,45000000.0,224834564.0,1.0
tt0120667,movie,Fantastic Four,2005,106,"Action,Adventure,Fantasy",5.7,375102,en,True,100000000.0,333535934.0,1.0
tt0120693,movie,Half Baked,1998,82,"Comedy,Crime",6.6,71215,en,True,8000000.0,17460020.0,1.0
tt0120694,movie,Halloween H20: 20 Years Later,1998,86,"Horror,Thriller",5.8,88888,en,True,17000000.0,75041738.0,7.0
tt0120737,movie,The Lord of the Rings: The Fellowship of the Ring,2001,178,"Adventure,Drama,Fantasy",8.9,2215170,en,True,93000000.0,871368364.0,1.0
tt0120746,movie,The Mask of Zorro,1998,136,"Action,Adventure,Comedy",6.8,210900,en,True,95000000.0,250288523.0,1.0
tt0120755,movie,Mission: Impossible II,2000,123,"Action,Adventure,Thriller",6.1,415554,en,True,125000000.0,546388108.0,2.0
tt0120762,movie,Mulan,1998,87,"Adventure,Animation,Comedy",7.7,347995,en,True,90000000.0,304320254.0,1.0
tt0120773,movie,The Odd Couple II,1998,97,"Adventure,Comedy",6.5,11455,en,True,0.0,18912328.0,2.0
tt0120791,movie,Practical Magic,1998,104,"Comedy,Drama,Fantasy",6.4,108771,en,True,75000000.0,46733235.0,1.0
tt0120804,movie,Resident Evil,2002,100,"Action,Horror,Sci-Fi",6.6,312080,en,True,33000000.0,102984862.0,1.0
tt0120812,movie,Rush Hour,1998,98,"Action,Comedy,Crime",7.1,331286,en,True,33000000.0,244721064.0,1.0
tt0120841,movie,Species II,1998,93,"Action,Horror,Sci-Fi",4.5,33944,en,True,35000000.0,19200000.0,2.0
tt0120844,movie,Star Trek: Insurrection,1998,103,"Action,Adventure,Sci-Fi",6.4,83369,en,True,70000000.0,112587658.0,3.0
tt0120855,movie,Tarzan,1999,88,"Adventure,Animation,Comedy",7.3,270086,en,True,130000000.0,448200000.0,1.0
tt0120868,movie,Torrente: The Dumb Arm of the Law,1998,97,"Comedy,Crime",6.8,15289,es,True,1800000.0,9735799.0,1.0
tt0120873,movie,U.S. Marshals,1998,131,"Action,Crime,Thriller",6.6,120696,en,True,60000000.0,102367405.0,2.0
tt0120877,movie,Vampires,1998,108,"Action,Horror,Thriller",6.1,68558,en,True,20000000.0,20308772.0,1.0
tt0120882,movie,The Visitors II: The Corridors of Time,1998,118,"Comedy,Fantasy",6.1,14569,fr,True,23030000.0,66000000.0,2.0
tt0120890,movie,Wild Things,1998,108,"Crime,Drama,Mystery",6.6,141173,en,True,20000000.0,67200000.0,1.0
tt0120902,movie,The X Files,1998,121,"Adventure,Drama,Mystery",7.0,115093,en,True,66000000.0,189198313.0,1.0
tt0120903,movie,X-Men,2000,104,"Action,Adventure,Sci-Fi",7.3,693921,en,True,75000000.0,296339527.0,1.0
tt0120910,movie,Fantasia 2000,1999,75,"Animation,Family,Fantasy",7.1,44109,en,True,80000000.0,60655420.0,2.0
tt0120912,movie,Men in Black II,2002,88,"Action,Adventure,Comedy",6.2,433163,en,True,140000000.0,445135288.0,2.0
tt0120915,movie,Star Wars: Episode I - The Phantom Menace,1999,136,"Action,Adventure,Fantasy",6.5,931548,en,True,115000000.0,1046515409.0,4.0
tt0120917,movie,The Emperor's New Groove,2000,78,"Adventure,Animation,Comedy",7.4,250345,en,True,100000000.0,169327687.0,1.0
tt0121765,movie,Star Wars: Episode II - Attack of the Clones,2002,142,"Action,Adventure,Fantasy",6.6,825031,en,True,120000000.0,649398328.0,5.0
tt0121766,movie,Star Wars: Episode III - Revenge of the Sith,2005,140,"Action,Adventure,Fantasy",7.7,926731,en,True,113000000.0,850000000.0,6.0
tt0122151,movie,Lethal Weapon 4,1998,127,"Action,Crime,Thriller",6.6,181023,en,True,140000000.0,285444603.0,4.0
tt0122933,movie,Analyze This,1999,103,"Comedy,Crime",6.7,169735,en,True,80000000.0,176885658.0,1.0
tt0123755,movie,Cube,1997,90,"Horror,Mystery,Sci-Fi",7.1,262370,en,True,257899.0,8969065.0,1.0
tt0126029,movie,Shrek,2001,90,"Adventure,Animation,Comedy",7.9,814293,en,True,60000000.0,489676241.0,1.0
tt0127536,movie,Elizabeth,1998,124,"Biography,Drama,History",7.4,110493,en,True,30000000.0,82150642.0,1.0
tt0130018,movie,I Still Know What You Did Last Summer,1998,100,"Horror,Mystery,Thriller",4.8,88720,en,True,24000000.0,84002112.0,2.0
tt0130236,movie,Samurai Cop,1991,96,"Action,Crime,Thriller",4.5,11447,en,True,0.0,0.0,1.0
tt0132910,movie,The Crow: Salvation,2000,102,"Action,Crime,Fantasy",4.9,13782,en,True,10000000.0,0.0,3.0
tt0133093,movie,The Matrix,1999,136,"Action,Sci-Fi",8.7,2257174,en,True,63000000.0,463517383.0,1.0
tt0133189,movie,SLC Punk!,1998,97,"Comedy,Drama,Music",7.3,35848,en,True,600000.0,299200.0,1.0
tt0133385,movie,Asterix and Obelix vs. Caesar,1999,109,"Adventure,Comedy,Family",6.0,48586,fr,True,48500000.0,101644060.0,1.0
tt0134067,movie,The Rugrats Movie,1998,79,"Adventure,Animation,Comedy",5.9,21997,en,True,30000000.0,100491683.0,1.0
tt0134084,movie,Scream 3,2000,116,"Horror,Mystery",5.7,186459,en,True,40000000.0,161838076.0,3.0
tt0134273,movie,8MM,1999,123,"Crime,Drama,Mystery",6.6,151898,en,True,40000000.0,96618699.0,1.0
tt0134847,movie,Pitch Black,2000,109,"Horror,Sci-Fi,Thriller",7.0,264730,en,True,23000000.0,53187659.0,1.0
tt0135790,movie,Bang Boom Bang - Ein todsicheres Ding,1999,110,"Action,Comedy,Crime",7.5,11461,de,True,2888030.0,0.0,1.0
tt0139134,movie,Cruel Intentions,1999,97,"Drama,Romance",6.8,221222,en,True,10500000.0,76347426.0,1.0
tt0139414,movie,Lake Placid,1999,82,"Action,Comedy,Horror",5.8,69649,en,True,27000000.0,56870414.0,1.0
tt0139654,movie,Training Day,2001,122,"Crime,Drama,Thriller",7.8,519663,en,True,45000000.0,104900000.0,1.0
tt0141369,movie,Inspector Gadget,1999,78,"Action,Adventure,Comedy",4.2,54063,en,True,75000000.0,134403112.0,1.0
tt0142236,movie,Dragon Ball Z: Fusion Reborn,1995,51,"Action,Animation,Sci-Fi",7.6,13692,ja,True,0.0,23500000.0,12.0
tt0142242,movie,Dragon Ball Z: Broly - The Legendary Super Saiyan,1993,72,"Action,Animation,Fantasy",7.3,13401,ja,True,0.0,21658982.0,8.0
tt0142243,movie,Dragon Ball Z: Wrath of the Dragon,1995,52,"Action,Animation,Sci-Fi",7.4,10957,ja,True,0.0,11694663.0,13.0
tt0143145,movie,The World Is Not Enough,1999,128,"Action,Adventure,Thriller",6.4,221250,en,True,135000000.0,361832400.0,20.0
tt0144084,movie,American Psycho,2000,102,"Crime,Drama,Horror",7.6,844443,en,True,7000000.0,34269748.0,1.0
tt0144117,movie,The Boondock Saints,1999,108,"Action,Crime,Thriller",7.6,262954,en,True,6000000.0,38256.0,1.0
tt0144120,movie,Bride of Chucky,1998,89,"Comedy,Horror,Thriller",5.7,70579,en,True,25000000.0,50688658.0,4.0
tt0144528,movie,Nutty Professor II: The Klumps,2000,106,"Comedy,Romance,Sci-Fi",4.5,55716,en,True,84000000.0,123307945.0,2.0
tt0144814,movie,The Rage: Carrie 2,1999,104,"Drama,Horror,Sci-Fi",4.8,19467,en,True,21000000.0,17762705.0,2.0
tt0144964,movie,Highlander: Endgame,2000,87,"Action,Adventure,Fantasy",4.6,22438,en,True,25000000.0,15843608.0,4.0
tt0145487,movie,Spider-Man,2002,121,"Action,Adventure,Sci-Fi",7.4,973167,en,True,139000000.0,821708551.0,1.0
tt0145660,movie,Austin Powers: The Spy Who Shagged Me,1999,95,"Action,Adventure,Comedy",6.7,263398,en,True,33000000.0,312016928.0,2.0
tt0146316,movie,Lara Croft: Tomb Raider,2001,100,"Action,Adventure,Fantasy",5.8,230642,en,True,115000000.0,274703340.0,1.0
tt0146336,movie,Urban Legend,1998,99,"Horror,Mystery,Thriller",5.6,78822,en,True,14000000.0,72527595.0,1.0
tt0147612,movie,Happiness,1998,134,"Comedy,Drama",7.7,80170,en,True,3000000.0,2800000.0,1.0
tt0147800,movie,10 Things I Hate About You,1999,97,"Comedy,Drama,Romance",7.4,454156,en,True,16000000.0,53478166.0,1.0
tt0149261,movie,Deep Blue Sea,1999,105,"Action,Adventure,Sci-Fi",6.0,151983,en,True,60000000.0,164648231.0,1.0
tt0152930,movie,Taxi,1998,89,"Action,Comedy,Crime",7.0,95524,fr,True,8700000.0,44218015.0,1.0
tt0157016,movie,I Stand Alone,1998,93,"Crime,Drama,Thriller",7.2,27744,fr,True,0.0,6955.0,2.0
tt0158493,movie,Belly,1998,96,"Crime,Drama",6.2,13973,en,True,3000000.0,9600000.0,1.0
tt0158622,movie,The Flintstones in Viva Rock Vegas,2000,90,"Comedy,Family,Romance",3.8,27025,en,True,83000000.0,59468275.0,2.0
tt0158714,movie,Lady Snowblood,1973,97,"Action,Crime,Drama",7.6,19148,ja,True,0.0,0.0,1.0
tt0158811,movie,Muppets from Space,1999,87,"Adventure,Comedy,Family",6.3,21994,en,True,24000000.0,22300000.0,6.0
tt0159273,movie,Behind Enemy Lines,2001,106,"Action,Drama,Thriller",6.4,119600,en,True,40000000.0,91753202.0,1.0
tt0160009,movie,The Art of War,2000,117,"Action,Adventure,Crime",5.7,32441,en,True,40000000.0,30199105.0,1.0
tt0160127,movie,Charlie's Angels,2000,98,"Action,Adventure,Comedy",5.7,206954,en,True,92000000.0,264105545.0,1.0
tt0162650,movie,Shaft,2000,99,"Action,Crime,Thriller",6.0,85569,en,True,46000000.0,107626125.0,1.0
tt0163025,movie,Jurassic Park III,2001,92,"Action,Adventure,Sci-Fi",6.0,372276,en,True,93000000.0,368780809.0,3.0
tt0163651,movie,American Pie,1999,95,Comedy,7.0,469933,en,True,11000000.0,235483004.0,1.0
tt0164052,movie,Hollow Man,2000,112,"Action,Horror,Sci-Fi",5.9,147833,en,True,95000000.0,190213455.0,1.0
tt0164181,movie,Stir of Echoes,1999,99,"Horror,Mystery,Thriller",6.9,93124,en,True,12000000.0,21142914.0,1.0
tt0164334,movie,Along Came a Spider,2001,104,"Crime,Drama,Mystery",6.4,104269,en,True,60000000.0,105200000.0,2.0
tt0164912,movie,Stuart Little,1999,84,"Adventure,Comedy,Family",6.0,161012,en,True,133000000.0,300135367.0,1.0
tt0166175,movie,East Is East,1999,96,"Comedy,Drama",6.9,19690,en,True,3800000.0,28200000.0,1.0
tt0166813,movie,Spirit: Stallion of the Cimarron,2002,83,"Adventure,Animation,Drama",7.2,94419,en,True,80000000.0,122563539.0,1.0
tt0167190,movie,Hellboy,2004,122,"Action,Adventure,Fantasy",6.9,371426,en,True,66000000.0,99318987.0,1.0
tt0167260,movie,The Lord of the Rings: The Return of the King,2003,201,"Adventure,Drama,Fantasy",9.0,2172748,en,True,94000000.0,1118888979.0,3.0
tt0167261,movie,The Lord of the Rings: The Two Towers,2002,179,"Adventure,Drama,Fantasy",8.8,1964732,en,True,79000000.0,926287400.0,2.0
tt0168501,movie,The Best Man,1999,120,"Comedy,Drama,Romance",6.8,12816,en,True,9000000.0,34573780.0,1.0
tt0169858,movie,Neon Genesis Evangelion: The End of Evangelion,1997,87,"Action,Animation,Drama",8.1,77515,ja,True,7500000.0,26000000.0,2.0
tt0169880,movie,Neon Genesis Evangelion: Death & Rebirth,1997,101,"Action,Animation,Drama",7.2,17094,ja,True,0.0,15877.0,1.0
tt0172156,movie,Bad Boys II,2003,147,"Action,Comedy,Crime",6.6,289204,en,True,130000000.0,273339556.0,2.0
tt0172495,movie,Gladiator,2000,155,"Action,Adventure,Drama",8.5,1858415,en,True,103000000.0,465516248.0,1.0
tt0175142,movie,Scary Movie,2000,88,Comedy,6.3,331015,en,True,19000000.0,278023280.0,1.0
tt0176269,movie,Universal Soldier: The Return,1999,83,"Action,Sci-Fi",4.2,32093,en,True,33500000.0,10667893.0,4.0
tt0178868,movie,The Ring,1998,96,"Horror,Mystery",7.2,86545,ja,True,1200000.0,19400000.0,1.0
tt0179955,movie,Cat City,1986,96,"Adventure,Animation,Comedy",8.3,11651,hu,True,0.0,14937.0,1.0
tt0180748,movie,In China They Eat Dogs,1999,91,"Action,Comedy,Crime",7.3,24617,da,True,0.0,0.0,1.0
tt0181627,movie,Kirikou and the Sorceress,1998,71,"Adventure,Animation,Family",7.5,12233,fr,True,4495000.0,0.0,1.0
tt0181852,movie,Terminator 3: Rise of the Machines,2003,109,"Action,Sci-Fi",6.3,438297,en,True,200000000.0,435000000.0,3.0
tt0183869,movie,Taxi 2,2000,88,"Action,Comedy,Crime",6.5,61995,fr,True,10500000.0,64433844.0,2.0
tt0184894,movie,Shanghai Noon,2000,110,"Action,Adventure,Comedy",6.6,142652,en,True,55000000.0,99274467.0,1.0
tt0185371,movie,House on Haunted Hill,1999,93,"Horror,Mystery,Thriller",5.6,63934,en,True,37000000.0,40846082.0,1.0
tt0185937,movie,The Blair Witch Project,1999,81,"Horror,Mystery",6.5,319142,en,True,60000.0,248639099.0,1.0
tt0187696,movie,Anatomy,2000,103,"Horror,Thriller",6.0,14652,de,True,0.0,0.0,1.0
tt0187738,movie,Blade II,2002,117,"Action,Horror,Sci-Fi",6.7,253229,en,True,54000000.0,155010032.0,2.0
tt0188640,movie,Godzilla 2000,1999,99,"Action,Adventure,Drama",6.0,10341,ja,True,8300000.0,25000000.0,1.0
tt0190138,movie,The Whole Nine Yards,2000,98,"Comedy,Crime",6.7,135780,en,True,41300000.0,106371651.0,1.0
tt0190332,movie,"Crouching Tiger, Hidden Dragon",2000,120,"Action,Adventure,Drama",7.9,295761,zh,True,17000000.0,213978518.0,1.0
tt0190374,movie,Dungeons & Dragons,2000,107,"Action,Adventure,Fantasy",3.7,37950,en,True,35000000.0,15185241.0,1.0
tt0190524,movie,Left Behind: The Movie,2000,96,"Action,Drama,Fantasy",4.4,11137,en,True,17400000.0,4224065.0,1.0
tt0190641,movie,Pokémon: The First Movie - Mewtwo Strikes Back,1998,96,"Action,Adventure,Animation",6.4,50326,ja,True,30000000.0,163644940.0,1.0
tt0192614,movie,The Skulls,2000,106,"Action,Crime,Drama",5.6,35440,en,True,15000000.0,50802120.0,1.0
tt0192731,movie,Urban Legends: Final Cut,2000,97,"Horror,Mystery",4.4,20318,en,True,14000000.0,38574362.0,2.0
tt0193253,movie,Jin-Roh: The Wolf Brigade,1999,102,"Animation,Drama,Sci-Fi",7.3,21198,ja,True,0.0,94072.0,3.0
tt0195714,movie,Final Destination,2000,98,"Horror,Thriller",6.7,337054,en,True,23000000.0,112880294.0,1.0
tt0195945,movie,Next Friday,2000,98,Comedy,6.2,47747,en,True,11000000.0,59827328.0,2.0
tt0196229,movie,Zoolander,2001,90,Comedy,6.5,318318,en,True,28000000.0,60780981.0,1.0
tt0196267,movie,Cruel Intentions 2,2000,87,Drama,4.4,17141,en,True,0.0,0.0,2.0
tt0198781,movie,"Monsters, Inc.",2001,92,"Adventure,Animation,Comedy",8.1,1079725,en,True,115000000.0,579700000.0,1.0
tt0200469,movie,Bats,1999,91,"Horror,Sci-Fi,Thriller",4.1,12146,en,True,5250000.0,10200000.0,1.0
tt0203166,movie,Together,2000,106,"Comedy,Drama,Romance",7.4,24282,sv,True,0.0,0.0,1.0
tt0204313,movie,Exorcist: The Beginning,2004,114,"Horror,Mystery,Thriller",5.1,41447,en,True,80000000.0,78000586.0,4.0
tt0204946,movie,Bring It On,2000,98,"Comedy,Romance,Sport",6.2,114858,en,True,28000000.0,90449929.0,1.0
tt0205000,movie,Deuce Bigalow: Male Gigolo,1999,88,"Comedy,Romance",5.7,85364,en,True,17000000.0,92938755.0,1.0
tt0206275,movie,Save the Last Dance,2001,112,"Drama,Music,Romance",6.2,69184,en,True,13000000.0,131706809.0,1.0
tt0206314,movie,Joy Ride,2001,97,"Mystery,Thriller",6.6,82297,en,True,23000000.0,36642838.0,1.0
tt0208003,movie,Big Momma's House,2000,99,"Action,Comedy,Crime",5.3,96350,en,True,30000000.0,173959438.0,1.0
tt0209163,movie,The Mummy Returns,2001,130,"Action,Adventure,Fantasy",6.4,368986,en,True,98000000.0,443280904.0,2.0
tt0209958,movie,The Cell,2000,107,"Crime,Horror,Sci-Fi",6.4,115060,en,True,33000000.0,104155843.0,1.0
tt0210070,movie,Ginger Snaps,2000,108,"Drama,Fantasy,Horror",6.8,57909,en,True,5000000.0,0.0,1.0
tt0210234,movie,Pokémon the Movie 2000,1999,99,"Action,Adventure,Animation",6.1,26088,ja,True,30000000.0,133949270.0,2.0
tt0210616,movie,Center Stage,2000,115,"Drama,Music,Romance",6.7,22798,en,True,29000000.0,26400000.0,1.0
tt0211181,movie,102 Dalmatians,2000,100,"Adventure,Comedy,Family",4.9,42026,en,True,85000000.0,183611771.0,2.0
tt0211443,movie,Jason X,2001,92,"Action,Horror,Sci-Fi",4.5,67077,en,True,11000000.0,17077882.0,10.0
tt0212338,movie,Meet the Parents,2000,108,"Comedy,Romance",7.0,379853,en,True,55000000.0,330444045.0,1.0
tt0212346,movie,Miss Congeniality,2000,109,"Action,Comedy,Crime",6.4,249413,en,True,45000000.0,212000000.0,1.0
tt0212985,movie,Hannibal,2001,131,"Crime,Drama,Thriller",6.8,314604,en,True,87000000.0,351692268.0,2.0
tt0213203,movie,Rugrats in Paris,2000,78,"Adventure,Animation,Comedy",6.2,14601,en,True,30000000.0,103291131.0,2.0
tt0214388,movie,100 Girls,2000,94,"Comedy,Romance",5.8,23289,en,True,0.0,0.0,1.0
tt0214915,movie,Manichitrathazhu,1993,169,"Comedy,Horror,Mystery",8.7,14468,ml,True,0.0,0.0,1.0
tt0215129,movie,Road Trip,2000,93,Comedy,6.5,189386,en,True,16000000.0,119754278.0,1.0
tt0216651,movie,Vampire Hunter D: Bloodlust,2000,103,"Action,Animation,Drama",7.7,41808,ja,True,0.0,151086.0,2.0
tt0218553,movie,Ring 2,1999,95,"Horror,Mystery,Sci-Fi",5.8,16054,ja,True,6000000.0,31365000.0,3.0
tt0219653,movie,Dracula 2000,2000,99,"Action,Fantasy,Horror",4.9,38865,en,True,28000000.0,47053625.0,1.0
tt0220506,movie,Halloween: Resurrection,2002,90,"Horror,Thriller",3.9,54142,en,True,13000000.0,37664958.0,8.0
tt0221218,movie,The Glass House,2001,106,"Crime,Drama,Mystery",5.8,43136,en,True,30000000.0,23619609.0,1.0
tt0222812,movie,Beyond Re-Animator,2003,96,"Comedy,Horror,Sci-Fi",5.7,14024,en,True,3000000.0,302586.0,3.0
tt0227538,movie,Spy Kids,2001,88,"Action,Adventure,Comedy",5.6,136499,en,True,35000000.0,147934180.0,1.0
tt0228786,movie,The Crimson Rivers,2000,106,"Crime,Mystery,Thriller",6.9,70012,fr,True,2365000.0,0.0,1.0
tt0229260,movie,Book of Shadows: Blair Witch 2,2000,90,"Adventure,Fantasy,Horror",4.1,42164,en,True,15000000.0,47737094.0,2.0
tt0230011,movie,Atlantis: The Lost Empire,2001,95,"Action,Adventure,Animation",6.9,148573,en,True,120000000.0,186053725.0,1.0
tt0231402,movie,Crocodile Dundee in Los Angeles,2001,95,"Adventure,Comedy,Crime",4.9,27581,en,True,21150000.0,39438674.0,3.0
tt0232500,movie,The Fast and the Furious,2001,106,"Action,Crime,Thriller",6.8,459637,en,True,38000000.0,207283925.0,1.0
tt0234215,movie,The Matrix Reloaded,2003,138,"Action,Sci-Fi",7.2,672503,en,True,150000000.0,738599701.0,2.0
tt0235679,movie,Pokémon 3 the Movie: Spell of the Unown,2000,93,"Action,Adventure,Animation",5.9,16806,ja,True,16000000.0,68452128.0,3.0
tt0235712,movie,Ring 0: Birthday,2000,99,"Horror,Mystery,Thriller",5.9,10767,ja,True,6000000.0,11918069.0,4.0
tt0238546,movie,Queen of the Damned,2002,101,"Drama,Fantasy,Horror",5.3,64522,en,True,35000000.0,45479110.0,2.0
tt0238883,movie,Brat 2,2000,122,"Action,Crime,Drama",7.6,20447,ru,True,1500000.0,1080000.0,2.0
tt0239395,movie,Cats & Dogs,2001,87,"Action,Adventure,Comedy",5.2,65860,en,True,60000000.0,200687492.0,1.0
tt0239894,movie,Paradise Lost 2: Revelations,2000,130,"Crime,Documentary",7.5,10363,en,True,0.0,0.0,2.0
tt0240200,movie,Water,2005,117,Drama,7.7,15826,en,True,0.0,10422387.0,3.0
tt0240462,movie,Dr. Dolittle 2,2001,87,"Comedy,Family,Fantasy",4.8,48815,en,True,70000000.0,176100000.0,2.0
tt0240772,movie,Ocean's Eleven,2001,116,"Crime,Thriller",7.7,676688,en,True,85000000.0,450717150.0,1.0
tt0241527,movie,Harry Potter and the Sorcerer's Stone,2001,152,"Adventure,Family,Fantasy",7.7,956018,en,True,125000000.0,976475550.0,1.0
tt0242519,movie,Hera Pheri,2000,156,"Action,Comedy,Crime",8.2,81111,hi,True,1666000.0,4755000.0,1.0
tt0242653,movie,The Matrix Revolutions,2003,129,"Action,Sci-Fi",6.7,576905,en,True,150000000.0,424988211.0,3.0
tt0243155,movie,Bridget Jones's Diary,2001,97,"Comedy,Drama,Romance",6.8,287648,en,True,25000000.0,281929795.0,1.0
tt0243585,movie,Stuart Little 2,2002,77,"Adventure,Comedy,Family",5.5,62077,en,True,120000000.0,169956806.0,2.0
tt0245686,movie,Joe Dirt,2001,91,"Adventure,Comedy,Drama",6.0,65769,en,True,17700000.0,30987695.0,1.0
tt0246460,movie,Die Another Day,2002,133,"Action,Adventure,Thriller",6.1,241372,en,True,142000000.0,431971116.0,21.0
tt0246578,movie,Donnie Darko,2001,113,"Drama,Mystery,Sci-Fi",8.0,913924,en,True,4500000.0,7500000.0,1.0
tt0246677,movie,Heaven,2002,97,"Crime,Drama,Romance",6.9,25961,en,True,11000000.0,4251037.0,1.0
tt0246692,movie,Old Men in New Cars,2002,95,"Action,Comedy,Crime",6.7,10189,da,True,0.0,144192.0,2.0
tt0247638,movie,The Princess Diaries,2001,115,"Comedy,Family,Romance",6.4,183461,en,True,37000000.0,165335153.0,1.0
tt0247745,movie,Super Troopers,2001,100,"Comedy,Crime,Mystery",7.0,119176,en,True,3000000.0,23182223.0,1.0
tt0248408,movie,Manitou's Shoe,2001,87,"Comedy,Western",6.7,23176,de,True,0.0,75675074.0,1.0
tt0250223,movie,Asterix & Obelix: Mission Cleopatra,2002,107,"Adventure,Comedy,Family",6.7,63321,fr,True,58500000.0,131116046.0,2.0
tt0250494,movie,Legally Blonde,2001,96,"Comedy,Romance",6.5,287812,en,True,18000000.0,141778365.0,1.0
tt0251736,movie,House of 1000 Corpses,2003,89,Horror,6.0,100584,en,True,7000000.0,17949758.0,1.0
tt0252487,movie,The Chaos Class,1975,85,Comedy,9.1,46399,tr,True,0.0,0.0,1.0
tt0252488,movie,The Chaos Class Failed the Class,1975,95,Comedy,8.4,30902,tr,True,0.0,0.0,2.0
tt0252489,movie,The Chaos Class Is on Vacation,1977,97,Comedy,8.6,20344,tr,True,0.0,0.0,4.0
tt0252490,movie,The Chaos Class Is Waking Up,1976,94,Comedy,8.7,22488,tr,True,0.0,0.0,3.0
tt0252866,movie,American Pie 2,2001,108,Comedy,6.5,287719,en,True,30000000.0,287553595.0,2.0
tt0253754,movie,Star Trek: Nemesis,2002,116,"Action,Adventure,Sci-Fi",6.4,88134,en,True,60000000.0,67336470.0,4.0
tt0254481,movie,Koi... Mil Gaya,2003,171,"Action,Comedy,Drama",7.2,31570,hi,True,3750000.0,10000000.0,1.0
tt0255819,movie,Baby Boy,2001,130,"Crime,Drama,Romance",6.5,18654,en,True,16000000.0,29381649.0,3.0
tt0257076,movie,S.W.A.T.,2003,117,"Action,Adventure,Crime",6.1,160318,en,True,80000000.0,207700000.0,1.0
tt0257106,movie,Scary Movie 2,2001,83,"Comedy,Horror",5.4,197676,en,True,45000000.0,141220678.0,2.0
tt0257568,movie,Kangaroo Jack,2003,89,"Action,Adventure,Comedy",4.5,36026,en,True,60000000.0,88900000.0,1.0
tt0258463,movie,The Bourne Identity,2002,119,"Action,Mystery,Thriller",7.8,615824,en,True,60000000.0,214034224.0,1.0
tt0258760,movie,Lammbock,2001,93,"Comedy,Crime",7.2,12415,de,True,0.0,0.0,1.0
tt0259324,movie,Ghost Rider,2007,110,"Action,Fantasy,Thriller",5.3,270384,en,True,110000000.0,228738393.0,1.0
tt0259446,movie,My Big Fat Greek Wedding,2002,95,"Comedy,Drama,Romance",6.6,151575,en,True,5000000.0,368744044.0,1.0
tt0261392,movie,Jay and Silent Bob Strike Back,2001,104,Comedy,6.8,166776,en,True,22000000.0,33788161.0,1.0
tt0263488,movie,Jeepers Creepers,2001,90,"Horror,Mystery",6.3,157419,en,True,10000000.0,59217789.0,1.0
tt0264323,movie,2001 Maniacs,2005,87,"Comedy,Horror",5.3,14201,en,True,1500000.0,0.0,1.0
tt0265298,movie,Big Fat Liar,2002,88,"Adventure,Comedy,Family",5.6,43034,en,True,15000000.0,52970014.0,1.0
tt0265632,movie,Recess: School's Out,2001,82,"Adventure,Animation,Comedy",6.5,12586,en,True,10000000.0,44460850.0,1.0
tt0266308,movie,Battle Royale,2000,114,"Action,Drama,Thriller",7.5,207878,ja,True,4500000.0,30600000.0,1.0
tt0266543,movie,Finding Nemo,2003,100,"Adventure,Animation,Comedy",8.2,1213660,en,True,94000000.0,940335536.0,1.0
tt0266697,movie,Kill Bill: Vol. 1,2003,111,"Action,Crime,Thriller",8.2,1312949,en,True,30000000.0,180906076.0,1.0
tt0266915,movie,Rush Hour 2,2001,90,"Action,Comedy,Crime",6.7,261688,en,True,90000000.0,347325802.0,2.0
tt0267129,movie,Yamakasi,2001,90,"Action,Crime,Drama",6.2,14095,fr,True,15000000.0,1297401.0,1.0
tt0267913,movie,Scooby-Doo,2002,86,"Adventure,Comedy,Family",5.4,141938,en,True,84000000.0,275650703.0,1.0
tt0268380,movie,Ice Age,2002,81,"Adventure,Animation,Comedy",7.5,567321,en,True,59000000.0,383257136.0,1.0
tt0270053,movie,Vizontele,2001,110,"Comedy,Drama,History",8.0,41362,tr,True,0.0,0.0,1.0
tt0270846,movie,Superbabies: Baby Geniuses 2,2003,88,"Comedy,Family,Sci-Fi",1.5,32119,en,True,0.0,9109322.0,2.0
tt0271383,movie,A Dog's Will,2000,104,"Comedy,Drama,Fantasy",8.6,21735,pt,True,0.0,4903192.0,1.0
tt0274166,movie,Johnny English,2003,87,"Action,Adventure,Comedy",6.3,186024,en,True,40000000.0,160466000.0,1.0
tt0275847,movie,Lilo & Stitch,2002,85,"Adventure,Animation,Comedy",7.4,245201,en,True,80000000.0,273144151.0,1.0
tt0276919,movie,Dogville,2003,171,"Crime,Drama",8.0,167990,en,True,10000000.0,16690617.0,1.0
tt0277296,movie,The Scorpion King,2002,92,"Action,Adventure,Fantasy",5.5,152031,en,True,60000000.0,165333180.0,1.0
tt0278488,movie,How High,2001,93,"Comedy,Fantasy",6.2,65501,en,True,12000000.0,31200000.0,1.0
tt0279064,movie,Elling,2001,89,"Comedy,Drama",7.4,16715,no,True,0.0,0.0,1.0
tt0279111,movie,Gods and Generals,2003,219,"Biography,Drama,History",6.2,18181,en,True,56000000.0,12923936.0,2.0
tt0279493,movie,Undercover Brother,2002,86,"Action,Comedy",5.9,38129,en,True,25000000.0,41604473.0,1.0
tt0280030,movie,Return to Never Land,2002,72,"Adventure,Animation,Family",5.8,24023,en,True,20000000.0,109862682.0,2.0
tt0281322,movie,Undisputed,2002,94,"Action,Crime,Drama",6.1,35748,en,True,20000000.0,14946150.0,1.0
tt0283111,movie,Van Wilder,2002,92,"Comedy,Romance",6.4,120960,en,True,6000000.0,39241323.0,1.0
tt0283426,movie,The Jungle Book 2,2003,72,"Adventure,Animation,Comedy",5.4,19722,en,True,20000000.0,135700000.0,2.0
tt0283900,movie,The Spanish Apartment,2002,122,"Comedy,Drama,Romance",7.3,44112,fr,True,5300000.0,3897799.0,1.0
tt0284137,movie,Gadar: Ek Prem Katha,2001,170,"Action,Drama,Romance",7.3,16765,hi,True,0.0,0.0,1.0
tt0284837,movie,Ali G Indahouse,2002,87,Comedy,6.2,99831,en,True,7000000.0,23280529.0,1.0
tt0285175,movie,Havoc,2005,85,"Crime,Drama",5.4,22065,en,True,9000000.0,371000.0,1.0
tt0285492,movie,Cube²: Hypercube,2002,94,"Horror,Mystery,Sci-Fi",5.5,71977,en,True,0.0,3563603.0,2.0
tt0285823,movie,Once Upon a Time in Mexico,2003,102,"Action,Crime,Thriller",6.3,176824,en,True,29000000.0,98769390.0,3.0
tt0287635,movie,Pokemon 4Ever: Celebi - Voice of the Forest,2001,75,"Action,Adventure,Animation",5.8,10470,ja,True,0.0,40807089.0,4.0
tt0287717,movie,Spy Kids 2: Island of Lost Dreams,2002,100,"Action,Adventure,Comedy",5.3,77968,en,True,38000000.0,119723358.0,2.0
tt0289043,movie,28 Days Later,2002,113,"Drama,Horror,Sci-Fi",7.5,550527,en,True,8000000.0,82784517.0,1.0
tt0289408,movie,The Powerpuff Girls Movie,2002,73,"Action,Adventure,Animation",6.6,11679,en,True,11000000.0,16426471.0,1.0
tt0289765,movie,Red Dragon,2002,124,"Crime,Drama,Thriller",7.2,312491,en,True,78000000.0,209196298.0,3.0
tt0289848,movie,Analyze That,2002,96,"Comedy,Crime",5.9,93108,en,True,60000000.0,55003135.0,2.0
tt0289879,movie,The Butterfly Effect,2004,113,"Drama,Sci-Fi,Thriller",7.6,557022,en,True,13000000.0,96800000.0,1.0
tt0290002,movie,Meet the Fockers,2004,115,"Comedy,Romance",6.4,302189,en,True,80000000.0,516642939.0,2.0
tt0290334,movie,X2: X-Men United,2003,134,"Action,Sci-Fi,Thriller",7.4,612138,en,True,110000000.0,407711549.0,2.0
tt0293429,movie,Mortal Kombat,2021,110,"Action,Adventure,Fantasy",6.1,216636,en,True,20000000.0,84426031.0,1.0
tt0293564,movie,Rush Hour 3,2007,91,"Action,Comedy,Crime",6.3,200569,en,True,140000000.0,258097122.0,3.0
tt0293662,movie,The Transporter,2002,92,"Action,Crime,Thriller",6.8,338936,en,True,21000000.0,43900000.0,1.0
tt0293715,movie,My Sassy Girl,2001,137,"Comedy,Drama,Romance",7.9,53123,ko,True,0.0,32000000.0,1.0
tt0293815,movie,Friday After Next,2002,85,"Comedy,Drama",5.8,32879,en,True,20000000.0,33526835.0,3.0
tt0295178,movie,Austin Powers in Goldmember,2002,94,"Action,Adventure,Comedy",6.3,235457,en,True,63000000.0,296938801.0,3.0
tt0295297,movie,Harry Potter and the Chamber of Secrets,2002,161,"Adventure,Family,Fantasy",7.5,769383,en,True,100000000.0,876688482.0,2.0
tt0295700,movie,Wrong Turn,2003,84,"Horror,Thriller",6.1,146814,en,True,12600000.0,28650575.0,1.0
tt0295701,movie,xXx,2002,124,"Action,Adventure,Drama",5.9,194185,en,True,70000000.0,277448382.0,1.0
tt0295721,movie,Taxi 3,2003,84,"Action,Comedy,Crime",5.8,48995,fr,True,14500000.0,64497208.0,3.0
tt0296042,movie,Ichi the Killer,2001,129,"Crime,Drama",6.9,64156,ja,True,1400010.0,80631.0,1.0
tt0296572,movie,The Chronicles of Riddick,2004,119,"Action,Adventure,Sci-Fi",6.6,252419,en,True,105000000.0,115772733.0,2.0
tt0297162,movie,Half Past Dead,2002,98,"Action,Crime,Thriller",4.6,17766,en,True,25000000.0,19233280.0,1.0
tt0298130,movie,The Ring,2002,115,"Horror,Mystery",7.1,403761,en,True,48000000.0,249348933.0,1.0
tt0298148,movie,Shrek 2,2004,93,"Adventure,Animation,Comedy",7.4,558328,en,True,150000000.0,932542741.0,2.0
tt0300471,movie,Shanghai Knights,2003,114,"Action,Adventure,Comedy",6.2,117902,en,True,50000000.0,88323487.0,2.0
tt0300532,movie,Blue Crush,2002,104,"Drama,Romance,Sport",5.7,34576,en,True,25000000.0,51842679.0,1.0
tt0301470,movie,Jeepers Creepers 2,2003,104,Horror,5.7,75756,en,True,17000000.0,63102666.0,2.0
tt0303714,movie,Barbershop,2002,102,"Comedy,Drama",6.4,35901,en,True,12000000.0,77063924.0,1.0
tt0303816,movie,Cabin Fever,2002,93,Horror,5.6,89094,en,True,1500000.0,30600000.0,1.0
tt0303933,movie,Drumline,2002,118,"Comedy,Drama,Music",6.0,37815,en,True,20000000.0,57600000.0,1.0
tt0304141,movie,Harry Potter and the Prisoner of Azkaban,2004,142,"Adventure,Family,Fantasy",7.9,770435,en,True,130000000.0,789804554.0,3.0
tt0304669,movie,The Santa Clause 2,2002,104,"Comedy,Family,Fantasy",5.8,69900,en,True,65000000.0,172842355.0,2.0
tt0305357,movie,Charlie's Angels: Full Throttle,2003,106,"Action,Adventure,Comedy",5.0,138116,en,True,120000000.0,259175788.0,2.0
tt0306047,movie,Scary Movie 3,2003,84,Comedy,5.6,175222,en,True,45000000.0,220673217.0,3.0
tt0307987,movie,Bad Santa,2003,92,"Comedy,Crime,Drama",7.0,168012,en,True,23000000.0,76500000.0,1.0
tt0308353,movie,Happily N'Ever After,2006,87,"Adventure,Animation,Comedy",4.5,11624,en,True,47000000.0,38100000.0,1.0
tt0308506,movie,Like Mike,2002,99,"Comedy,Family,Fantasy",5.5,24600,en,True,30000000.0,62300000.0,1.0
tt0309593,movie,Final Destination 2,2003,90,"Horror,Thriller",6.2,219263,en,True,26000000.0,90941129.0,2.0
tt0312843,movie,Suicide Club,2001,99,"Crime,Drama,Horror",6.5,24091,ja,True,250000.0,0.0,1.0
tt0313911,movie,Agent Cody Banks,2003,102,"Action,Adventure,Comedy",5.2,39481,en,True,28000000.0,58795814.0,1.0
tt0315327,movie,Bruce Almighty,2003,101,"Comedy,Fantasy",6.8,472197,en,True,80000000.0,484592874.0,1.0
tt0316654,movie,Spider-Man 2,2004,127,"Action,Adventure,Sci-Fi",7.5,789362,en,True,200000000.0,788976453.0,2.0
tt0317198,movie,Bridget Jones: The Edge of Reason,2004,108,"Comedy,Drama,Romance",6.0,133411,en,True,40000000.0,265126918.0,2.0
tt0317219,movie,Cars,2006,116,"Adventure,Animation,Comedy",7.3,540523,en,True,120000000.0,461983149.0,1.0
tt0317303,movie,Daddy Day Care,2003,92,"Comedy,Family",5.7,79686,en,True,60000000.0,164433867.0,1.0
tt0317676,movie,House of the Dead,2003,90,"Action,Adventure,Horror",2.1,39984,en,True,12000000.0,13818181.0,1.0
tt0317705,movie,The Incredibles,2004,115,"Action,Adventure,Animation",8.0,906181,en,True,92000000.0,631442092.0,1.0
tt0317919,movie,Mission: Impossible III,2006,126,"Action,Adventure,Thriller",6.9,426297,en,True,150000000.0,398479497.0,3.0
tt0318155,movie,Looney Tunes: Back in Action,2003,91,"Adventure,Animation,Comedy",5.8,43288,en,True,80000000.0,68500000.0,1.0
tt0318627,movie,Resident Evil: Apocalypse,2004,94,"Action,Horror,Sci-Fi",6.1,222227,en,True,45000000.0,129342769.0,2.0
tt0320691,movie,Underworld,2003,121,"Action,Fantasy,Thriller",7.0,301612,en,True,22000000.0,95708457.0,1.0
tt0322259,movie,2 Fast 2 Furious,2003,107,"Action,Crime,Thriller",6.0,325854,en,True,76000000.0,236350661.0,2.0
tt0322330,movie,Freaky Friday,2003,97,"Comedy,Family,Fantasy",6.4,178352,en,True,26000000.0,160846332.0,1.0
tt0322589,movie,Honey,2003,94,"Drama,Music,Romance",5.4,49244,en,True,18000000.0,62646763.0,1.0
tt0322802,movie,Jackass: The Movie,2002,85,"Action,Comedy,Documentary",6.6,106650,en,True,5000000.0,64282312.0,1.0
tt0324216,movie,The Texas Chainsaw Massacre,2003,98,Horror,6.2,162805,en,True,9500000.0,107385515.0,1.0
tt0325655,movie,The Eye,2002,99,"Horror,Mystery,Thriller",6.6,31112,cn,True,10706075.0,1766761.0,1.0
tt0325703,movie,Lara Croft: Tomb Raider - The Cradle of Life,2003,117,"Action,Adventure,Fantasy",5.5,151204,en,True,95000000.0,160099222.0,2.0
tt0325980,movie,Pirates of the Caribbean: The Curse of the Black Pearl,2003,143,"Action,Adventure,Fantasy",8.1,1331506,en,True,140000000.0,655011224.0,1.0
tt0327247,movie,The Whole Ten Yards,2004,98,"Comedy,Crime,Thriller",5.5,60780,en,True,40000000.0,26155781.0,2.0
tt0328828,movie,American Wedding,2003,96,Comedy,6.3,229746,en,True,55000000.0,231449203.0,3.0
tt0328880,movie,Brother Bear,2003,85,"Adventure,Animation,Comedy",6.9,137134,en,True,128000000.0,250397798.0,1.0
tt0329028,movie,Dumb and Dumberer: When Harry Met Lloyd,2003,85,Comedy,3.5,44618,en,True,19000000.0,39267515.0,2.0
tt0329101,movie,Freddy vs. Jason,2003,97,Horror,5.8,136591,en,True,30000000.0,116643421.0,11.0
tt0329774,movie,xXx: State of the Union,2005,101,"Action,Adventure,Crime",4.5,76845,en,True,60000000.0,71410636.0,2.0
tt0330243,movie,Day of the Wacko,2002,93,"Comedy,Drama,Romance",8.1,13374,pl,True,0.0,0.0,6.0
tt0330373,movie,Harry Potter and the Goblet of Fire,2005,157,"Adventure,Family,Fantasy",7.7,756982,en,True,150000000.0,895921036.0,4.0
tt0330793,movie,The Punisher,2004,124,"Action,Crime,Drama",6.4,181559,en,True,33000000.0,54700105.0,1.0
tt0331632,movie,Scooby-Doo 2: Monsters Unleashed,2004,93,"Adventure,Comedy,Family",5.4,73522,en,True,80000000.0,181466833.0,2.0
tt0333780,movie,"Legally Blonde 2: Red, White & Blonde",2003,95,Comedy,4.8,79605,en,True,45000000.0,124914842.0,2.0
tt0335345,movie,The Passion of the Christ,2004,127,Drama,7.3,275198,en,True,30000000.0,610063468.0,1.0
tt0337103,movie,Crimson Rivers 2: Angels of the Apocalypse,2004,100,"Action,Crime,Mystery",5.9,22760,fr,True,0.0,40152148.0,2.0
tt0337579,movie,Barbershop 2: Back in Business,2004,106,"Comedy,Drama",5.7,17125,en,True,18000000.0,65070412.0,2.0
tt0337697,movie,The Prince and Me,2004,111,"Comedy,Family,Romance",5.9,43823,en,True,22000000.0,37600000.0,1.0
tt0337978,movie,Live Free or Die Hard,2007,128,"Action,Thriller",7.1,436464,en,True,110000000.0,383531464.0,4.0
tt0338096,movie,Dirty Dancing: Havana Nights,2004,86,"Drama,Music,Romance",5.9,30987,en,True,25000000.0,27685016.0,2.0
tt0338135,movie,The Barbarian Invasions,2003,99,"Comedy,Crime,Drama",7.5,30963,fr,True,8000000.0,34883010.0,2.0
tt0338348,movie,The Polar Express,2004,100,"Adventure,Animation,Family",6.6,272166,en,True,165000000.0,318432432.0,1.0
tt0338459,movie,Spy Kids 3: Game Over,2003,84,"Action,Adventure,Comedy",4.4,71663,en,True,38000000.0,197101678.0,3.0
tt0338564,movie,Infernal Affairs,2002,101,"Crime,Drama,Mystery",8.0,138605,cn,True,6400000.0,8836958.0,1.0
tt0338763,movie,Battle Royale II: Requiem,2003,133,"Action,Drama,Thriller",4.6,22366,ja,True,9080000.0,14902587.0,2.0
tt0342735,movie,Manderlay,2005,133,Drama,7.2,26502,da,True,14200000.0,674918.0,2.0
tt0344854,movie,Arthur and the Invisibles,2006,94,"Adventure,Animation,Comedy",6.0,44712,fr,True,86000000.0,108605609.0,1.0
tt0345950,movie,The SpongeBob SquarePants Movie,2004,87,"Adventure,Animation,Comedy",7.2,111882,en,True,30000000.0,141067890.0,1.0
tt0347246,movie,Ghost in the Shell 2: Innocence,2004,100,"Animation,Drama,Mystery",7.4,42812,ja,True,0.0,10079829.0,2.0
tt0348333,movie,Waiting...,2005,94,Comedy,6.7,113245,en,True,3000000.0,18637690.0,1.0
tt0349205,movie,Cheaper by the Dozen,2003,98,"Comedy,Family",5.9,115751,en,True,40000000.0,190212113.0,1.0
tt0349903,movie,Ocean's Twelve,2004,125,"Crime,Thriller",6.5,438703,en,True,110000000.0,362744280.0,2.0
tt0351283,movie,Madagascar,2005,86,"Adventure,Animation,Comedy",7.0,482889,en,True,75000000.0,542064525.0,1.0
tt0351817,movie,The Twilight Samurai,2002,129,"Drama,Romance",8.0,27132,ja,True,5000000.0,7372769.0,1.0
tt0351977,movie,Walking Tall,2004,86,"Action,Crime",6.2,113570,en,True,46000000.0,57223888.0,1.0
tt0353324,movie,The Crow: Wicked Prayer,2005,99,"Action,Adventure,Comedy",3.0,10521,en,True,8000000.0,0.0,4.0
tt0353489,movie,Ginger Snaps II: Unleashed,2004,94,"Horror,Thriller",6.3,16728,en,True,0.0,0.0,2.0
tt0356470,movie,A Cinderella Story,2004,95,"Comedy,Family,Romance",6.0,102715,en,True,19000000.0,70067909.0,1.0
tt0356634,movie,Garfield: The Movie,2004,80,"Adventure,Comedy,Family",5.1,101203,en,True,50000000.0,200800000.0,1.0
tt0357413,movie,Anchorman: The Legend of Ron Burgundy,2004,94,Comedy,7.1,402680,en,True,26000000.0,90574188.0,1.0
tt0357507,movie,Boogeyman,2005,89,"Drama,Horror,Mystery",4.2,33929,en,True,20000000.0,67192859.0,1.0
tt0358082,movie,Robots,2005,91,"Adventure,Animation,Comedy",6.4,175800,en,True,75000000.0,262511490.0,1.0
tt0358349,movie,Agent Cody Banks 2: Destination London,2004,100,"Action,Adventure,Comedy",4.6,17093,en,True,26000000.0,28818995.0,2.0
tt0359013,movie,Blade: Trinity,2004,113,"Action,Horror,Sci-Fi",5.8,201812,en,True,65000000.0,128905366.0,3.0
tt0360486,movie,Constantine,2005,121,"Action,Fantasy,Horror",7.0,409788,en,True,100000000.0,230900000.0,1.0
tt0362120,movie,Scary Movie 4,2006,83,Comedy,5.1,142035,en,True,40000000.0,178710620.0,4.0
tt0362165,movie,Son of the Mask,2005,94,"Comedy,Family,Fantasy",2.3,62289,en,True,84000000.0,59918422.0,2.0
tt0363771,movie,"The Chronicles of Narnia: The Lion, the Witch and the Wardrobe",2005,143,"Adventure,Family,Fantasy",6.9,459454,en,True,180000000.0,745013115.0,1.0
tt0364385,movie,Ju-on: The Grudge,2002,92,Horror,6.7,52433,ja,True,3500000.0,3657876.0,3.0
tt0364751,movie,Without a Paddle,2004,95,"Adventure,Comedy,Mystery",5.9,54467,en,True,19000000.0,69600000.0,1.0
tt0365265,movie,Ginger Snaps Back: The Beginning,2004,94,"Drama,Horror,Thriller",5.8,12591,en,True,3500000.0,0.0,3.0
tt0365847,movie,The Myth,2005,122,"Action,Adventure,Comedy",6.1,17355,zh,True,15000000.0,6669097.0,1.0
tt0365957,movie,You Got Served,2004,95,"Drama,Music",4.0,28403,en,True,8000000.0,50576805.0,1.0
tt0366174,movie,Anacondas: The Hunt for the Blood Orchid,2004,97,"Action,Adventure,Horror",4.8,37782,en,True,20000000.0,70992898.0,2.0
tt0366292,movie,One Missed Call,2003,112,"Horror,Mystery",6.2,20853,ja,True,1700000.0,17605379.0,1.0
tt0366548,movie,Happy Feet,2006,108,"Adventure,Animation,Comedy",6.4,214570,en,True,100000000.0,384335608.0,1.0
tt0366551,movie,Harold & Kumar Go to White Castle,2004,88,"Adventure,Comedy",7.0,215579,en,True,9000000.0,23936908.0,1.0
tt0367652,movie,Deuce Bigalow: European Gigolo,2005,83,Comedy,4.7,56415,en,True,22000000.0,45109561.0,2.0
tt0367882,movie,Indiana Jones and the Kingdom of the Crystal Skull,2008,122,"Action,Adventure",6.2,515294,en,True,185000000.0,786636033.0,4.0
tt0367913,movie,Ju-On: The Grudge 2,2003,92,"Drama,Horror,Mystery",6.3,12240,ja,True,20000000.0,70700000.0,4.0
tt0368578,movie,Are We There Yet?,2005,95,"Adventure,Comedy,Family",4.8,37215,en,True,32000000.0,97918663.0,1.0
tt0368891,movie,National Treasure,2004,131,"Action,Adventure,Mystery",6.9,378680,en,True,100000000.0,347500000.0,1.0
tt0368909,movie,Ong-Bak: The Thai Warrior,2003,105,"Action,Crime,Thriller",7.2,81756,th,True,1100000.0,20112926.0,1.0
tt0368933,movie,The Princess Diaries 2: Royal Engagement,2004,113,"Comedy,Family,Romance",5.9,97880,en,True,40000000.0,134734481.0,2.0
tt0369060,movie,Infernal Affairs II,2003,119,"Action,Crime,Drama",7.2,21301,cn,True,125000.0,3208262.0,2.0
tt0369226,movie,Alone in the Dark,2005,96,"Action,Horror,Sci-Fi",2.4,46204,en,True,20000000.0,12693645.0,1.0
tt0369610,movie,Jurassic World,2015,124,"Action,Adventure,Sci-Fi",6.9,732120,en,True,150000000.0,1671537444.0,4.0
tt0370263,movie,Alien vs. Predator,2004,101,"Action,Adventure,Horror",5.7,233703,en,True,70000000.0,177427090.0,1.0
tt0371552,movie,Asterix and the Vikings,2006,78,"Adventure,Animation,Comedy",6.0,13634,fr,True,0.0,22501596.0,8.0
tt0371746,movie,Iron Man,2008,126,"Action,Adventure,Sci-Fi",7.9,1230352,en,True,140000000.0,585174222.0,1.0
tt0372183,movie,The Bourne Supremacy,2004,108,"Action,Mystery,Thriller",7.7,514726,en,True,75000000.0,288500217.0,2.0
tt0372784,movie,Batman Begins,2005,140,Crime,8.2,1722682,en,True,150000000.0,374218673.0,1.0
tt0373051,movie,Journey to the Center of the Earth,2008,93,"Action,Adventure,Family",5.8,141662,en,True,45000000.0,101702060.0,1.0
tt0373283,movie,Saints and Soldiers,2003,90,"Action,Drama,War",6.6,22094,en,True,780000.0,1310470.0,1.0
tt0373883,movie,Halloween,2007,109,Horror,6.1,139262,en,True,15000000.0,80460948.0,1.0
tt0373889,movie,Harry Potter and the Order of the Phoenix,2007,138,"Adventure,Family,Fantasy",7.5,703831,en,True,150000000.0,938212738.0,5.0
tt0374102,movie,Open Water,2003,79,"Adventure,Drama,Horror",5.8,59281,en,True,120000.0,54683487.0,1.0
tt0374339,movie,Infernal Affairs III,2003,118,"Action,Crime,Drama",6.8,15841,cn,True,250000.0,4468597.0,3.0
tt0374345,movie,The Memory of a Killer,2003,123,"Action,Crime,Drama",7.2,11031,nl,True,0.0,0.0,1.0
tt0374569,movie,Che: Part Two,2008,135,"Biography,Drama,History",6.8,36497,en,True,58000000.0,8638163.0,2.0
tt0374887,movie,Munna Bhai M.B.B.S.,2003,156,"Comedy,Drama",8.2,98670,hi,True,0.0,0.0,1.0
tt0375210,movie,White Noise,2005,101,"Drama,Horror,Mystery",5.5,53150,en,True,10000000.0,91196419.0,1.0
tt0376994,movie,X-Men: The Last Stand,2006,104,"Action,Adventure,Sci-Fi",6.6,573678,en,True,210000000.0,459359555.0,3.0
tt0377092,movie,Mean Girls,2004,97,Comedy,7.1,488005,en,True,17000000.0,130195052.0,1.0
tt0377109,movie,The Ring Two,2005,110,"Horror,Mystery",5.4,106111,en,True,50000000.0,161451538.0,2.0
tt0377471,movie,Be Cool,2005,119,"Comedy,Crime,Music",5.6,75191,en,True,53000000.0,95200000.0,2.0
tt0377713,movie,Cube Zero,2004,97,"Drama,Mystery,Sci-Fi",5.6,43545,en,True,825000.0,0.0,3.0
tt0377818,movie,The Dukes of Hazzard,2005,104,"Action,Adventure,Comedy",5.2,85104,en,True,50000000.0,110803676.0,1.0
tt0377981,movie,Gnomeo & Juliet,2011,84,"Adventure,Animation,Comedy",5.9,64166,en,True,36000000.0,189712432.0,1.0
tt0378109,movie,Into the Blue,2005,110,"Action,Adventure,Crime",5.9,84784,en,True,50000000.0,46117696.0,1.0
tt0378194,movie,Kill Bill: Vol. 2,2004,137,"Action,Crime,Thriller",8.0,873276,en,True,30000000.0,152159461.0,2.0
tt0379225,movie,The Corporation,2003,145,"Documentary,History",8.0,22323,en,True,0.0,4500000.0,1.0
tt0380268,movie,Cocaine Cowboys,2006,118,"Crime,Documentary,History",7.7,14714,en,True,0.0,167078.0,1.0
tt0380389,movie,Goal! The Dream Begins,2005,118,"Drama,Romance,Sport",6.7,68938,en,True,10000000.0,27610873.0,1.0
tt0381061,movie,Casino Royale,2006,144,"Action,Adventure,Thriller",8.0,748668,en,True,150000000.0,599045960.0,22.0
tt0381681,movie,Before Sunset,2004,80,"Drama,Romance",8.1,316851,en,True,2700000.0,15992615.0,2.0
tt0381971,movie,Curious George,2006,87,"Adventure,Animation,Comedy",6.5,19581,en,True,50000000.0,69834815.0,1.0
tt0382330,movie,As It Is in Heaven,2004,133,"Comedy,Drama,Music",7.5,19312,sv,True,0.0,0.0,1.0
tt0382625,movie,The Da Vinci Code,2006,149,"Mystery,Thriller",6.7,487367,en,True,125000000.0,760006945.0,1.0
tt0383216,movie,The Pink Panther,2006,93,"Adventure,Comedy,Crime",5.7,99530,en,True,65000000.0,158851357.0,1.0
tt0383222,movie,BloodRayne,2005,95,"Action,Fantasy,Horror",3.0,38694,en,True,25000000.0,3650275.0,1.0
tt0383574,movie,Pirates of the Caribbean: Dead Man's Chest,2006,151,"Action,Adventure,Fantasy",7.4,829553,en,True,200000000.0,1066179747.0,2.0
tt0384116,movie,G.O.R.A.,2004,127,"Adventure,Comedy,Sci-Fi",8.0,71921,tr,True,0.0,0.0,1.0
tt0384537,movie,Silent Hill,2006,125,"Horror,Mystery",6.5,261659,en,True,50000000.0,100605135.0,1.0
tt0384806,movie,The Amityville Horror,2005,90,Horror,5.9,122891,en,True,19000000.0,107516369.0,9.0
tt0384819,movie,Azumi,2003,128,"Action,Adventure,Drama",6.7,15530,ja,True,0.0,0.0,1.0
tt0385002,movie,Green Street Hooligans,2005,109,"Crime,Drama,Sport",7.4,171858,en,True,0.0,4333271.0,1.0
tt0385307,movie,Miss Congeniality 2: Armed and Fabulous,2005,115,"Action,Comedy,Crime",5.2,85332,en,True,0.0,101393569.0,2.0
tt0385700,movie,Final Fantasy VII: Advent Children,2005,101,"Action,Adventure,Animation",7.1,59794,ja,True,0.0,0.0,1.0
tt0386005,movie,New Police Story,2004,123,"Action,Crime,Thriller",6.9,31033,cn,True,20000000.0,8712057.0,5.0
tt0386140,movie,The Legend of Zorro,2005,129,"Action,Adventure,Drama",6.0,115060,en,True,75000000.0,142400065.0,2.0
tt0387564,movie,Saw,2004,103,"Horror,Mystery,Thriller",7.6,512717,en,True,1200000.0,104045735.0,1.0
tt0387575,movie,Seed of Chucky,2004,87,"Comedy,Horror,Thriller",4.9,53387,en,True,12000000.0,24829644.0,5.0
tt0388482,movie,Transporter 2,2005,87,"Action,Thriller",6.3,226475,en,True,32000000.0,89100000.0,2.0
tt0389722,movie,30 Days of Night,2007,113,"Horror,Thriller",6.6,201959,en,True,30000000.0,80276156.0,1.0
tt0390521,movie,Super Size Me,2004,100,Documentary,7.2,115296,en,True,65000.0,28575078.0,1.0
tt0391198,movie,The Grudge,2004,91,"Horror,Mystery,Thriller",5.9,158648,en,True,10000000.0,183474602.0,1.0
tt0393635,movie,Reeker,2005,90,"Horror,Mystery,Thriller",5.1,11389,en,True,0.0,2289000.0,1.0
tt0395584,movie,The Devil's Rejects,2005,107,"Crime,Drama,Horror",6.7,111401,en,True,7000000.0,20901859.0,2.0
tt0396184,movie,Pusher II,2004,100,"Action,Crime,Drama",7.3,29744,da,True,0.0,0.0,2.0
tt0396752,movie,Nanny McPhee,2005,97,"Comedy,Family,Fantasy",6.6,92071,en,True,25000000.0,123276807.0,1.0
tt0398286,movie,Tangled,2010,100,"Adventure,Animation,Comedy",7.7,548247,en,True,260000000.0,592461732.0,1.0
tt0399102,movie,Godzilla: Final Wars,2004,125,"Action,Adventure,Fantasy",6.3,10814,ja,True,19500000.0,12000000.0,6.0
tt0399295,movie,Lord of War,2005,122,"Crime,Drama",7.6,360480,en,True,50000000.0,72600000.0,1.0
tt0399854,movie,Vizontele Tuuba,2003,111,"Comedy,Drama,History",6.5,17475,tr,True,0.0,0.0,2.0
tt0399877,movie,What the #$*! Do We (K)now!?,2004,109,"Comedy,Documentary,Drama",5.2,14128,en,True,0.0,10000000.0,1.0
tt0400497,movie,Herbie: Fully Loaded,2005,101,"Adventure,Comedy,Family",5.0,54562,en,True,50000000.0,144100000.0,6.0
tt0400717,movie,Open Season,2006,86,"Adventure,Animation,Comedy",6.1,114833,en,True,85000000.0,200811689.0,1.0
tt0401233,movie,Appleseed,2004,101,"Action,Adventure,Animation",6.9,19023,ja,True,10000000.0,1461989.0,2.0
tt0401792,movie,Sin City,2005,124,"Crime,Thriller",8.0,821702,en,True,40000000.0,158733820.0,1.0
tt0401855,movie,Underworld: Evolution,2006,106,"Action,Fantasy,Thriller",6.7,218376,en,True,50000000.0,111476513.0,2.0
tt0402014,movie,Ab Tak Chhappan,2004,129,"Crime,Drama",7.8,10078,hi,True,0.0,0.0,1.0
tt0403358,movie,Night Watch,2004,114,"Action,Fantasy,Horror",6.4,57152,ru,True,10000000.0,50336279.0,1.0
tt0403508,movie,The Sisterhood of the Traveling Pants,2005,119,"Comedy,Drama,Romance",6.5,67381,en,True,25000000.0,39053061.0,1.0
tt0409184,movie,Russian Dolls,2005,125,"Comedy,Drama,Romance",6.9,21965,fr,True,13000000.0,23727301.0,2.0
tt0409904,movie,Day Watch,2006,132,"Action,Fantasy,Horror",6.4,36440,ru,True,4200000.0,42918532.0,2.0
tt0410377,movie,Nim's Island,2008,96,"Adventure,Family,Fantasy",6.0,38325,en,True,37000000.0,100104565.0,1.0
tt0411272,movie,Mesrine: Public Enemy No. 1,2008,133,"Action,Biography,Crime",7.4,32491,fr,True,25000000.0,15000000.0,2.0
tt0411477,movie,Hellboy II: The Golden Army,2008,120,"Action,Adventure,Fantasy",7.0,299287,en,True,85000000.0,160388063.0,2.0
tt0411951,movie,Tekken,2010,92,"Action,Crime,Drama",4.8,29822,en,True,30000000.0,1697207.0,1.0
tt0413099,movie,Evan Almighty,2007,96,"Comedy,Family,Fantasy",5.5,163481,en,True,175000000.0,174440724.0,2.0
tt0413267,movie,Shrek the Third,2007,93,"Adventure,Animation,Comedy",6.1,362178,en,True,160000000.0,808310187.0,3.0
tt0413300,movie,Spider-Man 3,2007,139,"Action,Adventure,Sci-Fi",6.3,703800,en,True,258000000.0,894983373.0,3.0
tt0414055,movie,Elizabeth: The Golden Age,2007,114,"Biography,Drama,History",6.8,78263,en,True,55000000.0,74237563.0,2.0
tt0414852,movie,District B13,2004,84,"Action,Crime,Sci-Fi",7.1,77753,fr,True,12000000.0,11169386.0,1.0
tt0414982,movie,Final Destination 3,2006,93,"Horror,Thriller",5.9,185774,en,True,25000000.0,118890272.0,3.0
tt0416315,movie,Wolf Creek,2005,99,"Horror,Thriller",6.2,84792,en,True,1000000.0,30894796.0,1.0
tt0416449,movie,300,2006,117,"Action,Drama",7.6,915258,en,True,65000000.0,456082343.0,1.0
tt0417741,movie,Harry Potter and the Half-Blood Prince,2009,153,"Adventure,Family,Fantasy",7.6,663796,en,True,250000000.0,933959197.0,6.0
tt0418279,movie,Transformers,2007,144,"Action,Adventure,Sci-Fi",7.1,721375,en,True,150000000.0,709709780.0,1.0
tt0418689,movie,Flags of Our Fathers,2006,135,"Action,Adventure,Drama",7.1,134629,en,True,90000000.0,65900249.0,1.0
tt0418763,movie,Jarhead,2005,125,"Biography,Drama,War",7.0,225647,en,True,72000000.0,97076152.0,1.0
tt0418819,movie,Land of the Dead,2005,93,"Horror,Sci-Fi,Thriller",6.2,105176,en,True,15000000.0,47074133.0,4.0
tt0419058,movie,Phir Hera Pheri,2006,153,"Comedy,Crime",7.4,32370,hi,True,4000000.0,15360000.0,2.0
tt0419706,movie,Doom,2005,102,"Action,Horror,Sci-Fi",5.2,124429,en,True,60000000.0,58100000.0,1.0
tt0419946,movie,The Marine,2006,92,"Action,Comedy,Drama",4.8,37513,en,True,20000000.0,22165608.0,1.0
tt0420251,movie,Three... Extremes,2004,125,Horror,6.9,22012,ko,True,77532.0,516930.0,3.0
tt0420294,movie,The Texas Chainsaw Massacre: The Beginning,2006,91,Horror,5.8,82222,en,True,16000000.0,50517763.0,2.0
tt0421073,movie,Street Kings,2008,109,"Action,Crime,Thriller",6.8,128609,en,True,20000000.0,66476363.0,1.0
tt0421729,movie,Big Momma's House 2,2006,99,"Comedy,Crime",4.8,49544,en,True,40000000.0,141522961.0,2.0
tt0422091,movie,Dhoom,2004,129,"Action,Adventure,Crime",6.7,24842,hi,True,1500000.0,12000000.0,1.0
tt0422093,movie,Diary of a Mad Black Woman,2005,116,"Comedy,Drama,Romance",5.8,17074,en,True,5500000.0,50652203.0,1.0
tt0422401,movie,Hatchet,2006,93,"Comedy,Horror,Thriller",5.7,36396,en,True,1500000.0,155873.0,1.0
tt0422774,movie,Are We Done Yet?,2007,92,"Comedy,Family",4.4,24096,en,True,0.0,58400000.0,2.0
tt0423294,movie,Surf's Up,2007,85,"Adventure,Animation,Comedy",6.7,103051,en,True,85000000.0,149000000.0,1.0
tt0424345,movie,Clerks II,2006,97,Comedy,7.3,144682,en,True,5000000.0,26986174.0,2.0
tt0424774,movie,The Adventures of Sharkboy and Lavagirl 3-D,2005,93,"Action,Adventure,Comedy",3.8,46736,en,True,50000000.0,72000000.0,1.0
tt0425379,movie,Pusher III,2005,108,"Crime,Drama,Thriller",7.3,21141,da,True,0.0,0.0,3.0
tt0425430,movie,The Messengers,2007,90,"Drama,Horror,Mystery",5.4,42833,en,True,16000000.0,55060212.0,1.0
tt0425601,movie,Trailer Park Boys: The Movie,2006,95,"Comedy,Crime",7.1,14200,en,True,5000000.0,3833507.0,2.0
tt0425637,movie,Red Cliff,2008,148,"Action,Adventure,Drama",7.3,50501,zh,True,80341000.0,250100000.0,1.0
tt0426459,movie,Feast,2005,95,"Action,Comedy,Horror",6.2,36191,en,True,3200000.0,658573.0,1.0
tt0427954,movie,The Protector,2005,83,"Action,Crime,Drama",7.0,40392,th,True,6000000.0,27165581.0,1.0
tt0428803,movie,March of the Penguins,2005,80,"Documentary,Family",7.5,62390,fr,True,8000000.0,127392693.0,1.0
tt0430912,movie,Basic Instinct 2,2006,114,"Drama,Mystery,Thriller",4.4,43854,en,True,70000000.0,38629478.0,2.0
tt0432021,movie,Resident Evil: Extinction,2007,94,"Action,Horror,Sci-Fi",6.2,216652,en,True,45000000.0,147717833.0,3.0
tt0432047,movie,Sarkar,2005,124,"Crime,Drama",7.6,18848,hi,True,1900000.0,5900000.0,1.0
tt0432348,movie,Saw II,2005,93,"Horror,Mystery",6.6,298119,en,True,4000000.0,152925093.0,2.0
tt0432637,movie,Krrish,2006,154,"Action,Sci-Fi",6.5,28535,hi,True,5000000.0,16000000.0,2.0
tt0433386,movie,The Grudge 2,2006,102,"Horror,Thriller",5.1,53734,en,True,20000000.0,39143839.0,2.0
tt0434008,movie,Election,2005,101,"Crime,Drama,Thriller",7.1,12433,cn,True,0.0,0.0,1.0
tt0435625,movie,The Descent,2005,99,"Adventure,Horror,Thriller",7.2,274168,en,True,3500000.0,57130027.0,1.0
tt0435680,movie,Kidulthood,2006,89,"Crime,Drama,Romance",6.7,20356,en,True,994000.0,165000.0,1.0
tt0435761,movie,Toy Story 3,2010,103,"Adventure,Animation,Comedy",8.3,978378,en,True,200000000.0,1067316101.0,3.0
tt0437179,movie,See No Evil,2006,84,"Action,Horror,Thriller",5.1,30901,en,True,8000000.0,18700000.0,1.0
tt0437857,movie,Behind the Mask: The Rise of Leslie Vernon,2006,92,"Comedy,Horror,Thriller",6.7,27217,en,True,0.0,69136.0,1.0
tt0437863,movie,The Benchwarmers,2006,85,"Comedy,Sport",5.6,58712,en,True,33000000.0,65000000.0,1.0
tt0438097,movie,Ice Age: The Meltdown,2006,91,"Adventure,Animation,Comedy",6.8,319535,en,True,80000000.0,660998756.0,2.0
tt0438488,movie,Terminator Salvation,2009,115,"Action,Adventure,Sci-Fi",6.5,393725,en,True,200000000.0,371353001.0,4.0
tt0440963,movie,The Bourne Ultimatum,2007,115,"Action,Mystery,Thriller",8.0,685524,en,True,70000000.0,442824138.0,3.0
tt0441048,movie,Dhoom 2,2006,152,"Action,Adventure,Crime",6.6,33120,hi,True,11000000.0,46396427.0,2.0
tt0441773,movie,Kung Fu Panda,2008,92,"Action,Adventure,Animation",7.6,583728,en,True,130000000.0,632091832.0,1.0
tt0443453,movie,Borat,2006,84,Comedy,7.4,479625,en,True,18000000.0,262552893.0,1.0
tt0443473,movie,The Condemned,2007,113,"Action,Crime,Thriller",6.0,56071,en,True,20000000.0,8600000.0,1.0
tt0443536,movie,Hoodwinked,2005,80,"Adventure,Animation,Comedy",6.5,72396,en,True,8000000.0,110000000.0,1.0
tt0443701,movie,The X Files: I Want to Believe,2008,104,"Adventure,Crime,Drama",5.9,96743,en,True,30000000.0,69363381.0,2.0
tt0448115,movie,Shazam!,2019,132,"Action,Adventure,Comedy",7.0,415102,en,True,80000000.0,367799011.0,1.0
tt0448694,movie,Puss in Boots,2011,90,"Action,Adventure,Animation",6.6,212523,en,True,130000000.0,554987477.0,1.0
tt0449086,movie,Dominion: Prequel to the Exorcist,2005,117,"Drama,Horror,Thriller",5.1,15015,en,True,30000000.0,251495.0,5.0
tt0449088,movie,Pirates of the Caribbean: At World's End,2007,169,"Action,Adventure,Fantasy",7.2,747031,en,True,300000000.0,961691209.0,3.0
tt0450278,movie,Hostel,2005,94,Horror,5.9,204991,en,True,4800000.0,81979826.0,1.0
tt0450314,movie,Punisher: War Zone,2008,103,"Action,Crime,Drama",5.9,71384,en,True,20500000.0,10089373.0,2.0
tt0451279,movie,Wonder Woman,2017,141,"Action,Adventure,Fantasy",7.3,737364,en,True,149000000.0,823970682.0,1.0
tt0452598,movie,Cheaper by the Dozen 2,2005,94,"Adventure,Comedy,Family",5.6,67242,en,True,60000000.0,129181830.0,2.0
tt0452608,movie,Death Race,2008,105,"Action,Sci-Fi,Thriller",6.4,228814,en,True,45000000.0,76000000.0,1.0
tt0452681,movie,The Santa Clause 3: The Escape Clause,2006,92,"Adventure,Comedy,Family",4.9,46776,en,True,12000000.0,84500122.0,3.0
tt0452702,movie,Vacancy,2007,85,"Horror,Thriller",6.2,113446,en,True,19000000.0,35300645.0,1.0
tt0453451,movie,Mr. Bean's Holiday,2007,90,"Comedy,Family",6.4,142456,en,True,25000000.0,232225908.0,2.0
tt0454841,movie,The Hills Have Eyes,2006,107,"Horror,Thriller",6.4,196400,en,True,15000000.0,69623713.0,1.0
tt0454848,movie,Inside Man,2006,129,"Crime,Drama,Mystery",7.6,426113,en,True,45000000.0,186003591.0,1.0
tt0454919,movie,Pulse,2006,90,"Horror,Sci-Fi,Thriller",4.7,32331,en,True,38000000.0,29907685.0,1.0
tt0455326,movie,Aqua Teen Hunger Force Colon Movie Film for Theaters,2007,86,"Action,Adventure,Animation",6.7,14891,en,True,750000.0,5500000.0,1.0
tt0455362,movie,The Breed,2006,91,"Action,Comedy,Horror",5.1,15334,en,True,0.0,1675484.0,1.0
tt0455499,movie,Garfield: A Tail of Two Kitties,2006,82,"Adventure,Comedy,Family",5.0,51155,en,True,60000000.0,141700000.0,2.0
tt0455612,movie,Madea's Family Reunion,2006,107,"Comedy,Drama,Romance",5.4,12735,en,True,6000000.0,63368939.0,2.0
tt0455944,movie,The Equalizer,2014,132,"Action,Crime,Thriller",7.3,468349,en,True,55000000.0,192330738.0,1.0
tt0456144,movie,Lage Raho Munna Bhai,2006,144,"Comedy,Drama,Romance",8.0,53594,hi,True,1800000.0,31517561.0,2.0
tt0457297,movie,The Butterfly Effect 2,2006,92,"Drama,Sci-Fi,Thriller",4.5,38784,en,True,6000000.0,0.0,2.0
tt0458339,movie,Captain America: The First Avenger,2011,124,"Action,Adventure,Sci-Fi",6.9,971935,en,True,140000000.0,370569774.0,1.0
tt0458352,movie,The Devil Wears Prada,2006,109,"Comedy,Drama",7.0,559266,en,True,35000000.0,326588371.0,1.0
tt0458481,movie,Sin City: A Dame to Kill For,2014,102,"Action,Adventure,Crime",6.5,179168,en,True,65000000.0,39407616.0,2.0
tt0458525,movie,X-Men Origins: Wolverine,2009,107,"Action,Sci-Fi",6.5,569453,en,True,150000000.0,373062864.0,1.0
tt0460780,movie,In the Name of the King: A Dungeon Siege Tale,2007,127,"Action,Adventure,Fantasy",3.8,50602,en,True,60000000.0,13097915.0,1.0
tt0461770,movie,Enchanted,2007,107,"Adventure,Animation,Comedy",7.1,225722,en,True,85000000.0,340487652.0,1.0
tt0461936,movie,Don,2006,171,"Action,Crime,Thriller",7.2,44753,hi,True,5000000.0,15000000.0,1.0
tt0462244,movie,Daddy Day Camp,2007,93,"Comedy,Family",3.3,18930,en,True,6000000.0,18197398.0,2.0
tt0462499,movie,Rambo,2008,92,"Action,Thriller",7.0,257222,en,True,50000000.0,113200000.0,4.0
tt0462538,movie,The Simpsons Movie,2007,87,"Adventure,Animation,Comedy",7.3,364118,en,True,75000000.0,527068851.0,1.0
tt0462590,movie,Step Up,2006,104,"Crime,Drama,Music",6.5,134729,en,True,12000000.0,114197742.0,1.0
tt0463854,movie,28 Weeks Later,2007,100,"Horror,Sci-Fi",6.8,365349,en,True,15000000.0,72304846.0,2.0
tt0463872,movie,Asterix at the Olympic Games,2008,116,"Adventure,Comedy,Family",5.2,35165,fr,True,97250400.0,131856927.0,3.0
tt0463985,movie,The Fast and the Furious: Tokyo Drift,2006,104,"Action,Crime,Thriller",6.1,333878,en,True,85000000.0,158964610.0,3.0
tt0464154,movie,Piranha 3D,2010,88,"Comedy,Horror",5.5,102461,en,True,24000000.0,83188165.0,1.0
tt0464913,movie,"OSS 117: Cairo, Nest of Spies",2006,99,"Action,Adventure,Comedy",7.0,25413,fr,True,15200000.0,23055884.0,1.0
tt0465234,movie,National Treasure: Book of Secrets,2007,124,"Action,Adventure,Mystery",6.5,267988,en,True,130000000.0,459200000.0,2.0
tt0465494,movie,Hitman,2007,89,"Action,Crime,Thriller",6.2,187008,en,True,24000000.0,101276318.0,1.0
tt0468569,movie,The Dark Knight,2008,152,"Crime,Thriller",9.1,3184025,en,True,185000000.0,1004558444.0,2.0
tt0470055,movie,Open Water 2: Adrift,2006,94,"Adventure,Drama,Horror",5.2,21303,en,True,1200000.0,6816129.0,2.0
tt0470883,movie,Magic Carpet Ride,2005,106,"Comedy,Crime",7.4,37664,tr,True,0.0,14188490.0,1.0
tt0472181,movie,The Smurfs,2011,103,"Adventure,Animation,Comedy",5.4,105022,en,True,110000000.0,563749323.0,1.0
tt0472399,movie,The Mechanic,2011,93,"Action,Crime,Thriller",6.5,183395,en,True,40000000.0,51070807.0,1.0
tt0472458,movie,Dumplings,2004,91,"Drama,Horror",6.7,11242,cn,True,0.0,0.0,2.0
tt0473360,movie,Goal II: Living the Dream,2007,115,"Drama,Sport",5.8,35484,en,True,10000000.0,7864905.0,2.0
tt0475394,movie,Smokin' Aces,2006,109,"Action,Comedy,Crime",6.6,157958,en,True,17000000.0,57103895.0,1.0
tt0477347,movie,Night at the Museum,2006,108,"Adventure,Comedy,Family",6.5,412112,en,True,110000000.0,574480841.0,1.0
tt0478024,movie,Kill Zone,2005,93,"Action,Crime,Thriller",6.9,13970,cn,True,0.0,0.0,1.0
tt0478311,movie,Knocked Up,2007,129,"Comedy,Romance",6.9,400699,en,True,30000000.0,219900000.0,1.0
tt0478970,movie,Ant-Man,2015,117,"Action,Comedy,Sci-Fi",7.2,783725,en,True,130000000.0,519311965.0,1.0
tt0479143,movie,Rocky Balboa,2006,102,"Drama,Sport",7.1,243923,en,True,24000000.0,155929020.0,6.0
tt0479647,movie,Bon Cop Bad Cop,2006,117,"Action,Comedy,Crime",6.7,13665,fr,True,8000000.0,12671300.0,1.0
tt0479884,movie,Crank,2006,88,"Action,Crime,Thriller",6.9,278227,en,True,12000000.0,42900000.0,1.0
tt0479952,movie,Madagascar: Escape 2 Africa,2008,89,"Adventure,Animation,Comedy",6.7,272572,en,True,150000000.0,603900354.0,2.0
tt0480239,movie,Atlas Shrugged: Part I,2011,97,"Drama,Mystery,Sci-Fi",5.6,14818,en,True,20000000.0,4627375.0,1.0
tt0480249,movie,I Am Legend,2007,101,"Drama,Horror,Sci-Fi",7.2,881097,en,True,150000000.0,585410052.0,1.0
tt0480271,movie,Van Wilder: The Rise of Taj,2006,97,"Comedy,Romance",4.8,24764,en,True,0.0,6086508.0,2.0
tt0481499,movie,The Croods,2013,98,"Adventure,Animation,Comedy",7.1,252865,en,True,135000000.0,587204668.0,1.0
tt0481536,movie,Harold & Kumar Escape from Guantanamo Bay,2008,102,"Adventure,Comedy",6.5,146340,en,True,12000000.0,43493123.0,2.0
tt0482603,movie,Space Chimps,2008,81,"Adventure,Animation,Comedy",4.5,13422,en,True,37000000.0,64762724.0,1.0
tt0482606,movie,The Strangers,2008,86,"Horror,Mystery,Thriller",6.1,157923,en,True,9000000.0,83051676.0,1.0
tt0482629,movie,The Ultimate Gift,2006,114,"Drama,Family,Romance",7.3,23314,en,True,9000000.0,3438735.0,1.0
tt0485323,movie,Fullmetal Alchemist the Movie: Conqueror of Shamballa,2005,105,"Action,Adventure,Animation",7.3,12962,ja,True,0.0,10197984.0,1.0
tt0486576,movie,Fantastic Four: Rise of the Silver Surfer,2007,92,"Action,Adventure,Fantasy",5.6,300136,en,True,130000000.0,301913131.0,2.0
tt0488798,movie,Welcome,2007,150,"Comedy,Crime,Drama",7.2,29866,hi,True,0.0,36500000.0,1.0
tt0489037,movie,Who Killed the Electric Car?,2006,92,Documentary,7.6,12937,en,True,1000000.0,1678874.0,1.0
tt0489270,movie,Saw III,2006,108,"Horror,Mystery,Thriller",6.2,229005,en,True,10000000.0,164874275.0,3.0
tt0492044,movie,The Haunting in Connecticut,2009,92,"Drama,Horror,Mystery",5.9,68140,en,True,10000000.0,77578320.0,1.0
tt0493264,movie,Valley of the Wolves: Iraq,2006,122,"Action,Drama,War",5.7,19523,tr,True,10000000.0,0.0,1.0
tt0493430,movie,Jackass Number Two,2006,92,"Action,Comedy,Documentary",7.0,83663,en,True,11000000.0,72778712.0,2.0
tt0495034,movie,Golmaal: Fun Unlimited,2006,150,"Action,Comedy,Drama",7.5,21724,hi,True,1800000.0,4900000.0,1.0
tt0496436,movie,White Noise 2: The Light,2007,99,"Drama,Fantasy,Horror",5.7,14264,en,True,0.0,0.0,2.0
tt0496806,movie,Ocean's Thirteen,2007,122,"Crime,Thriller",6.9,388183,en,True,85000000.0,311312624.0,3.0
tt0497116,movie,An Inconvenient Truth,2006,96,Documentary,7.4,87013,en,True,1000000.0,46243000.0,1.0
tt0498353,movie,Hostel: Part II,2007,94,Horror,5.5,102369,en,True,10200000.0,35728183.0,2.0
tt0498380,movie,Letters from Iwo Jima,2006,141,"Action,Adventure,Drama",7.8,177439,en,True,19000000.0,68673228.0,2.0
tt0498381,movie,Rings,2017,102,"Drama,Horror,Mystery",4.5,46003,en,True,25000000.0,83080890.0,3.0
tt0499448,movie,The Chronicles of Narnia: Prince Caspian,2008,150,"Action,Adventure,Family",6.5,240155,en,True,225000000.0,419665568.0,2.0
tt0499487,movie,Goal! III,2009,96,"Drama,Romance,Sport",3.2,13726,en,True,10000000.0,7641.0,3.0
tt0499549,movie,Avatar,2009,162,"Action,Adventure,Fantasy",7.9,1504153,en,True,237000000.0,2923706026.0,1.0
tt0499554,movie,Reno 911!: Miami,2007,84,"Comedy,Crime",5.9,28750,en,True,10000000.0,20342161.0,1.0
tt0756683,movie,The Man from Earth,2007,87,"Drama,Fantasy,Mystery",7.8,219362,en,True,200000.0,0.0,1.0
tt0758730,movie,Aliens vs. Predator: Requiem,2007,94,"Action,Horror,Sci-Fi",4.6,147392,en,True,40000000.0,130290885.0,2.0
tt0758742,movie,Death Note,2006,126,"Crime,Drama,Fantasy",7.5,33422,ja,True,20000000.0,29667169.0,1.0
tt0770828,movie,Man of Steel,2013,143,"Action,Adventure,Sci-Fi",7.1,869948,en,True,225000000.0,668045518.0,1.0
tt0775539,movie,Stomp the Yard,2007,115,"Drama,Music,Romance",5.5,24278,en,True,13000000.0,75511123.0,1.0
tt0779982,movie,Black Sheep,2006,87,"Comedy,Horror,Sci-Fi",5.8,43649,en,True,0.0,5000000.0,1.0
tt0785035,movie,Ong Bak 2,2008,98,Action,6.2,33215,th,True,8500000.0,8936663.0,2.0
tt0790686,movie,Mirrors,2008,110,"Horror,Mystery",6.1,119649,en,True,35000000.0,72400000.0,1.0
tt0790724,movie,Jack Reacher,2012,130,"Action,Thriller",7.0,392964,en,True,60000000.0,218300000.0,1.0
tt0790736,movie,R.I.P.D.,2013,96,"Action,Adventure,Comedy",5.6,151907,en,True,130000000.0,61600000.0,1.0
tt0795421,movie,Mamma Mia!,2008,108,"Comedy,Musical,Romance",6.5,308057,en,True,52000000.0,609841637.0,1.0
tt0795434,movie,Namastey London,2007,128,"Comedy,Drama,Romance",7.1,24270,hi,True,0.0,0.0,1.0
tt0795461,movie,Scary Movie 5,2013,86,"Comedy,Horror",3.6,86043,en,True,20000000.0,78613981.0,5.0
tt0796366,movie,Star Trek,2009,127,"Action,Adventure,Sci-Fi",7.9,639312,en,True,150000000.0,386839614.0,1.0
tt0800069,movie,The Hills Have Eyes 2,2007,89,"Horror,Thriller",5.1,71513,en,True,15000000.0,37697773.0,2.0
tt0800320,movie,Clash of the Titans,2010,106,"Action,Adventure,Fantasy",5.8,305795,en,True,125000000.0,493214993.0,1.0
tt0800369,movie,Thor,2011,115,"Action,Fantasy",7.0,970073,en,True,150000000.0,449326618.0,1.0
tt0800956,movie,Life in a Metro,2007,132,"Comedy,Drama,Musical",7.4,15205,hi,True,1100000.0,2900000.0,1.0
tt0803061,movie,Red Dog,2011,92,"Biography,Comedy,Drama",7.3,21076,en,True,5.0,13.0,1.0
tt0804540,movie,Taxi 4,2007,91,"Action,Comedy,Crime",5.6,33222,fr,True,17500000.0,65114802.0,4.0
tt0805526,movie,Facing the Giants,2006,111,"Drama,Sport",6.5,19284,en,True,100000.0,10307987.0,2.0
tt0808151,movie,Angels & Demons,2009,138,"Mystery,Thriller",6.7,326684,en,True,150000000.0,485930816.0,2.0
tt0808240,movie,Turks in Space,2006,110,"Action,Comedy,Sci-Fi",1.6,17024,tr,True,5000000.0,0.0,2.0
tt0808276,movie,Cold Prey,2006,97,"Horror,Thriller",6.2,21181,no,True,0.0,0.0,1.0
tt0808339,movie,The Heir Apparent: Largo Winch,2008,108,"Action,Thriller",6.4,15640,fr,True,25400000.0,17100000.0,1.0
tt0808510,movie,Tooth Fairy,2010,101,"Comedy,Family,Fantasy",5.1,53545,en,True,48000000.0,112462508.0,1.0
tt0810827,movie,Death Note: The Last Name,2006,141,"Adventure,Crime,Drama",7.1,18542,ja,True,17000000.0,47919757.0,2.0
tt0811066,movie,Shootout at Lokhandwala,2007,122,"Action,Crime,Drama",7.1,11662,hi,True,11000000.0,12000000.0,1.0
tt0814255,movie,Percy Jackson & the Olympians: The Lightning Thief,2010,118,"Adventure,Family,Fantasy",5.9,216352,en,True,95000000.0,226497209.0,1.0
tt0816436,movie,Black Water,2007,90,"Adventure,Drama,Horror",5.8,17361,en,True,700000.0,1271556.0,1.0
tt0816711,movie,World War Z,2013,116,"Action,Adventure,Horror",7.0,787164,en,True,200000000.0,531865000.0,1.0
tt0822832,movie,Marley & Me,2008,115,"Drama,Family",7.0,176086,en,True,60000000.0,255700000.0,1.0
tt0830515,movie,Quantum of Solace,2008,106,"Action,Adventure,Mystery",6.5,499812,en,True,200000000.0,589593688.0,23.0
tt0831387,movie,Godzilla,2014,123,"Action,Adventure,Sci-Fi",6.4,465966,en,True,160000000.0,524978362.0,1.0
tt0834001,movie,Underworld: Rise of the Lycans,2009,92,"Action,Fantasy,Thriller",6.5,175512,en,True,35000000.0,92158961.0,3.0
tt0837106,movie,Arn: The Knight Templar,2007,139,"Action,Drama,Romance",6.6,24263,sv,True,25000000.0,0.0,1.0
tt0837562,movie,Hotel Transylvania,2012,91,"Animation,Comedy,Family",7.1,315965,en,True,85000000.0,358375603.0,1.0
tt0837563,movie,Pet Sematary,2019,100,"Horror,Mystery,Thriller",5.7,105813,en,True,21000000.0,113118226.0,1.0
tt0838221,movie,The Darjeeling Limited,2007,91,"Adventure,Comedy,Drama",7.2,236187,en,True,16000000.0,24377151.0,1.0
tt0838232,movie,The Pink Panther 2,2009,92,"Action,Adventure,Comedy",5.6,51978,en,True,70000000.0,75871032.0,2.0
tt0841044,movie,Two Days in Paris,2007,96,"Comedy,Drama,Romance",6.7,32692,en,True,0.0,19776159.0,1.0
tt0844471,movie,Cloudy with a Chance of Meatballs,2009,90,"Adventure,Animation,Comedy",6.9,286988,en,True,100000000.0,242988466.0,1.0
tt0844479,movie,The Collector,2009,90,"Horror,Thriller",6.3,79956,en,True,3400000.0,114000000.0,1.0
tt0844993,movie,Hoodwinked Too! Hood vs. Evil,2011,86,"Adventure,Animation,Comedy",4.7,14955,en,True,30000000.0,13500000.0,2.0
tt0845448,movie,Dhamaal,2007,136,"Action,Adventure,Comedy",7.6,22798,hi,True,2420000.0,12270000.0,1.0
tt0848228,movie,The Avengers,2012,143,"Action,Sci-Fi",8.0,1563976,en,True,220000000.0,1518815515.0,1.0
tt0848557,movie,Diary of the Dead,2007,95,"Fantasy,Horror,Sci-Fi",5.5,51197,en,True,2000000.0,5540941.0,1.0
tt0857190,movie,The Sweeney,2012,112,"Action,Crime,Drama",6.1,21181,en,True,3730500.0,6294161.0,4.0
tt0859163,movie,The Mummy: Tomb of the Dragon Emperor,2008,112,"Action,Adventure,Fantasy",5.2,180983,en,True,145000000.0,403449830.0,3.0
tt0859635,movie,Super Troopers 2,2018,99,"Comedy,Crime,Mystery",6.0,30197,en,True,13500000.0,31626386.0,2.0
tt0860906,movie,Evangelion: 2.0 You Can (Not) Advance,2009,108,"Action,Animation,Drama",7.9,28974,ja,True,10000000.0,44339362.0,2.0
tt0860907,movie,Evangelion: 3.0 You Can (Not) Redo,2012,96,"Action,Animation,Drama",6.9,22080,ja,True,13000000.0,67282623.0,3.0
tt0861739,movie,Elite Squad,2007,115,"Action,Crime,Drama",8.0,120028,pt,True,4000000.0,14759148.0,1.0
tt0875113,movie,99 Francs,2007,100,"Comedy,Drama",7.1,21785,fr,True,13442285.0,12500000.0,1.0
tt0890870,movie,Saw IV,2007,93,"Horror,Mystery,Thriller",5.9,177447,en,True,10000000.0,139352653.0,4.0
tt0892255,movie,Che: Part One,2008,134,"Biography,Drama,History",7.1,49867,en,True,58000000.0,0.0,1.0
tt0892769,movie,How to Train Your Dragon,2010,98,"Action,Adventure,Animation",8.1,899137,en,True,165000000.0,495141736.0,1.0
tt0892791,movie,Shrek Forever After,2010,93,"Adventure,Animation,Comedy",6.3,247207,en,True,165000000.0,752600867.0,4.0
tt0892899,movie,Outpost,2008,90,"Action,Horror,Sci-Fi",5.8,18627,en,True,0.0,0.0,1.0
tt0901507,movie,Rise of the Footsoldier,2007,119,"Action,Biography,Crime",6.7,22931,en,True,4000000.0,0.0,1.0
tt0902955,movie,At the Bar,2007,92,"Crime,Drama,Thriller",7.0,17211,tr,True,0.0,0.0,1.0
tt0903624,movie,The Hobbit: An Unexpected Journey,2012,169,"Adventure,Fantasy",7.8,930766,en,True,250000000.0,1021103568.0,1.0
tt0905372,movie,The Thing,2011,103,"Horror,Mystery,Sci-Fi",6.3,154987,en,True,35000000.0,31505287.0,2.0
tt0906108,movie,Why Did I Get Married?,2007,113,"Comedy,Drama,Romance",6.0,14928,en,True,15000000.0,55862886.0,1.0
tt0923811,movie,Evangelion: 1.0 You Are (Not) Alone,2007,98,"Action,Animation,Drama",7.5,31860,ja,True,7000000.0,20121073.0,1.0
tt0926084,movie,Harry Potter and the Deathly Hallows: Part 1,2010,146,"Adventure,Family,Fantasy",7.7,667711,en,True,250000000.0,954305868.0,7.0
tt0936501,movie,Taken,2008,90,"Action,Crime,Thriller",7.7,674242,en,True,25000000.0,226830568.0,1.0
tt0938330,movie,Silent Hill: Revelation,2012,95,"Drama,Horror,Mystery",4.9,71976,en,True,20000000.0,55975672.0,2.0
tt0940656,movie,Arthur 3: The War of the Two Worlds,2010,101,"Adventure,Animation,Family",5.5,11693,fr,True,70200000.0,33885979.0,3.0
tt0940657,movie,Arthur and the Revenge of Maltazard,2009,107,"Adventure,Animation,Family",5.3,12561,fr,True,87000000.0,52377611.0,2.0
tt0948470,movie,The Amazing Spider-Man,2012,136,"Action,Sci-Fi",6.9,769798,en,True,215000000.0,758725893.0,1.0
tt0952640,movie,Alvin and the Chipmunks,2007,92,"Adventure,Animation,Comedy",5.3,106122,en,True,60000000.0,361366633.0,1.0
tt0960790,movie,Rabbit Without Ears,2007,116,"Comedy,Romance",6.5,19413,de,True,0.0,81303447.0,1.0
tt0961722,movie,Cabin Fever 2: Spring Fever,2009,86,Horror,4.3,16384,en,True,5000000.0,0.0,2.0
tt0962726,movie,High School Musical 3: Senior Year,2008,112,"Comedy,Drama,Family",5.1,72883,en,True,11000000.0,252909177.0,3.0
tt0964587,movie,St. Trinian's,2007,97,"Comedy,Family",5.8,25016,en,True,14000000.0,29066483.0,1.0
tt0970866,movie,Little Fockers,2010,98,"Comedy,Romance",5.5,126677,en,True,100000000.0,310650585.0,3.0
tt0980970,movie,The Chronicles of Narnia: The Voyage of the Dawn Treader,2010,113,"Adventure,Family,Fantasy",6.3,178194,en,True,155000000.0,415686217.0,3.0
tt0985694,movie,Machete,2010,105,"Action,Crime,Thriller",6.6,209849,en,True,10500000.0,45491656.0,1.0
tt0986264,movie,Like Stars on Earth,2007,162,"Drama,Family",8.3,233715,hi,True,2600000.0,28430000.0,1.0
tt0988045,movie,Sherlock Holmes,2009,128,"Action,Adventure,Mystery",7.5,708109,en,True,90000000.0,524028679.0,1.0
tt0991346,movie,Bhoothnath,2008,150,"Comedy,Drama,Family",6.5,13267,hi,True,0.0,0.0,1.0
tt0992911,movie,Flash Point,2007,88,"Action,Crime,Thriller",6.7,14605,cn,True,8000000.0,6177725.0,2.0
tt0993840,movie,Army of the Dead,2021,148,"Action,Adventure,Crime",5.8,201569,en,True,90000000.0,190700000.0,1.0
tt0995031,movie,Bhool Bhulaiyaa,2007,159,"Comedy,Horror,Mystery",7.5,38972,hi,True,3800000.0,9900000.0,1.0
tt1000774,movie,Sex and the City,2008,145,"Comedy,Drama,Romance",5.7,133621,en,True,65000000.0,418800000.0,1.0
tt1001526,movie,Megamind,2010,95,"Action,Adventure,Animation",7.3,327415,en,True,130000000.0,321885765.0,1.0
tt1013752,movie,Fast & Furious,2009,107,"Action,Thriller",6.5,336998,en,True,85000000.0,363164265.0,4.0
tt1014672,movie,Bheja Fry,2007,95,"Comedy,Drama",7.6,12745,hi,True,0.0,0.0,1.0
tt1014759,movie,Alice in Wonderland,2010,108,"Adventure,Family,Fantasy",6.4,469325,en,True,200000000.0,1025467110.0,1.0
tt1014775,movie,Beverly Hills Chihuahua,2008,91,"Adventure,Comedy,Drama",4.0,27598,en,True,20000000.0,149281606.0,1.0
tt10151854,movie,Shazam! Fury of the Gods,2023,130,"Action,Adventure,Comedy",5.9,146326,en,True,110000000.0,134221819.0,2.0
tt10160976,movie,The Nun II,2023,110,"Horror,Mystery,Thriller",5.6,82480,en,True,38500000.0,269670590.0,2.0
tt10172266,movie,"Red, White & Royal Blue",2023,118,"Comedy,Romance",7.0,66210,en,True,20000000.0,0.0,1.0
tt1017456,movie,Race,2008,149,"Action,Crime,Drama",6.7,17325,hi,True,0.0,0.0,1.0
tt1018785,movie,The Sisterhood of the Traveling Pants 2,2008,119,"Comedy,Drama,Romance",6.2,32012,en,True,27000000.0,44352417.0,2.0
tt1023111,movie,Never Back Down,2008,113,"Action,Drama,Sport",6.6,111753,en,True,20000000.0,41627431.0,1.0
tt1023481,movie,Step Up 2: The Streets,2008,98,"Drama,Music,Romance",6.2,91241,en,True,23000000.0,150988382.0,2.0
tt1027718,movie,Wall Street: Money Never Sleeps,2010,133,Drama,6.2,110087,en,True,70000000.0,134748021.0,2.0
tt10279472,movie,The Black Demon,2023,100,"Action,Drama,Horror",3.7,11372,en,True,0.0,0.0,1.0
tt1029231,movie,Krrish 3,2013,152,"Action,Adventure,Sci-Fi",5.4,28889,hi,True,20000000.0,84000000.0,3.0
tt10309906,movie,Shubh Mangal Zyada Saavdhan,2020,117,"Comedy,Crime,Romance",5.8,11269,hi,True,0.0,0.0,2.0
tt10314450,movie,Becky,2020,93,"Action,Crime,Drama",6.1,31527,en,True,5000000.0,1045873.0,1.0
tt10327252,movie,The Forever Purge,2021,103,"Action,Crime,Drama",5.4,49001,en,True,18000000.0,76994245.0,5.0
tt10342730,movie,Spiral,2021,93,"Crime,Drama,Horror",5.2,77854,en,True,20000000.0,40618920.0,9.0
tt1034314,movie,Iron Sky,2012,93,"Action,Adventure,Comedy",5.9,99063,en,True,7500000.0,10109659.0,1.0
tt10362466,movie,After We Collided,2020,105,"Drama,Romance",5.1,44609,en,True,14000000.0,47990414.0,2.0
tt10366206,movie,John Wick: Chapter 4,2023,169,"Action,Crime,Thriller",7.6,414281,en,True,100000000.0,447316405.0,4.0
tt1038988,movie,REC,2007,78,"Horror,Mystery,Thriller",7.4,218027,es,True,1500000.0,32511655.0,1.0
tt1039960,movie,Estomago: A Gastronomic Story,2007,113,"Comedy,Crime,Drama",7.8,10171,pt,True,536279.0,0.0,1.0
tt10403420,movie,Terrifier 2,2022,138,Horror,6.0,83223,en,True,250000.0,15815602.0,2.0
tt1043842,movie,Appleseed: Ex Machina,2007,105,"Action,Adventure,Animation",7.0,10095,ja,True,0.0,0.0,3.0
tt1045655,movie,The Haunting of Molly Hartley,2008,85,"Drama,Horror,Thriller",3.9,10475,en,True,0.0,15.0,1.0
tt10456740,movie,Lost Bullet,2020,92,"Action,Crime,Thriller",6.4,16854,fr,True,0.0,0.0,1.0
tt1046173,movie,G.I. Joe: The Rise of Cobra,2009,118,"Action,Adventure,Sci-Fi",5.7,221975,en,True,175000000.0,302500000.0,1.0
tt1050160,movie,The Machine Girl,2008,96,"Action,Comedy,Horror",5.9,11248,ja,True,0.0,0.0,1.0
tt10505918,movie,L2: Empuraan,2025,179,"Action,Crime,Thriller",6.1,14225,ml,True,21035003.0,30823000.0,2.0
tt10515086,movie,The Blue Elephant 2,2019,130,"Crime,Drama,Horror",8.0,12047,ar,True,0.0,6627695.0,2.0
tt10515988,movie,Paranormal Activity: Next of Kin,2021,98,"Horror,Mystery,Thriller",5.3,20491,en,True,0.0,0.0,7.0
tt1051904,movie,Goosebumps,2015,103,"Adventure,Animation,Comedy",6.3,102847,en,True,58000000.0,158952243.0,1.0
tt1053859,movie,The Grudge 3,2009,90,"Horror,Mystery,Thriller",4.6,20849,en,True,5000000.0,38610009.0,3.0
tt10545296,movie,The Hunger Games: The Ballad of Songbirds & Snakes,2023,157,"Action,Adventure,Drama",6.6,185632,en,True,100000000.0,337371917.0,1.0
tt10548174,movie,28 Years Later,2025,115,"Horror,Sci-Fi,Thriller",6.6,219956,en,True,60000000.0,151308832.0,3.0
tt1055369,movie,Transformers: Revenge of the Fallen,2009,149,"Action,Adventure,Sci-Fi",6.0,455734,en,True,200000000.0,836304167.0,2.0
tt10600398,movie,We Can Be Heroes,2020,100,"Action,Animation,Comedy",4.7,19739,en,True,0.0,0.0,2.0
tt1060277,movie,Cloverfield,2008,85,"Action,Horror,Sci-Fi",7.0,445506,en,True,25000000.0,170764026.0,
tt10627720,movie,Ne Zha,2019,110,"Action,Adventure,Animation",7.3,23413,zh,True,22000000.0,742718496.0,1.0
tt10638522,movie,Talk to Me,2022,95,"Horror,Thriller",7.1,219118,en,True,4500000.0,91959188.0,1.0
tt10648342,movie,Thor: Love and Thunder,2022,118,"Action,Adventure,Comedy",6.1,464244,en,True,250000000.0,760928081.0,4.0
tt1064932,movie,Welcome to the Sticks,2008,106,"Comedy,Romance",7.1,47771,fr,True,11000000.0,245144417.0,1.0
tt10665338,movie,Halloween Kills,2021,105,"Action,Drama,Horror",5.5,108646,en,True,20000000.0,133423964.0,10.0
tt10665342,movie,Halloween Ends,2022,111,"Horror,Mystery,Romance",5.0,83312,en,True,33000000.0,105400796.0,11.0
tt10676012,movie,To All the Boys: Always and Forever,2021,116,"Comedy,Drama,Romance",6.3,40133,en,True,0.0,0.0,3.0
tt10676048,movie,The Marvels,2023,105,"Action,Adventure,Sci-Fi",5.4,165608,en,True,274800000.0,206136825.0,2.0
tt10698680,movie,K.G.F: Chapter 2,2022,166,"Action,Crime,Drama",8.2,170463,kn,True,13000000.0,90410749.0,2.0
tt10701074,movie,Ponniyin Selvan: Part I,2022,167,"Action,Drama",7.5,38633,ta,True,29500000.0,59000000.0,1.0
tt10717738,movie,Anjaam Pathiraa,2020,144,"Crime,Mystery,Thriller",7.9,12518,ml,True,0.0,6561680.0,1.0
tt1071875,movie,Ghost Rider: Spirit of Vengeance,2011,96,"Action,Adventure,Fantasy",4.4,134761,en,True,57000000.0,132563930.0,2.0
tt1073105,movie,The Descent: Part 2,2009,94,"Adventure,Horror,Thriller",5.7,56120,en,True,6000200.0,7048886.0,2.0
tt1074638,movie,Skyfall,2012,143,"Action,Adventure,Thriller",7.8,775586,en,True,200000000.0,1108594176.0,24.0
tt1075417,movie,Race to Witch Mountain,2009,98,"Action,Adventure,Family",5.7,66486,en,True,50000000.0,106387141.0,4.0
tt1078912,movie,Night at the Museum: Battle of the Smithsonian,2009,105,"Adventure,Comedy,Family",6.0,230151,en,True,150000000.0,413106170.0,2.0
tt1080016,movie,Ice Age: Dawn of the Dinosaurs,2009,94,"Adventure,Animation,Comedy",6.9,287127,en,True,90000000.0,886686817.0,3.0
tt10811166,movie,The Kashmir Files,2022,170,Drama,8.5,579252,hi,True,0.0,0.0,2.0
tt1082868,movie,Quarantine,2008,89,"Horror,Sci-Fi,Thriller",6.0,83834,en,True,12000000.0,40855419.0,1.0
tt10838180,movie,The Matrix Resurrections,2021,148,"Action,Sci-Fi",5.6,304325,en,True,190000000.0,156497322.0,4.0
tt1086064,movie,Bill & Ted Face the Music,2020,91,"Adventure,Comedy,Music",5.9,56918,en,True,25000000.0,6274027.0,3.0
tt10872600,movie,Spider-Man: No Way Home,2021,148,"Action,Adventure,Fantasy",8.1,1030305,en,True,200000000.0,2019206586.0,3.0
tt10886166,movie,365 Days,2020,114,"Drama,Romance",3.3,109151,pl,True,0.0,9458590.0,1.0
tt1092005,movie,Golmaal Returns,2008,135,"Comedy,Crime,Mystery",5.3,10609,hi,True,4200000.0,9600000.0,2.0
tt1092011,movie,Sacred Demijohn,2007,105,"Comedy,Fantasy,Horror",5.2,11123,tr,True,2000000.0,4866495.0,1.0
tt10954600,movie,Ant-Man and the Wasp: Quantumania,2023,124,"Action,Adventure,Comedy",6.0,272021,en,True,326600000.0,476071180.0,3.0
tt1099212,movie,Twilight,2008,122,"Drama,Fantasy,Romance",5.4,529042,en,True,37000000.0,393616788.0,1.0
tt11024272,movie,The Babysitter: Killer Queen,2020,101,"Comedy,Horror",5.8,60506,en,True,0.0,0.0,2.0
tt11027830,movie,Haseen Dillruba,2021,135,"Crime,Drama,Mystery",6.9,35242,hi,True,0.0,0.0,1.0
tt11032374,movie,Demon Slayer: Kimetsu no Yaiba - The Movie: Mugen Train,2020,117,"Action,Adventure,Animation",8.2,101725,ja,True,15700000.0,523542183.0,1.0
tt1104001,movie,Tron: Legacy,2010,125,"Action,Adventure,Sci-Fi",6.8,388095,en,True,170000000.0,409912892.0,2.0
tt11057644,movie,The Christmas Chronicles: Part Two,2020,112,"Adventure,Comedy,Family",6.0,41120,en,True,0.0,0.0,2.0
tt1107365,movie,Open Season 2,2008,76,"Adventure,Animation,Comedy",5.5,29410,en,True,0.0,8797168.0,2.0
tt1109624,movie,Paddington,2014,95,"Adventure,Comedy,Family",7.3,157307,en,True,55000000.0,333960862.0,1.0
tt11107074,movie,My Hero Academia: Heroes Rising,2019,104,"Action,Adventure,Animation",7.8,13006,ja,True,0.0,30017163.0,2.0
tt11116912,movie,Troll,2022,101,"Action,Adventure,Drama",5.8,59316,no,True,0.0,0.0,1.0
tt11125620,movie,The Addams Family 2,2021,93,"Adventure,Animation,Comedy",5.4,18444,en,True,0.0,119815153.0,2.0
tt11128440,movie,Clerks III,2022,100,"Comedy,Drama",6.2,22170,en,True,7000000.0,4737955.0,3.0
tt11145118,movie,Creed III,2023,116,"Action,Drama,Sport",6.7,108773,en,True,75000000.0,275300000.0,3.0
tt1114740,movie,Paul Blart: Mall Cop,2009,91,"Action,Comedy,Crime",5.3,125689,en,True,26000000.0,183293131.0,1.0
tt1116184,movie,Jackass 3D,2010,94,"Action,Comedy,Documentary",7.0,71018,en,True,20000000.0,117224271.0,4.0
tt1119646,movie,The Hangover,2009,100,Comedy,7.7,934950,en,True,35000000.0,469310836.0,1.0
tt11199410,movie,The Princess Switch: Switched Again,2020,96,"Comedy,Drama,Family",5.5,15272,en,True,10000000.0,0.0,2.0
tt11210390,movie,Asterix & Obelix: The Middle Kingdom,2023,112,"Adventure,Comedy,Family",5.1,13733,fr,True,72000000.0,46497678.0,5.0
tt1121931,movie,Crank: High Voltage,2009,96,"Action,Thriller",6.1,167659,en,True,20000000.0,34600000.0,2.0
tt1123373,movie,Detective Dee: Mystery of the Phantom Flame,2010,119,"Action,Adventure,Drama",6.6,12450,zh,True,13000000.0,51723285.0,1.0
tt11240506,movie,Nobody Sleeps in the Woods Tonight,2020,102,"Comedy,Fantasy,Horror",4.9,16265,pl,True,0.0,0.0,1.0
tt11245972,movie,Scream,2022,114,"Horror,Mystery,Thriller",6.3,189150,en,True,24000000.0,138874789.0,5.0
tt1126596,movie,Adulthood,2008,99,"Crime,Drama",6.6,13542,en,True,0.0,0.0,2.0
tt1129423,movie,Fireproof,2008,122,"Drama,Romance",6.5,25620,en,True,500000.0,33473297.0,3.0
tt1129442,movie,Transporter 3,2008,104,"Action,Thriller",6.1,186030,en,True,30000000.0,109000000.0,3.0
tt11315808,movie,Joker: Folie à Deux,2024,138,"Drama,Musical,Thriller",5.2,185082,en,True,190000000.0,207500287.0,2.0
tt1132620,movie,The Girl with the Dragon Tattoo,2009,152,"Crime,Drama,Mystery",7.8,231061,sv,True,13000000.0,109421911.0,1.0
tt1132626,movie,Saw V,2008,92,"Horror,Thriller",5.8,148925,en,True,10800000.0,118209778.0,5.0
tt1134854,movie,Survival of the Dead,2009,90,"Comedy,Drama,Horror",4.8,23557,en,True,4000000.0,386078.0,2.0
tt11378946,movie,Michael,2026,127,"Biography,Drama,History",7.5,143305,en,True,250000000.0,991400610.0,1.0
tt11389872,movie,Kingdom of the Planet of the Apes,2024,145,"Action,Adventure,Drama",6.8,170091,en,True,160000000.0,397378150.0,4.0
tt1139592,movie,Jeepers Creepers III,2017,100,Horror,3.9,27038,en,True,6200000.0,4017852.0,3.0
tt11396310,movie,Viduthalai: Part 1,2023,150,"Action,Crime,Drama",8.1,12060,ta,True,4800000.0,0.0,1.0
tt1142800,movie,Madea Goes to Jail,2009,103,"Comedy,Crime,Drama",4.7,13844,en,True,17500000.0,90508336.0,4.0
tt1144884,movie,The Final Destination,2009,82,"Horror,Thriller",5.1,142197,en,True,40000000.0,187384627.0,4.0
tt11456054,movie,Run Hide Fight,2020,109,"Action,Crime,Drama",6.3,30259,en,True,2000000.0,34561.0,1.0
tt11466222,movie,Jackass Forever,2022,96,"Comedy,Documentary",6.8,55469,en,True,10000000.0,80563999.0,6.0
tt1148204,movie,Orphan,2009,123,"Horror,Mystery,Thriller",7.0,278679,en,True,20000000.0,77912251.0,1.0
tt11490170,movie,HIT,2020,125,"Crime,Drama,Mystery",7.6,10836,te,True,720000.0,1300000.0,1.0
tt1155076,movie,The Karate Kid,2010,140,"Action,Drama,Family",6.3,228084,en,True,40000000.0,359126022.0,5.0
tt1156398,movie,Zombieland,2009,88,"Action,Comedy,Horror",7.5,670060,en,True,23600000.0,102391540.0,1.0
tt11564570,movie,Glass Onion,2022,139,"Comedy,Crime,Drama",7.1,527515,en,True,40000000.0,15000000.0,2.0
tt1156466,movie,Undisputed III: Redemption,2010,96,"Action,Crime,Drama",7.3,47956,en,True,3000000.0,76500000.0,3.0
tt11580854,movie,Sarpatta Parambarai,2021,173,"Action,Drama,Sport",8.5,28759,ta,True,0.0,0.0,1.0
tt1160368,movie,12 Rounds,2009,108,"Action,Crime,Thriller",5.6,31902,en,True,22000000.0,17280326.0,1.0
tt1160419,movie,Dune: Part One,2021,155,"Action,Adventure,Drama",8.0,1069674,en,True,165000000.0,410668500.0,1.0
tt11655566,movie,Lilo & Stitch,2025,108,"Action,Adventure,Comedy",6.7,96319,en,True,100000000.0,1038027526.0,1.0
tt11663228,movie,Jailer,2023,168,"Action,Comedy,Crime",7.2,46270,ta,True,0.0,72997485.0,1.0
tt1167660,movie,OSS 117: Lost in Rio,2009,101,"Action,Adventure,Comedy",6.8,17982,fr,True,26800000.0,21924245.0,2.0
tt11703244,movie,The Blackening,2022,97,"Comedy,Horror,Mystery",6.0,27374,en,True,5000000.0,18563767.0,1.0
tt1170358,movie,The Hobbit: The Desolation of Smaug,2013,161,"Adventure,Fantasy",7.8,756192,en,True,250000000.0,958400000.0,2.0
tt11703710,movie,Downton Abbey: A New Era,2022,124,"Drama,Romance",7.4,38971,en,True,40000000.0,92651384.0,2.0
tt1171701,movie,The Breath,2009,128,"Action,Drama,Thriller",8.0,37017,tr,True,2000000.0,13500000.0,1.0
tt11720440,movie,Carry on Jatta 3,2023,136,"Comedy,Drama,Romance",5.9,11822,pa,True,0.0,0.0,3.0
tt1174954,movie,Resident Evil: Degeneration,2008,98,"Action,Animation,Horror",6.4,35232,ja,True,0.0,403117.0,1.0
tt11755740,movie,Texas Chainsaw Massacre,2022,81,"Crime,Drama,Horror",4.7,70769,en,True,20000000.0,0.0,7.0
tt11773378,movie,Akhanda,2021,167,"Action,Drama,Fantasy",6.7,20382,te,True,0.0,0.0,1.0
tt1179904,movie,Paranormal Activity,2007,86,"Horror,Mystery",6.3,272930,en,True,15000.0,193355800.0,1.0
tt1179933,movie,10 Cloverfield Lane,2016,103,"Drama,Horror,Sci-Fi",7.2,386154,en,True,15000000.0,110216998.0,
tt11809034,movie,Rurouni Kenshin: Final Chapter Part I - The Final,2021,138,"Action,Adventure,Drama",7.2,12286,ja,True,0.0,33457923.0,4.0
tt11821912,movie,Devara Part 1,2024,176,"Action,Adventure,Drama",6.0,23693,te,True,31764000.0,54216867.0,1.0
tt1182345,movie,Moon,2009,97,"Drama,Mystery,Sci-Fi",7.8,396613,en,True,5000000.0,9760104.0,1.0
tt1182921,movie,Ninja,2009,86,"Action,Thriller",5.5,14845,en,True,10000000.0,36100000.0,1.0
tt11851548,movie,Orphan: First Kill,2022,99,"Crime,Drama,Horror",5.9,54403,en,True,10000000.0,9572765.0,2.0
tt1185420,movie,Dostana,2008,145,"Comedy,Drama,Romance",6.4,17371,hi,True,10000000.0,20000000.0,1.0
tt11866324,movie,Prey,2022,100,"Action,Adventure,Horror",7.1,274683,en,True,65000000.0,0.0,5.0
tt1187043,movie,3 Idiots,2009,170,"Comedy,Drama",8.4,484846,hi,True,9000000.0,70000000.0,1.0
tt11873440,movie,Heropanti 2,2022,145,"Action,Comedy,Crime",2.2,28243,hi,True,0.0,0.0,2.0
tt1188990,movie,Cold Prey 2,2008,90,"Horror,Thriller",6.1,10752,no,True,0.0,0.0,2.0
tt11893274,movie,Downfall: The Case Against Boeing,2022,89,Documentary,7.4,14777,en,True,0.0,0.0,1.0
tt11909878,movie,Hocus Pocus 2,2022,103,"Comedy,Family,Fantasy",6.0,59487,en,True,30000000.0,0.0,2.0
tt1193516,movie,Recep Ivedik,2008,90,Comedy,5.0,31578,tr,True,500000.0,28548025.0,1.0
tt1193631,movie,Step Up 3D,2010,107,"Drama,Music,Romance",6.2,62559,en,True,30000000.0,159291809.0,3.0
tt1194173,movie,The Bourne Legacy,2012,135,"Action,Adventure,Thriller",6.6,329007,en,True,130000000.0,276600000.0,4.0
tt1194616,movie,LOL (Laughing Out Loud),2008,103,"Comedy,Romance",6.3,10328,fr,True,10900000.0,31451622.0,1.0
tt11947158,movie,Ek Villain Returns,2022,129,"Action,Crime,Drama",4.4,17170,hi,True,0.0,0.0,2.0
tt1196141,movie,Diary of a Wimpy Kid,2010,94,"Comedy,Drama,Family",6.3,67421,en,True,15000000.0,75700000.0,1.0
tt11991748,movie,Rurouni Kenshin: Final Chapter Part II - The Beginning,2021,137,"Action,Adventure,Drama",7.4,12667,ja,True,0.0,0.0,5.0
tt11992424,movie,Saptha Sagaradaache Ello - Side A,2023,142,"Drama,Romance",8.2,10083,kn,True,0.0,3157896.0,1.0
tt12003946,movie,Violent Night,2022,112,"Action,Comedy,Thriller",6.7,121690,en,True,20000000.0,75734910.0,1.0
tt1201607,movie,Harry Potter and the Deathly Hallows: Part 2,2011,130,"Adventure,Family,Fantasy",8.1,1051260,en,True,125000000.0,1341511219.0,8.0
tt12037194,movie,Furiosa: A Mad Max Saga,2024,148,"Action,Adventure,Sci-Fi",7.5,322839,en,True,168000000.0,174287546.0,5.0
tt1204342,movie,The Muppets,2011,103,"Adventure,Comedy,Family",7.1,101194,en,True,45000000.0,165184237.0,1.0
tt1204977,movie,Ouija,2014,89,"Horror,Mystery,Thriller",4.5,62123,en,True,5000000.0,103600000.0,1.0
tt1206885,movie,Rambo: Last Blood,2019,89,"Action,Crime,Thriller",6.1,120225,en,True,50000000.0,91500000.0,5.0
tt1211837,movie,Doctor Strange,2016,115,"Action,Adventure,Fantasy",7.5,884181,en,True,180000000.0,676343174.0,1.0
tt1211956,movie,Escape Plan,2013,115,"Action,Thriller",6.7,271236,en,True,50000000.0,137328301.0,1.0
tt1213012,movie,Alpha and Omega,2010,90,"Adventure,Animation,Comedy",5.1,16165,en,True,20000000.0,50507267.0,1.0
tt1216475,movie,Cars 2,2011,106,"Adventure,Animation,Comedy",6.2,259109,en,True,200000000.0,559852396.0,2.0
tt1216487,movie,The Girl Who Played with Fire,2009,129,"Action,Crime,Drama",7.1,102201,sv,True,4400000.0,67126795.0,2.0
tt1217213,movie,Secret of the Wings,2012,75,"Animation,Family,Fantasy",7.0,16475,en,True,0.0,0.0,4.0
tt1220634,movie,Resident Evil: Afterlife,2010,96,"Action,Horror,Sci-Fi",5.8,188523,en,True,60000000.0,300228084.0,4.0
tt1220719,movie,Ip Man,2008,106,"Action,Biography,Drama",8.0,244097,cn,True,11700000.0,22100000.0,1.0
tt12263384,movie,Extraction II,2023,122,"Action,Crime,Thriller",7.0,174349,en,True,65000000.0,0.0,2.0
tt1228705,movie,Iron Man 2,2010,124,"Action,Sci-Fi",6.9,942385,en,True,200000000.0,623933331.0,2.0
tt1229238,movie,Mission: Impossible - Ghost Protocol,2011,132,"Action,Adventure,Thriller",7.4,566747,en,True,145000000.0,694713380.0,4.0
tt1229340,movie,Anchorman 2: The Legend Continues,2013,119,Comedy,6.3,202572,en,True,50000000.0,173700000.0,2.0
tt1230165,movie,Rock On!!,2008,145,"Drama,Music",7.7,23535,hi,True,7000000.0,0.0,1.0
tt1231277,movie,S. Darko,2009,103,"Drama,Mystery,Sci-Fi",3.6,15030,en,True,4000000.0,4100000.0,2.0
tt1231580,movie,Alvin and the Chipmunks: The Squeakquel,2009,88,"Adventure,Animation,Comedy",4.6,61455,en,True,75000000.0,443140005.0,2.0
tt1231587,movie,Hot Tub Time Machine,2010,99,"Comedy,Sci-Fi",6.4,199166,en,True,36000000.0,64780213.0,1.0
tt1232783,movie,Sorority Row,2009,101,"Horror,Mystery",5.2,34254,en,True,12500000.0,27206120.0,1.0
tt1232829,movie,21 Jump Street,2012,109,"Action,Comedy,Crime",7.2,649315,en,True,42000000.0,201585328.0,1.0
tt1233227,movie,Saw VI,2009,90,"Horror,Mystery,Thriller",6.1,136298,en,True,11000000.0,69752402.0,6.0
tt1233301,movie,Ironclad,2011,121,"Action,Drama,History",6.1,45428,en,True,25000000.0,5151023.0,1.0
tt1234541,movie,The Butterfly Effect 3: Revelations,2009,90,"Crime,Sci-Fi,Thriller",5.6,21754,en,True,0.0,0.0,3.0
tt12361178,movie,Drishyam 2,2021,152,"Crime,Drama,Mystery",8.4,45430,ml,True,0.0,0.0,2.0
tt12412888,movie,Sonic the Hedgehog 2,2022,122,"Action,Adventure,Comedy",6.5,117629,en,True,110000000.0,405421518.0,2.0
tt12415546,movie,Attack on Titan: Chronicle,2020,122,"Action,Adventure,Animation",8.3,12982,ja,True,0.0,42908.0,4.0
tt1242432,movie,I Spit on Your Grave,2010,108,"Horror,Thriller",6.2,103581,en,True,2000000.0,572809.0,1.0
tt1242447,movie,Nativity!,2009,105,"Comedy,Family",6.5,14990,en,True,0.0,0.0,1.0
tt1245112,movie,[Rec]²,2009,85,"Horror,Thriller",6.5,84897,es,True,5600000.0,18469680.0,2.0
tt1245526,movie,RED,2010,111,"Action,Comedy,Crime",7.0,339524,en,True,58000000.0,199006387.0,1.0
tt1247640,movie,District 13: Ultimatum,2009,101,"Action,Crime,Thriller",6.5,47969,fr,True,15000000.0,14103752.0,2.0
tt1250777,movie,Kick-Ass,2010,117,"Action,Comedy,Crime",7.6,622080,en,True,28000000.0,96188903.0,1.0
tt1253863,movie,300: Rise of an Empire,2014,102,"Action,Adventure,Drama",6.2,329598,en,True,110000000.0,337580051.0,2.0
tt12567088,movie,Raat Akeli Hai,2020,149,"Crime,Drama,Mystery",7.2,22828,hi,True,0.0,0.0,1.0
tt12584954,movie,Twisters,2024,122,"Action,Adventure,Thriller",6.5,197444,en,True,155000000.0,372262265.0,2.0
tt1258972,movie,The Man with the Iron Fists,2012,95,Action,5.4,65729,en,True,15000000.0,20546518.0,1.0
tt1259014,movie,Mesrine: Killer Instinct,2008,113,"Action,Biography,Crime",7.5,36713,fr,True,25000000.0,15000000.0,1.0
tt1259528,movie,Den of Thieves,2018,140,"Action,Crime,Drama",7.0,154176,en,True,30000000.0,80509622.0,1.0
tt1259571,movie,The Twilight Saga: New Moon,2009,130,"Adventure,Drama,Fantasy",4.8,323656,en,True,50000000.0,709827462.0,2.0
tt1261945,movie,Sex and the City 2,2010,146,"Comedy,Drama,Romance",4.6,88790,en,True,100000000.0,290700000.0,2.0
tt1262416,movie,Scream 4,2011,111,"Horror,Mystery",6.3,192285,en,True,40000000.0,97231420.0,4.0
tt1262426,movie,Wicked,2024,160,"Fantasy,Musical,Romance",7.3,251550,en,True,150000000.0,758827029.0,1.0
tt1264904,movie,Little Nicholas,2009,91,"Comedy,Family",7.1,14957,fr,True,22700000.0,62794894.0,1.0
tt12672536,movie,The Three Musketeers - Part I: D'Artagnan,2023,121,"Action,Adventure,History",6.7,27104,fr,True,27500000.0,31843086.0,1.0
tt12672620,movie,The Three Musketeers: Milady,2023,115,"Action,Adventure,Drama",6.4,12780,fr,True,39000000.0,21730766.0,2.0
tt1268799,movie,A Very Harold & Kumar Christmas,2011,90,"Adventure,Comedy",6.2,75418,en,True,19000000.0,36192775.0,3.0
tt1270797,movie,Venom,2018,112,"Action,Adventure,Sci-Fi",6.6,609631,en,True,116000000.0,856085151.0,1.0
tt1270798,movie,X-Men: First Class,2011,131,"Action,Sci-Fi",7.7,766139,en,True,160000000.0,353624124.0,4.0
tt1270835,movie,Hatchet II,2010,85,"Action,Comedy,Horror",5.5,16551,en,True,2500000.0,156190.0,2.0
tt12735488,movie,Kalki 2898 AD,2024,180,"Action,Adventure,Sci-Fi",7.0,76675,te,True,75000000.0,141000000.0,1.0
tt1277953,movie,Madagascar 3: Europe's Most Wanted,2012,93,"Adventure,Animation,Comedy",6.8,218914,en,True,145000000.0,746921274.0,3.0
tt1278340,movie,Dead Snow,2009,91,"Comedy,Fantasy,Horror",6.3,73175,no,True,800000.0,2166797.0,1.0
tt12783454,movie,The Kissing Booth 3,2021,112,"Comedy,Romance",4.8,27340,en,True,0.0,0.0,3.0
tt1285009,movie,The Strangers: Prey at Night,2018,85,Horror,5.3,40532,en,True,12500000.0,32144262.0,2.0
tt1285016,movie,The Social Network,2010,120,"Biography,Drama",7.8,822763,en,True,40000000.0,224920315.0,1.0
tt1285241,movie,Don 2,2011,148,"Action,Crime,Thriller",7.1,62185,hi,True,11000000.0,2900000.0,2.0
tt1286126,movie,A.R.O.G,2008,127,"Comedy,Sci-Fi",7.4,49232,tr,True,8500000.0,19736977.0,2.0
tt1286537,movie,"Food, Inc.",2008,94,"Documentary,News",7.8,52889,en,True,1000000.0,4606199.0,1.0
tt1287468,movie,Cats & Dogs: The Revenge of Kitty Galore,2010,82,"Action,Comedy,Family",4.4,17354,en,True,85000000.0,112483764.0,2.0
tt1288403,movie,Universal Soldier: Regeneration,2009,97,"Action,Adventure,Sci-Fi",5.3,27410,en,True,14000000.0,153977852.0,5.0
tt1288558,movie,Evil Dead,2013,91,"Horror,Thriller",6.5,213795,en,True,17000000.0,99010045.0,1.0
tt1291150,movie,Teenage Mutant Ninja Turtles,2014,101,"Action,Adventure,Comedy",5.8,230826,en,True,125000000.0,485004754.0,1.0
tt1291652,movie,Easy Money,2010,124,"Action,Crime,Drama",6.7,20808,sv,True,0.0,0.0,1.0
tt12921446,movie,The Exorcist: Believer,2023,111,Horror,4.8,50835,en,True,30000000.0,136998069.0,6.0
tt12930350,movie,My Spy: The Eternal City,2024,112,"Action,Comedy",5.7,12759,en,True,0.0,0.0,2.0
tt1293847,movie,xXx: Return of Xander Cage,2017,107,"Action,Adventure,Thriller",5.2,102031,en,True,85000000.0,346118277.0,3.0
tt1298650,movie,Pirates of the Caribbean: On Stranger Tides,2011,136,"Action,Adventure,Fantasy",6.6,609524,en,True,379000000.0,1046721266.0,4.0
tt12996154,movie,365 Days: This Day,2022,111,"Drama,Romance",2.7,28574,pl,True,0.0,0.0,2.0
tt1300851,movie,The Boondock Saints II: All Saints Day,2009,118,"Action,Crime,Thriller",6.2,68985,en,True,8000000.0,10629321.0,2.0
tt1300854,movie,Iron Man 3,2013,130,"Action,Adventure,Sci-Fi",7.1,970332,en,True,200000000.0,1215577205.0,3.0
tt1302011,movie,Kung Fu Panda 2,2011,90,"Action,Adventure,Animation",7.3,359590,en,True,150000000.0,665692281.0,2.0
tt13022984,movie,Khuda Haafiz: Chapter 2 - Agni Pariksha,2022,144,"Action,Crime,Drama",7.4,15428,hi,True,0.0,0.0,2.0
tt13024674,movie,Army of Thieves,2021,127,"Action,Comedy,Crime",6.4,98346,en,True,30000000.0,46900000.0,2.0
tt13055780,movie,A California Christmas,2020,106,"Comedy,Drama,Romance",5.9,12487,en,True,0.0,0.0,1.0
tt1305797,movie,Enthiran,2010,174,"Action,Sci-Fi,Thriller",7.2,33734,ta,True,26400000.0,62000000.0,1.0
tt13069986,movie,After We Fell,2021,98,"Drama,Romance",4.8,25123,en,True,14000000.0,21753705.0,3.0
tt13070038,movie,After Ever Happy,2022,95,"Drama,Romance",4.8,15593,en,True,14000000.0,19238073.0,4.0
tt1311067,movie,Halloween II,2009,105,Horror,4.8,64299,en,True,10000000.0,39421467.0,2.0
tt13143964,movie,Borat Subsequent Moviefilm,2020,95,Comedy,6.6,165616,en,True,0.0,0.0,2.0
tt1316037,movie,Birdemic: Shock and Terror,2010,105,"Horror,Thriller",1.7,27150,en,True,10000.0,0.0,1.0
tt1318514,movie,Rise of the Planet of the Apes,2011,105,"Action,Drama,Sci-Fi",7.6,607106,en,True,93000000.0,481800873.0,1.0
tt13186482,movie,Mufasa: The Lion King,2024,118,"Adventure,Animation,Drama",6.6,83324,en,True,200000000.0,722631756.0,2.0
tt1320244,movie,The Last Exorcism,2010,87,"Horror,Mystery,Thriller",5.7,54488,en,True,1800000.0,69400000.0,1.0
tt1320253,movie,The Expendables,2010,103,"Action,Adventure,Thriller",6.4,381141,en,True,80000000.0,274470394.0,1.0
tt1320291,movie,The Reef,2010,94,"Adventure,Horror,Thriller",5.8,22583,en,True,0.0,0.0,1.0
tt1323594,movie,Despicable Me,2010,95,"Adventure,Animation,Comedy",7.6,635605,en,True,69000000.0,543284256.0,1.0
tt1324999,movie,The Twilight Saga: Breaking Dawn - Part 1,2011,117,"Adventure,Drama,Fantasy",5.0,274442,en,True,110000000.0,712171856.0,4.0
tt1325004,movie,The Twilight Saga: Eclipse,2010,124,"Action,Adventure,Drama",5.1,283027,en,True,68000000.0,698491347.0,3.0
tt1326972,movie,Red Cliff II,2009,142,"Action,Adventure,Drama",7.5,26562,zh,True,80000000.0,121059225.0,2.0
tt13309170,movie,Influencer,2022,92,"Horror,Mystery,Thriller",6.2,22359,en,True,0.0,0.0,1.0
tt13345606,movie,Evil Dead Rise,2023,96,Horror,6.5,170079,en,True,15000000.0,147256372.0,2.0
tt1335975,movie,47 Ronin,2013,128,"Action,Drama,Fantasy",6.2,180106,en,True,175000000.0,151783839.0,1.0
tt1337057,movie,Rampage,2009,85,"Action,Crime,Thriller",6.2,21356,en,True,120.0,428.0,1.0
tt13375076,movie,The Pope's Exorcist,2023,103,"Horror,Thriller",6.1,102826,en,True,18000000.0,76987621.0,1.0
tt1340138,movie,Terminator Genisys,2015,126,"Action,Adventure,Sci-Fi",6.3,308339,en,True,155000000.0,440603537.0,5.0
tt13405778,movie,Insidious: The Red Door,2023,107,"Horror,Mystery,Thriller",5.5,64393,en,True,16000000.0,189086877.0,5.0
tt1343097,movie,The Girl Who Kicked the Hornet's Nest,2009,147,"Crime,Drama,Mystery",7.3,77754,sv,True,4000000.0,43498108.0,3.0
tt13451410,movie,Dhadak 2,2025,142,"Drama,Mystery,Romance",6.8,20534,hi,True,0.0,0.0,2.0
tt1345836,movie,The Dark Knight Rises,2012,164,"Crime,Thriller",8.4,2003606,en,True,250000000.0,1081041287.0,3.0
tt13539646,movie,The Wandering Earth II,2023,173,"Action,Adventure,Drama",6.7,16528,zh,True,73800000.0,665000000.0,2.0
tt13560574,movie,X,2022,105,"Horror,Mystery,Thriller",6.5,225330,en,True,1000000.0,14745049.0,1.0
tt13622970,movie,Moana 2,2024,100,"Adventure,Animation,Comedy",6.3,127205,en,True,150000000.0,1059242164.0,2.0
tt13634480,movie,The Ice Age Adventures of Buck Wild,2022,82,"Adventure,Animation,Comedy",4.4,20250,en,True,0.0,0.0,6.0
tt13664684,movie,Karthikeya 2,2022,150,"Action,Adventure,Fantasy",7.8,65194,te,True,0.0,10384945.0,2.0
tt1373215,movie,Recep Ivedik 2,2009,107,Comedy,4.6,25014,tr,True,0.0,27699692.0,2.0
tt13751694,movie,Animal,2023,204,"Action,Crime,Drama",6.2,116748,hi,True,13000000.0,108300000.0,1.0
tt1375670,movie,Grown Ups,2010,102,Comedy,6.0,315039,en,True,80000000.0,271457606.0,1.0
tt1375789,movie,Race 2,2013,150,"Action,Crime,Thriller",5.4,18547,hi,True,17.0,0.0,2.0
tt13804084,movie,Justice Society: World War II,2021,84,"Action,Adventure,Animation",6.4,10466,en,True,0.0,0.0,1.0
tt1385912,movie,I Can Do Bad All by Myself,2009,113,"Comedy,Drama",4.8,11232,en,True,19000000.0,51733921.0,5.0
tt1386697,movie,Suicide Squad,2016,123,"Action,Adventure,Fantasy",5.9,761744,en,True,175000000.0,749200054.0,1.0
tt1386925,movie,The Dead,2010,105,"Action,Adventure,Drama",5.7,10026,en,True,0.0,0.0,1.0
tt1386932,movie,Ip Man 2,2010,108,"Action,Biography,Drama",7.5,117114,cn,True,12900000.0,36000000.0,2.0
tt1388418,movie,Deportees,2007,107,"Action,Comedy,Drama",5.1,10581,fa,True,10000.0,100000.0,1.0
tt1391137,movie,Why Did I Get Married Too?,2010,121,"Comedy,Drama,Romance",4.8,10857,en,True,20000000.0,60673972.0,2.0
tt1392170,movie,The Hunger Games,2012,142,"Action,Adventure,Sci-Fi",7.2,1085833,en,True,75000000.0,694000000.0,1.0
tt1392190,movie,Mad Max: Fury Road,2015,120,"Action,Adventure,Sci-Fi",8.1,1210945,en,True,150000000.0,378858340.0,4.0
tt13927994,movie,Salaar,2023,175,"Action,Crime,Drama",6.7,79161,te,True,34000000.0,87229100.0,1.0
tt1395054,movie,Once Upon a Time in Mumbaai,2010,134,"Action,Crime,Drama",7.4,21350,hi,True,19000000.0,8300000.0,1.0
tt13964390,movie,Under Paris,2024,104,"Action,Horror,Sci-Fi",5.2,40057,fr,True,0.0,0.0,1.0
tt1396484,movie,It,2017,135,Horror,7.3,700960,en,True,35000000.0,719766009.0,1.0
tt1397280,movie,Taken 2,2012,92,"Action,Crime,Thriller",6.2,337675,en,True,45000000.0,376100000.0,2.0
tt1397514,movie,Journey 2: The Mysterious Island,2012,94,"Action,Adventure,Comedy",5.7,121490,en,True,79000000.0,355692760.0,2.0
tt1399103,movie,Transformers: Dark of the Moon,2011,154,"Action,Adventure,Comedy",6.2,457353,en,True,195000000.0,1123794079.0,3.0
tt1402488,movie,Happy Feet Two,2011,100,"Adventure,Animation,Comedy",5.8,51069,en,True,130000000.0,150406466.0,2.0
tt1403214,movie,Paradise: Love,2012,120,Drama,7.0,10912,de,True,3600000.0,24267.0,1.0
tt1408101,movie,Star Trek Into Darkness,2013,132,"Action,Adventure,Sci-Fi",7.7,511133,en,True,190000000.0,467381584.0,2.0
tt1408253,movie,Ride Along,2014,99,"Action,Comedy,Crime",6.1,129735,en,True,25000000.0,153997819.0,1.0
tt1409024,movie,Men in Black 3,2012,106,"Action,Adventure,Comedy",6.8,413228,en,True,225000000.0,654213485.0,3.0
tt1411250,movie,Riddick,2013,119,"Action,Adventure,Sci-Fi",6.4,186989,en,True,38000000.0,98337295.0,3.0
tt1411697,movie,The Hangover Part II,2011,102,Comedy,6.5,580403,en,True,80000000.0,586764305.0,2.0
tt1412386,movie,The Best Exotic Marigold Hotel,2011,124,"Comedy,Drama,Romance",7.2,104114,en,True,10000000.0,150501815.0,1.0
tt14145426,movie,Beavis and Butt-Head Do the Universe,2022,87,"Animation,Comedy,Sci-Fi",7.0,14818,en,True,0.0,0.0,2.0
tt14145436,movie,Pet Sematary: Bloodlines,2023,87,"Fantasy,Horror",4.6,14158,en,True,0.0,0.0,2.0
tt1415283,movie,Nanny McPhee and the Big Bang,2010,109,"Comedy,Family,Fantasy",6.1,40174,en,True,35000000.0,93251121.0,2.0
tt14209916,movie,Cocaine Bear,2023,95,"Comedy,Crime,Thriller",5.9,127340,en,True,32500000.0,88314672.0,1.0
tt14217100,movie,Ferry,2021,106,"Action,Crime,Drama",7.0,15260,nl,True,0.0,0.0,1.0
tt1424310,movie,Chinese Zodiac,2012,109,"Action,Adventure,Comedy",6.0,26351,cn,True,26000000.0,171339013.0,3.0
tt1424381,movie,Predators,2010,107,"Action,Adventure,Sci-Fi",6.4,263366,en,True,40000000.0,127233108.0,3.0
tt14279982,movie,HIT: The 2nd Case,2022,150,"Crime,Drama,Mystery",7.2,11952,te,True,1800000.0,5000000.0,2.0
tt1430132,movie,The Wolverine,2013,126,"Action,Sci-Fi",6.7,525281,en,True,120000000.0,415440673.0,2.0
tt14308636,movie,Bank of Dave,2023,107,"Biography,Comedy,Drama",7.1,17121,en,True,0.0,0.0,1.0
tt1431045,movie,Deadpool,2016,108,"Action,Comedy,Sci-Fi",8.0,1259218,en,True,58000000.0,782837347.0,1.0
tt14324650,movie,"Batman: The Long Halloween, Part One",2021,85,"Action,Animation,Crime",7.3,22964,en,True,0.0,0.0,1.0
tt14331144,movie,Jujutsu Kaisen 0,2021,112,"Action,Animation,Fantasy",7.8,64556,ja,True,0.0,195870885.0,1.0
tt14362112,movie,Trolls Band Together,2023,91,"Adventure,Animation,Comedy",6.0,20210,en,True,95000000.0,210231405.0,3.0
tt14364480,movie,Wake Up Dead Man,2025,144,"Comedy,Crime,Drama",7.3,248747,en,True,210000000.0,4000000.0,3.0
tt1436562,movie,Rio,2011,96,"Adventure,Animation,Comedy",6.9,274818,en,True,90000000.0,483866772.0,1.0
tt14371860,movie,Apartment 7A,2024,107,"Horror,Thriller",5.9,20826,en,True,0.0,0.0,3.0
tt1438176,movie,Fright Night,2011,106,"Action,Comedy,Drama",6.4,120001,en,True,30000000.0,41002607.0,1.0
tt14400246,movie,Bird Box: Barcelona,2023,112,"Horror,Mystery,Sci-Fi",5.3,29423,es,True,19800000.0,0.0,2.0
tt1440232,movie,Little White Lies,2010,154,"Comedy,Drama",7.1,28415,fr,True,25000000.0,48531470.0,1.0
tt14402926,movie,"Batman: The Long Halloween, Part Two",2021,87,"Action,Animation,Crime",7.2,19524,en,True,0.0,0.0,2.0
tt14463484,movie,Through My Window,2022,116,"Comedy,Drama,Romance",5.5,25720,es,True,0.0,0.0,1.0
tt1446714,movie,Prometheus,2012,124,"Adventure,Sci-Fi",7.0,702483,en,True,130000000.0,403354469.0,1.0
tt1447972,movie,StreetDance 3D,2010,98,"Drama,Music,Romance",5.8,11955,en,True,5000000.0,18144030.0,1.0
tt1448754,movie,Thanksgiving,2023,106,"Horror,Mystery,Thriller",6.2,81294,en,True,15000000.0,46553280.0,1.0
tt14513804,movie,Captain America: Brave New World,2025,118,"Action,Adventure,Sci-Fi",5.6,184733,en,True,180000000.0,415101577.0,4.0
tt1453405,movie,Monsters University,2013,104,"Adventure,Animation,Comedy",7.2,426980,en,True,200000000.0,743559465.0,2.0
tt14537248,movie,Nefarious,2023,97,"Drama,Horror,Thriller",6.4,39777,en,True,3000000.0,5400000.0,1.0
tt14539740,movie,Godzilla X Kong: The New Empire,2024,115,"Action,Adventure,Fantasy",6.0,136729,en,True,150000000.0,571750016.0,1.0
tt1456635,movie,Goon,2011,92,"Comedy,Drama,Sport",6.8,94387,en,True,12000000.0,6985158.0,1.0
tt1457765,movie,The Haunting in Connecticut 2: Ghosts of Georgia,2013,100,"Drama,Horror,Mystery",5.3,19197,en,True,8000000.0,5127434.0,2.0
tt1457767,movie,The Conjuring,2013,112,"Horror,Mystery,Thriller",7.5,626260,en,True,13000000.0,321293998.0,1.0
tt14614892,movie,Dragon Ball Super: Super Hero,2022,100,"Action,Adventure,Animation",7.1,18980,ja,True,0.0,86600000.0,2.0
tt1462667,movie,Outrage,2010,109,"Action,Crime,Drama",6.8,15664,ja,True,0.0,8428636.0,1.0
tt1462764,movie,Indiana Jones and the Dial of Destiny,2023,154,"Action,Adventure,Sci-Fi",6.5,234413,en,True,294700000.0,383963057.0,5.0
tt1464174,movie,"Big Mommas: Like Father, Like Son",2011,107,"Action,Comedy,Crime",4.5,31488,en,True,32000000.0,82686066.0,3.0
tt14641788,movie,Enola Holmes 2,2022,129,"Action,Adventure,Crime",6.8,121467,en,True,0.0,0.0,2.0
tt1464335,movie,Uncharted,2022,116,"Action,Adventure",6.3,302198,en,True,120000000.0,407141258.0,1.0
tt1464580,movie,Stake Land,2010,98,"Drama,Horror",6.4,45905,en,True,650000.0,33245.0,1.0
tt1464763,movie,Mute,2018,126,"Mystery,Sci-Fi,Thriller",5.5,39681,en,True,0.0,0.0,2.0
tt1467304,movie,The Human Centipede (First Sequence),2009,92,Horror,4.4,97468,en,True,2000000.0,252207.0,1.0
tt1470827,movie,Monsters,2010,94,"Adventure,Drama,Romance",6.3,102112,en,True,500000.0,5639730.0,1.0
tt1473832,movie,Bridget Jones's Baby,2016,123,"Comedy,Drama,Romance",6.4,91553,en,True,35000000.0,211952420.0,3.0
tt14764464,movie,Code 8: Part II,2024,100,"Action,Crime,Drama",5.8,17341,en,True,0.0,0.0,3.0
tt1477076,movie,Saw 3D,2010,90,"Horror,Mystery",5.5,119097,en,True,17000000.0,136151680.0,7.0
tt1477834,movie,Aquaman,2018,143,"Action,Adventure,Fantasy",6.8,555356,en,True,160000000.0,1152028393.0,1.0
tt1478964,movie,Attack the Block,2011,88,"Action,Adventure,Comedy",6.6,115925,en,True,13000000.0,6333688.0,1.0
tt14846026,movie,Sisu,2022,91,"Action,Thriller,War",6.9,123683,fi,True,6600000.0,14281199.0,1.0
tt14850054,movie,Greenland 2: Migration,2026,98,"Action,Adventure,Sci-Fi",5.2,41512,en,True,90000000.0,44856736.0,2.0
tt14867006,movie,V/H/S/94,2021,103,"Fantasy,Horror,Mystery",5.6,17367,en,True,0.0,0.0,4.0
tt14888874,movie,Demon Slayer: Kimetsu no Yaiba - Mt. Natagumo Arc,2020,138,"Action,Animation,Fantasy",8.7,18740,ja,True,0.0,301723.0,2.0
tt1490017,movie,The Lego Movie,2014,100,"Action,Adventure,Animation",7.7,418104,en,True,60000000.0,470759687.0,1.0
tt1496025,movie,Underworld: Awakening,2012,88,"Action,Fantasy,Thriller",6.3,167861,en,True,70000000.0,160112671.0,4.0
tt14961624,movie,The Old Guard 2,2025,107,"Action,Adventure,Fantasy",5.1,47195,en,True,0.0,0.0,2.0
tt1499658,movie,Horrible Bosses,2011,98,"Comedy,Crime",6.9,488830,en,True,35000000.0,209838559.0,1.0
tt14998742,movie,Rebel Moon - Part One: A Child of Fire,2023,133,"Action,Adventure,Drama",5.6,141309,en,True,83000000.0,0.0,1.0
tt1502397,movie,Bad Boys for Life,2020,124,"Action,Comedy,Crime",6.5,197915,en,True,90000000.0,426505244.0,3.0
tt1502407,movie,Halloween,2018,106,"Crime,Drama,Horror",6.5,187437,en,True,10000000.0,259939869.0,9.0
tt15090124,movie,Mad God,2021,83,"Animation,Fantasy,Horror",6.8,20842,en,True,250000.0,322619.0,4.0
tt1515091,movie,Sherlock Holmes: A Game of Shadows,2011,129,"Action,Adventure,Mystery",7.4,503298,en,True,125000000.0,334615000.0,2.0
tt1517489,movie,Spy Kids 4: All the Time in the World,2011,89,"Action,Adventure,Comedy",3.6,30838,en,True,27000000.0,85564310.0,4.0
tt1523486,movie,Kolpaçino,2009,98,Comedy,6.6,15994,tr,True,2000000.0,3004329.0,1.0
tt15239678,movie,Dune: Part Two,2024,166,"Action,Adventure,Drama",8.4,769561,en,True,190000000.0,714844358.0,2.0
tt15242330,movie,The First Slam Dunk,2022,124,"Animation,Comedy,Drama",8.0,13092,ja,True,0.0,258000000.0,
tt15255288,movie,Murder Mystery 2,2023,89,"Action,Adventure,Comedy",5.7,84777,en,True,0.0,0.0,2.0
tt1528854,movie,Daddy's Home,2015,96,"Comedy,Family",6.2,139757,en,True,50000000.0,242786137.0,1.0
tt1529235,movie,Welcome to the South,2010,102,Comedy,6.6,11408,it,True,4000000.0,65584679.0,1.0
tt1530509,movie,The Human Centipede 2 (Full Sequence),2011,91,Horror,3.8,48030,en,True,0.0,170323.0,2.0
tt15314262,movie,The Beekeeper,2024,105,"Action,Crime,Thriller",6.3,182168,en,True,35000000.0,162619535.0,1.0
tt1531924,movie,The Disappearance of Eleanor Rigby: Him,2013,89,"Drama,Romance",6.8,10763,en,True,0.0,109144.0,3.0
tt15325794,movie,Fall,2022,107,"Action,Thriller",6.4,140442,en,True,3000000.0,17363261.0,1.0
tt15327088,movie,Kantara,2022,148,"Action,Adventure,Drama",8.1,117192,kn,True,1960000.0,60447800.0,1.0
tt1533117,movie,Let the Bullets Fly,2010,132,"Action,Comedy,Drama",7.3,14507,zh,True,0.0,104731450.0,1.0
tt15334488,movie,After Everything,2023,93,"Drama,Romance",4.8,12361,en,True,14000000.0,10644463.0,5.0
tt15351980,movie,Vacation Friends 2,2023,106,"Action,Adventure,Comedy",5.4,11037,en,True,0.0,0.0,2.0
tt1536044,movie,Paranormal Activity 2,2010,91,"Horror,Mystery",5.7,115921,en,True,3000000.0,177512032.0,2.0
tt1540011,movie,Blair Witch,2016,89,"Horror,Mystery,Thriller",5.0,53732,en,True,5000000.0,45172994.0,3.0
tt15416342,movie,The Bengal Files,2025,200,"Drama,History,Thriller",6.9,12239,hi,True,0.0,0.0,3.0
tt15433956,movie,Hanu Man,2024,158,"Action,Adventure,Fantasy",7.7,30537,te,True,4809416.0,0.0,1.0
tt15441054,movie,Gadar 2,2023,170,"Action,Adventure,Drama",5.1,25547,hi,True,7100000.0,2712109.0,2.0
tt15474916,movie,Smile,2022,115,"Horror,Mystery,Thriller",6.5,243364,en,True,17000000.0,217408513.0,1.0
tt15501640,movie,Drishyam 2,2022,140,"Crime,Drama,Mystery",8.2,52456,hi,True,7200000.0,41000000.0,2.0
tt1555149,movie,Elite Squad 2: The Enemy Within,2010,115,"Crime,Drama,Thriller",8.0,92471,pt,True,0.0,63027681.0,2.0
tt1558250,movie,GasLand,2010,107,Documentary,7.6,10772,en,True,0.0,0.0,1.0
tt1560220,movie,Zombieland: Double Tap,2019,99,"Action,Comedy,Horror",6.6,227193,en,True,42000000.0,122810399.0,2.0
tt1562859,movie,Golmaal 3,2010,155,"Action,Comedy,Drama",5.7,11564,hi,True,4800000.0,20000000.0,3.0
tt1564349,movie,Dolphin Tale,2011,113,"Drama,Family",6.8,26932,en,True,37000000.0,95404397.0,1.0
tt1564585,movie,Skyline,2010,92,"Action,Sci-Fi,Thriller",4.5,94439,en,True,10500000.0,66984887.0,1.0
tt15654328,movie,Leo,2023,164,"Action,Crime,Drama",7.2,74281,ta,True,42219285.0,71772785.0,3.0
tt1568346,movie,The Girl with the Dragon Tattoo,2011,158,"Crime,Drama,Mystery",7.8,530059,en,True,90000000.0,232617430.0,1.0
tt1572315,movie,Texas Chainsaw,2013,92,"Crime,Drama,Horror",4.8,60844,en,True,20000000.0,47340586.0,5.0
tt1573072,movie,Housefull,2010,144,"Comedy,Drama",5.7,18224,hi,True,3500000.0,15000000.0,1.0
tt15732324,movie,OMG 2,2023,156,"Comedy,Drama",7.5,47694,hi,True,7500000.0,28000000.0,2.0
tt1577061,movie,Recep Ivedik 3,2010,95,Comedy,4.4,23352,tr,True,0.0,22588876.0,3.0
tt1583421,movie,G.I. Joe: Retaliation,2013,110,"Action,Adventure,Sci-Fi",5.7,193450,en,True,130000000.0,371900000.0,2.0
tt15838850,movie,The Roundup,2022,106,"Action,Crime,Thriller",7.0,15610,ko,True,7600000.0,101166707.0,2.0
tt1587310,movie,Maleficent,2014,97,"Adventure,Drama,Family",6.9,425601,en,True,180000000.0,758539785.0,1.0
tt1591095,movie,Insidious,2010,103,"Horror,Mystery,Thriller",6.8,368362,en,True,1500000.0,100106454.0,1.0
tt15940132,movie,War Machine,2026,106,"Action,Sci-Fi,Thriller",6.3,106600,en,True,73000000.0,0.0,1.0
tt1594918,movie,Oh Dear,2010,104,Comedy,7.0,23124,tr,True,0.0,0.0,1.0
tt1594972,movie,Norm of the North,2016,90,"Adventure,Animation,Comedy",3.4,10694,en,True,7000000.0,17062499.0,1.0
tt1596342,movie,Disenchanted,2022,119,"Adventure,Animation,Comedy",5.6,29916,en,True,0.0,0.0,2.0
tt1596343,movie,Fast Five,2011,130,"Action,Crime,Thriller",7.3,434680,en,True,125000000.0,626100000.0,5.0
tt1596365,movie,The Woman in Black,2012,95,"Drama,Fantasy,Horror",6.4,199821,en,True,32000000.0,129000000.0,1.0
tt1597522,movie,Astérix and Obélix: God Save Britannia,2012,110,"Adventure,Comedy,Family",5.3,18172,fr,True,61000000.0,61319383.0,4.0
tt1602472,movie,Two Days in New York,2012,96,"Comedy,Drama,Romance",6.0,15336,en,True,8000000.0,1653792.0,2.0
tt1605630,movie,American Reunion,2012,113,Comedy,6.7,234395,en,True,50000000.0,234989584.0,4.0
tt1606378,movie,A Good Day to Die Hard,2013,98,"Action,Thriller",5.2,223596,en,True,92000000.0,304654182.0,5.0
tt1608290,movie,Zoolander 2,2016,101,"Action,Adventure,Comedy",4.7,81985,en,True,50000000.0,56722693.0,2.0
tt1615918,movie,Alvin and the Chipmunks: Chipwrecked,2011,87,"Adventure,Animation,Comedy",4.5,45076,en,True,75000000.0,342695435.0,3.0
tt16183464,movie,One Piece Film: Red,2022,115,"Action,Adventure,Animation",6.7,26826,ja,True,0.0,171315305.0,14.0
tt1618434,movie,Murder Mystery,2019,97,"Crime,Mystery,Romance",6.1,191206,en,True,24000000.0,0.0,1.0
tt1618442,movie,The Last Witch Hunter,2015,106,"Action,Adventure,Fantasy",5.9,116972,en,True,90000000.0,146936910.0,1.0
tt1620719,movie,Dabangg,2010,126,"Action,Comedy,Crime",6.3,37480,hi,True,9370000.0,0.0,1.0
tt1620981,movie,The Addams Family,2019,86,"Animation,Comedy,Family",5.9,49895,en,True,40000000.0,204394183.0,1.0
tt1621045,movie,Think Like a Man,2012,122,"Comedy,Romance",6.5,52944,en,True,12000000.0,96070507.0,1.0
tt1622979,movie,Final Destination 5,2011,92,"Horror,Thriller",5.9,152170,en,True,40000000.0,157887643.0,5.0
tt16280138,movie,Magic Mike's Last Dance,2023,112,"Comedy,Drama",5.2,20105,en,True,45000000.0,52000000.0,3.0
tt1628841,movie,Independence Day: Resurgence,2016,120,"Action,Adventure,Sci-Fi",5.2,200299,en,True,165000000.0,389681935.0,2.0
tt1629391,movie,Tere Bin Laden,2010,95,"Comedy,Drama",7.2,11148,hi,True,0.0,0.0,1.0
tt1630029,movie,Avatar: The Way of Water,2022,192,"Action,Adventure,Fantasy",7.5,636874,en,True,460000000.0,2334484620.0,2.0
tt1630036,movie,Courageous,2011,129,Drama,6.9,22815,en,True,1000000.0,35690739.0,4.0
tt16300962,movie,When Evil Lurks,2023,99,Horror,6.9,62519,es,True,0.0,2090252.0,1.0
tt16311594,movie,F1: The Movie,2025,155,"Drama,Sport",7.6,372142,en,True,300000000.0,634142436.0,1.0
tt1634013,movie,Montevideo: Taste of a Dream,2010,140,"Adventure,Comedy,Drama",8.1,13754,sr,True,0.0,0.0,1.0
tt1634122,movie,Johnny English Reborn,2011,101,"Action,Adventure,Comedy",6.3,149791,en,True,45000000.0,160078586.0,2.0
tt16366836,movie,Venom: The Last Dance,2024,110,"Action,Fantasy,Horror",6.0,158430,en,True,120000000.0,478937618.0,3.0
tt1637725,movie,Ted,2012,106,Comedy,6.9,712953,en,True,50000000.0,549368315.0,1.0
tt1640711,movie,A Few Best Men,2011,97,"Comedy,Romance",5.7,13945,en,True,14400000.0,15521362.0,1.0
tt16431870,movie,The Family Plan,2023,118,"Action,Comedy",6.3,65059,en,True,0.0,0.0,1.0
tt1646926,movie,Open Season 3,2010,75,"Adventure,Animation,Comedy",5.0,15084,en,True,0.0,7487555.0,3.0
tt1646971,movie,How to Train Your Dragon 2,2014,102,"Action,Adventure,Animation",7.8,403914,en,True,145000000.0,621537519.0,2.0
tt1646987,movie,Wrath of the Titans,2012,99,"Action,Adventure,Fantasy",5.7,203905,en,True,150000000.0,301970083.0,2.0
tt1648112,movie,New Kids Turbo,2010,84,"Action,Comedy",6.4,19274,nl,True,1500000.0,8786756.0,1.0
tt1648186,movie,Fisherman's Friends,2019,112,"Comedy,Drama,Music",7.0,13014,en,True,0.0,0.0,1.0
tt1648216,movie,Three Steps Above Heaven,2010,118,"Action,Drama,Romance",6.7,31322,es,True,0.0,0.0,1.0
tt16492678,movie,Demon Slayer: Kimetsu no Yaiba - Tsuzumi Mansion Arc,2021,87,"Action,Animation,Fantasy",8.4,36406,ja,True,0.0,67358.0,5.0
tt1649443,movie,[REC] 4: Apocalypse,2014,95,"Action,Adventure,Fantasy",5.3,22731,es,True,3000000.0,4915757.0,4.0
tt1649444,movie,[REC] 3: Genesis,2012,80,"Action,Adventure,Fantasy",5.0,41460,es,True,6400000.0,11019975.0,3.0
tt1650043,movie,Diary of a Wimpy Kid: Rodrick Rules,2011,99,"Comedy,Family",6.6,43455,en,True,18000000.0,72200000.0,2.0
tt1650554,movie,Kick-Ass 2,2013,103,"Action,Comedy,Crime",6.5,300775,en,True,28000000.0,60795985.0,2.0
tt1653690,movie,Ong Bak 3,2010,99,Action,4.9,15565,th,True,0.0,2340363.0,3.0
tt16539454,movie,Pushpa: The Rule - Part 2,2024,201,"Action,Crime,Drama",6.0,67467,te,True,52900000.0,219000000.0,2.0
tt1659343,movie,Universal Soldier: Day of Reckoning,2012,114,"Action,Horror,Mystery",5.1,22389,en,True,11500000.0,113706000.0,6.0
tt1663662,movie,Pacific Rim,2013,131,"Action,Adventure,Sci-Fi",6.9,560615,en,True,180000000.0,411000000.0,1.0
tt1666186,movie,Vampires Suck,2010,82,"Comedy,Horror",3.5,54961,en,True,20000000.0,80547866.0,1.0
tt1667889,movie,Ice Age: Continental Drift,2012,88,"Adventure,Animation,Comedy",6.5,244460,en,True,95000000.0,877244782.0,4.0
tt1670345,movie,Now You See Me,2013,115,"Crime,Mystery,Thriller",7.2,773624,en,True,75000000.0,351723989.0,1.0
tt1673434,movie,The Twilight Saga: Breaking Dawn - Part 2,2012,115,"Adventure,Drama,Fantasy",5.6,283427,en,True,120000000.0,829747654.0,5.0
tt1674782,movie,Karate Kid: Legends,2025,94,"Action,Drama,Family",6.3,48937,en,True,45000000.0,117105466.0,6.0
tt1679335,movie,Trolls,2016,92,"Adventure,Animation,Comedy",6.4,101274,en,True,125000000.0,347337803.0,1.0
tt1680136,movie,Klown,2010,93,Comedy,7.1,12371,da,True,0.0,13273759.0,1.0
tt1687247,movie,Life in a Day,2011,95,"Documentary,Drama",7.6,15789,en,True,45202.0,225861.0,1.0
tt16900880,movie,Kill Boksoon,2023,137,"Action,Thriller",6.6,16572,ko,True,0.0,0.0,1.0
tt1690953,movie,Despicable Me 2,2013,98,"Adventure,Animation,Comedy",7.3,461753,en,True,76000000.0,970766005.0,2.0
tt1691917,movie,Planes,2013,92,"Adventure,Animation,Comedy",5.7,52977,en,True,50000000.0,219788712.0,1.0
tt1694542,movie,Tanu Weds Manu,2011,113,"Comedy,Drama,Romance",6.8,18056,hi,True,400000.0,252000.0,1.0
tt1699231,movie,Quarantine 2: Terminal,2011,86,"Horror,Sci-Fi,Thriller",5.2,22330,en,True,4000000.0,0.0,2.0
tt1700258,movie,Kokowääh,2011,126,Comedy,6.2,10861,de,True,5650000.0,43000000.0,1.0
tt17024450,movie,The Equalizer 3,2023,109,"Action,Crime,Thriller",6.8,163035,en,True,70000000.0,191067560.0,3.0
tt1703199,movie,Grave Encounters,2011,92,"Fantasy,Horror,Mystery",6.1,71556,en,True,1000000.0,0.0,1.0
tt1714203,movie,Piranha 3DD,2012,83,"Comedy,Horror,Sci-Fi",3.8,48097,en,True,5000000.0,8493728.0,2.0
tt1714208,movie,The Woman,2011,103,"Drama,Horror,Thriller",6.0,27752,en,True,0.0,0.0,2.0
tt1716747,movie,Hellraiser: Revelations,2011,75,Horror,2.7,11169,en,True,350000.0,0.0,9.0
tt1716772,movie,The Inbetweeners,2011,97,Comedy,6.7,91223,en,True,4500000.0,88823111.0,1.0
tt17220704,movie,A Christmas Story Christmas,2022,98,"Comedy,Family",6.7,21700,en,True,0.0,0.0,3.0
tt1724970,movie,Beyond Skyline,2017,106,"Action,Adventure,Horror",5.3,25079,en,True,14000000.0,992181.0,2.0
tt1735898,movie,Snow White and the Huntsman,2012,127,"Action,Adventure,Drama",6.1,315585,en,True,170000000.0,396600000.0,1.0
tt1740047,movie,The Trip,2010,112,"Comedy,Drama",7.0,24232,en,True,0.0,951179.0,1.0
tt1745960,movie,Top Gun: Maverick,2022,130,"Action,Drama",8.2,888142,en,True,170000000.0,1488732821.0,2.0
tt1748227,movie,The Collection,2012,82,"Horror,Thriller",6.1,57941,en,True,0.0,6842058.0,2.0
tt17490712,movie,Mortal Kombat II,2026,116,"Action,Adventure,Fantasy",6.4,58164,en,True,80000000.0,129445809.0,2.0
tt17505010,movie,Horizon: An American Saga - Chapter 1,2024,181,"Drama,Western",6.6,45623,en,True,50000000.0,38735702.0,1.0
tt1753383,movie,A Dog's Purpose,2017,100,"Adventure,Comedy,Drama",7.3,86914,en,True,22000000.0,205000000.0,1.0
tt1753496,movie,Resident Evil: Damnation,2012,100,"Action,Animation,Horror",6.4,24260,ja,True,0.0,2325035.0,2.0
tt1757678,movie,Avatar: Fire and Ash,2025,197,"Action,Adventure,Drama",7.2,183884,en,True,350000000.0,1490477656.0,3.0
tt1758830,movie,This Is 40,2012,134,"Comedy,Drama,Romance",6.2,160183,en,True,35000000.0,88200000.0,2.0
tt1764651,movie,The Expendables 2,2012,103,"Action,Adventure,Thriller",6.6,335039,en,True,100000000.0,314975955.0,2.0
tt17663992,movie,Scream VI,2023,122,"Horror,Mystery,Thriller",6.4,153589,en,True,33000000.0,169063850.0,6.0
tt1772341,movie,Wreck-It Ralph,2012,101,"Adventure,Animation,Comedy",7.7,501115,en,True,165000000.0,471222889.0,1.0
tt1778304,movie,Paranormal Activity 3,2011,83,"Horror,Mystery,Thriller",5.8,104862,en,True,5000000.0,207039844.0,3.0
tt1781069,movie,Zeitgeist: Moving Forward,2011,161,Documentary,8.1,18485,en,True,0.0,0.0,3.0
tt1784499,movie,Valley of the Wolves: Palestine,2011,105,"Action,Drama,War",6.1,10354,tr,True,12730000.0,0.0,3.0
tt1790809,movie,Pirates of the Caribbean: Dead Men Tell No Tales,2017,129,"Action,Adventure,Fantasy",6.5,387285,en,True,230000000.0,795922298.0,5.0
tt1790864,movie,The Maze Runner,2014,113,"Action,Mystery,Sci-Fi",6.8,565951,en,True,34000000.0,348319861.0,1.0
tt1797504,movie,I Want You,2012,120,"Drama,Romance",6.7,17769,es,True,0.0,24016152.0,2.0
tt1798603,movie,Bad Santa 2,2016,92,"Comedy,Crime,Drama",5.6,31848,en,True,26000000.0,24100000.0,2.0
tt1800741,movie,Step Up: Revolution,2012,99,"Drama,Music,Romance",6.4,60109,en,True,33000000.0,140470746.0,4.0
tt1801051,movie,Eyyvah Eyvah 2,2011,106,Comedy,6.6,16480,tr,True,0.0,0.0,2.0
tt1806913,movie,Golmaal Again,2017,140,"Action,Comedy,Fantasy",5.0,13526,hi,True,8400000.0,37000000.0,4.0
tt1807950,movie,Love Likes Coincidences,2011,118,"Drama,Romance",7.2,20637,tr,True,0.0,13585314.0,1.0
tt1808197,movie,Incir Reçeli,2011,94,"Drama,Romance",6.5,15584,tr,True,0.0,0.0,1.0
tt1808223,movie,Losers' Club,2011,105,"Drama,Romance",7.4,27074,tr,True,0.0,2692857.0,1.0
tt1808454,movie,Suicide Room,2011,116,"Crime,Drama,Thriller",6.6,12604,pl,True,1400000.0,4878284.0,1.0
tt1809398,movie,Unbroken,2014,137,"Biography,Drama,Sport",7.2,199435,en,True,65000000.0,163400000.0,1.0
tt1813757,movie,Who Killed Captain Alex?,2010,64,"Action,Comedy,Crime",7.8,11946,lg,True,85.0,0.0,1.0
tt1816518,movie,Ernest & Celestine,2012,80,"Adventure,Animation,Comedy",7.8,24454,fr,True,12500000.0,8170333.0,1.0
tt1821480,movie,Kahaani,2012,122,"Mystery,Thriller",8.1,70160,hi,True,1200000.0,16000000.0,1.0
tt1821658,movie,The Nut Job,2014,85,"Adventure,Animation,Comedy",5.7,32563,en,True,42000000.0,120885527.0,1.0
tt1821694,movie,RED 2,2013,116,"Action,Comedy,Crime",6.6,189179,en,True,84000000.0,148075565.0,2.0
tt1825683,movie,Black Panther,2018,134,"Action,Adventure,Sci-Fi",7.3,913802,en,True,200000000.0,1349926083.0,1.0
tt18259086,movie,Sonic the Hedgehog 3,2024,110,"Action,Adventure,Comedy",6.9,82202,en,True,122000000.0,492162604.0,3.0
tt1833673,movie,Dhoom 3,2013,172,"Action,Crime,Thriller",5.4,53683,hi,True,19500000.0,91000000.0,3.0
tt1840309,movie,Divergent,2014,139,"Action,Adventure,Drama",6.6,519937,en,True,85000000.0,288885818.0,1.0
tt18411490,movie,Tiger 3,2023,155,"Action,Adventure,Thriller",5.6,56677,hi,True,36000000.0,49000000.0,3.0
tt18412256,movie,Alien: Romulus,2024,119,"Horror,Sci-Fi,Thriller",7.1,290374,en,True,80000000.0,350865342.0,1.0
tt1843303,movie,The VelociPastor,2018,75,"Action,Adventure,Comedy",5.1,11842,en,True,36000.0,100000.0,1.0
tt1843866,movie,Captain America: The Winter Soldier,2014,136,"Action,Adventure,Sci-Fi",7.7,976141,en,True,170000000.0,714766572.0,2.0
tt1854564,movie,Percy Jackson: Sea of Monsters,2013,106,"Adventure,Family,Fantasy",5.7,134751,en,True,90000000.0,199850315.0,2.0
tt1855325,movie,Resident Evil: Retribution,2012,95,"Action,Horror,Sci-Fi",5.3,159438,en,True,65000000.0,240159255.0,5.0
tt1856101,movie,Blade Runner 2049,2017,164,"Action,Drama,Mystery",8.0,758738,en,True,150000000.0,259239658.0,2.0
tt1865569,movie,Çalgi Çengi,2011,90,Comedy,7.0,14359,tr,True,0.0,342597.0,1.0
tt1870419,movie,Hatchet III,2013,81,"Action,Comedy,Horror",5.6,11735,en,True,1169935.0,0.0,3.0
tt1872181,movie,The Amazing Spider-Man 2,2014,142,"Action,Adventure,Sci-Fi",6.6,594128,en,True,200000000.0,716934779.0,2.0
tt1877830,movie,The Batman,2022,176,"Action,Crime,Drama",7.8,934556,en,True,185000000.0,772775278.0,1.0
tt1877832,movie,X-Men: Days of Future Past,2014,132,"Action,Adventure,Sci-Fi",7.9,790109,en,True,250000000.0,748045700.0,5.0
tt1883367,movie,The Human Centipede III (Final Sequence),2015,102,"Comedy,Horror",2.7,23176,en,True,0.0,16184.0,3.0
tt1891755,movie,Billa 2,2012,129,"Action,Crime,Thriller",6.2,11787,ta,True,0.0,0.0,2.0
tt18925334,movie,Pearl,2022,103,"Drama,Horror,Thriller",7.0,160813,en,True,1000000.0,9847490.0,2.0
tt1899353,movie,The Raid: Redemption,2011,101,"Action,Crime,Thriller",7.6,231277,id,True,1100000.0,9148519.0,1.0
tt1905041,movie,Fast & Furious 6,2013,130,"Action,Adventure,Crime",7.0,441183,en,True,160000000.0,788700000.0,6.0
tt1915581,movie,Magic Mike,2012,110,"Comedy,Drama,Music",6.1,152969,en,True,7000000.0,167200000.0,1.0
tt19175696,movie,Sister Death,2023,91,"Horror,Mystery",5.8,11054,es,True,0.0,0.0,2.0
tt1922777,movie,Sinister,2012,110,"Horror,Mystery,Thriller",6.8,318465,en,True,3000000.0,82515113.0,1.0
tt1926313,movie,Pyaar Ka Punchnama,2011,149,"Comedy,Drama,Romance",7.6,23674,hi,True,1400000.0,7200000.0,1.0
tt1928330,movie,Bad Ass,2012,90,"Action,Comedy,Crime",5.5,20366,en,True,0.0,0.0,1.0
tt1935302,movie,Monsters: Dark Continent,2014,119,"Action,Drama,Sci-Fi",4.3,11740,en,True,0.0,306004.0,2.0
tt1935896,movie,The ABCs of Death,2012,129,"Action,Comedy,Fantasy",4.7,21379,en,True,0.0,23589.0,1.0
tt1935897,movie,Amityville: The Awakening,2017,87,"Horror,Thriller",4.9,16833,en,True,0.0,8481997.0,10.0
tt1937118,movie,Chinese Puzzle,2013,117,"Comedy,Drama,Romance",6.9,15911,fr,True,0.0,16968297.0,3.0
tt1937390,movie,Nymphomaniac: Vol. I,2013,117,Drama,6.9,139300,en,True,2350000.0,13545832.0,2.0
tt1951261,movie,The Hangover Part III,2013,100,"Comedy,Crime",5.9,364947,en,True,103000000.0,362000072.0,3.0
tt1951264,movie,The Hunger Games: Catching Fire,2013,146,"Action,Adventure,Romance",7.5,776799,en,True,130000000.0,865011746.0,2.0
tt1951265,movie,The Hunger Games: Mockingjay - Part 1,2014,123,"Action,Adventure,Sci-Fi",6.6,548726,en,True,125000000.0,755356711.0,3.0
tt1951266,movie,The Hunger Games: Mockingjay - Part 2,2015,137,"Action,Adventure,Sci-Fi",6.6,416641,en,True,160000000.0,653428261.0,4.0
tt1954470,movie,Gangs of Wasseypur,2012,321,"Action,Comedy,Crime",8.2,114779,hi,True,1400000.0,4100000.0,1.0
tt1958043,movie,The Houses October Built,2014,91,"Horror,Thriller",5.2,11769,en,True,0.0,0.0,1.0
tt1959563,movie,The Hitman's Bodyguard,2017,118,"Action,Adventure,Comedy",6.9,263342,en,True,30000000.0,176586701.0,1.0
tt19623240,movie,Winnie-the-Pooh: Blood and Honey,2023,84,Horror,2.9,37379,en,True,100000.0,7717044.0,1.0
tt1965308,movie,Interreflections,2020,165,"Drama,Fantasy,History",5.8,10484,en,True,0.0,0.0,4.0
tt1979319,movie,Rurouni Kenshin Part I: Origins,2012,134,"Action,Adventure,Drama",7.4,31457,ja,True,0.0,61700000.0,1.0
tt1979376,movie,Toy Story 4,2019,100,"Adventure,Animation,Comedy",7.6,321974,en,True,175000000.0,1073841394.0,4.0
tt1980986,movie,Housefull 2,2012,145,"Action,Comedy,Drama",5.5,18055,hi,True,7100000.0,22000000.0,2.0
tt1981115,movie,Thor: The Dark World,2013,112,"Action,Adventure,Fantasy",6.7,780946,en,True,170000000.0,644783140.0,2.0
tt1981677,movie,Pitch Perfect,2012,112,"Comedy,Music,Romance",7.1,352188,en,True,17000000.0,115647737.0,1.0
tt19847976,movie,Wicked: For Good,2025,137,"Drama,Family,Fantasy",6.6,69518,en,True,150000000.0,539042601.0,2.0
tt1985949,movie,The Angry Birds Movie,2016,97,"Action,Adventure,Animation",6.3,118951,en,True,73000000.0,349779543.0,1.0
tt1985966,movie,Cloudy with a Chance of Meatballs 2,2013,95,"Adventure,Animation,Comedy",6.3,126234,en,True,78000000.0,248384621.0,2.0
tt2002718,movie,Machete Kills,2013,107,"Action,Comedy,Crime",5.6,85726,en,True,20000000.0,17537186.0,2.0
tt2004420,movie,Neighbors,2014,97,Comedy,6.3,346522,en,True,18000000.0,270665134.0,1.0
tt2004432,movie,Wolf Creek 2,2013,106,"Horror,Thriller",6.2,25413,en,True,8000000.0,9630444.0,2.0
tt2010914,movie,Behzat Ç.: I Buried You in My Heart,2011,110,"Action,Crime,Drama",7.5,10978,tr,True,0.0,0.0,1.0
tt2015381,movie,Guardians of the Galaxy,2014,121,"Action,Adventure,Comedy",8.0,1369153,en,True,170000000.0,772776600.0,1.0
tt2016894,movie,Ek Tha Tiger,2012,132,"Action,Adventure,Drama",5.7,42908,hi,True,14040000.0,62690000.0,1.0
tt2017020,movie,The Smurfs 2,2013,105,"Adventure,Animation,Comedy",5.3,50923,en,True,105000000.0,347434178.0,2.0
tt2017561,movie,Journey to the West: Conquering the Demons,2013,110,"Action,Adventure,Comedy",6.7,15160,zh,True,0.0,215637183.0,1.0
tt20214908,movie,Another Simple Favor,2025,120,"Comedy,Crime,Mystery",5.3,32080,en,True,0.0,0.0,2.0
tt2023453,movie,Diary of a Wimpy Kid: Dog Days,2012,94,"Comedy,Family",6.3,34736,en,True,22000000.0,77100000.0,3.0
tt2028530,movie,Paradise Lost 3: Purgatory,2011,121,"Crime,Documentary",8.0,11599,en,True,0.0,0.0,3.0
tt20316748,movie,Twilight of the Warriors: Walled In,2024,126,"Action,Crime,Thriller",6.9,12445,cn,True,38400000.0,95399186.0,1.0
tt2034139,movie,The Last Exorcism Part II,2013,88,"Horror,Thriller",4.0,17657,en,True,5000000.0,15200000.0,2.0
tt2040560,movie,The Pact,2012,89,"Horror,Mystery,Thriller",5.7,26480,en,True,0.0,0.0,1.0
tt2043932,movie,New Kids Nitro,2011,77,"Action,Comedy,Horror",6.0,11311,nl,True,0.0,0.0,2.0
tt2049403,movie,Beetlejuice Beetlejuice,2024,105,"Comedy,Fantasy,Horror",6.6,176430,en,True,99000000.0,452000435.0,2.0
tt2072230,movie,Attack on Titan Part 1,2015,98,"Action,Adventure,Drama",5.0,16601,ja,True,0.0,30810658.0,1.0
tt2076298,movie,Ip Man 4: The Finale,2019,107,"Action,Biography,Drama",7.0,41123,cn,True,52000000.0,239000000.0,4.0
tt20768712,movie,Book Club: The Next Chapter,2023,107,"Comedy,Romance",5.6,10155,en,True,20000000.0,27849137.0,2.0
tt2083355,movie,The Best Man Holiday,2013,123,"Comedy,Drama",6.6,17889,en,True,17000000.0,71625195.0,2.0
tt2085930,movie,Starship Troopers: Invasion,2012,89,"Action,Animation,Fantasy",5.8,12663,en,True,0.0,193425.0,4.0
tt2091256,movie,Captain Underpants: The First Epic Movie,2017,89,"Action,Adventure,Animation",6.2,36902,en,True,38000000.0,125427681.0,1.0
tt20916568,movie,The Wrath of Becky,2023,84,"Action,Comedy,Thriller",6.2,21291,en,True,199507.0,207118.0,2.0
tt2096672,movie,Dumb and Dumber To,2014,109,Comedy,5.6,154208,en,True,40000000.0,169837010.0,3.0
tt2096673,movie,Inside Out,2015,95,"Adventure,Animation,Comedy",8.1,921308,en,True,175000000.0,857611174.0,1.0
tt2101473,movie,The Physician,2013,155,"Adventure,Drama,History",7.2,45497,en,True,36000000.0,57284237.0,1.0
tt2103281,movie,Dawn of the Planet of the Apes,2014,130,"Action,Adventure,Drama",7.6,512694,en,True,170000000.0,710644566.0,2.0
tt2105044,movie,V/H/S,2012,116,"Fantasy,Horror,Mystery",5.8,75809,en,True,242000.0,100345.0,1.0
tt2109184,movie,Paranormal Activity 4,2012,88,"Horror,Mystery",4.7,74277,en,True,5000000.0,142802657.0,4.0
tt2109248,movie,Transformers: Age of Extinction,2014,165,"Action,Adventure,Comedy",5.6,351054,en,True,210000000.0,1105261713.0,4.0
tt21103300,movie,My Big Fat Greek Wedding 3,2023,92,"Comedy,Drama,Romance",5.2,13352,en,True,0.0,34900000.0,3.0
tt21106646,movie,The Next 365 Days,2022,112,"Drama,Romance",2.9,13424,pl,True,0.0,0.0,3.0
tt2112131,movie,Fearless 2,2012,120,"Action,Comedy,Crime",4.8,21945,hi,True,13650000.0,0.0,2.0
tt2113681,movie,The 100 Year-Old Man Who Climbed Out the Window and Disappeared,2013,114,"Adventure,Comedy",7.0,44321,sv,True,9250000.0,51167572.0,1.0
tt21235248,movie,Ghostbusters: Frozen Empire,2024,115,"Adventure,Comedy,Fantasy",6.1,106702,en,True,100000000.0,201967521.0,4.0
tt21245882,movie,Through My Window: Across the Sea,2023,109,"Comedy,Drama,Romance",5.2,10071,es,True,0.0,0.0,2.0
tt2140465,movie,Tanu Weds Manu Returns,2015,128,"Comedy,Drama,Romance",7.6,30760,hi,True,6153000.0,39270000.0,2.0
tt2140479,movie,The Accountant,2016,128,"Action,Crime,Drama",7.3,398300,en,True,44000000.0,155160045.0,1.0
tt21651560,movie,V/H/S/99,2022,109,Horror,5.2,11547,en,True,0.0,0.0,5.0
tt2168910,movie,Cocktail,2012,146,"Comedy,Drama,Romance",6.3,16726,hi,True,5100000.0,18000000.0,1.0
tt21692408,movie,Kung Fu Panda 4,2024,94,"Action,Adventure,Animation",6.3,83603,en,True,80000000.0,548040835.0,4.0
tt2170439,movie,Horrible Bosses 2,2014,108,"Comedy,Crime",6.3,194008,en,True,42000000.0,107645357.0,2.0
tt2172071,movie,Student of the Year,2012,146,"Comedy,Drama,Music",5.3,22393,hi,True,8391922.0,13749809.0,1.0
tt2178508,movie,Son of Sardaar,2012,141,"Action,Comedy,Romance",4.4,12246,hi,True,4300000.0,2200000.0,1.0
tt21807222,movie,Saw X,2023,118,"Crime,Drama,Horror",6.6,98753,en,True,13000000.0,125319714.0,10.0
tt2184339,movie,The Purge,2013,85,"Horror,Sci-Fi,Thriller",5.8,261580,en,True,3000000.0,91266581.0,1.0
tt21909764,movie,My Fault,2023,117,"Drama,Romance",6.1,45318,es,True,0.0,0.0,1.0
tt2191701,movie,Grown Ups 2,2013,101,Comedy,5.4,192271,en,True,80000000.0,247022278.0,2.0
tt21994906,movie,Your Christmas or Mine?,2022,95,"Comedy,Romance",6.4,11741,en,True,0.0,0.0,1.0
tt2199571,movie,Run All Night,2015,114,"Action,Crime,Thriller",6.6,120121,en,True,50000000.0,71561644.0,1.0
tt2199711,movie,Vishwaroopam,2013,148,"Action,Thriller",7.9,43449,ta,True,17000000.0,51000000.0,1.0
tt22022452,movie,Inside Out 2,2024,96,"Adventure,Animation,Comedy",7.5,254338,en,True,200000000.0,1698863816.0,2.0
tt2203308,movie,Aashiqui 2,2013,132,"Drama,Music,Musical",7.1,38573,hi,True,1300000.0,16000000.0,2.0
tt22048412,movie,MaXXXine,2024,103,"Crime,Horror",6.2,88689,en,True,10000000.0,22057160.0,3.0
tt22050754,movie,The Strangers: Chapter 1,2024,91,Horror,4.7,30175,en,True,8500000.0,48166448.0,1.0
tt22086334,movie,Dream Girl 2,2023,134,"Comedy,Drama,Romance",5.2,13362,hi,True,0.0,0.0,2.0
tt2209418,movie,Before Midnight,2013,109,"Drama,Romance",7.9,186841,en,True,3000000.0,11176469.0,3.0
tt2210479,movie,Berserk: The Golden Age Arc I - The Egg of the King,2012,76,"Action,Adventure,Animation",7.5,16076,ja,True,0.0,2152610.0,1.0
tt2215285,movie,Madea's Witness Protection,2012,114,"Comedy,Crime,Drama",5.0,12026,en,True,20000000.0,66899242.0,7.0
tt2226417,movie,Insidious: Chapter 2,2013,106,"Horror,Mystery,Thriller",6.6,203417,en,True,5000000.0,161921515.0,2.0
tt2230358,movie,Curse of Chucky,2013,97,"Horror,Thriller",5.6,47891,en,True,5000000.0,3876587.0,6.0
tt2231554,movie,Grave Encounters 2,2012,98,"Horror,Mystery",5.1,30388,en,True,0.0,0.0,2.0
tt2239832,movie,Think Like a Man Too,2014,106,"Comedy,Romance",5.7,24442,en,True,24000000.0,70181428.0,2.0
tt2243537,movie,A Haunted House,2013,86,"Comedy,Fantasy,Horror",5.1,55280,en,True,2500000.0,60141683.0,1.0
tt22444570,movie,Ponniyin Selvan: Part Two,2023,164,"Action,Adventure,Drama",7.2,19921,ta,True,29500000.0,40000000.0,2.0
tt2250912,movie,Spider-Man: Homecoming,2017,133,"Action,Adventure,Sci-Fi",7.4,803617,en,True,175000000.0,880978185.0,1.0
tt2261287,movie,Leap!,2016,89,"Adventure,Animation,Comedy",6.8,26920,en,True,30000000.0,109573511.0,1.0
tt2263944,movie,Dragon Ball Z: Battle of Gods,2013,85,"Action,Adventure,Animation",7.1,32230,ja,True,0.0,50461371.0,14.0
tt22640398,movie,V/H/S/85,2023,110,"Horror,Thriller",5.6,11381,en,True,0.0,0.0,6.0
tt2265171,movie,The Raid 2,2014,150,"Action,Crime,Thriller",7.9,139527,id,True,4500000.0,6566916.0,2.0
tt2267968,movie,Kung Fu Panda 3,2016,95,"Action,Adventure,Animation",7.1,220343,en,True,145000000.0,521170825.0,3.0
tt2268016,movie,Magic Mike XXL,2015,115,"Comedy,Drama,Music",5.6,63777,en,True,14800000.0,117800000.0,2.0
tt22687790,movie,A Haunting in Venice,2023,103,"Crime,Drama,Horror",6.5,142169,en,True,60000000.0,121400000.0,3.0
tt22743064,movie,Yaariyan 2,2023,148,"Comedy,Drama,Musical",4.9,13072,hi,True,3012048.0,321687.0,2.0
tt2277860,movie,Finding Dory,2016,97,"Adventure,Animation,Comedy",7.2,336144,en,True,200000000.0,1029266989.0,2.0
tt2279373,movie,The SpongeBob Movie: Sponge Out of Water,2015,92,"Adventure,Animation,Comedy",6.0,68102,en,True,74000000.0,325186032.0,2.0
tt22796890,movie,Hell House LLC Origins: The Carmichael Manor,2023,98,"Horror,Mystery,Thriller",6.2,11824,en,True,0.0,20762.0,4.0
tt2281159,movie,Contracted,2013,84,"Drama,Horror,Thriller",5.3,17881,en,True,0.0,58221.0,1.0
tt2281587,movie,Muppets Most Wanted,2014,107,"Adventure,Comedy,Crime",6.4,39529,en,True,50000000.0,80400000.0,2.0
tt2283362,movie,Jumanji: Welcome to the Jungle,2017,119,"Action,Adventure,Comedy",6.9,505983,en,True,90000000.0,995339117.0,2.0
tt2283748,movie,OMG: Oh My God!,2012,125,"Comedy,Drama,Fantasy",8.1,71444,hi,True,2500000.0,19000000.0,1.0
tt22868010,movie,Return to Silent Hill,2026,106,"Drama,Horror,Mystery",4.0,22114,en,True,23000000.0,47976996.0,3.0
tt22898462,movie,The Conjuring: Last Rites,2025,135,"Horror,Mystery,Thriller",6.2,104539,en,True,55000000.0,499256445.0,4.0
tt2293640,movie,Minions,2015,91,"Adventure,Animation,Comedy",6.4,286507,en,True,74000000.0,1159457503.0,1.0
tt2294449,movie,22 Jump Street,2014,112,"Action,Comedy,Crime",7.0,441864,en,True,50000000.0,331333876.0,2.0
tt2294629,movie,Frozen,2013,102,"Adventure,Animation,Comedy",7.4,716102,en,True,150000000.0,1274219009.0,1.0
tt2296777,movie,Sherlock Gnomes,2018,86,"Adventure,Animation,Comedy",5.3,15762,en,True,59000000.0,90497778.0,2.0
tt2302755,movie,Olympus Has Fallen,2013,119,"Action,Adventure,Drama",6.5,307618,en,True,70000000.0,170270201.0,1.0
tt2309260,movie,The Gallows,2015,81,"Horror,Mystery,Thriller",4.3,22717,en,True,100000.0,42964410.0,1.0
tt2310332,movie,The Hobbit: The Battle of the Five Armies,2014,144,"Adventure,Fantasy",7.4,620251,en,True,250000000.0,956019788.0,3.0
tt23137904,movie,Rebel Moon - Part Two: The Scargiver,2024,122,"Action,Adventure,Drama",5.3,64258,en,True,83000000.0,0.0,2.0
tt2316204,movie,Alien: Covenant,2017,122,"Horror,Sci-Fi,Thriller",6.4,346403,en,True,97000000.0,240891763.0,2.0
tt2316548,movie,Beautiful Disaster,2023,96,"Comedy,Drama,Romance",5.3,18036,en,True,25000000.0,6850036.0,1.0
tt23220552,movie,Badass Ravikumar,2025,141,"Action,Comedy,Crime",6.4,12008,hi,True,0.0,0.0,2.0
tt2322441,movie,Fifty Shades of Grey,2015,125,"Drama,Romance,Thriller",4.2,357539,en,True,40000000.0,569651467.0,1.0
tt23289160,movie,Godzilla Minus One,2023,124,"Action,Adventure,Drama",7.7,225811,ja,True,15000000.0,113676322.0,1.0
tt23330554,movie,Winnie-the-Pooh: Blood and Honey 2,2024,93,"Horror,Mystery,Thriller",4.6,13380,en,True,415000.0,7582541.0,2.0
tt2333784,movie,The Expendables 3,2014,126,"Action,Adventure,Thriller",6.1,206562,en,True,95000000.0,214657577.0,3.0
tt2339741,movie,The Woman in Black 2: Angel of Death,2014,98,"Drama,Horror,Thriller",4.8,30528,en,True,15000000.0,48854305.0,2.0
tt23468450,movie,Longlegs,2024,101,"Crime,Horror,Mystery",6.5,227908,en,True,10000000.0,127961936.0,1.0
tt2357291,movie,Rio 2,2014,101,"Adventure,Animation,Comedy",6.3,112099,en,True,103000000.0,498781117.0,2.0
tt2358911,movie,Berserk: The Golden Age Arc II - The Battle for Doldrey,2012,95,"Action,Adventure,Animation",7.7,13423,ja,True,0.0,0.0,2.0
tt2358913,movie,Berserk: The Golden Age Arc III - The Advent,2013,110,"Action,Adventure,Animation",7.9,13416,ja,True,0.0,399445.0,3.0
tt2359810,movie,Raanjhanaa,2013,140,"Drama,Romance",7.6,38318,hi,True,6400000.0,1171761.0,1.0
tt2375379,movie,One Piece Film: Z,2012,108,"Action,Adventure,Animation",7.7,11798,ja,True,0.0,74223861.0,11.0
tt23790696,movie,The Raja Saab,2026,190,"Action,Comedy,Fantasy",3.1,11809,te,True,50000000.0,21000000.0,1.0
tt2379713,movie,Spectre,2015,148,"Action,Adventure,Thriller",6.8,498447,en,True,245000000.0,880707597.0,25.0
tt2380307,movie,Coco,2017,105,"Adventure,Animation,Drama",8.4,714030,en,True,175000000.0,814641172.0,1.0
tt23804696,movie,HIT: The 3rd Case,2025,154,"Action,Crime,Thriller",6.9,14291,te,True,7700000.0,14000000.0,3.0
tt2381249,movie,Mission: Impossible - Rogue Nation,2015,131,"Action,Adventure,Thriller",7.4,447377,en,True,150000000.0,682716636.0,5.0
tt2381991,movie,The Huntsman: Winter's War,2016,114,"Action,Adventure,Drama",6.1,127074,en,True,115000000.0,164989338.0,2.0
tt2382009,movie,Nymphomaniac: Vol. II,2013,124,Drama,6.6,104068,en,True,2350000.0,4934725.0,1.0
tt2382320,movie,No Time to Die,2021,163,"Action,Adventure,Thriller",7.3,490223,en,True,250000000.0,774153024.0,26.0
tt2386404,movie,He Never Died,2015,99,"Comedy,Drama,Fantasy",6.3,23577,en,True,0.0,0.0,1.0
tt2386490,movie,How to Train Your Dragon: The Hidden World,2019,104,"Action,Adventure,Animation",7.4,180733,en,True,129000000.0,539987993.0,3.0
tt2395427,movie,Avengers: Age of Ultron,2015,141,"Action,Adventure,Sci-Fi",7.3,1005894,en,True,235000000.0,1405403694.0,2.0
tt24060892,movie,They Call Him OG,2025,155,"Action,Crime,Drama",6.0,11881,te,True,0.0,431809.0,1.0
tt2417712,movie,Goon: Last of the Enforcers,2017,101,"Comedy,Sport",5.8,16107,en,True,0.0,124875.0,2.0
tt24225606,movie,Metro in Dino,2025,162,"Drama,Musical,Romance",6.6,23181,hi,True,0.0,0.0,2.0
tt24226474,movie,Jigarthanda Double X,2023,172,"Action,Comedy,Drama",8.0,11958,ta,True,0.0,0.0,2.0
tt2428170,movie,Creep,2014,77,"Horror,Thriller",6.3,85346,en,True,420.0,0.0,1.0
tt2436516,movie,Go Goa Gone,2013,111,"Action,Adventure,Comedy",6.7,17234,hi,True,2700000.0,5400000.0,1.0
tt2438644,movie,Department Q: The Keeper of Lost Causes,2013,96,"Crime,Drama,Mystery",7.2,36400,da,True,5650000.0,13700000.0,1.0
tt2446042,movie,Taken 3,2014,108,"Action,Crime,Thriller",6.0,215509,en,True,48000000.0,325800000.0,3.0
tt2450186,movie,V/H/S/2,2013,96,"Horror,Thriller",6.0,48852,en,True,0.0,21833.0,2.0
tt2452042,movie,The Peanuts Movie,2015,88,"Adventure,Animation,Comedy",7.0,53717,en,True,99000000.0,246233113.0,
tt2458106,movie,Ninja: Shadow of a Tear,2013,95,"Action,Thriller",6.1,14301,en,True,0.0,82000100.0,2.0
tt2458948,movie,Evangelion: 3.0+1.0 Thrice Upon a Time,2021,155,"Action,Animation,Drama",8.0,18401,ja,True,29700000.0,93882453.0,4.0
tt2467046,movie,Left Behind,2014,110,"Action,Fantasy,Sci-Fi",3.2,44586,en,True,16000000.0,19682924.0,1.0
tt2471640,movie,The Mountain,2012,90,"Adventure,Drama,Thriller",7.5,26123,tr,True,95000.0,1671445.0,1.0
tt2473510,movie,Paranormal Activity: The Ghost Dimension,2015,88,"Horror,Mystery",4.6,33543,en,True,10000000.0,78903124.0,6.0
tt2473682,movie,Paranormal Activity: The Marked Ones,2014,84,"Horror,Mystery",5.1,48286,en,True,5000000.0,90894962.0,5.0
tt2488496,movie,Star Wars: Episode VII - The Force Awakens,2015,138,"Action,Adventure,Sci-Fi",7.7,1029311,en,True,245000000.0,2068223624.0,7.0
tt2505294,movie,Ask Me Anything,2014,100,"Comedy,Drama,Mystery",6.0,13630,en,True,950000.0,0.0,1.0
tt2510894,movie,Hotel Transylvania 2,2015,89,"Adventure,Animation,Comedy",6.6,163543,en,True,80000000.0,473200000.0,2.0
tt2527336,movie,Star Wars: Episode VIII - The Last Jedi,2017,152,"Action,Adventure,Fantasy",6.8,721826,en,True,300000000.0,1334407706.0,8.0
tt2527338,movie,Star Wars: Episode IX - The Rise of Skywalker,2019,141,"Action,Adventure,Fantasy",6.3,545525,en,True,489900000.0,1074144248.0,9.0
tt2528814,movie,God's Not Dead,2014,113,"Drama,Romance",4.6,46850,en,True,17000000.0,29789000.0,1.0
tt2535470,movie,Wyrmwood: Road of the Dead,2014,98,"Action,Comedy,Horror",6.2,19347,en,True,160000.0,111141.0,1.0
tt2537176,movie,I Spit on Your Grave 2,2013,106,"Horror,Thriller",5.7,36595,en,True,0.0,678604.0,2.0
tt2543472,movie,Wonder,2017,113,"Drama,Family",7.9,197665,en,True,20000000.0,315025930.0,1.0
tt25434834,movie,Viduthalai Part 2,2024,170,"Action,Crime,Drama",7.5,18318,ta,True,6500000.0,0.0,2.0
tt2548396,movie,The Cloverfield Paradox,2018,102,"Horror,Sci-Fi,Thriller",5.5,121728,en,True,45000000.0,0.0,
tt2555736,movie,The Second Best Exotic Marigold Hotel,2015,122,"Comedy,Drama,Romance",6.5,37812,en,True,10000000.0,85979176.0,2.0
tt2557478,movie,Pacific Rim: Uprising,2018,111,"Action,Adventure,Sci-Fi",5.6,137812,en,True,150000000.0,290061297.0,2.0
tt2561546,movie,The Town That Dreaded Sundown,2014,86,"Horror,Mystery,Thriller",5.6,18862,en,True,0.0,0.0,2.0
tt2567026,movie,Alice Through the Looking Glass,2016,113,"Adventure,Family,Fantasy",6.2,135508,en,True,170000000.0,299457024.0,2.0
tt2571140,movie,Boss,2013,143,"Action,Comedy,Drama",5.1,13111,hi,True,0.0,0.0,1.0
tt2592614,movie,Resident Evil: The Final Chapter,2016,107,"Action,Horror,Sci-Fi",5.5,109065,en,True,40000000.0,312242626.0,6.0
tt2599716,movie,Police Story: Lockdown,2013,110,"Action,Crime,Drama",5.9,11519,zh,True,35000000.0,94249025.0,6.0
tt2620590,movie,Leatherface,2017,90,"Crime,Drama,Horror",5.0,31458,en,True,500000.0,1476843.0,6.0
tt2621000,movie,Jolly LLB,2013,135,"Comedy,Crime,Drama",7.5,25415,hi,True,0.0,0.0,1.0
tt2626350,movie,Step Up All In,2014,112,"Drama,Music,Romance",5.9,37605,en,True,45000000.0,86165646.0,5.0
tt2631186,movie,Baahubali: The Beginning,2015,159,"Action,Drama",8.0,154972,te,True,25130430.0,90747520.0,1.0
tt26342662,movie,M3GAN 2.0,2025,120,"Action,Sci-Fi,Thriller",6.0,54100,en,True,15000000.0,39173710.0,2.0
tt2637276,movie,Ted 2,2015,115,Comedy,6.3,262311,en,True,68000000.0,215863606.0,2.0
tt2637294,movie,Hot Tub Time Machine 2,2015,93,"Comedy,Mystery,Sci-Fi",5.0,45343,en,True,36000000.0,64800000.0,2.0
tt26439764,movie,Kantara: A Legend - Chapter 1,2025,165,"Action,Adventure,Drama",8.1,57498,kn,True,14000000.0,91000000.0,2.0
tt26443597,movie,Zootopia 2,2025,108,"Adventure,Animation,Comedy",7.3,143139,en,True,150000000.0,1868208796.0,2.0
tt26445483,movie,Fukrey 3,2023,147,"Comedy,Crime,Drama",5.5,25983,hi,True,3100000.0,16000000.0,3.0
tt2645092,movie,Hükümet Kadin,2013,99,Comedy,6.5,10520,tr,True,0.0,0.0,1.0
tt2652118,movie,"Crouching Tiger, Hidden Dragon: Sword of Destiny",2016,96,"Action,Adventure,Drama",6.1,21919,en,True,20000000.0,38659039.0,2.0
tt26537229,movie,Demon Slayer: Kimetsu No Yaiba - To the Swordsmith Village,2023,110,"Action,Adventure,Animation",7.7,17630,ja,True,0.0,56319794.0,6.0
tt26581740,movie,Weapons,2025,128,"Horror,Mystery",7.4,375573,en,True,38000000.0,269972492.0,1.0
tt2660888,movie,Star Trek Beyond,2016,122,"Action,Adventure,Sci-Fi",7.0,270704,en,True,185000000.0,343471816.0,3.0
tt26674627,movie,Resident Evil: Death Island,2023,91,"Action,Animation,Horror",5.7,11667,ja,True,0.0,53929.0,4.0
tt2668134,movie,Harlock: Space Pirate,2013,115,"Action,Adventure,Animation",6.4,13376,ja,True,30000000.0,18010317.0,2.0
tt26743210,movie,How to Train Your Dragon,2025,125,"Action,Adventure,Comedy",7.7,136977,en,True,150000000.0,636351148.0,1.0
tt2679042,movie,Hitman: Agent 47,2015,96,"Action,Adventure,Crime",5.7,101710,en,True,35000000.0,81967450.0,2.0
tt2692250,movie,Night at the Museum: Secret of the Tomb,2014,98,"Adventure,Comedy,Family",6.2,150465,en,True,127000000.0,363204635.0,3.0
tt26932223,movie,Bhool Bhulaiyaa 3,2024,158,"Comedy,Fantasy,Horror",4.6,79136,hi,True,17600000.0,45700000.0,3.0
tt27047903,movie,Scream 7,2026,114,"Horror,Mystery,Thriller",5.5,59938,en,True,45000000.0,213835967.0,7.0
tt2709768,movie,The Secret Life of Pets,2016,86,"Adventure,Animation,Comedy",6.5,237003,en,True,75000000.0,875457937.0,1.0
tt27235410,movie,Sitaare Zameen Par,2025,155,"Comedy,Drama,Sport",6.9,34014,hi,True,0.0,3532430.0,2.0
tt2737304,movie,Bird Box,2018,124,"Horror,Mystery,Sci-Fi",6.6,423732,en,True,19800000.0,0.0,1.0
tt27425164,movie,War 2,2025,170,"Action,Adventure,Thriller",5.2,34096,hi,True,47000000.0,3096145.0,2.0
tt27510174,movie,Stree 2,2024,147,"Comedy,Horror",6.9,47050,hi,True,0.0,0.0,2.0
tt2752772,movie,Sinister 2,2015,97,"Horror,Mystery,Thriller",5.3,67651,en,True,10000000.0,53329150.0,2.0
tt27543632,movie,The Housemaid,2025,131,"Drama,Mystery,Thriller",6.7,168318,en,True,35000000.0,399644671.0,1.0
tt27578157,movie,Colors of Evil: Red,2024,111,"Crime,Drama,Mystery",6.4,10387,pl,True,0.0,0.0,1.0
tt27599851,movie,Apocalypse Z: The Beginning of the End,2024,117,"Action,Horror,Sci-Fi",6.1,23898,es,True,0.0,500000.0,1.0
tt27621210,movie,Ice Road: Vengeance,2025,112,"Action,Adventure,Thriller",4.9,18290,en,True,0.0,0.0,2.0
tt2763304,movie,T2 Trainspotting,2017,117,"Comedy,Crime,Drama",7.1,141954,en,True,18000000.0,41681746.0,2.0
tt27673536,movie,Mardaani 3,2026,129,"Action,Crime,Drama",6.1,10863,hi,True,0.0,0.0,3.0
tt27729779,movie,The Platform 2,2024,99,"Horror,Sci-Fi,Thriller",4.9,47725,es,True,0.0,0.0,2.0
tt27911000,movie,Terrifier 3,2024,125,Horror,6.2,63749,en,True,2000000.0,90322103.0,3.0
tt27933364,movie,Mortal World 2,2023,117,Comedy,6.8,11838,tr,True,0.0,7000000.0,2.0
tt27989067,movie,Lust Stories 2,2023,132,"Drama,Romance",5.7,52135,hi,True,0.0,0.0,2.0
tt27996020,movie,Jolly LLB 3,2025,157,"Comedy,Drama",6.4,41368,hi,True,0.0,0.0,3.0
tt2800240,movie,Serial Bad Weddings,2014,97,Comedy,7.0,48542,fr,True,13000000.0,176404493.0,1.0
tt2802144,movie,Kingsman: The Secret Service,2014,129,"Action,Adventure,Comedy",7.7,779432,en,True,81000000.0,414351546.0,1.0
tt2806788,movie,Fukrey,2013,139,"Comedy,Drama,Romance",6.9,14323,hi,True,2200000.0,5200000.0,1.0
tt28089700,movie,Raid 2,2025,145,"Crime,Drama,Thriller",6.6,36509,hi,True,0.0,0.0,2.0
tt28142095,movie,Tere Ishk Mein,2025,167,"Action,Drama,Musical",6.2,32077,hi,True,9505286.0,0.0,2.0
tt2820852,movie,Furious 7,2015,137,"Action,Thriller",7.1,441061,en,True,190000000.0,1515400000.0,7.0
tt28288786,movie,Premalu,2024,156,"Comedy,Romance",7.8,23893,ml,True,380000.0,9000000.0,1.0
tt2828996,movie,A Haunted House 2,2014,86,"Comedy,Fantasy,Horror",4.7,26353,en,True,4000000.0,25343661.0,2.0
tt2832470,movie,Dead Snow 2: Red vs. Dead,2014,100,"Action,Comedy,Horror",6.8,28659,no,True,0.0,37473.0,2.0
tt2848292,movie,Pitch Perfect 2,2015,115,"Comedy,Music",6.4,180918,en,True,29000000.0,287144079.0,2.0
tt2850386,movie,The Croods: A New Age,2020,95,"Adventure,Animation,Comedy",6.9,61929,en,True,65000000.0,215905815.0,2.0
tt28510079,movie,Your Fault,2024,118,"Drama,Romance",5.3,19617,es,True,0.0,0.0,2.0
tt28540171,movie,Welcome to the Jungle,2026,170,"Action,Adventure,Comedy",4.8,19885,hi,True,0.0,0.0,3.0
tt28631109,movie,Dharmaveer 2,2024,130,"Biography,Documentary,Drama",5.4,11422,mr,True,0.0,0.0,2.0
tt28650488,movie,The Super Mario Galaxy Movie,2026,98,"Adventure,Animation,Comedy",6.3,62560,en,True,110000000.0,1009214136.0,2.0
tt2866360,movie,Coherence,2013,89,"Mystery,Sci-Fi,Thriller",7.2,175309,en,True,50000.0,139745.0,1.0
tt28671344,movie,The Strangers: Chapter 2,2025,98,"Horror,Mystery",4.7,13434,en,True,8000000.0,21921749.0,2.0
tt2869728,movie,Ride Along 2,2016,102,"Action,Comedy,Crime",5.9,67625,en,True,40000000.0,124827316.0,2.0
tt2870612,movie,"As Above, So Below",2014,93,"Adventure,Horror,Mystery",6.3,131905,en,True,5000000.0,41898409.0,1.0
tt2872750,movie,Shaun the Sheep Movie,2015,85,"Adventure,Animation,Comedy",7.3,46990,en,True,25000000.0,106209378.0,1.0
tt2877108,movie,Soodhu Kavvum,2013,135,"Comedy,Crime,Thriller",8.2,13560,ta,True,310000.0,12000000.0,1.0
tt28802657,movie,De De Pyaar De 2,2025,146,"Comedy,Romance",6.2,13892,hi,True,0.0,0.0,2.0
tt2888046,movie,Ip Man 3,2015,105,"Action,Biography,Crime",7.0,64941,cn,True,36000000.0,157000000.0,3.0
tt28996126,movie,Nobody 2,2025,89,"Action,Comedy,Crime",6.3,97811,en,True,25000000.0,43285109.0,2.0
tt2900624,movie,All Hallows' Eve,2013,83,"Horror,Thriller",5.2,19376,en,True,0.0,0.0,1.0
tt2908446,movie,The Divergent Series: Insurgent,2015,119,"Action,Adventure,Romance",6.2,272380,en,True,110000000.0,297002527.0,2.0
tt2911666,movie,John Wick,2014,101,"Action,Crime,Thriller",7.5,832309,en,True,20000000.0,86085191.0,1.0
tt29232158,movie,Troll 2,2025,105,"Action,Adventure,Drama",5.3,13658,no,True,11200000.0,0.0,2.0
tt29268110,movie,Smile 2,2024,127,"Horror,Mystery,Thriller",6.7,146525,en,True,28000000.0,138128854.0,2.0
tt2932536,movie,47 Meters Down,2017,89,"Horror,Mystery,Thriller",5.6,65665,en,True,5500000.0,62198461.0,1.0
tt29355505,movie,Toy Story 5,2026,102,"Adventure,Animation,Comedy",7.6,38057,en,True,250000000.0,764348690.0,5.0
tt29429860,movie,Son of Sardaar 2,2025,145,Comedy,4.0,38590,hi,True,0.0,303356.0,2.0
tt2948356,movie,Zootopia,2016,108,"Action,Adventure,Animation",8.0,641618,en,True,150000000.0,1025521689.0,1.0
tt2953050,movie,Encanto,2021,102,"Animation,Comedy,Family",7.2,298484,en,True,150000000.0,261292688.0,1.0
tt2955316,movie,Spanish Affair,2014,98,"Comedy,Romance",6.5,19859,es,True,3000000.0,78768613.0,1.0
tt29623480,movie,The Wild Robot,2024,102,"Adventure,Animation,Family",8.2,229168,en,True,78000000.0,331982078.0,1.0
tt29644189,movie,Black Phone 2,2025,114,Horror,6.0,65566,en,True,30000000.0,132675749.0,2.0
tt2967006,movie,The Trip to Italy,2014,108,"Comedy,Drama",6.6,16537,en,True,0.0,0.0,2.0
tt29722855,movie,Badland Hunters,2024,107,"Action,Adventure,Crime",6.0,13823,ko,True,0.0,0.0,2.0
tt2974918,movie,Alvin and the Chipmunks: The Road Chip,2015,92,"Adventure,Comedy,Family",5.0,26120,en,True,90000000.0,233755553.0,4.0
tt2975578,movie,The Purge: Anarchy,2014,103,"Action,Horror,Sci-Fi",6.4,173198,en,True,9000000.0,111928365.0,2.0
tt2975590,movie,Batman v Superman: Dawn of Justice,2016,151,Sci-Fi,6.4,793743,en,True,250000000.0,874362803.0,2.0
tt2978462,movie,Dolphin Tale 2,2014,107,"Drama,Family",6.4,10327,en,True,36000000.0,52424533.0,2.0
tt2980706,movie,Planes: Fire & Rescue,2014,83,"Adventure,Animation,Comedy",5.9,21985,en,True,50000000.0,151165787.0,2.0
tt2987732,movie,Suck Me Shakespeer,2013,119,Comedy,6.9,34839,de,True,0.0,77676735.0,1.0
tt2990140,movie,The Christmas Chronicles,2018,104,"Adventure,Comedy,Family",7.0,94376,en,True,0.0,0.0,1.0
tt30017619,movie,The Bad Guys 2,2025,104,"Action,Adventure,Animation",7.0,29995,en,True,80000000.0,239676236.0,2.0
tt3013602,movie,Babysitting,2014,85,Comedy,6.8,13683,fr,True,3400000.0,20258904.0,1.0
tt30274401,movie,Five Nights at Freddy's 2,2025,104,"Horror,Mystery,Thriller",5.1,42329,en,True,36000000.0,239568877.0,2.0
tt3029556,movie,Rurouni Kenshin: The Legend Ends,2014,134,"Action,Adventure,Drama",7.5,16268,ja,True,0.0,0.0,3.0
tt3029558,movie,Rurouni Kenshin Part II: Kyoto Inferno,2014,138,"Action,Adventure,Drama",7.5,20152,ja,True,0.0,0.0,2.0
tt30321146,movie,In a Violent Nature,2024,94,"Drama,Horror,Thriller",5.5,31438,en,True,600000.0,4258197.0,1.0
tt30387012,movie,Border 2,2026,200,"Action,Drama,War",5.9,20961,hi,True,33000000.0,21000000.0,2.0
tt3038708,movie,Iron Sky: The Coming Race,2019,93,"Action,Adventure,Comedy",5.0,12852,en,True,17500000.0,392166.0,2.0
tt30395619,movie,Demon Slayer: Kimetsu No Yaiba - To the Hashira Training,2024,104,"Action,Adventure,Animation",7.3,10984,ja,True,200000.0,44354825.0,8.0
tt30472557,movie,Chainsaw Man - The Movie: Reze Arc,2025,100,"Action,Adventure,Animation",8.3,61345,ja,True,4100000.0,191400000.0,1.0
tt3062096,movie,Inferno,2016,121,"Action,Adventure,Crime",6.2,203048,en,True,75000000.0,220021259.0,3.0
tt3063516,movie,Jackass Presents: Bad Grandpa,2013,92,Comedy,6.5,100948,en,True,15000000.0,151831537.0,1.0
tt3065204,movie,The Conjuring 2,2016,134,"Horror,Mystery,Thriller",7.3,345162,en,True,40000000.0,322819915.0,2.0
tt3076658,movie,Creed,2015,133,"Action,Drama,Sport",7.6,336365,en,True,37000000.0,173600000.0,1.0
tt3082898,movie,Kickboxer: Vengeance,2016,90,"Action,Crime,Drama",4.9,12935,en,True,17000000.0,0.0,1.0
tt3083016,movie,Beverly Hills Cop: Axel F,2024,118,"Action,Comedy,Crime",6.4,87656,en,True,150000000.0,0.0,4.0
tt3089778,movie,The Treatment,2014,131,"Crime,Drama,Mystery",7.1,10903,nl,True,0.0,1454682.0,1.0
tt3097204,movie,The Inbetweeners 2,2014,96,Comedy,6.4,49331,en,True,0.0,63852235.0,2.0
tt31036941,movie,Jurassic World: Rebirth,2025,133,"Action,Adventure,Sci-Fi",5.8,200287,en,True,180000000.0,869146189.0,7.0
tt3104988,movie,Crazy Rich Asians,2018,120,"Comedy,Drama,Romance",6.9,209999,en,True,30000000.0,238539198.0,1.0
tt3110958,movie,Now You See Me 2,2016,129,"Action,Adventure,Comedy",6.4,362887,en,True,120000000.0,334897606.0,2.0
tt3118452,movie,Circle,2015,87,"Drama,Horror,Mystery",6.0,72873,en,True,250000.0,0.0,1.0
tt31227572,movie,Predator: Badlands,2025,107,"Action,Adventure,Sci-Fi",7.2,158110,en,True,105000000.0,184500000.0,6.0
tt3138782,movie,The Miracle,2015,131,"Comedy,Drama,History",7.6,15751,tr,True,5000000.0,0.0,1.0
tt3140100,movie,Department Q: The Absent One,2014,119,"Crime,Drama,Mystery",7.1,28976,da,True,5800000.0,11500000.0,2.0
tt3142232,movie,Heropanti,2014,146,"Action,Drama,Romance",5.2,11654,hi,True,4200000.0,10000000.0,1.0
tt3155298,movie,Luther: The Fallen Sun,2023,129,"Action,Crime,Drama",6.4,72855,en,True,0.0,0.0,1.0
tt3175038,movie,The Villain,2014,129,"Action,Crime,Drama",6.6,25398,hi,True,0.0,1278108.0,1.0
tt3183660,movie,Fantastic Beasts and Where to Find Them,2016,132,"Adventure,Family,Fantasy",7.2,542079,en,True,180000000.0,809342332.0,1.0
tt31844586,movie,Sisu: Road to Revenge,2025,89,"Action,Thriller,War",6.8,36292,fi,True,12200000.0,9811703.0,2.0
tt31868189,movie,Happy Gilmore 2,2025,114,"Comedy,Sport",6.1,120088,en,True,152000000.0,0.0,2.0
tt31888477,movie,Downton Abbey: The Grand Finale,2025,123,Drama,7.3,19013,en,True,50000000.0,107929546.0,3.0
tt31956415,movie,Freakier Friday,2025,110,"Comedy,Family,Fantasy",6.2,39909,en,True,42000000.0,153176952.0,2.0
tt3195644,movie,Insidious: Chapter 3,2015,97,"Horror,Mystery,Thriller",6.1,128922,en,True,10000000.0,120453155.0,3.0
tt32063050,movie,Bridget Jones: Mad About the Boy,2025,124,"Comedy,Drama,Romance",6.5,34778,en,True,50000000.0,140431671.0,4.0
tt32093575,movie,Scary Movie,2026,96,"Comedy,Horror",5.2,30043,en,True,30000000.0,224070376.0,6.0
tt32141377,movie,28 Years Later: The Bone Temple,2026,109,"Horror,Sci-Fi,Thriller",7.2,113148,en,True,63000000.0,58522222.0,4.0
tt32221196,movie,One of Them Days,2025,97,Comedy,6.5,20164,en,True,14000000.0,51896264.0,1.0
tt3235888,movie,It Follows,2014,100,"Horror,Mystery,Thriller",6.8,300911,en,True,2300000.0,23374076.0,1.0
tt32434379,movie,My Fault: London,2025,120,"Drama,Romance",6.2,17481,en,True,0.0,0.0,1.0
tt32558992,movie,Heart Eyes,2025,97,"Comedy,Horror,Mystery",6.0,38711,en,True,18000000.0,33129099.0,1.0
tt3280262,movie,Cult of Chucky,2017,91,"Horror,Thriller",5.3,34332,en,True,6500000.0,2332018.0,7.0
tt32820897,movie,Demon Slayer: Kimetsu No Yaiba Infinity Castle,2025,155,"Action,Adventure,Animation",8.4,74650,ja,True,20000000.0,733030221.0,2.0
tt3283714,movie,Behzat Ç.: Ankara Is on Fire,2013,97,"Action,Crime,Drama",7.4,15801,tr,True,0.0,0.0,2.0
tt32880932,movie,V/H/S/Beyond,2024,114,"Horror,Sci-Fi,Thriller",5.8,12168,en,True,0.0,0.0,7.0
tt3291150,movie,The Expendables 4,2023,103,"Action,Adventure,Thriller",4.8,56439,en,True,100000000.0,37917985.0,4.0
tt3300542,movie,London Has Fallen,2016,99,"Action,Adventure,Drama",5.9,181127,en,True,60000000.0,205754447.0,2.0
tt33014583,movie,Dhurandhar,2025,214,"Action,Crime,Thriller",8.3,144988,hi,True,24000000.0,136599112.0,1.0
tt3315342,movie,Logan,2017,137,"Action,Drama,Sci-Fi",8.1,930302,en,True,97000000.0,619021436.0,3.0
tt33175825,movie,Attack on Titan: The Last Attack,2024,145,"Action,Adventure,Animation",9.0,31838,ja,True,0.0,21525687.0,5.0
tt3322940,movie,Annabelle,2014,99,"Horror,Mystery,Thriller",5.5,196989,en,True,6500000.0,257589952.0,1.0
tt3331846,movie,Stand by Me Doraemon,2014,95,"Animation,Comedy,Drama",7.4,11197,ja,True,35000000.0,83100000.0,1.0
tt33372494,movie,Lokah Chapter One: Chandra,2025,151,"Action,Fantasy",7.6,21743,ml,True,3379386.0,34242894.0,1.0
tt3347976,movie,Dügün Dernek,2013,106,Comedy,6.9,25425,tr,True,0.0,0.0,1.0
tt3348730,movie,Jigsaw,2017,92,"Crime,Drama,Horror",5.7,103360,en,True,10000000.0,104223315.0,8.0
tt3359350,movie,Road House,2024,121,"Action,Drama,Thriller",6.2,187556,en,True,85000000.0,0.0,1.0
tt33612209,movie,The Devil Wears Prada 2,2026,119,"Comedy,Drama",6.5,65922,en,True,100000000.0,678373258.0,2.0
tt3369806,movie,Max,2015,111,"Adventure,Drama,Family",6.6,31011,en,True,20000000.0,43956255.0,1.0
tt3371366,movie,Transformers: The Last Knight,2017,154,"Action,Adventure,Comedy",5.2,187267,en,True,217000000.0,605425157.0,5.0
tt3385516,movie,X-Men: Apocalypse,2016,144,"Action,Adventure,Sci-Fi",6.8,493893,en,True,178000000.0,543934787.0,6.0
tt3387520,movie,Scary Stories to Tell in the Dark,2019,108,"Adventure,Horror,Mystery",6.2,92486,en,True,25000000.0,104545505.0,1.0
tt3393786,movie,Jack Reacher: Never Go Back,2016,118,"Action,Thriller",6.2,193979,en,True,60000000.0,162100000.0,2.0
tt33978029,movie,Ready or Not 2: Here I Come,2026,108,"Comedy,Horror,Thriller",6.5,50297,en,True,14000000.0,42212563.0,2.0
tt3397884,movie,Sicario,2015,121,"Action,Crime,Drama",7.7,542130,en,True,30000000.0,84997446.0,1.0
tt3402138,movie,The Naked Gun,2025,85,"Action,Comedy,Crime",6.3,130771,en,True,42000000.0,102147396.0,4.0
tt3402236,movie,Murder on the Orient Express,2017,114,"Comedy,Crime,Drama",6.5,322304,en,True,55000000.0,352800000.0,1.0
tt3410834,movie,The Divergent Series: Allegiant,2016,120,"Action,Adventure,Fantasy",5.7,147297,en,True,110000000.0,179246868.0,3.0
tt3416828,movie,Ice Age: Collision Course,2016,94,"Action,Adventure,Animation",5.7,86661,en,True,105000000.0,408579038.0,5.0
tt3417422,movie,Drishyam,2013,160,"Crime,Drama,Mystery",8.4,48995,ml,True,750000.0,12000000.0,1.0
tt34276058,movie,The Family Plan 2,2025,106,"Action,Comedy,Family",5.6,17352,en,True,0.0,0.0,2.0
tt34365591,movie,Mahavatar Narsimha,2024,130,"Action,Animation,Drama",8.5,47907,hi,True,4700000.0,36000000.0,1.0
tt3438354,movie,I Can Quit Whenever I Want,2014,100,"Comedy,Crime",7.0,10302,it,True,2000000.0,54606.0,1.0
tt3450650,movie,Paul Blart: Mall Cop 2,2015,94,"Action,Comedy,Crime",4.5,45165,en,True,38000000.0,107597242.0,2.0
tt3450958,movie,War for the Planet of the Apes,2017,140,"Action,Adventure,Drama",7.4,327980,en,True,150000000.0,490719763.0,3.0
tt3451230,movie,High Strung,2016,96,"Drama,Music,Romance",6.3,10901,en,True,0.0,2093725.0,1.0
tt3461252,movie,The Blue Elephant,2014,170,"Crime,Drama,Horror",8.0,31217,ar,True,3500000.0,0.0,1.0
tt3463106,movie,The Cured,2017,95,"Drama,Horror,Sci-Fi",5.6,10316,en,True,0.0,323776.0,2.0
tt3469046,movie,Despicable Me 3,2017,90,"Adventure,Animation,Comedy",6.3,182912,en,True,80000000.0,1034800131.0,3.0
tt3470600,movie,Sing,2016,108,"Animation,Comedy,Family",7.1,214254,en,True,75000000.0,634151679.0,1.0
tt3477064,movie,Recep Ivedik 4,2014,117,Comedy,3.9,20240,tr,True,0.0,39477906.0,4.0
tt3495000,movie,Mardaani,2014,113,"Action,Crime,Drama",7.3,15679,hi,True,2100000.0,7600000.0,1.0
tt34956443,movie,Ne Zha 2,2025,144,"Action,Adventure,Animation",7.9,24942,zh,True,80000000.0,2259822417.0,2.0
tt3498820,movie,Captain America: Civil War,2016,147,"Action,Sci-Fi",7.8,932530,en,True,250000000.0,1155046416.0,3.0
tt3501632,movie,Thor: Ragnarok,2017,130,"Action,Adventure,Comedy",7.9,899559,en,True,180000000.0,855301806.0,3.0
tt35064672,movie,Cocktail 2,2026,150,"Comedy,Drama,Romance",7.8,25736,hi,True,15872640.0,12947333.0,2.0
tt3513498,movie,The Lego Movie 2: The Second Part,2019,107,"Adventure,Animation,Comedy",6.5,85922,en,True,99000000.0,199603202.0,2.0
tt3521164,movie,Moana,2016,107,"Adventure,Animation,Comedy",7.6,443995,en,True,150000000.0,690860472.0,1.0
tt3522806,movie,Mechanic: Resurrection,2016,98,"Action,Adventure,Thriller",5.8,103898,en,True,40000000.0,125729635.0,2.0
tt35309713,movie,Citizen Vigilante,2026,89,"Action,Crime,Thriller",6.3,25752,en,True,0.0,0.0,
tt3541262,movie,The Admiral: Roaring Currents,2014,128,"Action,Drama,History",7.1,14157,ko,True,9500000.0,138342258.0,1.0
tt3554046,movie,Space Jam: A New Legacy,2021,115,"Adventure,Animation,Comedy",4.5,87468,en,True,150000000.0,163692228.0,2.0
tt3562110,movie,Kesari Chapter 2: The Untold Story of Jallianwala Bagh,2025,133,"Drama,History",8.0,16015,hi,True,0.0,0.0,2.0
tt3564472,movie,Girls Trip,2017,122,"Adventure,Comedy,Drama",6.2,43052,en,True,19000000.0,140376621.0,1.0
tt3566834,movie,A Minecraft Movie,2025,101,"Action,Adventure,Comedy",5.6,163159,en,True,150000000.0,960387780.0,1.0
tt3569782,movie,Jigarthanda,2014,171,"Comedy,Crime,Drama",8.2,14818,ta,True,1600000.0,0.0,1.0
tt3606752,movie,Cars 3,2017,102,"Adventure,Animation,Comedy",6.7,153597,en,True,175000000.0,383925276.0,3.0
tt3606756,movie,Incredibles 2,2018,118,"Action,Adventure,Animation",7.5,373178,en,True,200000000.0,1243225667.0,2.0
tt3606888,movie,A Street Cat Named Bob,2016,103,"Biography,Drama,Family",7.3,37094,en,True,8000000.0,17900000.0,1.0
tt3616916,movie,The Wave,2015,105,"Action,Drama,Thriller",6.6,46530,no,True,5904067.0,12975143.0,1.0
tt3626476,movie,Vacation Friends,2021,103,"Adventure,Comedy",6.3,34351,en,True,0.0,0.0,1.0
tt3628584,movie,Barbershop: The Next Cut,2016,111,"Comedy,Drama",5.9,17163,en,True,20000000.0,55030051.0,3.0
tt3654796,movie,Creep 2,2017,78,"Horror,Thriller",6.4,40593,en,True,0.0,0.0,2.0
tt3678938,movie,Humpty Sharma Ki Dulhania,2014,133,"Comedy,Drama,Romance",6.0,15609,hi,True,0.0,0.0,1.0
tt3702996,movie,Suck Me Shakespeer 2,2015,115,Comedy,5.9,16534,de,True,0.0,83027924.0,2.0
tt3704538,movie,V/H/S Viral,2014,81,"Action,Adventure,Fantasy",4.2,21965,en,True,0.0,2756.0,3.0
tt3705412,movie,Deathgasm,2015,86,"Comedy,Horror,Music",6.3,20910,en,True,0.0,14685.0,1.0
tt3713166,movie,Unfriended,2014,83,"Drama,Fantasy,Horror",5.6,87702,en,True,1000000.0,64364198.0,1.0
tt3717252,movie,Underworld: Blood Wars,2016,91,"Action,Fantasy,Thriller",5.8,86511,en,True,35000000.0,81093313.0,5.0
tt3717532,movie,The Last: Naruto the Movie,2014,112,"Action,Adventure,Animation",7.6,20868,ja,True,750000.0,19840000.0,10.0
tt3720788,movie,The Disappearance of Eleanor Rigby: Her,2013,100,"Drama,Romance",6.8,10132,en,True,0.0,103815.0,2.0
tt3729920,movie,The Disappearance of Eleanor Rigby: Them,2014,123,"Drama,Romance",6.3,13660,en,True,3000000.0,1448076.0,1.0
tt3741700,movie,Godzilla: King of the Monsters,2019,132,"Action,Adventure,Fantasy",6.0,230358,en,True,170000000.0,387300138.0,2.0
tt3758814,movie,The Ice Road,2021,109,"Action,Adventure,Thriller",5.7,57276,en,True,40000000.0,7502846.0,1.0
tt3759416,movie,Astérix: The Mansions of the Gods,2014,85,"Adventure,Animation,Comedy",6.9,17060,fr,True,30000000.0,51379470.0,9.0
tt3760922,movie,My Big Fat Greek Wedding 2,2016,94,"Comedy,Romance",6.0,37877,en,True,18000000.0,90632641.0,2.0
tt3766354,movie,The Equalizer 2,2018,121,"Action,Crime,Mystery",6.7,230721,en,True,62000000.0,190400157.0,2.0
tt37676033,movie,V/H/S/Halloween,2025,115,Horror,5.7,10233,en,True,0.0,0.0,8.0
tt3794354,movie,Sonic the Hedgehog,2020,99,"Action,Adventure,Comedy",6.5,194223,en,True,85000000.0,319715683.0,1.0
tt3799232,movie,The Kissing Booth,2018,105,"Comedy,Romance",5.9,104753,en,True,0.0,0.0,1.0
tt3819668,movie,Dragon Ball Z: Resurrection 'F',2015,94,"Action,Adventure,Animation",7.1,25834,ja,True,5000000.0,61768190.0,15.0
tt3829266,movie,The Predator,2018,107,"Action,Adventure,Sci-Fi",5.3,163544,en,True,88000000.0,160542134.0,4.0
tt3832914,movie,War Room,2015,120,Drama,6.5,17659,en,True,3000000.0,73267874.0,5.0
tt3846674,movie,To All the Boys I've Loved Before,2018,99,"Comedy,Drama,Romance",7.0,141336,en,True,0.0,0.0,1.0
tt3848892,movie,Baby,2015,159,"Action,Thriller",7.9,63380,hi,True,0.0,0.0,1.0
tt3874544,movie,The Boss Baby,2017,97,"Adventure,Animation,Comedy",6.3,159528,en,True,125000000.0,527965936.0,1.0
tt3882082,movie,The Boy,2016,97,"Horror,Mystery,Thriller",6.0,108452,en,True,10000000.0,73929392.0,1.0
tt3896198,movie,Guardians of the Galaxy: Vol. 2,2017,136,"Action,Adventure,Comedy",7.6,833417,en,True,200000000.0,863756051.0,2.0
tt39139925,movie,Dhurandhar: The Revenge,2026,235,"Action,Crime,Thriller",8.2,64176,hi,True,14330000.0,152900759.0,2.0
tt3915174,movie,Puss in Boots: The Last Wish,2022,102,"Action,Adventure,Animation",7.9,227254,en,True,90000000.0,484700000.0,2.0
tt3949660,movie,Teenage Mutant Ninja Turtles: Out of the Shadows,2016,112,"Action,Adventure,Comedy",5.9,106918,en,True,135000000.0,245623848.0,2.0
tt4045450,movie,I Know What You Did Last Summer,2025,111,"Horror,Mystery",5.1,49470,en,True,18000000.0,64808120.0,4.0
tt4046784,movie,Maze Runner: The Scorch Trials,2015,131,"Action,Adventure,Sci-Fi",6.3,309363,en,True,61000000.0,312296056.0,2.0
tt4088268,movie,Department Q: A Conspiracy of Faith,2016,112,"Crime,Drama,Mystery",7.0,24864,da,True,5210000.0,9700000.0,3.0
tt4094724,movie,The Purge: Election Year,2016,108,"Action,Horror,Sci-Fi",6.0,119456,en,True,10000000.0,118587880.0,3.0
tt4106514,movie,The Postcard Killings,2020,104,"Crime,Drama,Mystery",5.8,18543,en,True,0.0,0.0,1.0
tt4123430,movie,Fantastic Beasts: The Crimes of Grindelwald,2018,134,"Adventure,Family,Fantasy",6.5,332688,en,True,200000000.0,654900000.0,2.0
tt4123432,movie,Fantastic Beasts: The Secrets of Dumbledore,2022,142,"Adventure,Fantasy",6.2,193656,en,True,200000000.0,407200000.0,3.0
tt4126476,movie,After,2019,105,"Drama,Romance",5.3,76600,en,True,14000000.0,69497587.0,1.0
tt4154664,movie,Captain Marvel,2019,123,"Action,Adventure,Sci-Fi",6.7,662080,en,True,152000000.0,1131416446.0,1.0
tt4154756,movie,Avengers: Infinity War,2018,149,"Action,Adventure,Sci-Fi",8.4,1381736,en,True,300000000.0,2052415039.0,3.0
tt4154796,movie,Avengers: Endgame,2019,181,"Action,Adventure,Sci-Fi",8.4,1457106,en,True,356000000.0,2799439100.0,4.0
tt4160708,movie,Don't Breathe,2016,88,"Crime,Horror,Thriller",7.1,332427,en,True,9900000.0,158906350.0,1.0
tt4191580,movie,Meet the Blacks,2016,94,"Comedy,Horror",4.8,38652,en,True,900000.0,9097072.0,1.0
tt4196776,movie,Jason Bourne,2016,123,"Action,Thriller",6.6,258383,en,True,120000000.0,415484914.0,5.0
tt4217392,movie,Kung Fu Yoga,2017,107,"Action,Adventure,Comedy",5.2,12376,zh,True,65000000.0,254212245.0,2.0
tt4225622,movie,The Babysitter,2017,85,"Comedy,Horror",6.4,123160,en,True,0.0,0.0,1.0
tt4267026,movie,Hell House LLC,2015,93,"Horror,Mystery",6.4,36665,en,True,25000.0,0.0,1.0
tt4281724,movie,Terrifier,2016,85,Horror,5.5,96202,en,True,35000.0,421798.0,1.0
tt4361050,movie,Ouija: Origin of Evil,2016,99,"Drama,Horror,Mystery",6.2,82735,en,True,9000000.0,81831866.0,2.0
tt4425200,movie,John Wick: Chapter 2,2017,122,"Action,Crime,Thriller",7.4,573150,en,True,40000000.0,171539887.0,2.0
tt4430136,movie,Pyaar Ka Punchnama 2,2015,137,"Comedy,Drama,Romance",7.2,17632,hi,True,0.0,0.0,2.0
tt4430212,movie,Drishyam,2015,163,"Crime,Drama,Mystery",8.2,109766,hi,True,4600000.0,18000000.0,1.0
tt4438848,movie,Neighbors 2: Sorority Rising,2016,92,Comedy,5.7,137779,en,True,35000000.0,108007109.0,2.0
tt4463894,movie,Shaft,2019,111,"Action,Comedy,Crime",6.4,62449,en,True,30000000.0,21360215.0,2.0
tt4465564,movie,Fifty Shades Darker,2017,118,"Drama,Mystery,Romance",4.6,122142,en,True,55000000.0,381545846.0,2.0
tt4468740,movie,Paddington 2,2017,103,"Adventure,Comedy,Family",7.8,114897,en,True,40000000.0,290132513.0,2.0
tt4477536,movie,Fifty Shades Freed,2018,105,"Drama,Mystery,Romance",4.6,83748,en,True,55000000.0,371985018.0,3.0
tt4500922,movie,Maze Runner: The Death Cure,2018,143,"Action,Adventure,Sci-Fi",6.3,193220,en,True,62000000.0,288418190.0,3.0
tt4513678,movie,Ghostbusters: Afterlife,2021,124,"Adventure,Comedy,Fantasy",7.0,241834,en,True,75000000.0,204445747.0,3.0
tt4520988,movie,Frozen II,2019,103,"Adventure,Animation,Comedy",6.8,220616,en,True,150000000.0,1453683476.0,2.0
tt4530884,movie,I Spit on Your Grave: Vengeance Is Mine,2015,92,"Horror,Thriller",5.1,17848,en,True,0.0,144420.0,3.0
tt4559046,movie,Housefull 3,2016,140,Comedy,5.0,12719,hi,True,13000000.0,23000000.0,3.0
tt4589218,movie,Five Nights at Freddy's,2023,109,"Horror,Mystery,Thriller",5.4,140634,en,True,20000000.0,297242145.0,1.0
tt4618398,movie,Boruto: Naruto the Movie,2015,95,"Action,Adventure,Animation",7.7,13745,ja,True,0.0,38362448.0,11.0
tt4630562,movie,The Fate of the Furious,2017,136,"Action,Crime,Thriller",6.6,275500,en,True,250000000.0,1236000000.0,8.0
tt4633694,movie,Spider-Man: Into the Spider-Verse,2018,117,"Action,Adventure,Animation",8.4,796881,en,True,90000000.0,394884133.0,1.0
tt4649466,movie,Kingsman: The Golden Circle,2017,141,"Action,Adventure,Comedy",6.7,403024,en,True,104000000.0,410902662.0,2.0
tt4651520,movie,Bad Moms,2016,100,Comedy,6.2,141561,en,True,20000000.0,183936074.0,1.0
tt4685762,movie,The Craft: Legacy,2020,97,"Comedy,Drama,Fantasy",4.6,19006,en,True,18000000.0,2300000.0,2.0
tt4712810,movie,Now You See Me: Now You Don't,2025,113,"Crime,Thriller",5.9,71645,en,True,90000000.0,243700000.0,3.0
tt4731148,movie,Attraction,2017,132,"Action,Drama,Romance",5.6,15558,ru,True,5027266.0,19454845.0,1.0
tt4761916,movie,Unfriended: Dark Web,2018,92,"Horror,Mystery,Thriller",6.1,43240,en,True,1000000.0,16434588.0,2.0
tt4765284,movie,Pitch Perfect 3,2017,93,"Comedy,Music",5.8,79089,en,True,45000000.0,185400345.0,3.0
tt4777008,movie,Maleficent: Mistress of Evil,2019,119,"Adventure,Drama,Family",6.6,132913,en,True,185000000.0,491730089.0,2.0
tt4779682,movie,The Meg,2018,113,"Action,Adventure,Horror",5.7,229432,en,True,150000000.0,530517320.0,1.0
tt4823776,movie,The SpongeBob Movie: Sponge on the Run,2020,91,"Adventure,Animation,Comedy",5.9,25848,en,True,60000000.0,4810790.0,3.0
tt4824308,movie,God's Not Dead 2,2016,120,Drama,4.4,14246,en,True,5000000.0,24487848.0,2.0
tt4849438,movie,Baahubali 2: The Conclusion,2017,167,"Action,Drama",8.2,135036,te,True,31000000.0,280700000.0,2.0
tt4864932,movie,Baaghi,2016,133,"Action,Drama,Romance",5.4,11823,hi,True,5103000.0,17377000.0,1.0
tt4881806,movie,Jurassic World: Fallen Kingdom,2018,128,"Action,Adventure,Sci-Fi",6.2,383381,en,True,170000000.0,1310469037.0,5.0
tt4912910,movie,Mission: Impossible - Fallout,2018,147,"Action,Adventure,Thriller",7.7,421486,en,True,178000000.0,824171374.0,6.0
tt4913966,movie,The Curse of La Llorona,2019,93,"Horror,Mystery,Thriller",5.3,66340,en,True,9000000.0,123233739.0,1.0
tt4919268,movie,Bad Boys: Ride or Die,2024,115,"Action,Adventure,Comedy",6.5,114816,en,True,100000000.0,404547819.0,4.0
tt4924942,movie,The Invisible Guardian,2017,129,"Crime,Mystery,Thriller",6.4,19348,es,True,5000000.0,0.0,1.0
tt4987556,movie,Thani Oruvan,2015,160,"Action,Crime,Drama",8.4,24245,ta,True,0.0,0.0,1.0
tt5028340,movie,Mary Poppins Returns,2018,130,"Adventure,Comedy,Family",6.6,101296,en,True,130000000.0,348807090.0,2.0
tt5034838,movie,Godzilla vs. Kong,2021,113,"Action,Sci-Fi,Thriller",6.3,268467,en,True,200000000.0,470116094.0,3.0
tt5052474,movie,Sicario: Day of the Soldado,2018,122,"Action,Crime,Drama",7.1,192710,en,True,35000000.0,75836683.0,2.0
tt5073642,movie,Color Out of Space,2019,111,"Horror,Mystery,Sci-Fi",6.1,65368,en,True,6000000.0,1023510.0,1.0
tt5080556,movie,2.0,2018,148,"Action,Fantasy,Sci-Fi",6.0,30560,ta,True,77000000.0,114629169.0,2.0
tt5095030,movie,Ant-Man and the Wasp,2018,118,"Action,Adventure,Comedy",7.0,498072,en,True,140000000.0,622674139.0,2.0
tt5113040,movie,The Secret Life of Pets 2,2019,86,"Adventure,Animation,Comedy",6.4,78964,en,True,80000000.0,429434163.0,2.0
tt5113044,movie,Minions: The Rise of Gru,2022,87,"Adventure,Animation,Comedy",6.5,106874,en,True,85000000.0,940203765.0,2.0
tt5114588,movie,Dügün Dernek 2: Sünnet,2015,112,Comedy,6.3,12478,tr,True,0.0,0.0,2.0
tt5117670,movie,Peter Rabbit,2018,95,"Adventure,Animation,Comedy",6.6,53516,en,True,50000000.0,351266433.0,1.0
tt5140878,movie,Annabelle: Creation,2017,109,"Horror,Mystery,Thriller",6.5,170992,en,True,15000000.0,306592201.0,2.0
tt5144174,movie,The Dry,2020,117,"Crime,Drama,Mystery",6.8,41080,en,True,0.0,15576286.0,1.0
tt5177088,movie,The Girl in the Spider's Web,2018,115,"Action,Adventure,Crime",6.1,55672,en,True,43000000.0,35164920.0,2.0
tt5207158,movie,South Wind,2018,130,"Crime,Drama,Thriller",7.8,13221,sr,True,0.0,0.0,1.0
tt5220122,movie,Hotel Transylvania 3: Summer Vacation,2018,97,"Adventure,Animation,Comedy",6.3,100634,en,True,80000000.0,528600000.0,3.0
tt5254868,movie,The Thinning,2016,81,"Action,Drama,Horror",5.3,11198,en,True,100000.0,0.0,1.0
tt5278506,movie,Tickled,2016,92,"Crime,Documentary,Mystery",7.4,23029,en,True,0.0,923000.0,1.0
tt5308322,movie,Happy Death Day,2017,96,"Comedy,Horror,Mystery",6.6,187248,en,True,4800000.0,125479266.0,1.0
tt5325452,movie,Boo! A Madea Halloween,2016,103,"Comedy,Drama,Horror",4.7,10282,en,True,20000000.0,74827344.0,10.0
tt5362988,movie,Wind River,2017,107,"Crime,Drama,Mystery",7.7,316990,en,True,11000000.0,44998252.0,1.0
tt5433138,movie,F9: The Fast Saga,2021,143,"Action,Crime,Thriller",5.2,181210,en,True,200000000.0,726229501.0,10.0
tt5433140,movie,Fast X,2023,141,"Action,Adventure,Crime",5.7,147355,en,True,340000000.0,704709660.0,11.0
tt5456546,movie,Judwaa 2,2017,145,"Action,Comedy,Romance",3.7,12816,hi,True,10000000.0,34500000.0,2.0
tt5463162,movie,Deadpool 2,2018,119,"Action,Adventure,Comedy",7.6,748379,en,True,110000000.0,785896632.0,2.0
tt5500218,movie,Samaritan,2022,102,"Action,Drama,Fantasy",5.7,61704,en,True,100000000.0,75000000.0,1.0
tt5562070,movie,Wish Dragon,2021,98,"Adventure,Animation,Comedy",7.2,39299,en,True,0.0,25860000.0,1.0
tt5606664,movie,Doctor Sleep,2019,152,"Drama,Fantasy,Horror",7.3,245942,en,True,45000000.0,72385286.0,2.0
tt5607028,movie,Fullmetal Alchemist,2017,135,"Action,Adventure,Fantasy",5.3,21657,ja,True,0.0,8053641.0,1.0
tt5657028,movie,Alibi.com,2016,89,"Comedy,Romance",6.5,11577,fr,True,7546570.0,29370592.0,1.0
tt5657846,movie,Daddy's Home 2,2017,100,Comedy,6.1,93116,en,True,69000000.0,180613180.0,2.0
tt5664636,movie,Goosebumps 2: Haunted Halloween,2018,90,"Adventure,Comedy,Fantasy",5.6,26613,en,True,35000000.0,93320380.0,2.0
tt5668770,movie,Mardaani 2,2019,103,"Action,Crime,Drama",7.3,12206,hi,True,2800000.0,8700000.0,2.0
tt5672290,movie,The First Omen,2024,119,Horror,6.5,71927,en,True,30000000.0,53992802.0,5.0
tt5700224,movie,Two Lottery Tickets,2016,86,Comedy,7.5,12360,ro,True,0.0,0.0,1.0
tt5700672,movie,Train to Busan,2016,118,"Action,Horror,Thriller",7.6,309719,ko,True,8500000.0,87547518.0,1.0
tt5719748,movie,Cold Pursuit,2019,119,"Action,Comedy,Crime",6.2,84729,en,True,60000000.0,76419755.0,1.0
tt5726086,movie,Insidious: The Last Key,2018,103,"Horror,Mystery,Thriller",5.7,80761,en,True,10000000.0,172811971.0,4.0
tt5755238,movie,Leo,2023,102,"Adventure,Animation,Comedy",7.0,46518,en,True,0.0,0.0,1.0
tt5770864,movie,The Man from Earth: Holocene,2017,98,"Drama,Fantasy,Sci-Fi",5.2,11774,en,True,0.0,0.0,2.0
tt5776208,movie,Resident Evil: Vendetta,2017,97,"Action,Adventure,Animation",6.2,17566,ja,True,0.0,256320.0,3.0
tt5779228,movie,The Garfield Movie,2024,101,"Adventure,Animation,Comedy",5.7,28433,en,True,60000000.0,254907482.0,1.0
tt5813916,movie,The Mountain II,2016,135,"Action,Drama,War",8.1,112855,tr,True,670000.0,11378898.0,2.0
tt5814060,movie,The Nun,2018,96,"Horror,Mystery,Thriller",5.4,196985,en,True,22000000.0,366082797.0,1.0
tt5822536,movie,Paddington in Peru,2024,106,"Adventure,Comedy,Family",6.6,35843,en,True,90000000.0,211000000.0,3.0
tt5848272,movie,Ralph Breaks the Internet,2018,112,"Adventure,Animation,Comedy",7.0,206882,en,True,175000000.0,529323962.0,2.0
tt5862312,movie,Veronica,2017,105,"Horror,Mystery",6.2,53749,es,True,0.0,0.0,1.0
tt5886046,movie,Escape Room,2019,99,"Action,Adventure,Horror",6.4,160699,en,True,9000000.0,155712077.0,1.0
tt5950044,movie,Superman,2025,129,"Action,Adventure,Sci-Fi",7.0,425878,en,True,225000000.0,618723803.0,1.0
tt5956100,movie,Tiger Zinda Hai,2017,161,"Action,Adventure,Thriller",5.9,37003,hi,True,19000000.0,86610000.0,2.0
tt5959980,movie,Vada Chennai,2018,164,"Action,Crime,Drama",8.4,24543,ta,True,0.0,0.0,1.0
tt5979874,movie,Godzilla: Planet of the Monsters,2017,89,"Action,Animation,Sci-Fi",6.0,10459,ja,True,0.0,3300000.0,1.0
tt5982852,movie,Jolly LLB 2,2017,137,"Comedy,Crime,Drama",7.2,31059,hi,True,4480000.0,1632440.0,2.0
tt6003368,movie,Diary of a Wimpy Kid: The Long Haul,2017,91,"Adventure,Comedy,Family",4.3,13088,en,True,22000000.0,40120144.0,4.0
tt6067752,movie,Lucifer,2019,175,"Action,Crime,Drama",7.5,16135,ml,True,0.0,28717000.0,1.0
tt6095472,movie,The Angry Birds Movie 2,2019,97,"Action,Adventure,Animation",6.4,43193,en,True,65000000.0,137792047.0,2.0
tt6105098,movie,The Lion King,2019,118,"Adventure,Animation,Drama",6.8,292902,en,True,260000000.0,1662020819.0,1.0
tt6133466,movie,The First Purge,2018,97,"Action,Horror,Sci-Fi",5.2,78578,en,True,13000000.0,137056262.0,4.0
tt6146586,movie,John Wick: Chapter 3 - Parabellum,2019,130,"Action,Crime,Thriller",7.4,483108,en,True,55000000.0,328349908.0,3.0
tt6166392,movie,Wonka,2023,116,"Adventure,Comedy,Family",6.9,194877,en,True,125000000.0,634502312.0,1.0
tt6189022,movie,Angel Has Fallen,2019,121,"Action,Adventure,Drama",6.4,123437,en,True,40000000.0,146661977.0,3.0
tt6193408,movie,A Shaun the Sheep Movie: Farmageddon,2019,86,"Adventure,Animation,Comedy",6.8,17475,en,True,0.0,43133089.0,2.0
tt6218010,movie,Iron Mask,2019,120,"Action,Adventure,Fantasy",4.8,10361,ru,True,49000000.0,8685794.0,2.0
tt6237612,movie,Accident Man,2018,105,"Action,Adventure,Comedy",6.2,15490,en,True,0.0,43500000.0,1.0
tt6246322,movie,Don't Breathe 2,2021,98,"Action,Crime,Horror",6.0,82465,en,True,15000000.0,53785551.0,2.0
tt6259380,movie,Code 8,2019,98,"Action,Crime,Drama",6.1,58184,en,True,15000000.0,157209.0,2.0
tt6263850,movie,Deadpool & Wolverine,2024,128,"Action,Adventure,Comedy",7.5,575465,en,True,200000000.0,1338073645.0,3.0
tt6264938,movie,Kesari,2019,150,"Action,Drama,History",7.4,26335,hi,True,0.0,0.0,1.0
tt6277440,movie,The Bride of Badrinath,2017,139,"Comedy,Drama,Romance",6.1,14931,hi,True,0.0,26134309.0,2.0
tt6277462,movie,Brahmastra Part One: Shiva,2022,167,"Action,Adventure,Fantasy",5.6,115902,hi,True,22000000.0,0.0,1.0
tt6320628,movie,Spider-Man: Far from Home,2019,129,"Action,Adventure,Comedy",7.3,644962,en,True,160000000.0,1132723226.0,2.0
tt6333060,movie,Icarus,2017,120,"Documentary,Sport",7.9,58287,en,True,0.0,0.0,1.0
tt6334354,movie,The Suicide Squad,2021,132,"Action,Adventure,Comedy",7.2,460853,en,True,185000000.0,168717425.0,2.0
tt6343314,movie,Creed II,2018,130,"Action,Drama,Sport",7.1,171736,en,True,50000000.0,214200000.0,2.0
tt6359956,movie,A Bad Moms Christmas,2017,104,Comedy,5.6,62611,en,True,28000000.0,130560428.0,2.0
tt6398184,movie,Downton Abbey,2019,122,"Drama,Romance",7.4,71673,en,True,20000000.0,194694725.0,1.0
tt6439558,movie,Recep Ivedik 5,2017,114,Comedy,3.4,19645,tr,True,0.0,28952258.0,5.0
tt6450186,movie,I Can Only Imagine,2018,110,"Biography,Drama,Family",7.3,20865,en,True,7000000.0,86086881.0,1.0
tt6450804,movie,Terminator: Dark Fate,2019,128,"Action,Adventure,Sci-Fi",6.2,213180,en,True,185000000.0,261119292.0,6.0
tt6455162,movie,Bhool Bhulaiyaa 2,2022,143,"Comedy,Horror",5.7,36341,hi,True,8400000.0,32000000.0,2.0
tt6467266,movie,Sing 2,2021,110,"Adventure,Animation,Comedy",7.3,101967,en,True,85000000.0,408402685.0,2.0
tt6513656,movie,Escape Plan 2: Hades,2018,93,"Action,Crime,Mystery",3.9,38449,en,True,20000000.0,17592626.0,2.0
tt6521876,movie,Jay and Silent Bob Reboot,2019,105,"Action,Adventure,Comedy",5.6,30705,en,True,10000000.0,1011305.0,3.0
tt6523720,movie,The Quake,2018,106,"Action,Drama,Thriller",6.2,16553,no,True,6300000.0,0.0,2.0
tt6535880,movie,Haunt,2019,92,"Horror,Thriller",6.3,45979,en,True,5000000.0,2243353.0,1.0
tt6556670,movie,Serial (Bad) Weddings 2,2019,99,Comedy,6.1,11026,fr,True,18500000.0,87761988.0,2.0
tt6565702,movie,X-Men: Dark Phoenix,2019,113,"Action,Adventure,Sci-Fi",5.7,229081,en,True,200000000.0,252442974.0,7.0
tt6566576,movie,Fear Street: Part One - 1994,2021,107,"Drama,Horror,Mystery",6.2,110849,en,True,10000000.0,284000000.0,1.0
tt6587640,movie,Trolls World Tour,2020,91,"Adventure,Animation,Comedy",6.1,33188,en,True,90000000.0,49276818.0,2.0
tt6604188,movie,Tron: Ares,2025,119,"Action,Adventure,Sci-Fi",6.1,82686,en,True,220000000.0,142249983.0,3.0
tt6644200,movie,A Quiet Place,2018,90,"Drama,Horror,Sci-Fi",7.5,662354,en,True,17000000.0,340955294.0,1.0
tt6697582,movie,Arif V 216,2018,125,"Comedy,Sci-Fi",6.9,41808,tr,True,1705235.0,3501037.0,3.0
tt6718170,movie,The Super Mario Bros. Movie,2023,92,"Adventure,Animation,Comedy",7.0,298226,en,True,100000000.0,1360879735.0,1.0
tt6725014,movie,Scenes from a Marriage,1974,169,Drama,8.3,10492,sv,True,150000.0,0.0,1.0
tt6772804,movie,Escape Plan: The Extractors,2019,87,"Action,Crime,Thriller",4.4,19442,en,True,3600000.0,1766092.0,3.0
tt6774786,movie,Occupation,2018,119,"Action,Drama,Sci-Fi",4.5,15921,en,True,6000000.0,21704.0,1.0
tt6791350,movie,Guardians of the Galaxy Vol. 3,2023,150,"Action,Adventure,Comedy",7.9,475465,en,True,250000000.0,845550000.0,3.0
tt6793580,movie,Champions,2018,124,"Comedy,Drama,Family",7.2,13067,es,True,4920975.0,20121318.0,1.0
tt6802400,movie,Coming 2 America,2021,110,"Comedy,Music",5.3,81497,en,True,60000000.0,0.0,2.0
tt6806448,movie,Fast & Furious Presents: Hobbs & Shaw,2019,137,"Action,Adventure,Thriller",6.4,258260,en,True,200000000.0,760098996.0,9.0
tt6843812,movie,Baaghi 2,2018,137,"Action,Crime,Drama",4.7,12999,hi,True,0.0,0.0,2.0
tt6856242,movie,The King's Man,2021,131,"Action,Adventure,Thriller",6.3,196966,en,True,100000000.0,125897478.0,3.0
tt6857166,movie,Book Club,2018,104,"Comedy,Drama,Romance",6.1,35043,en,True,10000000.0,78720293.0,1.0
tt6910020,movie,Nothing to Lose,2018,134,"Biography,Drama",2.4,23215,pt,True,0.0,0.0,1.0
tt6911608,movie,Mamma Mia! Here We Go Again,2018,114,"Comedy,Musical,Romance",6.6,121533,en,True,75000000.0,395607854.0,2.0
tt6916362,movie,Journal 64,2018,119,"Crime,Mystery,Thriller",7.4,22380,da,True,6000000.0,470000.0,4.0
tt6920356,movie,The Souvenir,2019,120,"Drama,Romance",6.4,15730,en,True,0.0,2087678.0,1.0
tt6921996,movie,Johnny English Strikes Again,2018,89,"Action,Adventure,Comedy",6.2,91137,en,True,25000000.0,158972570.0,3.0
tt6932874,movie,The Boss Baby: Family Business,2021,107,"Adventure,Animation,Comedy",5.8,26811,en,True,82000000.0,146745280.0,2.0
tt6971752,movie,Shubh Mangal Savdhan,2017,119,"Comedy,Romance",6.9,12251,hi,True,3425875.0,8838757.0,1.0
tt7040874,movie,A Simple Favor,2018,117,"Comedy,Crime,Mystery",6.7,190799,en,True,20000000.0,97644617.0,1.0
tt7059844,movie,Dabangg 3,2019,160,"Action,Comedy,Crime",3.0,23128,hi,True,0.0,0.0,3.0
tt7068946,movie,The Accountant 2,2025,132,"Action,Crime,Drama",6.6,132134,en,True,80000000.0,103223366.0,2.0
tt7069210,movie,The Conjuring: The Devil Made Me Do It,2021,112,"Horror,Mystery,Thriller",6.2,170895,en,True,39000000.0,206444123.0,3.0
tt7076834,movie,Satan's Slaves,2017,107,"Drama,Horror,Mystery",6.5,13725,id,True,120000.0,9033726.0,1.0
tt7097896,movie,Venom: Let There Be Carnage,2021,97,"Action,Adventure,Crime",5.9,305921,en,True,110000000.0,506863592.0,2.0
tt7126948,movie,Wonder Woman 1984,2020,151,"Action,Adventure,Fantasy",5.3,312232,en,True,200000000.0,169601036.0,2.0
tt7131622,movie,Once Upon a Time in... Hollywood,2019,161,"Comedy,Drama",7.6,967562,en,True,95000000.0,393869691.0,1.0
tt7144666,movie,The Black Phone,2021,103,"Horror,Mystery,Thriller",6.9,267028,en,True,16000000.0,161441914.0,1.0
tt7160070,movie,Along With the Gods: The Two Worlds,2017,139,"Action,Adventure,Drama",7.2,22254,ko,True,18300000.0,125983972.0,1.0
tt7220754,movie,Heavy Trip,2018,92,"Comedy,Music",7.0,12809,fi,True,3369762.0,0.0,1.0
tt7238392,movie,Taxi 5,2018,102,"Action,Comedy,Crime",4.6,12290,fr,True,20390000.0,64497208.0,5.0
tt7255568,movie,Student of the Year 2,2019,146,"Action,Comedy,Drama",2.3,23320,hi,True,0.0,1635907.0,2.0
tt7268738,movie,Minnal Murali,2021,143,"Action,Comedy,Drama",7.8,35239,ml,True,2111711.0,0.0,
tt7286456,movie,Joker,2019,122,Drama,8.3,1703446,en,True,55000000.0,1078958629.0,1.0
tt7304802,movie,The Legacy of the Bones,2019,121,"Crime,Mystery,Thriller",6.4,11296,es,True,0.0,0.0,2.0
tt7329656,movie,47 Meters Down: Uncaged,2019,90,"Adventure,Drama,Horror",5.0,33964,en,True,12000000.0,47582563.0,2.0
tt7349950,movie,It: Chapter Two,2019,169,"Drama,Fantasy,Horror",6.5,357637,en,True,79000000.0,473123154.0,2.0
tt7363076,movie,Raid,2018,122,"Crime,Drama,Thriller",7.4,23882,hi,True,4700000.0,18000000.0,1.0
tt7363104,movie,Khuda Haafiz,2020,134,"Action,Crime,Drama",7.1,22880,hi,True,0.0,0.0,1.0
tt7399138,movie,Recep Ivedik 6,2019,110,Comedy,3.0,10575,tr,True,0.0,14980989.0,6.0
tt7424200,movie,Teen Titans GO! To the Movies,2018,84,"Action,Adventure,Animation",6.7,23981,en,True,10000000.0,52390236.0,1.0
tt7430722,movie,War,2019,151,"Action,Adventure,Thriller",6.6,40390,hi,True,24140000.0,67179155.0,1.0
tt7431594,movie,Race 3,2018,160,"Action,Thriller",1.9,50358,hi,True,0.0,0.0,3.0
tt7451284,movie,Batman Ninja,2018,85,"Action,Animation,Sci-Fi",5.6,24249,ja,True,0.0,0.0,1.0
tt7468056,movie,The Outlaws,2017,121,"Action,Crime,Thriller",7.2,16751,ko,True,5900000.0,52946454.0,1.0
tt7510222,movie,Despicable Me 4,2024,94,"Adventure,Animation,Comedy",6.2,81658,en,True,100000000.0,972021410.0,4.0
tt7547410,movie,Dora and the Lost City of Gold,2019,102,"Action,Adventure,Comedy",6.1,39505,en,True,49000000.0,120600000.0,1.0
tt7556122,movie,The Old Guard,2020,125,"Action,Fantasy,Thriller",6.7,211246,en,True,70000000.0,0.0,1.0
tt7601480,movie,Major Grom: Plague Doctor,2021,136,"Action,Comedy,Crime",6.3,15066,ru,True,10000000.0,4493306.0,1.0
tt7605074,movie,The Wandering Earth,2019,125,"Action,Adventure,Sci-Fi",5.9,39615,zh,True,48000000.0,0.0,1.0
tt7608418,movie,A Christmas Prince,2017,92,"Comedy,Family,Romance",5.8,23565,en,True,0.0,0.0,1.0
tt7638344,movie,Dhadak,2018,138,"Drama,Romance",4.8,12913,hi,True,4800000.0,13000000.0,1.0
tt7642818,movie,Between Family,2017,124,Comedy,7.6,28959,tr,True,0.0,0.0,1.0
tt7657566,movie,Death on the Nile,2022,127,"Crime,Drama,Mystery",6.3,210960,en,True,90000000.0,137307235.0,2.0
tt7721946,movie,Housefull 4,2019,145,"Action,Comedy,Drama",3.7,16386,hi,True,18000000.0,35000000.0,4.0
tt7737786,movie,Greenland,2020,119,"Action,Adventure,Thriller",6.4,173015,en,True,34000000.0,52300000.0,1.0
tt7745068,movie,My Hero Academia: Two Heroes,2018,96,"Action,Adventure,Animation",7.3,15860,ja,True,12000000.0,27507549.0,1.0
tt7748244,movie,Mortal World,2018,107,"Action,Comedy,Crime",7.6,34901,tr,True,0.0,1562712.0,1.0
tt7758160,movie,Goodachari,2018,147,"Action,Thriller",7.8,12951,te,True,872664.0,0.0,1.0
tt7798634,movie,Ready or Not,2019,95,"Comedy,Horror,Mystery",6.9,254761,en,True,6000000.0,57615777.0,1.0
tt7838252,movie,K.G.F: Chapter 1,2018,154,"Action,Crime,Drama",8.1,111836,kn,True,0.0,0.0,1.0
tt7846844,movie,Enola Holmes,2020,123,"Adventure,Crime,Drama",6.7,249030,en,True,21000000.0,0.0,1.0
tt7886848,movie,Sadak 2,2020,133,"Action,Drama",1.2,97224,hi,True,0.0,0.0,2.0
tt7888964,movie,Nobody,2021,92,"Action,Crime,Drama",7.4,397113,en,True,16000000.0,57512470.0,1.0
tt7914416,movie,One Cut of the Dead,2017,96,"Comedy,Drama,Horror",7.6,35703,ja,True,52406.0,27590180.0,1.0
tt7958736,movie,Ma,2019,99,"Horror,Mystery,Thriller",5.6,71029,en,True,5000000.0,61220856.0,1.0
tt7961060,movie,Dragon Ball Super: Broly,2018,100,"Action,Adventure,Animation",7.7,37414,ja,True,1000000.0,125002821.0,1.0
tt7975244,movie,Jumanji: The Next Level,2019,123,"Action,Adventure,Comedy",6.6,321288,en,True,125000000.0,801693929.0,3.0
tt7979580,movie,The Mitchells vs. the Machines,2021,114,"Adventure,Animation,Comedy",7.6,143383,en,True,75000000.0,0.0,1.0
tt8008948,movie,Den of Thieves: Pantera,2025,144,"Action,Crime,Drama",6.3,44889,en,True,40000000.0,58371508.0,2.0
tt8041270,movie,Jurassic World: Dominion,2022,147,"Action,Adventure,Sci-Fi",5.6,247873,en,True,658800000.0,1004004592.0,6.0
tt8066940,movie,Indian 2,2024,165,"Action,Drama,Musical",3.8,17052,ta,True,0.0,0.0,2.0
tt8108202,movie,Stree,2018,128,"Comedy,Horror",7.5,48083,hi,True,2800000.0,21000000.0,1.0
tt8108268,movie,The Tashkent Files,2019,134,"Drama,Mystery,Thriller",8.0,39207,hi,True,0.0,0.0,1.0
tt8115900,movie,The Bad Guys,2022,100,"Adventure,Animation,Comedy",6.9,81234,en,True,80000000.0,250162278.0,1.0
tt8116428,movie,Along With the Gods: The Last 49 Days,2018,142,"Action,Adventure,Drama",7.1,10764,ko,True,18300000.0,112790210.0,2.0
tt8134742,movie,3 from Hell,2019,115,"Action,Horror,Western",5.4,20331,en,True,3000000.0,2295825.0,3.0
tt8155288,movie,Happy Death Day 2U,2019,100,"Comedy,Horror,Mystery",6.2,96563,en,True,9000000.0,64600152.0,2.0
tt8228288,movie,The Platform,2019,94,"Horror,Mystery,Sci-Fi",7.0,326241,es,True,1203235.0,1090116.0,1.0
tt8239946,movie,Tumbbad,2018,108,"Drama,Fantasy,Horror",8.2,76066,hi,True,0.0,0.0,1.0
tt8242084,movie,My Spy,2020,99,"Action,Comedy",6.4,42250,en,True,18000000.0,10200000.0,1.0
tt8328716,movie,Doom: Annihilation,2019,96,"Action,Adventure,Horror",3.8,11287,en,True,0.0,0.0,2.0
tt8332922,movie,A Quiet Place Part II,2020,97,"Drama,Horror,Sci-Fi",7.2,325107,en,True,55000000.0,297372261.0,2.0
tt8337264,movie,Chicken Run: Dawn of the Nugget,2023,98,"Adventure,Animation,Comedy",6.3,29345,en,True,0.0,0.0,2.0
tt8350360,movie,Annabelle Comes Home,2019,106,"Horror,Mystery,Thriller",5.9,102666,en,True,27000000.0,231252591.0,3.0
tt8364368,movie,Crawl,2019,87,"Action,Horror,Thriller",6.1,103243,en,True,13500000.0,91542097.0,1.0
tt8366590,movie,Baaghi 3,2020,143,"Action,Thriller",2.3,18049,hi,True,7952450.0,18473570.0,3.0
tt8368408,movie,Gunpowder Milkshake,2021,114,"Action,Crime,Thriller",6.1,55997,en,True,30000000.0,1015760.0,1.0
tt8376234,movie,Peter Rabbit 2: The Runaway,2021,93,"Adventure,Animation,Comedy",6.2,17171,en,True,45000000.0,153000000.0,2.0
tt8385148,movie,Hitman's Wife's Bodyguard,2021,100,"Action,Adventure,Comedy",6.1,120005,en,True,70000000.0,70060492.0,2.0
tt8385474,movie,A Dog's Journey,2019,109,"Adventure,Comedy,Drama",7.5,33099,en,True,16000000.0,78871079.0,2.0
tt8439854,movie,Lust Stories,2018,120,"Drama,Romance",6.3,14125,hi,True,0.0,0.0,1.0
tt8442644,movie,Money Trap,2019,121,"Comedy,Crime",6.1,17634,tr,True,0.0,9831515.0,2.0
tt8456098,movie,Karakomik Filmler: 2 Arada,2019,60,"Comedy,Drama",6.4,14569,tr,True,0.0,577641.0,1.0
tt8574252,movie,The Witch: Part 1 - The Subversion,2018,125,"Action,Mystery,Sci-Fi",7.2,22855,ko,True,5500000.0,24340302.0,1.0
tt8589698,movie,Teenage Mutant Ninja Turtles: Mutant Mayhem,2023,99,"Action,Adventure,Animation",7.2,78490,en,True,75000000.0,180513586.0,1.0
tt8615822,movie,Occupation: Rainfall,2020,128,"Action,Sci-Fi",4.7,16036,en,True,25000000.0,343414.0,2.0
tt8629748,movie,Spenser Confidential,2020,111,"Action,Comedy,Crime",6.2,106913,en,True,0.0,0.0,1.0
tt8633462,movie,"Quo Vadis, Aida?",2020,101,"Drama,History,War",8.0,42017,sr,True,4750000.0,813253.0,1.0
tt8647400,movie,De De Pyaar De,2019,135,"Comedy,Drama,Romance",6.5,11212,hi,True,0.0,0.0,1.0
tt8652818,movie,Violet Evergarden: The Movie,2020,140,"Animation,Drama,Fantasy",8.3,14741,ja,True,0.0,20339624.0,2.0
tt8707374,movie,Hell House LLC II: The Abaddon Hotel,2018,89,"Horror,Mystery",5.4,10488,en,True,0.0,0.0,2.0
tt8709036,movie,A Christmas Prince: The Royal Wedding,2018,92,"Comedy,Drama,Romance",5.4,12987,en,True,0.0,0.0,2.0
tt8752474,movie,Justice League vs the Fatal Five,2019,77,"Action,Animation,Fantasy",6.5,11566,en,True,0.0,0.0,4.0
tt8760708,movie,M3GAN,2022,102,"Horror,Sci-Fi,Thriller",6.3,182969,en,True,12000000.0,181796517.0,1.0
tt8781414,movie,Freaks,2018,105,"Drama,Fantasy,Mystery",6.7,44912,en,True,2000.0,368410.0,1.0
tt8850222,movie,Peninsula,2020,116,"Action,Drama,Horror",5.5,43973,ko,True,17000000.0,42698327.0,2.0
tt8865546,movie,Karakomik Filmler: Kaçamak,2019,60,"Adventure,Comedy,Fantasy",5.5,11473,tr,True,0.0,577641.0,2.0
tt8936646,movie,Extraction,2020,116,"Action,Crime,Thriller",6.8,291123,en,True,65000000.0,0.0,1.0
tt8946378,movie,Knives Out,2019,130,"Comedy,Crime,Drama",7.9,882241,en,True,40000000.0,312897920.0,1.0
tt8954732,movie,The Princess Switch,2018,101,"Comedy,Drama,Family",6.1,34536,en,True,0.0,0.0,1.0
tt8964540,movie,Stream,2024,123,Horror,5.7,10991,en,True,650000.0,0.0,1.0
tt9104736,movie,Housefull 5,2025,163,"Comedy,Mystery,Thriller",3.3,18832,hi,True,28000000.0,30000000.0,5.0
tt9114286,movie,Black Panther: Wakanda Forever,2022,161,"Action,Adventure,Drama",6.6,391877,en,True,250000000.0,859102154.0,2.0
tt9173418,movie,Brahms: The Boy II,2020,86,"Drama,Horror,Mystery",4.7,22714,en,True,10000000.0,20311536.0,2.0
tt9179430,movie,Vikram,2022,175,"Action,Crime,Thriller",8.3,90074,ta,True,15354648.0,54172014.0,2.0
tt9218128,movie,Gladiator II,2024,148,"Adventure,Drama",6.4,304222,en,True,310000000.0,462180717.0,2.0
tt9224104,movie,Meg 2: The Trench,2023,116,"Action,Adventure,Horror",5.0,103224,en,True,129000000.0,398500317.0,2.0
tt9248940,movie,Dream Girl,2019,132,"Comedy,Romance",7.0,18714,hi,True,0.0,0.0,1.0
tt9252508,movie,Tall Girl,2019,101,"Comedy,Drama,Family",5.2,30067,en,True,0.0,0.0,1.0
tt9288046,movie,The Sea Beast,2022,115,"Action,Adventure,Animation",7.0,65810,en,True,0.0,0.0,1.0
tt9347730,movie,Candyman,2021,91,"Horror,Thriller",5.9,83890,en,True,25000000.0,77411570.0,4.0
tt9354842,movie,To All the Boys: P.S. I Still Love You,2020,101,"Comedy,Drama,Romance",6.1,54298,en,True,0.0,0.0,2.0
tt9358052,movie,Knock Down the House,2019,87,Documentary,7.4,10553,en,True,0.0,0.0,1.0
tt9362722,movie,Spider-Man: Across the Spider-Verse,2023,140,"Action,Adventure,Animation",8.5,532790,en,True,100000000.0,690897910.0,2.0
tt9387250,movie,Skylines,2020,113,"Action,Adventure,Sci-Fi",4.8,10340,en,True,70000000.0,170581.0,3.0
tt9389998,movie,Pushpa: The Rise - Part 1,2021,179,"Action,Crime,Drama",7.6,100608,te,True,17200000.0,45800000.0,1.0
tt9419884,movie,Doctor Strange in the Multiverse of Madness,2022,126,"Action,Adventure,Fantasy",6.8,548595,en,True,350600000.0,955775804.0,2.0
tt9506474,movie,The Hater,2020,135,"Drama,Thriller",7.1,18752,pl,True,0.0,1325591.0,2.0
tt9580138,movie,Mortal Kombat Legends: Scorpion's Revenge,2020,80,"Action,Adventure,Animation",7.4,21355,en,True,0.0,0.0,1.0
tt9603208,movie,Mission: Impossible - The Final Reckoning,2025,169,"Action,Adventure,Thriller",7.1,234741,en,True,400000000.0,598767057.0,8.0
tt9603212,movie,Mission: Impossible - Dead Reckoning Part One,2023,163,"Action,Adventure,Thriller",7.6,329402,en,True,220000000.0,571125435.0,7.0
tt9619824,movie,Final Destination: Bloodlines,2025,110,"Horror,Thriller",6.7,166151,en,True,50000000.0,317854739.0,6.0
tt9663764,movie,Aquaman and the Lost Kingdom,2023,124,"Action,Adventure,Fantasy",5.6,119386,en,True,205000000.0,440181226.0,2.0
tt9701940,movie,Fear Street: Part Two - 1978,2021,109,"Drama,Horror,Mystery",6.7,91242,en,True,10000000.0,0.0,2.0
tt9701942,movie,Fear Street: Part Three - 1666,2021,114,"Horror,Mystery",6.6,76234,en,True,0.0,0.0,3.0
tt9784456,movie,The Kissing Booth 2,2020,134,"Comedy,Romance",5.7,44364,en,True,0.0,0.0,2.0
tt9844522,movie,Escape Room: Tournament of Champions,2021,88,"Action,Adventure,Horror",5.8,68962,en,True,15000000.0,65774490.0,2.0
tt9848626,movie,Hotel Transylvania 4: Transformania,2022,87,"Adventure,Animation,Comedy",6.0,48112,en,True,75000000.0,18500000.0,4.0
tt9881586,movie,Rascal Does Not Dream of a Dreaming Girl,2019,89,"Animation,Drama,Fantasy",8.3,10350,ja,True,0.0,0.0,1.0
tt9900782,movie,Kaithi,2019,145,"Action,Crime,Thriller",8.4,52041,ta,True,0.0,0.0,1.0
